case_label,eps_percent,pair_n_1based,pair_m_1based,node1_chirality,node2_chirality,point_index,delta_k_frac,band_n_index,band_m_index,band_56_raw_HR_E_eV,band_57_raw_HR_E_eV,band_n_energy_eV,band_m_energy_eV,energy_reference,pair_distance_frac,node1_delta_k_frac,node2_delta_k_frac,node1_E_minus_EF_eV,node2_E_minus_EF_eV,fermi_energy_eV,case_short,selected_pair_id,family_plus,family_minus,band_energy_reference
00_Optimized_Structure,0.0,56,57,1,-1,0,-0.0537735508944951,56,57,8.489172068170138,8.503010545691225,8.489172068170138,8.503010545691225,raw_HR_eigenvalue_eV,0.0575471017889902,-0.0287735508944951,0.0287735508944951,0.00304302,0.0589698,0.0,0%,pair_04,F08,F03,raw_HR_eigenvalue_eV
00_Optimized_Structure,0.0,56,57,1,-1,1,-0.0531760669956673,56,57,8.489535735670344,8.503187976480636,8.489535735670344,8.503187976480636,raw_HR_eigenvalue_eV,0.0575471017889902,-0.0287735508944951,0.0287735508944951,0.00304302,0.0589698,0.0,0%,pair_04,F08,F03,raw_HR_eigenvalue_eV
00_Optimized_Structure,0.0,56,57,1,-1,2,-0.0525785830968396,56,57,8.48990732213531,8.503367478427734,8.48990732213531,8.503367478427734,raw_HR_eigenvalue_eV,0.0575471017889902,-0.0287735508944951,0.0287735508944951,0.00304302,0.0589698,0.0,0%,pair_04,F08,F03,raw_HR_eigenvalue_eV
00_Optimized_Structure,0.0,56,57,1,-1,3,-0.0519810991980119,56,57,8.490286894021345,8.503548924080269,8.490286894021345,8.503548924080269,raw_HR_eigenvalue_eV,0.0575471017889902,-0.0287735508944951,0.0287735508944951,0.00304302,0.0589698,0.0,0%,pair_04,F08,F03,raw_HR_eigenvalue_eV
00_Optimized_Structure,0.0,56,57,1,-1,4,-0.0513836152991842,56,57,8.49067450990722,8.503732190511492,8.49067450990722,8.503732190511492,raw_HR_eigenvalue_eV,0.0575471017889902,-0.0287735508944951,0.0287735508944951,0.00304302,0.0589698,0.0,0%,pair_04,F08,F03,raw_HR_eigenvalue_eV
00_Optimized_Structure,0.0,56,57,1,-1,5,-0.0507861314003564,56,57,8.491070220617118,8.503917159197234,8.491070220617118,8.503917159197234,raw_HR_eigenvalue_eV,0.0575471017889902,-0.0287735508944951,0.0287735508944951,0.00304302,0.0589698,0.0,0%,pair_04,F08,F03,raw_HR_eigenvalue_eV
00_Optimized_Structure,0.0,56,57,1,-1,6,-0.0501886475015287,56,57,8.491474069350177,8.5041037158901,8.491474069350177,8.5041037158901,raw_HR_eigenvalue_eV,0.0575471017889902,-0.0287735508944951,0.0287735508944951,0.00304302,0.0589698,0.0,0%,pair_04,F08,F03,raw_HR_eigenvalue_eV
00_Optimized_Structure,0.0,56,57,1,-1,7,-0.049591163602701,56,57,8.491886091815607,8.504291750491912,8.491886091815607,8.504291750491912,raw_HR_eigenvalue_eV,0.0575471017889902,-0.0287735508944951,0.0287735508944951,0.00304302,0.0589698,0.0,0%,pair_04,F08,F03,raw_HR_eigenvalue_eV
00_Optimized_Structure,0.0,56,57,1,-1,8,-0.0489936797038733,56,57,8.492306316372217,8.50448115692554,8.492306316372217,8.50448115692554,raw_HR_eigenvalue_eV,0.0575471017889902,-0.0287735508944951,0.0287735508944951,0.00304302,0.0589698,0.0,0%,pair_04,F08,F03,raw_HR_eigenvalue_eV
00_Optimized_Structure,0.0,56,57,1,-1,9,-0.0483961958050455,56,57,8.492734764171617,8.504671833006956,8.492734764171617,8.504671833006956,raw_HR_eigenvalue_eV,0.0575471017889902,-0.0287735508944951,0.0287735508944951,0.00304302,0.0589698,0.0,0%,pair_04,F08,F03,raw_HR_eigenvalue_eV
00_Optimized_Structure,0.0,56,57,1,-1,10,-0.0477987119062178,56,57,8.493171449304265,8.504863680318369,8.493171449304265,8.504863680318369,raw_HR_eigenvalue_eV,0.0575471017889902,-0.0287735508944951,0.0287735508944951,0.00304302,0.0589698,0.0,0%,pair_04,F08,F03,raw_HR_eigenvalue_eV
00_Optimized_Structure,0.0,56,57,1,-1,11,-0.0472012280073901,56,57,8.493616378947703,8.505056604083071,8.493616378947703,8.505056604083071,raw_HR_eigenvalue_eV,0.0575471017889902,-0.0287735508944951,0.0287735508944951,0.00304302,0.0589698,0.0,0%,pair_04,F08,F03,raw_HR_eigenvalue_eV
00_Optimized_Structure,0.0,56,57,1,-1,12,-0.0466037441085624,56,57,8.494069553516384,8.505250513042677,8.494069553516384,8.505250513042677,raw_HR_eigenvalue_eV,0.0575471017889902,-0.0287735508944951,0.0287735508944951,0.00304302,0.0589698,0.0,0%,pair_04,F08,F03,raw_HR_eigenvalue_eV
00_Optimized_Structure,0.0,56,57,1,-1,13,-0.0460062602097347,56,57,8.494530966812649,8.505445319337229,8.494530966812649,8.505445319337229,raw_HR_eigenvalue_eV,0.0575471017889902,-0.0287735508944951,0.0287735508944951,0.00304302,0.0589698,0.0,0%,pair_04,F08,F03,raw_HR_eigenvalue_eV
00_Optimized_Structure,0.0,56,57,1,-1,14,-0.0454087763109069,56,57,8.495000606178401,8.505640938388623,8.495000606178401,8.505640938388623,raw_HR_eigenvalue_eV,0.0575471017889902,-0.0287735508944951,0.0287735508944951,0.00304302,0.0589698,0.0,0%,pair_04,F08,F03,raw_HR_eigenvalue_eV
00_Optimized_Structure,0.0,56,57,1,-1,15,-0.0448112924120792,56,57,8.495478452647054,8.505837288787722,8.495478452647054,8.505837288787722,raw_HR_eigenvalue_eV,0.0575471017889902,-0.0287735508944951,0.0287735508944951,0.00304302,0.0589698,0.0,0%,pair_04,F08,F03,raw_HR_eigenvalue_eV
00_Optimized_Structure,0.0,56,57,1,-1,16,-0.0442138085132515,56,57,8.495964481095605,8.506034292185504,8.495964481095605,8.506034292185504,raw_HR_eigenvalue_eV,0.0575471017889902,-0.0287735508944951,0.0287735508944951,0.00304302,0.0589698,0.0,0%,pair_04,F08,F03,raw_HR_eigenvalue_eV
00_Optimized_Structure,0.0,56,57,1,-1,17,-0.0436163246144238,56,57,8.496458660396351,8.506231873188543,8.496458660396351,8.506231873188543,raw_HR_eigenvalue_eV,0.0575471017889902,-0.0287735508944951,0.0287735508944951,0.00304302,0.0589698,0.0,0%,pair_04,F08,F03,raw_HR_eigenvalue_eV
00_Optimized_Structure,0.0,56,57,1,-1,18,-0.043018840715596,56,57,8.4969609535683,8.506429959258947,8.4969609535683,8.506429959258947,raw_HR_eigenvalue_eV,0.0575471017889902,-0.0287735508944951,0.0287735508944951,0.00304302,0.0589698,0.0,0%,pair_04,F08,F03,raw_HR_eigenvalue_eV
00_Optimized_Structure,0.0,56,57,1,-1,19,-0.0424213568167683,56,57,8.497471317927838,8.506628480619101,8.497471317927838,8.506628480619101,raw_HR_eigenvalue_eV,0.0575471017889902,-0.0287735508944951,0.0287735508944951,0.00304302,0.0589698,0.0,0%,pair_04,F08,F03,raw_HR_eigenvalue_eV
00_Optimized_Structure,0.0,56,57,1,-1,20,-0.0418238729179406,56,57,8.497989705238695,8.506827370161284,8.497989705238695,8.506827370161284,raw_HR_eigenvalue_eV,0.0575471017889902,-0.0287735508944951,0.0287735508944951,0.00304302,0.0589698,0.0,0%,pair_04,F08,F03,raw_HR_eigenvalue_eV
00_Optimized_Structure,0.0,56,57,1,-1,21,-0.0412263890191129,56,57,8.49851606186099,8.50702656336237,8.49851606186099,8.50702656336237,raw_HR_eigenvalue_eV,0.0575471017889902,-0.0287735508944951,0.0287735508944951,0.00304302,0.0589698,0.0,0%,pair_04,F08,F03,raw_HR_eigenvalue_eV
00_Optimized_Structure,0.0,56,57,1,-1,22,-0.0406289051202851,56,57,8.499050328899274,8.507225998203678,8.499050328899274,8.507225998203678,raw_HR_eigenvalue_eV,0.0575471017889902,-0.0287735508944951,0.0287735508944951,0.00304302,0.0589698,0.0,0%,pair_04,F08,F03,raw_HR_eigenvalue_eV
00_Optimized_Structure,0.0,56,57,1,-1,23,-0.0400314212214574,56,57,8.499592442349524,8.507425615096194,8.499592442349524,8.507425615096194,raw_HR_eigenvalue_eV,0.0575471017889902,-0.0287735508944951,0.0287735508944951,0.00304302,0.0589698,0.0,0%,pair_04,F08,F03,raw_HR_eigenvalue_eV
00_Optimized_Structure,0.0,56,57,1,-1,24,-0.0394339373226297,56,57,8.500142333244947,8.507625356811255,8.500142333244947,8.507625356811255,raw_HR_eigenvalue_eV,0.0575471017889902,-0.0287735508944951,0.0287735508944951,0.00304302,0.0589698,0.0,0%,pair_04,F08,F03,raw_HR_eigenvalue_eV
00_Optimized_Structure,0.0,56,57,1,-1,25,-0.038836453423802,56,57,8.500699927800614,8.507825168416744,8.500699927800614,8.507825168416744,raw_HR_eigenvalue_eV,0.0575471017889902,-0.0287735508944951,0.0287735508944951,0.00304302,0.0589698,0.0,0%,pair_04,F08,F03,raw_HR_eigenvalue_eV
00_Optimized_Structure,0.0,56,57,1,-1,26,-0.0382389695249743,56,57,8.501265147556879,8.508024997219097,8.501265147556879,8.508024997219097,raw_HR_eigenvalue_eV,0.0575471017889902,-0.0287735508944951,0.0287735508944951,0.00304302,0.0589698,0.0,0%,pair_04,F08,F03,raw_HR_eigenvalue_eV
00_Optimized_Structure,0.0,56,57,1,-1,27,-0.0376414856261465,56,57,8.501837909521438,8.508224792711069,8.501837909521438,8.508224792711069,raw_HR_eigenvalue_eV,0.0575471017889902,-0.0287735508944951,0.0287735508944951,0.00304302,0.0589698,0.0,0%,pair_04,F08,F03,raw_HR_eigenvalue_eV
00_Optimized_Structure,0.0,56,57,1,-1,28,-0.0370440017273188,56,57,8.50241812631015,8.508424506525564,8.50241812631015,8.508424506525564,raw_HR_eigenvalue_eV,0.0575471017889902,-0.0287735508944951,0.0287735508944951,0.00304302,0.0589698,0.0,0%,pair_04,F08,F03,raw_HR_eigenvalue_eV
00_Optimized_Structure,0.0,56,57,1,-1,29,-0.0364465178284911,56,57,8.503005706286473,8.508624092395692,8.503005706286473,8.508624092395692,raw_HR_eigenvalue_eV,0.0575471017889902,-0.0287735508944951,0.0287735508944951,0.00304302,0.0589698,0.0,0%,pair_04,F08,F03,raw_HR_eigenvalue_eV
00_Optimized_Structure,0.0,56,57,1,-1,30,-0.0358490339296634,56,57,8.50360055369958,8.508823506121141,8.50360055369958,8.508823506121141,raw_HR_eigenvalue_eV,0.0575471017889902,-0.0287735508944951,0.0287735508944951,0.00304302,0.0589698,0.0,0%,pair_04,F08,F03,raw_HR_eigenvalue_eV
00_Optimized_Structure,0.0,56,57,1,-1,31,-0.0352515500308356,56,57,8.504202568821055,8.509022705541328,8.504202568821055,8.509022705541328,raw_HR_eigenvalue_eV,0.0575471017889902,-0.0287735508944951,0.0287735508944951,0.00304302,0.0589698,0.0,0%,pair_04,F08,F03,raw_HR_eigenvalue_eV
00_Optimized_Structure,0.0,56,57,1,-1,32,-0.0346540661320079,56,57,8.50481164808024,8.509221650515352,8.50481164808024,8.509221650515352,raw_HR_eigenvalue_eV,0.0575471017889902,-0.0287735508944951,0.0287735508944951,0.00304302,0.0589698,0.0,0%,pair_04,F08,F03,raw_HR_eigenvalue_eV
00_Optimized_Structure,0.0,56,57,1,-1,33,-0.0340565822331802,56,57,8.505427684198112,8.50942030290928,8.505427684198112,8.50942030290928,raw_HR_eigenvalue_eV,0.0575471017889902,-0.0287735508944951,0.0287735508944951,0.00304302,0.0589698,0.0,0%,pair_04,F08,F03,raw_HR_eigenvalue_eV
00_Optimized_Structure,0.0,56,57,1,-1,34,-0.0334590983343525,56,57,8.506050566319775,8.509618626591038,8.506050566319775,8.509618626591038,raw_HR_eigenvalue_eV,0.0575471017889902,-0.0287735508944951,0.0287735508944951,0.00304302,0.0589698,0.0,0%,pair_04,F08,F03,raw_HR_eigenvalue_eV
00_Optimized_Structure,0.0,56,57,1,-1,35,-0.0328616144355247,56,57,8.506680180145505,8.509816587433392,8.506680180145505,8.509816587433392,raw_HR_eigenvalue_eV,0.0575471017889902,-0.0287735508944951,0.0287735508944951,0.00304302,0.0589698,0.0,0%,pair_04,F08,F03,raw_HR_eigenvalue_eV
00_Optimized_Structure,0.0,56,57,1,-1,36,-0.032264130536697,56,57,8.507316408060298,8.510014153325464,8.507316408060298,8.510014153325464,raw_HR_eigenvalue_eV,0.0575471017889902,-0.0287735508944951,0.0287735508944951,0.00304302,0.0589698,0.0,0%,pair_04,F08,F03,raw_HR_eigenvalue_eV
00_Optimized_Structure,0.0,56,57,1,-1,37,-0.0316666466378693,56,57,8.507959129262007,8.510211294193466,8.507959129262007,8.510211294193466,raw_HR_eigenvalue_eV,0.0575471017889902,-0.0287735508944951,0.0287735508944951,0.00304302,0.0589698,0.0,0%,pair_04,F08,F03,raw_HR_eigenvalue_eV
00_Optimized_Structure,0.0,56,57,1,-1,38,-0.0310691627390416,56,57,8.508608219887929,8.510407982031168,8.508608219887929,8.510407982031168,raw_HR_eigenvalue_eV,0.0575471017889902,-0.0287735508944951,0.0287735508944951,0.00304302,0.0589698,0.0,0%,pair_04,F08,F03,raw_HR_eigenvalue_eV
00_Optimized_Structure,0.0,56,57,1,-1,39,-0.0304716788402138,56,57,8.509263553139899,8.510604190941143,8.509263553139899,8.510604190941143,raw_HR_eigenvalue_eV,0.0575471017889902,-0.0287735508944951,0.0287735508944951,0.00304302,0.0589698,0.0,0%,pair_04,F08,F03,raw_HR_eigenvalue_eV
00_Optimized_Structure,0.0,56,57,1,-1,40,-0.0298741949413861,56,57,8.509924999407922,8.51079989718744,8.509924999407922,8.51079989718744,raw_HR_eigenvalue_eV,0.0575471017889902,-0.0287735508944951,0.0287735508944951,0.00304302,0.0589698,0.0,0%,pair_04,F08,F03,raw_HR_eigenvalue_eV
00_Optimized_Structure,0.0,56,57,1,-1,41,-0.0292767110425584,56,57,8.510592426392126,8.510995079260795,8.510592426392126,8.510995079260795,raw_HR_eigenvalue_eV,0.0575471017889902,-0.0287735508944951,0.0287735508944951,0.00304302,0.0589698,0.0,0%,pair_04,F08,F03,raw_HR_eigenvalue_eV
00_Optimized_Structure,0.0,56,57,1,-1,42,-0.0286792271437307,56,57,8.51118971795616,8.511265699224866,8.51118971795616,8.511265699224866,raw_HR_eigenvalue_eV,0.0575471017889902,-0.0287735508944951,0.0287735508944951,0.00304302,0.0589698,0.0,0%,pair_04,F08,F03,raw_HR_eigenvalue_eV
00_Optimized_Structure,0.0,56,57,1,-1,43,-0.028081743244903,56,57,8.511383796473366,8.511944680583062,8.511383796473366,8.511944680583062,raw_HR_eigenvalue_eV,0.0575471017889902,-0.0287735508944951,0.0287735508944951,0.00304302,0.0589698,0.0,0%,pair_04,F08,F03,raw_HR_eigenvalue_eV
00_Optimized_Structure,0.0,56,57,1,-1,44,-0.0274842593460752,56,57,8.511577300516239,8.512629230817257,8.511577300516239,8.512629230817257,raw_HR_eigenvalue_eV,0.0575471017889902,-0.0287735508944951,0.0287735508944951,0.00304302,0.0589698,0.0,0%,pair_04,F08,F03,raw_HR_eigenvalue_eV
00_Optimized_Structure,0.0,56,57,1,-1,45,-0.0268867754472475,56,57,8.511770218432664,8.513319208056842,8.511770218432664,8.513319208056842,raw_HR_eigenvalue_eV,0.0575471017889902,-0.0287735508944951,0.0287735508944951,0.00304302,0.0589698,0.0,0%,pair_04,F08,F03,raw_HR_eigenvalue_eV
00_Optimized_Structure,0.0,56,57,1,-1,46,-0.0262892915484198,56,57,8.511962541359928,8.51401446832881,8.511962541359928,8.51401446832881,raw_HR_eigenvalue_eV,0.0575471017889902,-0.0287735508944951,0.0287735508944951,0.00304302,0.0589698,0.0,0%,pair_04,F08,F03,raw_HR_eigenvalue_eV
00_Optimized_Structure,0.0,56,57,1,-1,47,-0.0256918076495921,56,57,8.512154263398747,8.51471486566951,8.512154263398747,8.51471486566951,raw_HR_eigenvalue_eV,0.0575471017889902,-0.0287735508944951,0.0287735508944951,0.00304302,0.0589698,0.0,0%,pair_04,F08,F03,raw_HR_eigenvalue_eV
00_Optimized_Structure,0.0,56,57,1,-1,48,-0.0250943237507643,56,57,8.512345381812446,8.515420252235462,8.512345381812446,8.515420252235462,raw_HR_eigenvalue_eV,0.0575471017889902,-0.0287735508944951,0.0287735508944951,0.00304302,0.0589698,0.0,0%,pair_04,F08,F03,raw_HR_eigenvalue_eV
00_Optimized_Structure,0.0,56,57,1,-1,49,-0.0244968398519366,56,57,8.512535897255324,8.516130478412483,8.512535897255324,8.516130478412483,raw_HR_eigenvalue_eV,0.0575471017889902,-0.0287735508944951,0.0287735508944951,0.00304302,0.0589698,0.0,0%,pair_04,F08,F03,raw_HR_eigenvalue_eV
00_Optimized_Structure,0.0,56,57,1,-1,50,-0.0238993559531089,56,57,8.512725814034072,8.516845392923234,8.512725814034072,8.516845392923234,raw_HR_eigenvalue_eV,0.0575471017889902,-0.0287735508944951,0.0287735508944951,0.00304302,0.0589698,0.0,0%,pair_04,F08,F03,raw_HR_eigenvalue_eV
00_Optimized_Structure,0.0,56,57,1,-1,51,-0.0233018720542812,56,57,8.512915140406552,8.517564842932886,8.512915140406552,8.517564842932886,raw_HR_eigenvalue_eV,0.0575471017889902,-0.0287735508944951,0.0287735508944951,0.00304302,0.0589698,0.0,0%,pair_04,F08,F03,raw_HR_eigenvalue_eV
00_Optimized_Structure,0.0,56,57,1,-1,52,-0.0227043881554534,56,57,8.513103888923107,8.518288674153242,8.513103888923107,8.518288674153242,raw_HR_eigenvalue_eV,0.0575471017889902,-0.0287735508944951,0.0287735508944951,0.00304302,0.0589698,0.0,0%,pair_04,F08,F03,raw_HR_eigenvalue_eV
00_Optimized_Structure,0.0,56,57,1,-1,53,-0.0221069042566257,56,57,8.513292076816416,8.519016730944966,8.513292076816416,8.519016730944966,raw_HR_eigenvalue_eV,0.0575471017889902,-0.0287735508944951,0.0287735508944951,0.00304302,0.0589698,0.0,0%,pair_04,F08,F03,raw_HR_eigenvalue_eV
00_Optimized_Structure,0.0,56,57,1,-1,54,-0.021509420357798,56,57,8.513479726446684,8.519748856418113,8.513479726446684,8.519748856418113,raw_HR_eigenvalue_eV,0.0575471017889902,-0.0287735508944951,0.0287735508944951,0.00304302,0.0589698,0.0,0%,pair_04,F08,F03,raw_HR_eigenvalue_eV
00_Optimized_Structure,0.0,56,57,1,-1,55,-0.0209119364589703,56,57,8.513666865810634,8.520484892530842,8.513666865810634,8.520484892530842,raw_HR_eigenvalue_eV,0.0575471017889902,-0.0287735508944951,0.0287735508944951,0.00304302,0.0589698,0.0,0%,pair_04,F08,F03,raw_HR_eigenvalue_eV
00_Optimized_Structure,0.0,56,57,1,-1,56,-0.0203144525601425,56,57,8.513853529123384,8.52122468018629,8.513853529123384,8.52122468018629,raw_HR_eigenvalue_eV,0.0575471017889902,-0.0287735508944951,0.0287735508944951,0.00304302,0.0589698,0.0,0%,pair_04,F08,F03,raw_HR_eigenvalue_eV
00_Optimized_Structure,0.0,56,57,1,-1,57,-0.0197169686613148,56,57,8.51403975748485,8.521968059327584,8.51403975748485,8.521968059327584,raw_HR_eigenvalue_eV,0.0575471017889902,-0.0287735508944951,0.0287735508944951,0.00304302,0.0589698,0.0,0%,pair_04,F08,F03,raw_HR_eigenvalue_eV
00_Optimized_Structure,0.0,56,57,1,-1,58,-0.0191194847624871,56,57,8.51422559964358,8.522714869030972,8.51422559964358,8.522714869030972,raw_HR_eigenvalue_eV,0.0575471017889902,-0.0287735508944951,0.0287735508944951,0.00304302,0.0589698,0.0,0%,pair_04,F08,F03,raw_HR_eigenvalue_eV
00_Optimized_Structure,0.0,56,57,1,-1,59,-0.0185220008636594,56,57,8.514411112873711,8.52346494759701,8.514411112873711,8.52346494759701,raw_HR_eigenvalue_eV,0.0575471017889902,-0.0287735508944951,0.0287735508944951,0.00304302,0.0589698,0.0,0%,pair_04,F08,F03,raw_HR_eigenvalue_eV
00_Optimized_Structure,0.0,56,57,1,-1,60,-0.0179245169648317,56,57,8.514596363983273,8.524218132639744,8.514596363983273,8.524218132639744,raw_HR_eigenvalue_eV,0.0575471017889902,-0.0287735508944951,0.0287735508944951,0.00304302,0.0589698,0.0,0%,pair_04,F08,F03,raw_HR_eigenvalue_eV
00_Optimized_Structure,0.0,56,57,1,-1,61,-0.0173270330660039,56,57,8.514781430475685,8.524974261173895,8.514781430475685,8.524974261173895,raw_HR_eigenvalue_eV,0.0575471017889902,-0.0287735508944951,0.0287735508944951,0.00304302,0.0589698,0.0,0%,pair_04,F08,F03,raw_HR_eigenvalue_eV
00_Optimized_Structure,0.0,56,57,1,-1,62,-0.0167295491671762,56,57,8.514966401890181,8.525733169699896,8.514966401890181,8.525733169699896,raw_HR_eigenvalue_eV,0.0575471017889902,-0.0287735508944951,0.0287735508944951,0.00304302,0.0589698,0.0,0%,pair_04,F08,F03,raw_HR_eigenvalue_eV
00_Optimized_Structure,0.0,56,57,1,-1,63,-0.0161320652683485,56,57,8.515151381351771,8.526494694286765,8.515151381351771,8.526494694286765,raw_HR_eigenvalue_eV,0.0575471017889902,-0.0287735508944951,0.0287735508944951,0.00304302,0.0589698,0.0,0%,pair_04,F08,F03,raw_HR_eigenvalue_eV
00_Optimized_Structure,0.0,56,57,1,-1,64,-0.0155345813695208,56,57,8.515336487367218,8.52725867065274,8.515336487367218,8.52725867065274,raw_HR_eigenvalue_eV,0.0575471017889902,-0.0287735508944951,0.0287735508944951,0.00304302,0.0589698,0.0,0%,pair_04,F08,F03,raw_HR_eigenvalue_eV
00_Optimized_Structure,0.0,56,57,1,-1,65,-0.014937097470693,56,57,8.515521855910412,8.52802493424355,8.515521855910412,8.52802493424355,raw_HR_eigenvalue_eV,0.0575471017889902,-0.0287735508944951,0.0287735508944951,0.00304302,0.0589698,0.0,0%,pair_04,F08,F03,raw_HR_eigenvalue_eV
00_Optimized_Structure,0.0,56,57,1,-1,66,-0.0143396135718653,56,57,8.515707642848977,8.52879332030814,8.515707642848977,8.52879332030814,raw_HR_eigenvalue_eV,0.0575471017889902,-0.0287735508944951,0.0287735508944951,0.00304302,0.0589698,0.0,0%,pair_04,F08,F03,raw_HR_eigenvalue_eV
00_Optimized_Structure,0.0,56,57,1,-1,67,-0.0137421296730376,56,57,8.515894026773976,8.529563663971908,8.515894026773976,8.529563663971908,raw_HR_eigenvalue_eV,0.0575471017889902,-0.0287735508944951,0.0287735508944951,0.00304302,0.0589698,0.0,0%,pair_04,F08,F03,raw_HR_eigenvalue_eV
00_Optimized_Structure,0.0,56,57,1,-1,68,-0.0131446457742099,56,57,8.516081212306457,8.530335800307066,8.516081212306457,8.530335800307066,raw_HR_eigenvalue_eV,0.0575471017889902,-0.0287735508944951,0.0287735508944951,0.00304302,0.0589698,0.0,0%,pair_04,F08,F03,raw_HR_eigenvalue_eV
00_Optimized_Structure,0.0,56,57,1,-1,69,-0.0125471618753821,56,57,8.516269433968906,8.531109564400097,8.516269433968906,8.531109564400097,raw_HR_eigenvalue_eV,0.0575471017889902,-0.0287735508944951,0.0287735508944951,0.00304302,0.0589698,0.0,0%,pair_04,F08,F03,raw_HR_eigenvalue_eV
00_Optimized_Structure,0.0,56,57,1,-1,70,-0.0119496779765544,56,57,8.516458960726615,8.531884791416035,8.516458960726615,8.531884791416035,raw_HR_eigenvalue_eV,0.0575471017889902,-0.0287735508944951,0.0287735508944951,0.00304302,0.0589698,0.0,0%,pair_04,F08,F03,raw_HR_eigenvalue_eV
00_Optimized_Structure,0.0,56,57,1,-1,71,-0.0113521940777267,56,57,8.51665010132328,8.532661316659315,8.51665010132328,8.532661316659315,raw_HR_eigenvalue_eV,0.0575471017889902,-0.0287735508944951,0.0287735508944951,0.00304302,0.0589698,0.0,0%,pair_04,F08,F03,raw_HR_eigenvalue_eV
00_Optimized_Structure,0.0,56,57,1,-1,72,-0.010754710178899,56,57,8.51684321055822,8.53343897563095,8.51684321055822,8.53343897563095,raw_HR_eigenvalue_eV,0.0575471017889902,-0.0287735508944951,0.0287735508944951,0.00304302,0.0589698,0.0,0%,pair_04,F08,F03,raw_HR_eigenvalue_eV
00_Optimized_Structure,0.0,56,57,1,-1,73,-0.0101572262800712,56,57,8.517038696677794,8.534217604081586,8.517038696677794,8.534217604081586,raw_HR_eigenvalue_eV,0.0575471017889902,-0.0287735508944951,0.0287735508944951,0.00304302,0.0589698,0.0,0%,pair_04,F08,F03,raw_HR_eigenvalue_eV
00_Optimized_Structure,0.0,56,57,1,-1,74,-0.0095597423812435,56,57,8.517237030081642,8.534997038060139,8.517237030081642,8.534997038060139,raw_HR_eigenvalue_eV,0.0575471017889902,-0.0287735508944951,0.0287735508944951,0.00304302,0.0589698,0.0,0%,pair_04,F08,F03,raw_HR_eigenvalue_eV
00_Optimized_Structure,0.0,56,57,1,-1,75,-0.0089622584824158,56,57,8.517438753572833,8.535777113957511,8.517438753572833,8.535777113957511,raw_HR_eigenvalue_eV,0.0575471017889902,-0.0287735508944951,0.0287735508944951,0.00304302,0.0589698,0.0,0%,pair_04,F08,F03,raw_HR_eigenvalue_eV
00_Optimized_Structure,0.0,56,57,1,-1,76,-0.0083647745835881,56,57,8.517644494407653,8.53655766854476,8.517644494407653,8.53655766854476,raw_HR_eigenvalue_eV,0.0575471017889902,-0.0287735508944951,0.0287735508944951,0.00304302,0.0589698,0.0,0%,pair_04,F08,F03,raw_HR_eigenvalue_eV
00_Optimized_Structure,0.0,56,57,1,-1,77,-0.0077672906847604,56,57,8.517854978419926,8.537338539005203,8.517854978419926,8.537338539005203,raw_HR_eigenvalue_eV,0.0575471017889902,-0.0287735508944951,0.0287735508944951,0.00304302,0.0589698,0.0,0%,pair_04,F08,F03,raw_HR_eigenvalue_eV
00_Optimized_Structure,0.0,56,57,1,-1,78,-0.0071698067859326,56,57,8.518071046497598,8.538119562959565,8.518071046497598,8.538119562959565,raw_HR_eigenvalue_eV,0.0575471017889902,-0.0287735508944951,0.0287735508944951,0.00304302,0.0589698,0.0,0%,pair_04,F08,F03,raw_HR_eigenvalue_eV
00_Optimized_Structure,0.0,56,57,1,-1,79,-0.0065723228871049,56,57,8.51829367366104,8.53890057848328,8.51829367366104,8.53890057848328,raw_HR_eigenvalue_eV,0.0575471017889902,-0.0287735508944951,0.0287735508944951,0.00304302,0.0589698,0.0,0%,pair_04,F08,F03,raw_HR_eigenvalue_eV
00_Optimized_Structure,0.0,56,57,1,-1,80,-0.0059748389882772,56,57,8.51852399090957,8.539681424114992,8.51852399090957,8.539681424114992,raw_HR_eigenvalue_eV,0.0575471017889902,-0.0287735508944951,0.0287735508944951,0.00304302,0.0589698,0.0,0%,pair_04,F08,F03,raw_HR_eigenvalue_eV
00_Optimized_Structure,0.0,56,57,1,-1,81,-0.0053773550894495,56,57,8.518763309829982,8.540461938854786,8.518763309829982,8.540461938854786,raw_HR_eigenvalue_eV,0.0575471017889902,-0.0287735508944951,0.0287735508944951,0.00304302,0.0589698,0.0,0%,pair_04,F08,F03,raw_HR_eigenvalue_eV
00_Optimized_Structure,0.0,56,57,1,-1,82,-0.0047798711906217,56,57,8.51901314964528,8.541241962150801,8.51901314964528,8.541241962150801,raw_HR_eigenvalue_eV,0.0575471017889902,-0.0287735508944951,0.0287735508944951,0.00304302,0.0589698,0.0,0%,pair_04,F08,F03,raw_HR_eigenvalue_eV
00_Optimized_Structure,0.0,56,57,1,-1,83,-0.004182387291794,56,57,8.519275265853935,8.54202133387228,8.519275265853935,8.54202133387228,raw_HR_eigenvalue_eV,0.0575471017889902,-0.0287735508944951,0.0287735508944951,0.00304302,0.0589698,0.0,0%,pair_04,F08,F03,raw_HR_eigenvalue_eV
00_Optimized_Structure,0.0,56,57,1,-1,84,-0.0035849033929663,56,57,8.519551678777907,8.542799894267034,8.519551678777907,8.542799894267034,raw_HR_eigenvalue_eV,0.0575471017889902,-0.0287735508944951,0.0287735508944951,0.00304302,0.0589698,0.0,0%,pair_04,F08,F03,raw_HR_eigenvalue_eV
00_Optimized_Structure,0.0,56,57,1,-1,85,-0.0029874194941386,56,57,8.519844699107082,8.543577483900537,8.519844699107082,8.543577483900537,raw_HR_eigenvalue_eV,0.0575471017889902,-0.0287735508944951,0.0287735508944951,0.00304302,0.0589698,0.0,0%,pair_04,F08,F03,raw_HR_eigenvalue_eV
00_Optimized_Structure,0.0,56,57,1,-1,86,-0.0023899355953108,56,57,8.520156945829287,8.544353943573642,8.520156945829287,8.544353943573642,raw_HR_eigenvalue_eV,0.0575471017889902,-0.0287735508944951,0.0287735508944951,0.00304302,0.0589698,0.0,0%,pair_04,F08,F03,raw_HR_eigenvalue_eV
00_Optimized_Structure,0.0,56,57,1,-1,87,-0.0017924516964831,56,57,8.520491349800768,8.545129114215044,8.520491349800768,8.545129114215044,raw_HR_eigenvalue_eV,0.0575471017889902,-0.0287735508944951,0.0287735508944951,0.00304302,0.0589698,0.0,0%,pair_04,F08,F03,raw_HR_eigenvalue_eV
00_Optimized_Structure,0.0,56,57,1,-1,88,-0.0011949677976554,56,57,8.520851133900925,8.545902836743833,8.520851133900925,8.545902836743833,raw_HR_eigenvalue_eV,0.0575471017889902,-0.0287735508944951,0.0287735508944951,0.00304302,0.0589698,0.0,0%,pair_04,F08,F03,raw_HR_eigenvalue_eV
00_Optimized_Structure,0.0,56,57,1,-1,89,-0.0005974838988277,56,57,8.521239758882022,8.546674951896515,8.521239758882022,8.546674951896515,raw_HR_eigenvalue_eV,0.0575471017889902,-0.0287735508944951,0.0287735508944951,0.00304302,0.0589698,0.0,0%,pair_04,F08,F03,raw_HR_eigenvalue_eV
00_Optimized_Structure,0.0,56,57,1,-1,90,0.0,56,57,8.521660823872034,8.54744530001149,8.521660823872034,8.54744530001149,raw_HR_eigenvalue_eV,0.0575471017889902,-0.0287735508944951,0.0287735508944951,0.00304302,0.0589698,0.0,0%,pair_04,F08,F03,raw_HR_eigenvalue_eV
00_Optimized_Structure,0.0,56,57,1,-1,91,0.0005974838988277,56,57,8.522117913705367,8.54821372076232,8.522117913705367,8.54821372076232,raw_HR_eigenvalue_eV,0.0575471017889902,-0.0287735508944951,0.0287735508944951,0.00304302,0.0589698,0.0,0%,pair_04,F08,F03,raw_HR_eigenvalue_eV
00_Optimized_Structure,0.0,56,57,1,-1,92,0.0011949677976554,56,57,8.522614393476152,8.548980052829256,8.522614393476152,8.548980052829256,raw_HR_eigenvalue_eV,0.0575471017889902,-0.0287735508944951,0.0287735508944951,0.00304302,0.0589698,0.0,0%,pair_04,F08,F03,raw_HR_eigenvalue_eV
00_Optimized_Structure,0.0,56,57,1,-1,93,0.0017924516964831,56,57,8.523153164276152,8.549744133495464,8.523153164276152,8.549744133495464,raw_HR_eigenvalue_eV,0.0575471017889902,-0.0287735508944951,0.0287735508944951,0.00304302,0.0589698,0.0,0%,pair_04,F08,F03,raw_HR_eigenvalue_eV
00_Optimized_Structure,0.0,56,57,1,-1,94,0.0023899355953108,56,57,8.523736410465945,8.550505798151336,8.523736410465945,8.550505798151336,raw_HR_eigenvalue_eV,0.0575471017889902,-0.0287735508944951,0.0287735508944951,0.00304302,0.0589698,0.0,0%,pair_04,F08,F03,raw_HR_eigenvalue_eV
00_Optimized_Structure,0.0,56,57,1,-1,95,0.0029874194941386,56,57,8.5243653819574,8.55126487968556,8.5243653819574,8.55126487968556,raw_HR_eigenvalue_eV,0.0575471017889902,-0.0287735508944951,0.0287735508944951,0.00304302,0.0589698,0.0,0%,pair_04,F08,F03,raw_HR_eigenvalue_eV
00_Optimized_Structure,0.0,56,57,1,-1,96,0.0035849033929663,56,57,8.525040257134723,8.552021207735995,8.525040257134723,8.552021207735995,raw_HR_eigenvalue_eV,0.0575471017889902,-0.0287735508944951,0.0287735508944951,0.00304302,0.0589698,0.0,0%,pair_04,F08,F03,raw_HR_eigenvalue_eV
00_Optimized_Structure,0.0,56,57,1,-1,97,0.004182387291794,56,57,8.525760118539589,8.552774607765686,8.525760118539589,8.552774607765686,raw_HR_eigenvalue_eV,0.0575471017889902,-0.0287735508944951,0.0287735508944951,0.00304302,0.0589698,0.0,0%,pair_04,F08,F03,raw_HR_eigenvalue_eV
00_Optimized_Structure,0.0,56,57,1,-1,98,0.0047798711906217,56,57,8.52652304718549,8.553524899919314,8.52652304718549,8.553524899919314,raw_HR_eigenvalue_eV,0.0575471017889902,-0.0287735508944951,0.0287735508944951,0.00304302,0.0589698,0.0,0%,pair_04,F08,F03,raw_HR_eigenvalue_eV
00_Optimized_Structure,0.0,56,57,1,-1,99,0.0053773550894495,56,57,8.527326312666865,8.554271897601728,8.527326312666865,8.554271897601728,raw_HR_eigenvalue_eV,0.0575471017889902,-0.0287735508944951,0.0287735508944951,0.00304302,0.0589698,0.0,0%,pair_04,F08,F03,raw_HR_eigenvalue_eV
00_Optimized_Structure,0.0,56,57,1,-1,100,0.0059748389882772,56,57,8.528166616913824,8.555015405702258,8.528166616913824,8.555015405702258,raw_HR_eigenvalue_eV,0.0575471017889902,-0.0287735508944951,0.0287735508944951,0.00304302,0.0589698,0.0,0%,pair_04,F08,F03,raw_HR_eigenvalue_eV
00_Optimized_Structure,0.0,56,57,1,-1,101,0.0065723228871049,56,57,8.529040345665456,8.555755218363354,8.529040345665456,8.555755218363354,raw_HR_eigenvalue_eV,0.0575471017889902,-0.0287735508944951,0.0287735508944951,0.00304302,0.0589698,0.0,0%,pair_04,F08,F03,raw_HR_eigenvalue_eV
00_Optimized_Structure,0.0,56,57,1,-1,102,0.0071698067859326,56,57,8.529943791402957,8.55649111615817,8.529943791402957,8.55649111615817,raw_HR_eigenvalue_eV,0.0575471017889902,-0.0287735508944951,0.0287735508944951,0.00304302,0.0589698,0.0,0%,pair_04,F08,F03,raw_HR_eigenvalue_eV
00_Optimized_Structure,0.0,56,57,1,-1,103,0.0077672906847604,56,57,8.530873327432621,8.557222862494424,8.530873327432621,8.557222862494424,raw_HR_eigenvalue_eV,0.0575471017889902,-0.0287735508944951,0.0287735508944951,0.00304302,0.0589698,0.0,0%,pair_04,F08,F03,raw_HR_eigenvalue_eV
00_Optimized_Structure,0.0,56,57,1,-1,104,0.0083647745835881,56,57,8.531825527933067,8.557950198994988,8.531825527933067,8.557950198994988,raw_HR_eigenvalue_eV,0.0575471017889902,-0.0287735508944951,0.0287735508944951,0.00304302,0.0589698,0.0,0%,pair_04,F08,F03,raw_HR_eigenvalue_eV
00_Optimized_Structure,0.0,56,57,1,-1,105,0.0089622584824158,56,57,8.5327972391508,8.558672839511596,8.5327972391508,8.558672839511596,raw_HR_eigenvalue_eV,0.0575471017889902,-0.0287735508944951,0.0287735508944951,0.00304302,0.0589698,0.0,0%,pair_04,F08,F03,raw_HR_eigenvalue_eV
00_Optimized_Structure,0.0,56,57,1,-1,106,0.0095597423812435,56,57,8.533785611942173,8.55939046229207,8.533785611942173,8.55939046229207,raw_HR_eigenvalue_eV,0.0575471017889902,-0.0287735508944951,0.0287735508944951,0.00304302,0.0589698,0.0,0%,pair_04,F08,F03,raw_HR_eigenvalue_eV
00_Optimized_Structure,0.0,56,57,1,-1,107,0.0101572262800713,56,57,8.534788106822932,8.560102699624531,8.534788106822932,8.560102699624531,raw_HR_eigenvalue_eV,0.0575471017889902,-0.0287735508944951,0.0287735508944951,0.00304302,0.0589698,0.0,0%,pair_04,F08,F03,raw_HR_eigenvalue_eV
00_Optimized_Structure,0.0,56,57,1,-1,108,0.010754710178899,56,57,8.53580248135703,8.560809123991621,8.53580248135703,8.560809123991621,raw_HR_eigenvalue_eV,0.0575471017889902,-0.0287735508944951,0.0287735508944951,0.00304302,0.0589698,0.0,0%,pair_04,F08,F03,raw_HR_eigenvalue_eV
00_Optimized_Structure,0.0,56,57,1,-1,109,0.0113521940777267,56,57,8.536826767507039,8.561509229335963,8.536826767507039,8.561509229335963,raw_HR_eigenvalue_eV,0.0575471017889902,-0.0287735508944951,0.0287735508944951,0.00304302,0.0589698,0.0,0%,pair_04,F08,F03,raw_HR_eigenvalue_eV
00_Optimized_Structure,0.0,56,57,1,-1,110,0.0119496779765544,56,57,8.537859244333509,8.562202405386879,8.537859244333509,8.562202405386879,raw_HR_eigenvalue_eV,0.0575471017889902,-0.0287735508944951,0.0287735508944951,0.00304302,0.0589698,0.0,0%,pair_04,F08,F03,raw_HR_eigenvalue_eV
00_Optimized_Structure,0.0,56,57,1,-1,111,0.0125471618753821,56,57,8.538898409559321,8.562887902007693,8.538898409559321,8.562887902007693,raw_HR_eigenvalue_eV,0.0575471017889902,-0.0287735508944951,0.0287735508944951,0.00304302,0.0589698,0.0,0%,pair_04,F08,F03,raw_HR_eigenvalue_eV
00_Optimized_Structure,0.0,56,57,1,-1,112,0.0131446457742099,56,57,8.539942952114078,8.563564779001965,8.539942952114078,8.563564779001965,raw_HR_eigenvalue_eV,0.0575471017889902,-0.0287735508944951,0.0287735508944951,0.00304302,0.0589698,0.0,0%,pair_04,F08,F03,raw_HR_eigenvalue_eV
00_Optimized_Structure,0.0,56,57,1,-1,113,0.0137421296730376,56,57,8.54099172679922,8.564231834476074,8.54099172679922,8.564231834476074,raw_HR_eigenvalue_eV,0.0575471017889902,-0.0287735508944951,0.0287735508944951,0.00304302,0.0589698,0.0,0%,pair_04,F08,F03,raw_HR_eigenvalue_eV
00_Optimized_Structure,0.0,56,57,1,-1,114,0.0143396135718653,56,57,8.542043731581131,8.564887501270142,8.542043731581131,8.564887501270142,raw_HR_eigenvalue_eV,0.0575471017889902,-0.0287735508944951,0.0287735508944951,0.00304302,0.0589698,0.0,0%,pair_04,F08,F03,raw_HR_eigenvalue_eV
00_Optimized_Structure,0.0,56,57,1,-1,115,0.014937097470693,56,57,8.543098087629975,8.565529695601244,8.543098087629975,8.565529695601244,raw_HR_eigenvalue_eV,0.0575471017889902,-0.0287735508944951,0.0287735508944951,0.00304302,0.0589698,0.0,0%,pair_04,F08,F03,raw_HR_eigenvalue_eV
00_Optimized_Structure,0.0,56,57,1,-1,116,0.0155345813695208,56,57,8.544154022000127,8.566155594493488,8.544154022000127,8.566155594493488,raw_HR_eigenvalue_eV,0.0575471017889902,-0.0287735508944951,0.0287735508944951,0.00304302,0.0589698,0.0,0%,pair_04,F08,F03,raw_HR_eigenvalue_eV
00_Optimized_Structure,0.0,56,57,1,-1,117,0.0161320652683485,56,57,8.545210852734057,8.5667613094779,8.545210852734057,8.5667613094779,raw_HR_eigenvalue_eV,0.0575471017889902,-0.0287735508944951,0.0287735508944951,0.00304302,0.0589698,0.0,0%,pair_04,F08,F03,raw_HR_eigenvalue_eV
00_Optimized_Structure,0.0,56,57,1,-1,118,0.0167295491671762,56,57,8.54626797612384,8.567341418419012,8.54626797612384,8.567341418419012,raw_HR_eigenvalue_eV,0.0575471017889902,-0.0287735508944951,0.0287735508944951,0.00304302,0.0589698,0.0,0%,pair_04,F08,F03,raw_HR_eigenvalue_eV
00_Optimized_Structure,0.0,56,57,1,-1,119,0.0173270330660039,56,57,8.547324855856786,8.567888333420468,8.547324855856786,8.567888333420468,raw_HR_eigenvalue_eV,0.0575471017889902,-0.0287735508944951,0.0287735508944951,0.00304302,0.0589698,0.0,0%,pair_04,F08,F03,raw_HR_eigenvalue_eV
00_Optimized_Structure,0.0,56,57,1,-1,120,0.0179245169648317,56,57,8.548381013784295,8.568391571970329,8.548381013784295,8.568391571970329,raw_HR_eigenvalue_eV,0.0575471017889902,-0.0287735508944951,0.0287735508944951,0.00304302,0.0589698,0.0,0%,pair_04,F08,F03,raw_HR_eigenvalue_eV
00_Optimized_Structure,0.0,56,57,1,-1,121,0.0185220008636594,56,57,8.549436022077314,8.568837267385199,8.549436022077314,8.568837267385199,raw_HR_eigenvalue_eV,0.0575471017889902,-0.0287735508944951,0.0287735508944951,0.00304302,0.0589698,0.0,0%,pair_04,F08,F03,raw_HR_eigenvalue_eV
00_Optimized_Structure,0.0,56,57,1,-1,122,0.0191194847624871,56,57,8.55048949655896,8.569208793837898,8.55048949655896,8.569208793837898,raw_HR_eigenvalue_eV,0.0575471017889902,-0.0287735508944951,0.0287735508944951,0.00304302,0.0589698,0.0,0%,pair_04,F08,F03,raw_HR_eigenvalue_eV
00_Optimized_Structure,0.0,56,57,1,-1,123,0.0197169686613148,56,57,8.55154109103296,8.569489826194564,8.55154109103296,8.569489826194564,raw_HR_eigenvalue_eV,0.0575471017889902,-0.0287735508944951,0.0287735508944951,0.00304302,0.0589698,0.0,0%,pair_04,F08,F03,raw_HR_eigenvalue_eV
00_Optimized_Structure,0.0,56,57,1,-1,124,0.0203144525601425,56,57,8.55259049245255,8.569670054804,8.55259049245255,8.569670054804,raw_HR_eigenvalue_eV,0.0575471017889902,-0.0287735508944951,0.0287735508944951,0.00304302,0.0589698,0.0,0%,pair_04,F08,F03,raw_HR_eigenvalue_eV
00_Optimized_Structure,0.0,56,57,1,-1,125,0.0209119364589703,56,57,8.553637416797896,8.569750318508573,8.553637416797896,8.569750318508573,raw_HR_eigenvalue_eV,0.0575471017889902,-0.0287735508944951,0.0287735508944951,0.00304302,0.0589698,0.0,0%,pair_04,F08,F03,raw_HR_eigenvalue_eV
00_Optimized_Structure,0.0,56,57,1,-1,126,0.021509420357798,56,57,8.554681605550806,8.569742424661499,8.554681605550806,8.569742424661499,raw_HR_eigenvalue_eV,0.0575471017889902,-0.0287735508944951,0.0287735508944951,0.00304302,0.0589698,0.0,0%,pair_04,F08,F03,raw_HR_eigenvalue_eV
00_Optimized_Structure,0.0,56,57,1,-1,127,0.0221069042566257,56,57,8.55572282267288,8.5696637886673,8.55572282267288,8.5696637886673,raw_HR_eigenvalue_eV,0.0575471017889902,-0.0287735508944951,0.0287735508944951,0.00304302,0.0589698,0.0,0%,pair_04,F08,F03,raw_HR_eigenvalue_eV
00_Optimized_Structure,0.0,56,57,1,-1,128,0.0227043881554534,56,57,8.5567608520085,8.569531721419077,8.5567608520085,8.569531721419077,raw_HR_eigenvalue_eV,0.0575471017889902,-0.0287735508944951,0.0287735508944951,0.00304302,0.0589698,0.0,0%,pair_04,F08,F03,raw_HR_eigenvalue_eV
00_Optimized_Structure,0.0,56,57,1,-1,129,0.0233018720542812,56,57,8.557795495046724,8.56936048571822,8.557795495046724,8.56936048571822,raw_HR_eigenvalue_eV,0.0575471017889902,-0.0287735508944951,0.0287735508944951,0.00304302,0.0589698,0.0,0%,pair_04,F08,F03,raw_HR_eigenvalue_eV
00_Optimized_Structure,0.0,56,57,1,-1,130,0.0238993559531089,56,57,8.558826568986408,8.569160785220154,8.558826568986408,8.569160785220154,raw_HR_eigenvalue_eV,0.0575471017889902,-0.0287735508944951,0.0287735508944951,0.00304302,0.0589698,0.0,0%,pair_04,F08,F03,raw_HR_eigenvalue_eV
00_Optimized_Structure,0.0,56,57,1,-1,131,0.0244968398519366,56,57,8.559853905058214,8.568940329641302,8.559853905058214,8.568940329641302,raw_HR_eigenvalue_eV,0.0575471017889902,-0.0287735508944951,0.0287735508944951,0.00304302,0.0589698,0.0,0%,pair_04,F08,F03,raw_HR_eigenvalue_eV
00_Optimized_Structure,0.0,56,57,1,-1,132,0.0250943237507643,56,57,8.560877347064153,8.568704606782374,8.560877347064153,8.568704606782374,raw_HR_eigenvalue_eV,0.0575471017889902,-0.0287735508944951,0.0287735508944951,0.00304302,0.0589698,0.0,0%,pair_04,F08,F03,raw_HR_eigenvalue_eV
00_Optimized_Structure,0.0,56,57,1,-1,133,0.0256918076495921,56,57,8.561896750101583,8.568457537956652,8.561896750101583,8.568457537956652,raw_HR_eigenvalue_eV,0.0575471017889902,-0.0287735508944951,0.0287735508944951,0.00304302,0.0589698,0.0,0%,pair_04,F08,F03,raw_HR_eigenvalue_eV
00_Optimized_Structure,0.0,56,57,1,-1,134,0.0262892915484198,56,57,8.562911979443545,8.568201958679014,8.562911979443545,8.568201958679014,raw_HR_eigenvalue_eV,0.0575471017889902,-0.0287735508944951,0.0287735508944951,0.00304302,0.0589698,0.0,0%,pair_04,F08,F03,raw_HR_eigenvalue_eV
00_Optimized_Structure,0.0,56,57,1,-1,135,0.0268867754472475,56,57,8.563922909551673,8.567939951774783,8.563922909551673,8.567939951774783,raw_HR_eigenvalue_eV,0.0575471017889902,-0.0287735508944951,0.0287735508944951,0.00304302,0.0589698,0.0,0%,pair_04,F08,F03,raw_HR_eigenvalue_eV
00_Optimized_Structure,0.0,56,57,1,-1,136,0.0274842593460752,56,57,8.564929423201066,8.56767307374074,8.564929423201066,8.56767307374074,raw_HR_eigenvalue_eV,0.0575471017889902,-0.0287735508944951,0.0287735508944951,0.00304302,0.0589698,0.0,0%,pair_04,F08,F03,raw_HR_eigenvalue_eV
00_Optimized_Structure,0.0,56,57,1,-1,137,0.0280817432449029,56,57,8.565931410699585,8.56740250826719,8.565931410699585,8.56740250826719,raw_HR_eigenvalue_eV,0.0575471017889902,-0.0287735508944951,0.0287735508944951,0.00304302,0.0589698,0.0,0%,pair_04,F08,F03,raw_HR_eigenvalue_eV
00_Optimized_Structure,0.0,56,57,1,-1,138,0.0286792271437307,56,57,8.566928769186005,8.567129171073582,8.566928769186005,8.567129171073582,raw_HR_eigenvalue_eV,0.0575471017889902,-0.0287735508944951,0.0287735508944951,0.00304302,0.0589698,0.0,0%,pair_04,F08,F03,raw_HR_eigenvalue_eV
00_Optimized_Structure,0.0,56,57,1,-1,139,0.0292767110425584,56,57,8.566853782301363,8.567921401993999,8.566853782301363,8.567921401993999,raw_HR_eigenvalue_eV,0.0575471017889902,-0.0287735508944951,0.0287735508944951,0.00304302,0.0589698,0.0,0%,pair_04,F08,F03,raw_HR_eigenvalue_eV
00_Optimized_Structure,0.0,56,57,1,-1,140,0.0298741949413861,56,57,8.56657691716581,8.568909218067908,8.56657691716581,8.568909218067908,raw_HR_eigenvalue_eV,0.0575471017889902,-0.0287735508944951,0.0287735508944951,0.00304302,0.0589698,0.0,0%,pair_04,F08,F03,raw_HR_eigenvalue_eV
00_Optimized_Structure,0.0,56,57,1,-1,141,0.0304716788402138,56,57,8.566299041886536,8.569892131422074,8.566299041886536,8.569892131422074,raw_HR_eigenvalue_eV,0.0575471017889902,-0.0287735508944951,0.0287735508944951,0.00304302,0.0589698,0.0,0%,pair_04,F08,F03,raw_HR_eigenvalue_eV
00_Optimized_Structure,0.0,56,57,1,-1,142,0.0310691627390416,56,57,8.566020539530301,8.570870060629728,8.566020539530301,8.570870060629728,raw_HR_eigenvalue_eV,0.0575471017889902,-0.0287735508944951,0.0287735508944951,0.00304302,0.0589698,0.0,0%,pair_04,F08,F03,raw_HR_eigenvalue_eV
00_Optimized_Structure,0.0,56,57,1,-1,143,0.0316666466378693,56,57,8.565741728846154,8.571842928333027,8.565741728846154,8.571842928333027,raw_HR_eigenvalue_eV,0.0575471017889902,-0.0287735508944951,0.0287735508944951,0.00304302,0.0589698,0.0,0%,pair_04,F08,F03,raw_HR_eigenvalue_eV
00_Optimized_Structure,0.0,56,57,1,-1,144,0.032264130536697,56,57,8.565462878168626,8.572810660762686,8.565462878168626,8.572810660762686,raw_HR_eigenvalue_eV,0.0575471017889902,-0.0287735508944951,0.0287735508944951,0.00304302,0.0589698,0.0,0%,pair_04,F08,F03,raw_HR_eigenvalue_eV
00_Optimized_Structure,0.0,56,57,1,-1,145,0.0328616144355247,56,57,8.565184215803528,8.573773187255794,8.565184215803528,8.573773187255794,raw_HR_eigenvalue_eV,0.0575471017889902,-0.0287735508944951,0.0287735508944951,0.00304302,0.0589698,0.0,0%,pair_04,F08,F03,raw_HR_eigenvalue_eV
00_Optimized_Structure,0.0,56,57,1,-1,146,0.0334590983343525,56,57,8.564905937873196,8.574730439759023,8.564905937873196,8.574730439759023,raw_HR_eigenvalue_eV,0.0575471017889902,-0.0287735508944951,0.0287735508944951,0.00304302,0.0589698,0.0,0%,pair_04,F08,F03,raw_HR_eigenvalue_eV
00_Optimized_Structure,0.0,56,57,1,-1,147,0.0340565822331802,56,57,8.564628214304586,8.575682352302358,8.564628214304586,8.575682352302358,raw_HR_eigenvalue_eV,0.0575471017889902,-0.0287735508944951,0.0287735508944951,0.00304302,0.0589698,0.0,0%,pair_04,F08,F03,raw_HR_eigenvalue_eV
00_Optimized_Structure,0.0,56,57,1,-1,148,0.0346540661320079,56,57,8.564351193444098,8.576628860425183,8.564351193444098,8.576628860425183,raw_HR_eigenvalue_eV,0.0575471017889902,-0.0287735508944951,0.0287735508944951,0.00304302,0.0589698,0.0,0%,pair_04,F08,F03,raw_HR_eigenvalue_eV
00_Optimized_Structure,0.0,56,57,1,-1,149,0.0352515500308356,56,57,8.564075005646057,8.57756990053247,8.564075005646057,8.57756990053247,raw_HR_eigenvalue_eV,0.0575471017889902,-0.0287735508944951,0.0287735508944951,0.00304302,0.0589698,0.0,0%,pair_04,F08,F03,raw_HR_eigenvalue_eV
00_Optimized_Structure,0.0,56,57,1,-1,150,0.0358490339296634,56,57,8.563799766086435,8.578505409152163,8.563799766086435,8.578505409152163,raw_HR_eigenvalue_eV,0.0575471017889902,-0.0287735508944951,0.0287735508944951,0.00304302,0.0589698,0.0,0%,pair_04,F08,F03,raw_HR_eigenvalue_eV
00_Optimized_Structure,0.0,56,57,1,-1,151,0.0364465178284911,56,57,8.56352557698611,8.579435322055993,8.56352557698611,8.579435322055993,raw_HR_eigenvalue_eV,0.0575471017889902,-0.0287735508944951,0.0287735508944951,0.00304302,0.0589698,0.0,0%,pair_04,F08,F03,raw_HR_eigenvalue_eV
00_Optimized_Structure,0.0,56,57,1,-1,152,0.0370440017273188,56,57,8.563252529380499,8.58035957319312,8.563252529380499,8.58035957319312,raw_HR_eigenvalue_eV,0.0575471017889902,-0.0287735508944951,0.0287735508944951,0.00304302,0.0589698,0.0,0%,pair_04,F08,F03,raw_HR_eigenvalue_eV
00_Optimized_Structure,0.0,56,57,1,-1,153,0.0376414856261465,56,57,8.56298070453754,8.581278093367382,8.56298070453754,8.581278093367382,raw_HR_eigenvalue_eV,0.0575471017889902,-0.0287735508944951,0.0287735508944951,0.00304302,0.0589698,0.0,0%,pair_04,F08,F03,raw_HR_eigenvalue_eV
00_Optimized_Structure,0.0,56,57,1,-1,154,0.0382389695249743,56,57,8.562710175101484,8.58219080856216,8.562710175101484,8.58219080856216,raw_HR_eigenvalue_eV,0.0575471017889902,-0.0287735508944951,0.0287735508944951,0.00304302,0.0589698,0.0,0%,pair_04,F08,F03,raw_HR_eigenvalue_eV
00_Optimized_Structure,0.0,56,57,1,-1,155,0.038836453423802,56,57,8.562441006021196,8.583097637777152,8.562441006021196,8.583097637777152,raw_HR_eigenvalue_eV,0.0575471017889902,-0.0287735508944951,0.0287735508944951,0.00304302,0.0589698,0.0,0%,pair_04,F08,F03,raw_HR_eigenvalue_eV
00_Optimized_Structure,0.0,56,57,1,-1,156,0.0394339373226297,56,57,8.562173255308316,8.583998490181953,8.562173255308316,8.583998490181953,raw_HR_eigenvalue_eV,0.0575471017889902,-0.0287735508944951,0.0287735508944951,0.00304302,0.0589698,0.0,0%,pair_04,F08,F03,raw_HR_eigenvalue_eV
00_Optimized_Structure,0.0,56,57,1,-1,157,0.0400314212214574,56,57,8.561906974660253,8.584893261301968,8.561906974660253,8.584893261301968,raw_HR_eigenvalue_eV,0.0575471017889902,-0.0287735508944951,0.0287735508944951,0.00304302,0.0589698,0.0,0%,pair_04,F08,F03,raw_HR_eigenvalue_eV
00_Optimized_Structure,0.0,56,57,1,-1,158,0.0406289051202851,56,57,8.561642209975457,8.585781827812157,8.561642209975457,8.585781827812157,raw_HR_eigenvalue_eV,0.0575471017889902,-0.0287735508944951,0.0287735508944951,0.00304302,0.0589698,0.0,0%,pair_04,F08,F03,raw_HR_eigenvalue_eV
00_Optimized_Structure,0.0,56,57,1,-1,159,0.0412263890191129,56,57,8.561379001782454,8.586664040296329,8.561379001782454,8.586664040296329,raw_HR_eigenvalue_eV,0.0575471017889902,-0.0287735508944951,0.0287735508944951,0.00304302,0.0589698,0.0,0%,pair_04,F08,F03,raw_HR_eigenvalue_eV
00_Optimized_Structure,0.0,56,57,1,-1,160,0.0418238729179406,56,57,8.561117385599665,8.587539712977406,8.561117385599665,8.587539712977406,raw_HR_eigenvalue_eV,0.0575471017889902,-0.0287735508944951,0.0287735508944951,0.00304302,0.0589698,0.0,0%,pair_04,F08,F03,raw_HR_eigenvalue_eV
00_Optimized_Structure,0.0,56,57,1,-1,161,0.0424213568167683,56,57,8.560857392239708,8.58840860884808,8.560857392239708,8.58840860884808,raw_HR_eigenvalue_eV,0.0575471017889902,-0.0287735508944951,0.0287735508944951,0.00304302,0.0589698,0.0,0%,pair_04,F08,F03,raw_HR_eigenvalue_eV
00_Optimized_Structure,0.0,56,57,1,-1,162,0.043018840715596,56,57,8.56059904806882,8.589270417665704,8.56059904806882,8.589270417665704,raw_HR_eigenvalue_eV,0.0575471017889902,-0.0287735508944951,0.0287735508944951,0.00304302,0.0589698,0.0,0%,pair_04,F08,F03,raw_HR_eigenvalue_eV
00_Optimized_Structure,0.0,56,57,1,-1,163,0.0436163246144238,56,57,8.5603423752304,8.590124722624195,8.5603423752304,8.590124722624195,raw_HR_eigenvalue_eV,0.0575471017889902,-0.0287735508944951,0.0287735508944951,0.00304302,0.0589698,0.0,0%,pair_04,F08,F03,raw_HR_eigenvalue_eV
00_Optimized_Structure,0.0,56,57,1,-1,164,0.0442138085132515,56,57,8.560087391839604,8.590970948639495,8.560087391839604,8.590970948639495,raw_HR_eigenvalue_eV,0.0575471017889902,-0.0287735508944951,0.0287735508944951,0.00304302,0.0589698,0.0,0%,pair_04,F08,F03,raw_HR_eigenvalue_eV
00_Optimized_Structure,0.0,56,57,1,-1,165,0.0448112924120792,56,57,8.55983411215476,8.59180828011333,8.55983411215476,8.59180828011333,raw_HR_eigenvalue_eV,0.0575471017889902,-0.0287735508944951,0.0287735508944951,0.00304302,0.0589698,0.0,0%,pair_04,F08,F03,raw_HR_eigenvalue_eV
00_Optimized_Structure,0.0,56,57,1,-1,166,0.0454087763109069,56,57,8.559582546730324,8.592635527114613,8.559582546730324,8.592635527114613,raw_HR_eigenvalue_eV,0.0575471017889902,-0.0287735508944951,0.0287735508944951,0.00304302,0.0589698,0.0,0%,pair_04,F08,F03,raw_HR_eigenvalue_eV
00_Optimized_Structure,0.0,56,57,1,-1,167,0.0460062602097347,56,57,8.559332702555135,8.593450903787126,8.559332702555135,8.593450903787126,raw_HR_eigenvalue_eV,0.0575471017889902,-0.0287735508944951,0.0287735508944951,0.00304302,0.0589698,0.0,0%,pair_04,F08,F03,raw_HR_eigenvalue_eV
00_Optimized_Structure,0.0,56,57,1,-1,168,0.0466037441085624,56,57,8.559084583179123,8.594251660424263,8.559084583179123,8.594251660424263,raw_HR_eigenvalue_eV,0.0575471017889902,-0.0287735508944951,0.0287735508944951,0.00304302,0.0589698,0.0,0%,pair_04,F08,F03,raw_HR_eigenvalue_eV
00_Optimized_Structure,0.0,56,57,1,-1,169,0.0472012280073901,56,57,8.55883818883101,8.595033493184332,8.55883818883101,8.595033493184332,raw_HR_eigenvalue_eV,0.0575471017889902,-0.0287735508944951,0.0287735508944951,0.00304302,0.0589698,0.0,0%,pair_04,F08,F03,raw_HR_eigenvalue_eV
00_Optimized_Structure,0.0,56,57,1,-1,170,0.0477987119062178,56,57,8.558593516529061,8.595789715976064,8.558593516529061,8.595789715976064,raw_HR_eigenvalue_eV,0.0575471017889902,-0.0287735508944951,0.0287735508944951,0.00304302,0.0589698,0.0,0%,pair_04,F08,F03,raw_HR_eigenvalue_eV
00_Optimized_Structure,0.0,56,57,1,-1,171,0.0483961958050456,56,57,8.558350560186563,8.596510573639687,8.558350560186563,8.596510573639687,raw_HR_eigenvalue_eV,0.0575471017889902,-0.0287735508944951,0.0287735508944951,0.00304302,0.0589698,0.0,0%,pair_04,F08,F03,raw_HR_eigenvalue_eV
00_Optimized_Structure,0.0,56,57,1,-1,172,0.0489936797038733,56,57,8.558109310713412,8.59718419010848,8.558109310713412,8.59718419010848,raw_HR_eigenvalue_eV,0.0575471017889902,-0.0287735508944951,0.0287735508944951,0.00304302,0.0589698,0.0,0%,pair_04,F08,F03,raw_HR_eigenvalue_eV
00_Optimized_Structure,0.0,56,57,1,-1,173,0.049591163602701,56,57,8.55786975611493,8.597801334177714,8.55786975611493,8.597801334177714,raw_HR_eigenvalue_eV,0.0575471017889902,-0.0287735508944951,0.0287735508944951,0.00304302,0.0589698,0.0,0%,pair_04,F08,F03,raw_HR_eigenvalue_eV
00_Optimized_Structure,0.0,56,57,1,-1,174,0.0501886475015287,56,57,8.557631881588685,8.598361886180635,8.557631881588685,8.598361886180635,raw_HR_eigenvalue_eV,0.0575471017889902,-0.0287735508944951,0.0287735508944951,0.00304302,0.0589698,0.0,0%,pair_04,F08,F03,raw_HR_eigenvalue_eV
00_Optimized_Structure,0.0,56,57,1,-1,175,0.0507861314003564,56,57,8.557395669620075,8.598875120351025,8.557395669620075,8.598875120351025,raw_HR_eigenvalue_eV,0.0575471017889902,-0.0287735508944951,0.0287735508944951,0.00304302,0.0589698,0.0,0%,pair_04,F08,F03,raw_HR_eigenvalue_eV
00_Optimized_Structure,0.0,56,57,1,-1,176,0.0513836152991842,56,57,8.557161100077165,8.599353347227021,8.557161100077165,8.599353347227021,raw_HR_eigenvalue_eV,0.0575471017889902,-0.0287735508944951,0.0287735508944951,0.00304302,0.0589698,0.0,0%,pair_04,F08,F03,raw_HR_eigenvalue_eV
00_Optimized_Structure,0.0,56,57,1,-1,177,0.0519810991980119,56,57,8.55692815030516,8.599806833038695,8.55692815030516,8.599806833038695,raw_HR_eigenvalue_eV,0.0575471017889902,-0.0287735508944951,0.0287735508944951,0.00304302,0.0589698,0.0,0%,pair_04,F08,F03,raw_HR_eigenvalue_eV
00_Optimized_Structure,0.0,56,57,1,-1,178,0.0525785830968396,56,57,8.556696795220743,8.600242662980879,8.556696795220743,8.600242662980879,raw_HR_eigenvalue_eV,0.0575471017889902,-0.0287735508944951,0.0287735508944951,0.00304302,0.0589698,0.0,0%,pair_04,F08,F03,raw_HR_eigenvalue_eV
00_Optimized_Structure,0.0,56,57,1,-1,179,0.0531760669956673,56,57,8.556467007406535,8.60066541428641,8.556467007406535,8.60066541428641,raw_HR_eigenvalue_eV,0.0575471017889902,-0.0287735508944951,0.0287735508944951,0.00304302,0.0589698,0.0,0%,pair_04,F08,F03,raw_HR_eigenvalue_eV
00_Optimized_Structure,0.0,56,57,1,-1,180,0.0537735508944951,56,57,8.556238757205683,8.601078021971292,8.556238757205683,8.601078021971292,raw_HR_eigenvalue_eV,0.0575471017889902,-0.0287735508944951,0.0287735508944951,0.00304302,0.0589698,0.0,0%,pair_04,F08,F03,raw_HR_eigenvalue_eV
Strain_a_Tension_0.5pct,0.5,56,57,1,-1,0,-0.0534633401644281,56,57,8.419733636655241,8.433061568379657,8.419733636655241,8.433061568379657,raw_HR_eigenvalue_eV,0.0569266803288563,-0.0284633401644281,0.0284633401644281,-0.00144385,0.05362817,0.0,a +0.5%,pair_04,F08,F03,raw_HR_eigenvalue_eV
Strain_a_Tension_0.5pct,0.5,56,57,1,-1,1,-0.05286930305149,56,57,8.42011592416468,8.43325506802205,8.42011592416468,8.43325506802205,raw_HR_eigenvalue_eV,0.0569266803288563,-0.0284633401644281,0.0284633401644281,-0.00144385,0.05362817,0.0,a +0.5%,pair_04,F08,F03,raw_HR_eigenvalue_eV
Strain_a_Tension_0.5pct,0.5,56,57,1,-1,2,-0.052275265938552,56,57,8.420505326118457,8.433450333972578,8.420505326118457,8.433450333972578,raw_HR_eigenvalue_eV,0.0569266803288563,-0.0284633401644281,0.0284633401644281,-0.00144385,0.05362817,0.0,a +0.5%,pair_04,F08,F03,raw_HR_eigenvalue_eV
Strain_a_Tension_0.5pct,0.5,56,57,1,-1,3,-0.0516812288256139,56,57,8.420901884856095,8.43364725937293,8.420901884856095,8.43364725937293,raw_HR_eigenvalue_eV,0.0569266803288563,-0.0284633401644281,0.0284633401644281,-0.00144385,0.05362817,0.0,a +0.5%,pair_04,F08,F03,raw_HR_eigenvalue_eV
Strain_a_Tension_0.5pct,0.5,56,57,1,-1,4,-0.0510871917126758,56,57,8.421305636433422,8.433845741064737,8.421305636433422,8.433845741064737,raw_HR_eigenvalue_eV,0.0569266803288563,-0.0284633401644281,0.0284633401644281,-0.00144385,0.05362817,0.0,a +0.5%,pair_04,F08,F03,raw_HR_eigenvalue_eV
Strain_a_Tension_0.5pct,0.5,56,57,1,-1,5,-0.0504931545997377,56,57,8.421716610721672,8.434045679497467,8.421716610721672,8.434045679497467,raw_HR_eigenvalue_eV,0.0569266803288563,-0.0284633401644281,0.0284633401644281,-0.00144385,0.05362817,0.0,a +0.5%,pair_04,F08,F03,raw_HR_eigenvalue_eV
Strain_a_Tension_0.5pct,0.5,56,57,1,-1,6,-0.0498991174867996,56,57,8.422134831510306,8.434246978635521,8.422134831510306,8.434246978635521,raw_HR_eigenvalue_eV,0.0569266803288563,-0.0284633401644281,0.0284633401644281,-0.00144385,0.05362817,0.0,a +0.5%,pair_04,F08,F03,raw_HR_eigenvalue_eV
Strain_a_Tension_0.5pct,0.5,56,57,1,-1,7,-0.0493050803738615,56,57,8.422560316612923,8.434449545865256,8.422560316612923,8.434449545865256,raw_HR_eigenvalue_eV,0.0569266803288563,-0.0284633401644281,0.0284633401644281,-0.00144385,0.05362817,0.0,a +0.5%,pair_04,F08,F03,raw_HR_eigenvalue_eV
Strain_a_Tension_0.5pct,0.5,56,57,1,-1,8,-0.0487110432609234,56,57,8.422993077975683,8.43465329190275,8.422993077975683,8.43465329190275,raw_HR_eigenvalue_eV,0.0569266803288563,-0.0284633401644281,0.0284633401644281,-0.00144385,0.05362817,0.0,a +0.5%,pair_04,F08,F03,raw_HR_eigenvalue_eV
Strain_a_Tension_0.5pct,0.5,56,57,1,-1,9,-0.0481170061479853,56,57,8.423433121787637,8.434858130702763,8.423433121787637,8.434858130702763,raw_HR_eigenvalue_eV,0.0569266803288563,-0.0284633401644281,0.0284633401644281,-0.00144385,0.05362817,0.0,a +0.5%,pair_04,F08,F03,raw_HR_eigenvalue_eV
Strain_a_Tension_0.5pct,0.5,56,57,1,-1,10,-0.0475229690350472,56,57,8.423880448592575,8.435063979369545,8.423880448592575,8.435063979369545,raw_HR_eigenvalue_eV,0.0569266803288563,-0.0284633401644281,0.0284633401644281,-0.00144385,0.05362817,0.0,a +0.5%,pair_04,F08,F03,raw_HR_eigenvalue_eV
Strain_a_Tension_0.5pct,0.5,56,57,1,-1,11,-0.0469289319221091,56,57,8.424335053401942,8.435270758069946,8.424335053401942,8.435270758069946,raw_HR_eigenvalue_eV,0.0569266803288563,-0.0284633401644281,0.0284633401644281,-0.00144385,0.05362817,0.0,a +0.5%,pair_04,F08,F03,raw_HR_eigenvalue_eV
Strain_a_Tension_0.5pct,0.5,56,57,1,-1,12,-0.046334894809171,56,57,8.424796925808533,8.435478389949248,8.424796925808533,8.435478389949248,raw_HR_eigenvalue_eV,0.0569266803288563,-0.0284633401644281,0.0284633401644281,-0.00144385,0.05362817,0.0,a +0.5%,pair_04,F08,F03,raw_HR_eigenvalue_eV
Strain_a_Tension_0.5pct,0.5,56,57,1,-1,13,-0.045740857696233,56,57,8.425266050100582,8.4356868010501,8.425266050100582,8.4356868010501,raw_HR_eigenvalue_eV,0.0569266803288563,-0.0284633401644281,0.0284633401644281,-0.00144385,0.05362817,0.0,a +0.5%,pair_04,F08,F03,raw_HR_eigenvalue_eV
Strain_a_Tension_0.5pct,0.5,56,57,1,-1,14,-0.0451468205832949,56,57,8.4257424053761,8.435895920234966,8.4257424053761,8.435895920234966,raw_HR_eigenvalue_eV,0.0569266803288563,-0.0284633401644281,0.0284633401644281,-0.00144385,0.05362817,0.0,a +0.5%,pair_04,F08,F03,raw_HR_eigenvalue_eV
Strain_a_Tension_0.5pct,0.5,56,57,1,-1,15,-0.0445527834703568,56,57,8.426225965657174,8.436105679112282,8.426225965657174,8.436105679112282,raw_HR_eigenvalue_eV,0.0569266803288563,-0.0284633401644281,0.0284633401644281,-0.00144385,0.05362817,0.0,a +0.5%,pair_04,F08,F03,raw_HR_eigenvalue_eV
Strain_a_Tension_0.5pct,0.5,56,57,1,-1,16,-0.0439587463574187,56,57,8.426716700004068,8.43631601196674,8.426716700004068,8.43631601196674,raw_HR_eigenvalue_eV,0.0569266803288563,-0.0284633401644281,0.0284633401644281,-0.00144385,0.05362817,0.0,a +0.5%,pair_04,F08,F03,raw_HR_eigenvalue_eV
Strain_a_Tension_0.5pct,0.5,56,57,1,-1,17,-0.0433647092444806,56,57,8.427214572629039,8.436526855693906,8.427214572629039,8.436526855693906,raw_HR_eigenvalue_eV,0.0569266803288563,-0.0284633401644281,0.0284633401644281,-0.00144385,0.05362817,0.0,a +0.5%,pair_04,F08,F03,raw_HR_eigenvalue_eV
Strain_a_Tension_0.5pct,0.5,56,57,1,-1,18,-0.0427706721315425,56,57,8.42771954300963,8.436738149739355,8.42771954300963,8.436738149739355,raw_HR_eigenvalue_eV,0.0569266803288563,-0.0284633401644281,0.0284633401644281,-0.00144385,0.05362817,0.0,a +0.5%,pair_04,F08,F03,raw_HR_eigenvalue_eV
Strain_a_Tension_0.5pct,0.5,56,57,1,-1,19,-0.0421766350186044,56,57,8.428231566001473,8.436949836042674,8.428231566001473,8.436949836042674,raw_HR_eigenvalue_eV,0.0569266803288563,-0.0284633401644281,0.0284633401644281,-0.00144385,0.05362817,0.0,a +0.5%,pair_04,F08,F03,raw_HR_eigenvalue_eV
Strain_a_Tension_0.5pct,0.5,56,57,1,-1,20,-0.0415825979056663,56,57,8.428750591950422,8.437161858986515,8.428750591950422,8.437161858986515,raw_HR_eigenvalue_eV,0.0569266803288563,-0.0284633401644281,0.0284633401644281,-0.00144385,0.05362817,0.0,a +0.5%,pair_04,F08,F03,raw_HR_eigenvalue_eV
Strain_a_Tension_0.5pct,0.5,56,57,1,-1,21,-0.0409885607927282,56,57,8.42927656680405,8.437374165350922,8.42927656680405,8.437374165350922,raw_HR_eigenvalue_eV,0.0569266803288563,-0.0284633401644281,0.0284633401644281,-0.00144385,0.05362817,0.0,a +0.5%,pair_04,F08,F03,raw_HR_eigenvalue_eV
Strain_a_Tension_0.5pct,0.5,56,57,1,-1,22,-0.0403945236797901,56,57,8.42980943222239,8.437586704273167,8.42980943222239,8.437586704273167,raw_HR_eigenvalue_eV,0.0569266803288563,-0.0284633401644281,0.0284633401644281,-0.00144385,0.05362817,0.0,a +0.5%,pair_04,F08,F03,raw_HR_eigenvalue_eV
Strain_a_Tension_0.5pct,0.5,56,57,1,-1,23,-0.039800486566852,56,57,8.430349125687872,8.437799427213296,8.430349125687872,8.437799427213296,raw_HR_eigenvalue_eV,0.0569266803288563,-0.0284633401644281,0.0284633401644281,-0.00144385,0.05362817,0.0,a +0.5%,pair_04,F08,F03,raw_HR_eigenvalue_eV
Strain_a_Tension_0.5pct,0.5,56,57,1,-1,24,-0.039206449453914,56,57,8.430895580614596,8.438012287925837,8.430895580614596,8.438012287925837,raw_HR_eigenvalue_eV,0.0569266803288563,-0.0284633401644281,0.0284633401644281,-0.00144385,0.05362817,0.0,a +0.5%,pair_04,F08,F03,raw_HR_eigenvalue_eV
Strain_a_Tension_0.5pct,0.5,56,57,1,-1,25,-0.0386124123409759,56,57,8.431448726456667,8.438225242437618,8.431448726456667,8.438225242437618,raw_HR_eigenvalue_eV,0.0569266803288563,-0.0284633401644281,0.0284633401644281,-0.00144385,0.05362817,0.0,a +0.5%,pair_04,F08,F03,raw_HR_eigenvalue_eV
Strain_a_Tension_0.5pct,0.5,56,57,1,-1,26,-0.0380183752280378,56,57,8.432008488815795,8.438438249032295,8.432008488815795,8.438438249032295,raw_HR_eigenvalue_eV,0.0569266803288563,-0.0284633401644281,0.0284633401644281,-0.00144385,0.05362817,0.0,a +0.5%,pair_04,F08,F03,raw_HR_eigenvalue_eV
Strain_a_Tension_0.5pct,0.5,56,57,1,-1,27,-0.0374243381150997,56,57,8.432574789548122,8.438651268241799,8.432574789548122,8.438651268241799,raw_HR_eigenvalue_eV,0.0569266803288563,-0.0284633401644281,0.0284633401644281,-0.00144385,0.05362817,0.0,a +0.5%,pair_04,F08,F03,raw_HR_eigenvalue_eV
Strain_a_Tension_0.5pct,0.5,56,57,1,-1,28,-0.0368303010021616,56,57,8.433147546870147,8.438864262845023,8.433147546870147,8.438864262845023,raw_HR_eigenvalue_eV,0.0569266803288563,-0.0284633401644281,0.0284633401644281,-0.00144385,0.05362817,0.0,a +0.5%,pair_04,F08,F03,raw_HR_eigenvalue_eV
Strain_a_Tension_0.5pct,0.5,56,57,1,-1,29,-0.0362362638892235,56,57,8.433726675463914,8.439077197874228,8.433726675463914,8.439077197874228,raw_HR_eigenvalue_eV,0.0569266803288563,-0.0284633401644281,0.0284633401644281,-0.00144385,0.05362817,0.0,a +0.5%,pair_04,F08,F03,raw_HR_eigenvalue_eV
Strain_a_Tension_0.5pct,0.5,56,57,1,-1,30,-0.0356422267762854,56,57,8.434312086581391,8.439290040629647,8.434312086581391,8.439290040629647,raw_HR_eigenvalue_eV,0.0569266803288563,-0.0284633401644281,0.0284633401644281,-0.00144385,0.05362817,0.0,a +0.5%,pair_04,F08,F03,raw_HR_eigenvalue_eV
Strain_a_Tension_0.5pct,0.5,56,57,1,-1,31,-0.0350481896633473,56,57,8.434903688148056,8.439502760702686,8.434903688148056,8.439502760702686,raw_HR_eigenvalue_eV,0.0569266803288563,-0.0284633401644281,0.0284633401644281,-0.00144385,0.05362817,0.0,a +0.5%,pair_04,F08,F03,raw_HR_eigenvalue_eV
Strain_a_Tension_0.5pct,0.5,56,57,1,-1,32,-0.0344541525504092,56,57,8.4355013848657,8.43971533000844,8.4355013848657,8.43971533000844,raw_HR_eigenvalue_eV,0.0569266803288563,-0.0284633401644281,0.0284633401644281,-0.00144385,0.05362817,0.0,a +0.5%,pair_04,F08,F03,raw_HR_eigenvalue_eV
Strain_a_Tension_0.5pct,0.5,56,57,1,-1,33,-0.0338601154374711,56,57,8.43610507831447,8.439927722828042,8.43610507831447,8.439927722828042,raw_HR_eigenvalue_eV,0.0569266803288563,-0.0284633401644281,0.0284633401644281,-0.00144385,0.05362817,0.0,a +0.5%,pair_04,F08,F03,raw_HR_eigenvalue_eV
Strain_a_Tension_0.5pct,0.5,56,57,1,-1,34,-0.033266078324533,56,57,8.436714667054133,8.440139915861678,8.436714667054133,8.440139915861678,raw_HR_eigenvalue_eV,0.0569266803288563,-0.0284633401644281,0.0284633401644281,-0.00144385,0.05362817,0.0,a +0.5%,pair_04,F08,F03,raw_HR_eigenvalue_eV
Strain_a_Tension_0.5pct,0.5,56,57,1,-1,35,-0.032672041211595,56,57,8.437330046724645,8.440351888293048,8.437330046724645,8.440351888293048,raw_HR_eigenvalue_eV,0.0569266803288563,-0.0284633401644281,0.0284633401644281,-0.00144385,0.05362817,0.0,a +0.5%,pair_04,F08,F03,raw_HR_eigenvalue_eV
Strain_a_Tension_0.5pct,0.5,56,57,1,-1,36,-0.0320780040986569,56,57,8.437951110145914,8.440563621866211,8.437951110145914,8.440563621866211,raw_HR_eigenvalue_eV,0.0569266803288563,-0.0284633401644281,0.0284633401644281,-0.00144385,0.05362817,0.0,a +0.5%,pair_04,F08,F03,raw_HR_eigenvalue_eV
Strain_a_Tension_0.5pct,0.5,56,57,1,-1,37,-0.0314839669857188,56,57,8.438577747416879,8.4407751009758,8.438577747416879,8.4407751009758,raw_HR_eigenvalue_eV,0.0569266803288563,-0.0284633401644281,0.0284633401644281,-0.00144385,0.05362817,0.0,a +0.5%,pair_04,F08,F03,raw_HR_eigenvalue_eV
Strain_a_Tension_0.5pct,0.5,56,57,1,-1,38,-0.0308899298727807,56,57,8.43920984601385,8.440986312772013,8.43920984601385,8.440986312772013,raw_HR_eigenvalue_eV,0.0569266803288563,-0.0284633401644281,0.0284633401644281,-0.00144385,0.05362817,0.0,a +0.5%,pair_04,F08,F03,raw_HR_eigenvalue_eV
Strain_a_Tension_0.5pct,0.5,56,57,1,-1,39,-0.0302958927598426,56,57,8.439847290888135,8.44119724728141,8.439847290888135,8.44119724728141,raw_HR_eigenvalue_eV,0.0569266803288563,-0.0284633401644281,0.0284633401644281,-0.00144385,0.05362817,0.0,a +0.5%,pair_04,F08,F03,raw_HR_eigenvalue_eV
Strain_a_Tension_0.5pct,0.5,56,57,1,-1,40,-0.0297018556469045,56,57,8.44048996456296,8.441407897545316,8.44048996456296,8.441407897545316,raw_HR_eigenvalue_eV,0.0569266803288563,-0.0284633401644281,0.0284633401644281,-0.00144385,0.05362817,0.0,a +0.5%,pair_04,F08,F03,raw_HR_eigenvalue_eV
Strain_a_Tension_0.5pct,0.5,56,57,1,-1,41,-0.0291078185339664,56,57,8.441137747229616,8.441618259777457,8.441137747229616,8.441618259777457,raw_HR_eigenvalue_eV,0.0569266803288563,-0.0284633401644281,0.0284633401644281,-0.00144385,0.05362817,0.0,a +0.5%,pair_04,F08,F03,raw_HR_eigenvalue_eV
Strain_a_Tension_0.5pct,0.5,56,57,1,-1,42,-0.0285137814210283,56,57,8.441790516837703,8.441828333547944,8.441790516837703,8.441828333547944,raw_HR_eigenvalue_eV,0.0569266803288563,-0.0284633401644281,0.0284633401644281,-0.00144385,0.05362817,0.0,a +0.5%,pair_04,F08,F03,raw_HR_eigenvalue_eV
Strain_a_Tension_0.5pct,0.5,56,57,1,-1,43,-0.0279197443080902,56,57,8.442038121956008,8.44244814921935,8.442038121956008,8.44244814921935,raw_HR_eigenvalue_eV,0.0569266803288563,-0.0284633401644281,0.0284633401644281,-0.00144385,0.05362817,0.0,a +0.5%,pair_04,F08,F03,raw_HR_eigenvalue_eV
Strain_a_Tension_0.5pct,0.5,56,57,1,-1,44,-0.0273257071951521,56,57,8.442247631920534,8.443110518120701,8.442247631920534,8.443110518120701,raw_HR_eigenvalue_eV,0.0569266803288563,-0.0284633401644281,0.0284633401644281,-0.00144385,0.05362817,0.0,a +0.5%,pair_04,F08,F03,raw_HR_eigenvalue_eV
Strain_a_Tension_0.5pct,0.5,56,57,1,-1,45,-0.026731670082214,56,57,8.442456874370366,8.443777495361694,8.442456874370366,8.443777495361694,raw_HR_eigenvalue_eV,0.0569266803288563,-0.0284633401644281,0.0284633401644281,-0.00144385,0.05362817,0.0,a +0.5%,pair_04,F08,F03,raw_HR_eigenvalue_eV
Strain_a_Tension_0.5pct,0.5,56,57,1,-1,46,-0.026137632969276,56,57,8.442665864568106,8.444448950893543,8.442665864568106,8.444448950893543,raw_HR_eigenvalue_eV,0.0569266803288563,-0.0284633401644281,0.0284633401644281,-0.00144385,0.05362817,0.0,a +0.5%,pair_04,F08,F03,raw_HR_eigenvalue_eV
Strain_a_Tension_0.5pct,0.5,56,57,1,-1,47,-0.0255435958563379,56,57,8.442874622426329,8.445124752898622,8.442874622426329,8.445124752898622,raw_HR_eigenvalue_eV,0.0569266803288563,-0.0284633401644281,0.0284633401644281,-0.00144385,0.05362817,0.0,a +0.5%,pair_04,F08,F03,raw_HR_eigenvalue_eV
Strain_a_Tension_0.5pct,0.5,56,57,1,-1,48,-0.0249495587433998,56,57,8.443083172871285,8.445804767881787,8.443083172871285,8.445804767881787,raw_HR_eigenvalue_eV,0.0569266803288563,-0.0284633401644281,0.0284633401644281,-0.00144385,0.05362817,0.0,a +0.5%,pair_04,F08,F03,raw_HR_eigenvalue_eV
Strain_a_Tension_0.5pct,0.5,56,57,1,-1,49,-0.0243555216304617,56,57,8.443291546250995,8.44648886076108,8.443291546250995,8.44648886076108,raw_HR_eigenvalue_eV,0.0569266803288563,-0.0284633401644281,0.0284633401644281,-0.00144385,0.05362817,0.0,a +0.5%,pair_04,F08,F03,raw_HR_eigenvalue_eV
Strain_a_Tension_0.5pct,0.5,56,57,1,-1,50,-0.0237614845175236,56,57,8.443499778792846,8.44717689495782,8.443499778792846,8.44717689495782,raw_HR_eigenvalue_eV,0.0569266803288563,-0.0284633401644281,0.0284633401644281,-0.00144385,0.05362817,0.0,a +0.5%,pair_04,F08,F03,raw_HR_eigenvalue_eV
Strain_a_Tension_0.5pct,0.5,56,57,1,-1,51,-0.0231674474045855,56,57,8.443707913117095,8.447868732485913,8.443707913117095,8.447868732485913,raw_HR_eigenvalue_eV,0.0569266803288563,-0.0284633401644281,0.0284633401644281,-0.00144385,0.05362817,0.0,a +0.5%,pair_04,F08,F03,raw_HR_eigenvalue_eV
Strain_a_Tension_0.5pct,0.5,56,57,1,-1,52,-0.0225734102916474,56,57,8.44391599881286,8.448564234040576,8.44391599881286,8.448564234040576,raw_HR_eigenvalue_eV,0.0569266803288563,-0.0284633401644281,0.0284633401644281,-0.00144385,0.05362817,0.0,a +0.5%,pair_04,F08,F03,raw_HR_eigenvalue_eV
Strain_a_Tension_0.5pct,0.5,56,57,1,-1,53,-0.0219793731787093,56,57,8.444124093084753,8.449263259086313,8.444124093084753,8.449263259086313,raw_HR_eigenvalue_eV,0.0569266803288563,-0.0284633401644281,0.0284633401644281,-0.00144385,0.05362817,0.0,a +0.5%,pair_04,F08,F03,raw_HR_eigenvalue_eV
Strain_a_Tension_0.5pct,0.5,56,57,1,-1,54,-0.0213853360657712,56,57,8.444332261478857,8.449965665944159,8.444332261478857,8.449965665944159,raw_HR_eigenvalue_eV,0.0569266803288563,-0.0284633401644281,0.0284633401644281,-0.00144385,0.05362817,0.0,a +0.5%,pair_04,F08,F03,raw_HR_eigenvalue_eV
Strain_a_Tension_0.5pct,0.5,56,57,1,-1,55,-0.0207912989528331,56,57,8.444540578698346,8.450671311878306,8.444540578698346,8.450671311878306,raw_HR_eigenvalue_eV,0.0569266803288563,-0.0284633401644281,0.0284633401644281,-0.00144385,0.05362817,0.0,a +0.5%,pair_04,F08,F03,raw_HR_eigenvalue_eV
Strain_a_Tension_0.5pct,0.5,56,57,1,-1,56,-0.020197261839895,56,57,8.44474912952029,8.45138005318193,8.44474912952029,8.45138005318193,raw_HR_eigenvalue_eV,0.0569266803288563,-0.0284633401644281,0.0284633401644281,-0.00144385,0.05362817,0.0,a +0.5%,pair_04,F08,F03,raw_HR_eigenvalue_eV
Strain_a_Tension_0.5pct,0.5,56,57,1,-1,57,-0.019603224726957,56,57,8.444958009826754,8.452091745262322,8.444958009826754,8.452091745262322,raw_HR_eigenvalue_eV,0.0569266803288563,-0.0284633401644281,0.0284633401644281,-0.00144385,0.05362817,0.0,a +0.5%,pair_04,F08,F03,raw_HR_eigenvalue_eV
Strain_a_Tension_0.5pct,0.5,56,57,1,-1,58,-0.0190091876140189,56,57,8.445167327765125,8.4528062427253,8.445167327765125,8.4528062427253,raw_HR_eigenvalue_eV,0.0569266803288563,-0.0284633401644281,0.0284633401644281,-0.00144385,0.05362817,0.0,a +0.5%,pair_04,F08,F03,raw_HR_eigenvalue_eV
Strain_a_Tension_0.5pct,0.5,56,57,1,-1,59,-0.0184151505010808,56,57,8.445377205054665,8.45352339945883,8.445377205054665,8.45352339945883,raw_HR_eigenvalue_eV,0.0569266803288563,-0.0284633401644281,0.0284633401644281,-0.00144385,0.05362817,0.0,a +0.5%,pair_04,F08,F03,raw_HR_eigenvalue_eV
Strain_a_Tension_0.5pct,0.5,56,57,1,-1,60,-0.0178211133881427,56,57,8.44558777845824,8.454243068715902,8.44558777845824,8.454243068715902,raw_HR_eigenvalue_eV,0.0569266803288563,-0.0284633401644281,0.0284633401644281,-0.00144385,0.05362817,0.0,a +0.5%,pair_04,F08,F03,raw_HR_eigenvalue_eV
Strain_a_Tension_0.5pct,0.5,56,57,1,-1,61,-0.0172270762752046,56,57,8.445799201440991,8.4549651031966,8.445799201440991,8.4549651031966,raw_HR_eigenvalue_eV,0.0569266803288563,-0.0284633401644281,0.0284633401644281,-0.00144385,0.05362817,0.0,a +0.5%,pair_04,F08,F03,raw_HR_eigenvalue_eV
Strain_a_Tension_0.5pct,0.5,56,57,1,-1,62,-0.0166330391622665,56,57,8.446011646040017,8.45568935512936,8.446011646040017,8.45568935512936,raw_HR_eigenvalue_eV,0.0569266803288563,-0.0284633401644281,0.0284633401644281,-0.00144385,0.05362817,0.0,a +0.5%,pair_04,F08,F03,raw_HR_eigenvalue_eV
Strain_a_Tension_0.5pct,0.5,56,57,1,-1,63,-0.0160390020493284,56,57,8.446225304972144,8.45641567635142,8.446225304972144,8.45641567635142,raw_HR_eigenvalue_eV,0.0569266803288563,-0.0284633401644281,0.0284633401644281,-0.00144385,0.05362817,0.0,a +0.5%,pair_04,F08,F03,raw_HR_eigenvalue_eV
Strain_a_Tension_0.5pct,0.5,56,57,1,-1,64,-0.0154449649363903,56,57,8.446440394009757,8.457143918388317,8.446440394009757,8.457143918388317,raw_HR_eigenvalue_eV,0.0569266803288563,-0.0284633401644281,0.0284633401644281,-0.00144385,0.05362817,0.0,a +0.5%,pair_04,F08,F03,raw_HR_eigenvalue_eV
Strain_a_Tension_0.5pct,0.5,56,57,1,-1,65,-0.0148509278234522,56,57,8.446657154657618,8.457873932532546,8.446657154657618,8.457873932532546,raw_HR_eigenvalue_eV,0.0569266803288563,-0.0284633401644281,0.0284633401644281,-0.00144385,0.05362817,0.0,a +0.5%,pair_04,F08,F03,raw_HR_eigenvalue_eV
Strain_a_Tension_0.5pct,0.5,56,57,1,-1,66,-0.0142568907105141,56,57,8.446875857166177,8.458605569921241,8.446875857166177,8.458605569921241,raw_HR_eigenvalue_eV,0.0569266803288563,-0.0284633401644281,0.0284633401644281,-0.00144385,0.05362817,0.0,a +0.5%,pair_04,F08,F03,raw_HR_eigenvalue_eV
Strain_a_Tension_0.5pct,0.5,56,57,1,-1,67,-0.013662853597576,56,57,8.447096803919552,8.459338681612827,8.447096803919552,8.459338681612827,raw_HR_eigenvalue_eV,0.0569266803288563,-0.0284633401644281,0.0284633401644281,-0.00144385,0.05362817,0.0,a +0.5%,pair_04,F08,F03,raw_HR_eigenvalue_eV
Strain_a_Tension_0.5pct,0.5,56,57,1,-1,68,-0.013068816484638,56,57,8.447320333237247,8.46007311866264,8.447320333237247,8.46007311866264,raw_HR_eigenvalue_eV,0.0569266803288563,-0.0284633401644281,0.0284633401644281,-0.00144385,0.05362817,0.0,a +0.5%,pair_04,F08,F03,raw_HR_eigenvalue_eV
Strain_a_Tension_0.5pct,0.5,56,57,1,-1,69,-0.0124747793716999,56,57,8.447546823629146,8.460808732197385,8.447546823629146,8.460808732197385,raw_HR_eigenvalue_eV,0.0569266803288563,-0.0284633401644281,0.0284633401644281,-0.00144385,0.05362817,0.0,a +0.5%,pair_04,F08,F03,raw_HR_eigenvalue_eV
Strain_a_Tension_0.5pct,0.5,56,57,1,-1,70,-0.0118807422587618,56,57,8.447776698540524,8.461545373488402,8.447776698540524,8.461545373488402,raw_HR_eigenvalue_eV,0.0569266803288563,-0.0284633401644281,0.0284633401644281,-0.00144385,0.05362817,0.0,a +0.5%,pair_04,F08,F03,raw_HR_eigenvalue_eV
Strain_a_Tension_0.5pct,0.5,56,57,1,-1,71,-0.0112867051458237,56,57,8.448010431618247,8.46228289402361,8.448010431618247,8.46228289402361,raw_HR_eigenvalue_eV,0.0569266803288563,-0.0284633401644281,0.0284633401644281,-0.00144385,0.05362817,0.0,a +0.5%,pair_04,F08,F03,raw_HR_eigenvalue_eV
Strain_a_Tension_0.5pct,0.5,56,57,1,-1,72,-0.0106926680328856,56,57,8.44824855251808,8.463021145578077,8.44824855251808,8.463021145578077,raw_HR_eigenvalue_eV,0.0569266803288563,-0.0284633401644281,0.0284633401644281,-0.00144385,0.05362817,0.0,a +0.5%,pair_04,F08,F03,raw_HR_eigenvalue_eV
Strain_a_Tension_0.5pct,0.5,56,57,1,-1,73,-0.0100986309199475,56,57,8.448491653254777,8.463759980283022,8.448491653254777,8.463759980283022,raw_HR_eigenvalue_eV,0.0569266803288563,-0.0284633401644281,0.0284633401644281,-0.00144385,0.05362817,0.0,a +0.5%,pair_04,F08,F03,raw_HR_eigenvalue_eV
Strain_a_Tension_0.5pct,0.5,56,57,1,-1,74,-0.0095045938070094,56,57,8.448740395068086,8.464499250693157,8.448740395068086,8.464499250693157,raw_HR_eigenvalue_eV,0.0569266803288563,-0.0284633401644281,0.0284633401644281,-0.00144385,0.05362817,0.0,a +0.5%,pair_04,F08,F03,raw_HR_eigenvalue_eV
Strain_a_Tension_0.5pct,0.5,56,57,1,-1,75,-0.0089105566940713,56,57,8.448995515735238,8.465238809852211,8.448995515735238,8.465238809852211,raw_HR_eigenvalue_eV,0.0569266803288563,-0.0284633401644281,0.0284633401644281,-0.00144385,0.05362817,0.0,a +0.5%,pair_04,F08,F03,raw_HR_eigenvalue_eV
Strain_a_Tension_0.5pct,0.5,56,57,1,-1,76,-0.0083165195811332,56,57,8.449257837200006,8.465978511356406,8.449257837200006,8.465978511356406,raw_HR_eigenvalue_eV,0.0569266803288563,-0.0284633401644281,0.0284633401644281,-0.00144385,0.05362817,0.0,a +0.5%,pair_04,F08,F03,raw_HR_eigenvalue_eV
Strain_a_Tension_0.5pct,0.5,56,57,1,-1,77,-0.0077224824681951,56,57,8.449528273304004,8.466718209415697,8.449528273304004,8.466718209415697,raw_HR_eigenvalue_eV,0.0569266803288563,-0.0284633401644281,0.0284633401644281,-0.00144385,0.05362817,0.0,a +0.5%,pair_04,F08,F03,raw_HR_eigenvalue_eV
Strain_a_Tension_0.5pct,0.5,56,57,1,-1,78,-0.007128445355257,56,57,8.449807837293038,8.467457758912504,8.449807837293038,8.467457758912504,raw_HR_eigenvalue_eV,0.0569266803288563,-0.0284633401644281,0.0284633401644281,-0.00144385,0.05362817,0.0,a +0.5%,pair_04,F08,F03,raw_HR_eigenvalue_eV
Strain_a_Tension_0.5pct,0.5,56,57,1,-1,79,-0.006534408242319,56,57,8.450097648624315,8.468197015457655,8.450097648624315,8.468197015457655,raw_HR_eigenvalue_eV,0.0569266803288563,-0.0284633401644281,0.0284633401644281,-0.00144385,0.05362817,0.0,a +0.5%,pair_04,F08,F03,raw_HR_eigenvalue_eV
Strain_a_Tension_0.5pct,0.5,56,57,1,-1,80,-0.0059403711293809,56,57,8.450398938417283,8.468935835443158,8.450398938417283,8.468935835443158,raw_HR_eigenvalue_eV,0.0569266803288563,-0.0284633401644281,0.0284633401644281,-0.00144385,0.05362817,0.0,a +0.5%,pair_04,F08,F03,raw_HR_eigenvalue_eV
Strain_a_Tension_0.5pct,0.5,56,57,1,-1,81,-0.0053463340164428,56,57,8.450713052673416,8.469674076091412,8.450713052673416,8.469674076091412,raw_HR_eigenvalue_eV,0.0569266803288563,-0.0284633401644281,0.0284633401644281,-0.00144385,0.05362817,0.0,a +0.5%,pair_04,F08,F03,raw_HR_eigenvalue_eV
Strain_a_Tension_0.5pct,0.5,56,57,1,-1,82,-0.0047522969035047,56,57,8.451041452149685,8.470411595500368,8.451041452149685,8.470411595500368,raw_HR_eigenvalue_eV,0.0569266803288563,-0.0284633401644281,0.0284633401644281,-0.00144385,0.05362817,0.0,a +0.5%,pair_04,F08,F03,raw_HR_eigenvalue_eV
Strain_a_Tension_0.5pct,0.5,56,57,1,-1,83,-0.0041582597905666,56,57,8.451385707531461,8.471148252684094,8.451385707531461,8.471148252684094,raw_HR_eigenvalue_eV,0.0569266803288563,-0.0284633401644281,0.0284633401644281,-0.00144385,0.05362817,0.0,a +0.5%,pair_04,F08,F03,raw_HR_eigenvalue_eV
Strain_a_Tension_0.5pct,0.5,56,57,1,-1,84,-0.0035642226776285,56,57,8.451747488357409,8.471883907607983,8.451747488357409,8.471883907607983,raw_HR_eigenvalue_eV,0.0569266803288563,-0.0284633401644281,0.0284633401644281,-0.00144385,0.05362817,0.0,a +0.5%,pair_04,F08,F03,raw_HR_eigenvalue_eV
Strain_a_Tension_0.5pct,0.5,56,57,1,-1,85,-0.0029701855646904,56,57,8.452128544069213,8.472618421217938,8.452128544069213,8.472618421217938,raw_HR_eigenvalue_eV,0.0569266803288563,-0.0284633401644281,0.0284633401644281,-0.00144385,0.05362817,0.0,a +0.5%,pair_04,F08,F03,raw_HR_eigenvalue_eV
Strain_a_Tension_0.5pct,0.5,56,57,1,-1,86,-0.0023761484517523,56,57,8.452530675684022,8.473351655462455,8.452530675684022,8.473351655462455,raw_HR_eigenvalue_eV,0.0569266803288563,-0.0284633401644281,0.0284633401644281,-0.00144385,0.05362817,0.0,a +0.5%,pair_04,F08,F03,raw_HR_eigenvalue_eV
Strain_a_Tension_0.5pct,0.5,56,57,1,-1,87,-0.0017821113388142,56,57,8.452955697020135,8.474083473306516,8.452955697020135,8.474083473306516,raw_HR_eigenvalue_eV,0.0569266803288563,-0.0284633401644281,0.0284633401644281,-0.00144385,0.05362817,0.0,a +0.5%,pair_04,F08,F03,raw_HR_eigenvalue_eV
Strain_a_Tension_0.5pct,0.5,56,57,1,-1,88,-0.0011880742258761,56,57,8.453405385238556,8.474813738735888,8.453405385238556,8.474813738735888,raw_HR_eigenvalue_eV,0.0569266803288563,-0.0284633401644281,0.0284633401644281,-0.00144385,0.05362817,0.0,a +0.5%,pair_04,F08,F03,raw_HR_eigenvalue_eV
Strain_a_Tension_0.5pct,0.5,56,57,1,-1,89,-0.000594037112938,56,57,8.45388142172847,8.475542316750172,8.45388142172847,8.475542316750172,raw_HR_eigenvalue_eV,0.0569266803288563,-0.0284633401644281,0.0284633401644281,-0.00144385,0.05362817,0.0,a +0.5%,pair_04,F08,F03,raw_HR_eigenvalue_eV
Strain_a_Tension_0.5pct,0.5,56,57,1,-1,90,0.0,56,57,8.454385325992208,8.476269073342582,8.454385325992208,8.476269073342582,raw_HR_eigenvalue_eV,0.0569266803288563,-0.0284633401644281,0.0284633401644281,-0.00144385,0.05362817,0.0,a +0.5%,pair_04,F08,F03,raw_HR_eigenvalue_eV
Strain_a_Tension_0.5pct,0.5,56,57,1,-1,91,0.000594037112938,56,57,8.45491838694918,8.476993875463924,8.45491838694918,8.476993875463924,raw_HR_eigenvalue_eV,0.0569266803288563,-0.0284633401644281,0.0284633401644281,-0.00144385,0.05362817,0.0,a +0.5%,pair_04,F08,F03,raw_HR_eigenvalue_eV
Strain_a_Tension_0.5pct,0.5,56,57,1,-1,92,0.0011880742258761,56,57,8.45548159759975,8.477716590967777,8.45548159759975,8.477716590967777,raw_HR_eigenvalue_eV,0.0569266803288563,-0.0284633401644281,0.0284633401644281,-0.00144385,0.05362817,0.0,a +0.5%,pair_04,F08,F03,raw_HR_eigenvalue_eV
Strain_a_Tension_0.5pct,0.5,56,57,1,-1,93,0.0017821113388142,56,57,8.456075599805787,8.47843708853308,8.456075599805787,8.47843708853308,raw_HR_eigenvalue_eV,0.0569266803288563,-0.0284633401644281,0.0284633401644281,-0.00144385,0.05362817,0.0,a +0.5%,pair_04,F08,F03,raw_HR_eigenvalue_eV
Strain_a_Tension_0.5pct,0.5,56,57,1,-1,94,0.0023761484517523,56,57,8.456700645650116,8.47915523755944,8.456700645650116,8.47915523755944,raw_HR_eigenvalue_eV,0.0569266803288563,-0.0284633401644281,0.0284633401644281,-0.00144385,0.05362817,0.0,a +0.5%,pair_04,F08,F03,raw_HR_eigenvalue_eV
Strain_a_Tension_0.5pct,0.5,56,57,1,-1,95,0.0029701855646904,56,57,8.457356580269598,8.479870908029259,8.457356580269598,8.479870908029259,raw_HR_eigenvalue_eV,0.0569266803288563,-0.0284633401644281,0.0284633401644281,-0.00144385,0.05362817,0.0,a +0.5%,pair_04,F08,F03,raw_HR_eigenvalue_eV
Strain_a_Tension_0.5pct,0.5,56,57,1,-1,96,0.0035642226776285,56,57,8.458042848415491,8.480583970329356,8.458042848415491,8.480583970329356,raw_HR_eigenvalue_eV,0.0569266803288563,-0.0284633401644281,0.0284633401644281,-0.00144385,0.05362817,0.0,a +0.5%,pair_04,F08,F03,raw_HR_eigenvalue_eV
Strain_a_Tension_0.5pct,0.5,56,57,1,-1,97,0.0041582597905666,56,57,8.45875852383422,8.481294295022575,8.45875852383422,8.481294295022575,raw_HR_eigenvalue_eV,0.0569266803288563,-0.0284633401644281,0.0284633401644281,-0.00144385,0.05362817,0.0,a +0.5%,pair_04,F08,F03,raw_HR_eigenvalue_eV
Strain_a_Tension_0.5pct,0.5,56,57,1,-1,98,0.0047522969035047,56,57,8.459502357617502,8.482001752557453,8.459502357617502,8.482001752557453,raw_HR_eigenvalue_eV,0.0569266803288563,-0.0284633401644281,0.0284633401644281,-0.00144385,0.05362817,0.0,a +0.5%,pair_04,F08,F03,raw_HR_eigenvalue_eV
Strain_a_Tension_0.5pct,0.5,56,57,1,-1,99,0.0053463340164428,56,57,8.460272839599966,8.482706212900416,8.460272839599966,8.482706212900416,raw_HR_eigenvalue_eV,0.0569266803288563,-0.0284633401644281,0.0284633401644281,-0.00144385,0.05362817,0.0,a +0.5%,pair_04,F08,F03,raw_HR_eigenvalue_eV
Strain_a_Tension_0.5pct,0.5,56,57,1,-1,100,0.0059403711293809,56,57,8.461068266045732,8.48340754507028,8.461068266045732,8.48340754507028,raw_HR_eigenvalue_eV,0.0569266803288563,-0.0284633401644281,0.0284633401644281,-0.00144385,0.05362817,0.0,a +0.5%,pair_04,F08,F03,raw_HR_eigenvalue_eV
Strain_a_Tension_0.5pct,0.5,56,57,1,-1,101,0.0065344082423189,56,57,8.461886807242667,8.484105616548737,8.461886807242667,8.484105616548737,raw_HR_eigenvalue_eV,0.0569266803288563,-0.0284633401644281,0.0284633401644281,-0.00144385,0.05362817,0.0,a +0.5%,pair_04,F08,F03,raw_HR_eigenvalue_eV
Strain_a_Tension_0.5pct,0.5,56,57,1,-1,102,0.007128445355257,56,57,8.462726569891897,8.484800292531723,8.462726569891897,8.484800292531723,raw_HR_eigenvalue_eV,0.0569266803288563,-0.0284633401644281,0.0284633401644281,-0.00144385,0.05362817,0.0,a +0.5%,pair_04,F08,F03,raw_HR_eigenvalue_eV
Strain_a_Tension_0.5pct,0.5,56,57,1,-1,103,0.0077224824681951,56,57,8.463585650883664,8.485491434974819,8.463585650883664,8.485491434974819,raw_HR_eigenvalue_eV,0.0569266803288563,-0.0284633401644281,0.0284633401644281,-0.00144385,0.05362817,0.0,a +0.5%,pair_04,F08,F03,raw_HR_eigenvalue_eV
Strain_a_Tension_0.5pct,0.5,56,57,1,-1,104,0.0083165195811332,56,57,8.46446218076203,8.486178901369337,8.46446218076203,8.486178901369337,raw_HR_eigenvalue_eV,0.0569266803288563,-0.0284633401644281,0.0284633401644281,-0.00144385,0.05362817,0.0,a +0.5%,pair_04,F08,F03,raw_HR_eigenvalue_eV
Strain_a_Tension_0.5pct,0.5,56,57,1,-1,105,0.0089105566940713,56,57,8.465354356610154,8.486862543162484,8.465354356610154,8.486862543162484,raw_HR_eigenvalue_eV,0.0569266803288563,-0.0284633401644281,0.0284633401644281,-0.00144385,0.05362817,0.0,a +0.5%,pair_04,F08,F03,raw_HR_eigenvalue_eV
Strain_a_Tension_0.5pct,0.5,56,57,1,-1,106,0.0095045938070094,56,57,8.466260465099847,8.487542203701437,8.466260465099847,8.487542203701437,raw_HR_eigenvalue_eV,0.0569266803288563,-0.0284633401644281,0.0284633401644281,-0.00144385,0.05362817,0.0,a +0.5%,pair_04,F08,F03,raw_HR_eigenvalue_eV
Strain_a_Tension_0.5pct,0.5,56,57,1,-1,107,0.0100986309199475,56,57,8.467178897042835,8.488217715533043,8.467178897042835,8.488217715533043,raw_HR_eigenvalue_eV,0.0569266803288563,-0.0284633401644281,0.0284633401644281,-0.00144385,0.05362817,0.0,a +0.5%,pair_04,F08,F03,raw_HR_eigenvalue_eV
Strain_a_Tension_0.5pct,0.5,56,57,1,-1,108,0.0106926680328856,56,57,8.468108155025766,8.488888896819244,8.468108155025766,8.488888896819244,raw_HR_eigenvalue_eV,0.0569266803288563,-0.0284633401644281,0.0284633401644281,-0.00144385,0.05362817,0.0,a +0.5%,pair_04,F08,F03,raw_HR_eigenvalue_eV
Strain_a_Tension_0.5pct,0.5,56,57,1,-1,109,0.0112867051458237,56,57,8.469046855710497,8.489555546521599,8.469046855710497,8.489555546521599,raw_HR_eigenvalue_eV,0.0569266803288563,-0.0284633401644281,0.0284633401644281,-0.00144385,0.05362817,0.0,a +0.5%,pair_04,F08,F03,raw_HR_eigenvalue_eV
Strain_a_Tension_0.5pct,0.5,56,57,1,-1,110,0.0118807422587618,56,57,8.469993728230467,8.49021743784533,8.469993728230467,8.49021743784533,raw_HR_eigenvalue_eV,0.0569266803288563,-0.0284633401644281,0.0284633401644281,-0.00144385,0.05362817,0.0,a +0.5%,pair_04,F08,F03,raw_HR_eigenvalue_eV
Strain_a_Tension_0.5pct,0.5,56,57,1,-1,111,0.0124747793716999,56,57,8.470947609892352,8.490874309180073,8.470947609892352,8.490874309180073,raw_HR_eigenvalue_eV,0.0569266803288563,-0.0284633401644281,0.0284633401644281,-0.00144385,0.05362817,0.0,a +0.5%,pair_04,F08,F03,raw_HR_eigenvalue_eV
Strain_a_Tension_0.5pct,0.5,56,57,1,-1,112,0.013068816484638,56,57,8.471907440151938,8.491525851373252,8.471907440151938,8.491525851373252,raw_HR_eigenvalue_eV,0.0569266803288563,-0.0284633401644281,0.0284633401644281,-0.00144385,0.05362817,0.0,a +0.5%,pair_04,F08,F03,raw_HR_eigenvalue_eV
Strain_a_Tension_0.5pct,0.5,56,57,1,-1,113,0.013662853597576,56,57,8.47287225360663,8.492171689520845,8.47287225360663,8.492171689520845,raw_HR_eigenvalue_eV,0.0569266803288563,-0.0284633401644281,0.0284633401644281,-0.00144385,0.05362817,0.0,a +0.5%,pair_04,F08,F03,raw_HR_eigenvalue_eV
Strain_a_Tension_0.5pct,0.5,56,57,1,-1,114,0.0142568907105141,56,57,8.473841172551422,8.492811356380354,8.473841172551422,8.492811356380354,raw_HR_eigenvalue_eV,0.0569266803288563,-0.0284633401644281,0.0284633401644281,-0.00144385,0.05362817,0.0,a +0.5%,pair_04,F08,F03,raw_HR_eigenvalue_eV
Strain_a_Tension_0.5pct,0.5,56,57,1,-1,115,0.0148509278234522,56,57,8.474813399483883,8.493444252671832,8.474813399483883,8.493444252671832,raw_HR_eigenvalue_eV,0.0569266803288563,-0.0284633401644281,0.0284633401644281,-0.00144385,0.05362817,0.0,a +0.5%,pair_04,F08,F03,raw_HR_eigenvalue_eV
Strain_a_Tension_0.5pct,0.5,56,57,1,-1,116,0.0154449649363903,56,57,8.475788209818292,8.494069586321334,8.475788209818292,8.494069586321334,raw_HR_eigenvalue_eV,0.0569266803288563,-0.0284633401644281,0.0284633401644281,-0.00144385,0.05362817,0.0,a +0.5%,pair_04,F08,F03,raw_HR_eigenvalue_eV
Strain_a_Tension_0.5pct,0.5,56,57,1,-1,117,0.0160390020493284,56,57,8.476764944973691,8.494686276941097,8.476764944973691,8.494686276941097,raw_HR_eigenvalue_eV,0.0569266803288563,-0.0284633401644281,0.0284633401644281,-0.00144385,0.05362817,0.0,a +0.5%,pair_04,F08,F03,raw_HR_eigenvalue_eV
Strain_a_Tension_0.5pct,0.5,56,57,1,-1,118,0.0166330391622665,56,57,8.477743005930575,8.495292801255786,8.477743005930575,8.495292801255786,raw_HR_eigenvalue_eV,0.0569266803288563,-0.0284633401644281,0.0284633401644281,-0.00144385,0.05362817,0.0,a +0.5%,pair_04,F08,F03,raw_HR_eigenvalue_eV
Strain_a_Tension_0.5pct,0.5,56,57,1,-1,119,0.0172270762752046,56,57,8.47872184730188,8.495886935372255,8.47872184730188,8.495886935372255,raw_HR_eigenvalue_eV,0.0569266803288563,-0.0284633401644281,0.0284633401644281,-0.00144385,0.05362817,0.0,a +0.5%,pair_04,F08,F03,raw_HR_eigenvalue_eV
Strain_a_Tension_0.5pct,0.5,56,57,1,-1,120,0.0178211133881427,56,57,8.479700971929399,8.49646531263668,8.479700971929399,8.49646531263668,raw_HR_eigenvalue_eV,0.0569266803288563,-0.0284633401644281,0.0284633401644281,-0.00144385,0.05362817,0.0,a +0.5%,pair_04,F08,F03,raw_HR_eigenvalue_eV
Strain_a_Tension_0.5pct,0.5,56,57,1,-1,121,0.0184151505010808,56,57,8.48067992599452,8.497022648975397,8.48067992599452,8.497022648975397,raw_HR_eigenvalue_eV,0.0569266803288563,-0.0284633401644281,0.0284633401644281,-0.00144385,0.05362817,0.0,a +0.5%,pair_04,F08,F03,raw_HR_eigenvalue_eV
Strain_a_Tension_0.5pct,0.5,56,57,1,-1,122,0.0190091876140189,56,57,8.481658294618098,8.497550387200127,8.481658294618098,8.497550387200127,raw_HR_eigenvalue_eV,0.0569266803288563,-0.0284633401644281,0.0284633401644281,-0.00144385,0.05362817,0.0,a +0.5%,pair_04,F08,F03,raw_HR_eigenvalue_eV
Strain_a_Tension_0.5pct,0.5,56,57,1,-1,123,0.0196032247269569,56,57,8.482635697916068,8.498034469996593,8.482635697916068,8.498034469996593,raw_HR_eigenvalue_eV,0.0569266803288563,-0.0284633401644281,0.0284633401644281,-0.00144385,0.05362817,0.0,a +0.5%,pair_04,F08,F03,raw_HR_eigenvalue_eV
Strain_a_Tension_0.5pct,0.5,56,57,1,-1,124,0.020197261839895,56,57,8.483611787473517,8.498452530535996,8.483611787473517,8.498452530535996,raw_HR_eigenvalue_eV,0.0569266803288563,-0.0284633401644281,0.0284633401644281,-0.00144385,0.05362817,0.0,a +0.5%,pair_04,F08,F03,raw_HR_eigenvalue_eV
Strain_a_Tension_0.5pct,0.5,56,57,1,-1,125,0.0207912989528331,56,57,8.48458624319882,8.498773708245421,8.48458624319882,8.498773708245421,raw_HR_eigenvalue_eV,0.0569266803288563,-0.0284633401644281,0.0284633401644281,-0.00144385,0.05362817,0.0,a +0.5%,pair_04,F08,F03,raw_HR_eigenvalue_eV
Strain_a_Tension_0.5pct,0.5,56,57,1,-1,126,0.0213853360657712,56,57,8.485558770520006,8.49896933080069,8.485558770520006,8.49896933080069,raw_HR_eigenvalue_eV,0.0569266803288563,-0.0284633401644281,0.0284633401644281,-0.00144385,0.05362817,0.0,a +0.5%,pair_04,F08,F03,raw_HR_eigenvalue_eV
Strain_a_Tension_0.5pct,0.5,56,57,1,-1,127,0.0219793731787093,56,57,8.486529097887212,8.499034260438535,8.486529097887212,8.499034260438535,raw_HR_eigenvalue_eV,0.0569266803288563,-0.0284633401644281,0.0284633401644281,-0.00144385,0.05362817,0.0,a +0.5%,pair_04,F08,F03,raw_HR_eigenvalue_eV
Strain_a_Tension_0.5pct,0.5,56,57,1,-1,128,0.0225734102916474,56,57,8.487496974547632,8.498992372504816,8.487496974547632,8.498992372504816,raw_HR_eigenvalue_eV,0.0569266803288563,-0.0284633401644281,0.0284633401644281,-0.00144385,0.05362817,0.0,a +0.5%,pair_04,F08,F03,raw_HR_eigenvalue_eV
Strain_a_Tension_0.5pct,0.5,56,57,1,-1,129,0.0231674474045855,56,57,8.488462168561759,8.498877108748866,8.488462168561759,8.498877108748866,raw_HR_eigenvalue_eV,0.0569266803288563,-0.0284633401644281,0.0284633401644281,-0.00144385,0.05362817,0.0,a +0.5%,pair_04,F08,F03,raw_HR_eigenvalue_eV
Strain_a_Tension_0.5pct,0.5,56,57,1,-1,130,0.0237614845175236,56,57,8.489424465032677,8.498715206631692,8.489424465032677,8.498715206631692,raw_HR_eigenvalue_eV,0.0569266803288563,-0.0284633401644281,0.0284633401644281,-0.00144385,0.05362817,0.0,a +0.5%,pair_04,F08,F03,raw_HR_eigenvalue_eV
Strain_a_Tension_0.5pct,0.5,56,57,1,-1,131,0.0243555216304617,56,57,8.490383664522602,8.498523996037607,8.490383664522602,8.498523996037607,raw_HR_eigenvalue_eV,0.0569266803288563,-0.0284633401644281,0.0284633401644281,-0.00144385,0.05362817,0.0,a +0.5%,pair_04,F08,F03,raw_HR_eigenvalue_eV
Strain_a_Tension_0.5pct,0.5,56,57,1,-1,132,0.0249495587433998,56,57,8.491339581633287,8.498314030091848,8.491339581633287,8.498314030091848,raw_HR_eigenvalue_eV,0.0569266803288563,-0.0284633401644281,0.0284633401644281,-0.00144385,0.05362817,0.0,a +0.5%,pair_04,F08,F03,raw_HR_eigenvalue_eV
Strain_a_Tension_0.5pct,0.5,56,57,1,-1,133,0.0255435958563379,56,57,8.49229204372937,8.498091747732122,8.49229204372937,8.498091747732122,raw_HR_eigenvalue_eV,0.0569266803288563,-0.0284633401644281,0.0284633401644281,-0.00144385,0.05362817,0.0,a +0.5%,pair_04,F08,F03,raw_HR_eigenvalue_eV
Strain_a_Tension_0.5pct,0.5,56,57,1,-1,134,0.0261376329692759,56,57,8.493240889785156,8.497861183876791,8.493240889785156,8.497861183876791,raw_HR_eigenvalue_eV,0.0569266803288563,-0.0284633401644281,0.0284633401644281,-0.00144385,0.05362817,0.0,a +0.5%,pair_04,F08,F03,raw_HR_eigenvalue_eV
Strain_a_Tension_0.5pct,0.5,56,57,1,-1,135,0.026731670082214,56,57,8.494185969337515,8.497624954971505,8.494185969337515,8.497624954971505,raw_HR_eigenvalue_eV,0.0569266803288563,-0.0284633401644281,0.0284633401644281,-0.00144385,0.05362817,0.0,a +0.5%,pair_04,F08,F03,raw_HR_eigenvalue_eV
Strain_a_Tension_0.5pct,0.5,56,57,1,-1,136,0.0273257071951521,56,57,8.495127141528119,8.49738481773041,8.495127141528119,8.49738481773041,raw_HR_eigenvalue_eV,0.0569266803288563,-0.0284633401644281,0.0284633401644281,-0.00144385,0.05362817,0.0,a +0.5%,pair_04,F08,F03,raw_HR_eigenvalue_eV
Strain_a_Tension_0.5pct,0.5,56,57,1,-1,137,0.0279197443080902,56,57,8.496064274219776,8.497141990972759,8.496064274219776,8.497141990972759,raw_HR_eigenvalue_eV,0.0569266803288563,-0.0284633401644281,0.0284633401644281,-0.00144385,0.05362817,0.0,a +0.5%,pair_04,F08,F03,raw_HR_eigenvalue_eV
Strain_a_Tension_0.5pct,0.5,56,57,1,-1,138,0.0285137814210283,56,57,8.496897346098704,8.496997243171405,8.496897346098704,8.496997243171405,raw_HR_eigenvalue_eV,0.0569266803288563,-0.0284633401644281,0.0284633401644281,-0.00144385,0.05362817,0.0,a +0.5%,pair_04,F08,F03,raw_HR_eigenvalue_eV
Strain_a_Tension_0.5pct,0.5,56,57,1,-1,139,0.0291078185339664,56,57,8.496651523264017,8.497925931256388,8.496651523264017,8.497925931256388,raw_HR_eigenvalue_eV,0.0569266803288563,-0.0284633401644281,0.0284633401644281,-0.00144385,0.05362817,0.0,a +0.5%,pair_04,F08,F03,raw_HR_eigenvalue_eV
Strain_a_Tension_0.5pct,0.5,56,57,1,-1,140,0.0297018556469045,56,57,8.49640500436908,8.498850227708452,8.49640500436908,8.498850227708452,raw_HR_eigenvalue_eV,0.0569266803288563,-0.0284633401644281,0.0284633401644281,-0.00144385,0.05362817,0.0,a +0.5%,pair_04,F08,F03,raw_HR_eigenvalue_eV
Strain_a_Tension_0.5pct,0.5,56,57,1,-1,141,0.0302958927598426,56,57,8.496158160212186,8.499770027376567,8.496158160212186,8.499770027376567,raw_HR_eigenvalue_eV,0.0569266803288563,-0.0284633401644281,0.0284633401644281,-0.00144385,0.05362817,0.0,a +0.5%,pair_04,F08,F03,raw_HR_eigenvalue_eV
Strain_a_Tension_0.5pct,0.5,56,57,1,-1,142,0.0308899298727807,56,57,8.495911281742362,8.500685229969,8.495911281742362,8.500685229969,raw_HR_eigenvalue_eV,0.0569266803288563,-0.0284633401644281,0.0284633401644281,-0.00144385,0.05362817,0.0,a +0.5%,pair_04,F08,F03,raw_HR_eigenvalue_eV
Strain_a_Tension_0.5pct,0.5,56,57,1,-1,143,0.0314839669857188,56,57,8.495664601262952,8.501595739260813,8.495664601262952,8.501595739260813,raw_HR_eigenvalue_eV,0.0569266803288563,-0.0284633401644281,0.0284633401644281,-0.00144385,0.05362817,0.0,a +0.5%,pair_04,F08,F03,raw_HR_eigenvalue_eV
Strain_a_Tension_0.5pct,0.5,56,57,1,-1,144,0.0320780040986569,56,57,8.495418307124737,8.502501462233372,8.495418307124737,8.502501462233372,raw_HR_eigenvalue_eV,0.0569266803288563,-0.0284633401644281,0.0284633401644281,-0.00144385,0.05362817,0.0,a +0.5%,pair_04,F08,F03,raw_HR_eigenvalue_eV
Strain_a_Tension_0.5pct,0.5,56,57,1,-1,145,0.032672041211595,56,57,8.495172554104794,8.503402308103386,8.495172554104794,8.503402308103386,raw_HR_eigenvalue_eV,0.0569266803288563,-0.0284633401644281,0.0284633401644281,-0.00144385,0.05362817,0.0,a +0.5%,pair_04,F08,F03,raw_HR_eigenvalue_eV
Strain_a_Tension_0.5pct,0.5,56,57,1,-1,146,0.033266078324533,56,57,8.494927470866276,8.504298187184324,8.494927470866276,8.504298187184324,raw_HR_eigenvalue_eV,0.0569266803288563,-0.0284633401644281,0.0284633401644281,-0.00144385,0.05362817,0.0,a +0.5%,pair_04,F08,F03,raw_HR_eigenvalue_eV
Strain_a_Tension_0.5pct,0.5,56,57,1,-1,147,0.0338601154374711,56,57,8.494683165405549,8.505189009499272,8.494683165405549,8.505189009499272,raw_HR_eigenvalue_eV,0.0569266803288563,-0.0284633401644281,0.0284633401644281,-0.00144385,0.05362817,0.0,a +0.5%,pair_04,F08,F03,raw_HR_eigenvalue_eV
Strain_a_Tension_0.5pct,0.5,56,57,1,-1,148,0.0344541525504092,56,57,8.494439729087352,8.506074683028642,8.494439729087352,8.506074683028642,raw_HR_eigenvalue_eV,0.0569266803288563,-0.0284633401644281,0.0284633401644281,-0.00144385,0.05362817,0.0,a +0.5%,pair_04,F08,F03,raw_HR_eigenvalue_eV
Strain_a_Tension_0.5pct,0.5,56,57,1,-1,149,0.0350481896633473,56,57,8.49419723967369,8.50695511142006,8.49419723967369,8.50695511142006,raw_HR_eigenvalue_eV,0.0569266803288563,-0.0284633401644281,0.0284633401644281,-0.00144385,0.05362817,0.0,a +0.5%,pair_04,F08,F03,raw_HR_eigenvalue_eV
Strain_a_Tension_0.5pct,0.5,56,57,1,-1,150,0.0356422267762854,56,57,8.493955763625314,8.507830190898389,8.493955763625314,8.507830190898389,raw_HR_eigenvalue_eV,0.0569266803288563,-0.0284633401644281,0.0284633401644281,-0.00144385,0.05362817,0.0,a +0.5%,pair_04,F08,F03,raw_HR_eigenvalue_eV
Strain_a_Tension_0.5pct,0.5,56,57,1,-1,151,0.0362362638892235,56,57,8.49371535787027,8.508699805968023,8.49371535787027,8.508699805968023,raw_HR_eigenvalue_eV,0.0569266803288563,-0.0284633401644281,0.0284633401644281,-0.00144385,0.05362817,0.0,a +0.5%,pair_04,F08,F03,raw_HR_eigenvalue_eV
Strain_a_Tension_0.5pct,0.5,56,57,1,-1,152,0.0368303010021616,56,57,8.493476071177552,8.509563823255403,8.493476071177552,8.509563823255403,raw_HR_eigenvalue_eV,0.0569266803288563,-0.0284633401644281,0.0284633401644281,-0.00144385,0.05362817,0.0,a +0.5%,pair_04,F08,F03,raw_HR_eigenvalue_eV
Strain_a_Tension_0.5pct,0.5,56,57,1,-1,153,0.0374243381150997,56,57,8.493237945234814,8.510422082418991,8.493237945234814,8.510422082418991,raw_HR_eigenvalue_eV,0.0569266803288563,-0.0284633401644281,0.0284633401644281,-0.00144385,0.05362817,0.0,a +0.5%,pair_04,F08,F03,raw_HR_eigenvalue_eV
Strain_a_Tension_0.5pct,0.5,56,57,1,-1,154,0.0380183752280378,56,57,8.493001015502244,8.511274382304661,8.493001015502244,8.511274382304661,raw_HR_eigenvalue_eV,0.0569266803288563,-0.0284633401644281,0.0284633401644281,-0.00144385,0.05362817,0.0,a +0.5%,pair_04,F08,F03,raw_HR_eigenvalue_eV
Strain_a_Tension_0.5pct,0.5,56,57,1,-1,155,0.0386124123409759,56,57,8.492765311895614,8.512120459143068,8.492765311895614,8.512120459143068,raw_HR_eigenvalue_eV,0.0569266803288563,-0.0284633401644281,0.0284633401644281,-0.00144385,0.05362817,0.0,a +0.5%,pair_04,F08,F03,raw_HR_eigenvalue_eV
Strain_a_Tension_0.5pct,0.5,56,57,1,-1,156,0.039206449453914,56,57,8.492530859337942,8.512959950934519,8.492530859337942,8.512959950934519,raw_HR_eigenvalue_eV,0.0569266803288563,-0.0284633401644281,0.0284633401644281,-0.00144385,0.05362817,0.0,a +0.5%,pair_04,F08,F03,raw_HR_eigenvalue_eV
Strain_a_Tension_0.5pct,0.5,56,57,1,-1,157,0.039800486566852,56,57,8.492297678209479,8.513792336859971,8.492297678209479,8.513792336859971,raw_HR_eigenvalue_eV,0.0569266803288563,-0.0284633401644281,0.0284633401644281,-0.00144385,0.05362817,0.0,a +0.5%,pair_04,F08,F03,raw_HR_eigenvalue_eV
Strain_a_Tension_0.5pct,0.5,56,57,1,-1,158,0.0403945236797901,56,57,8.492065784718443,8.514616829441982,8.492065784718443,8.514616829441982,raw_HR_eigenvalue_eV,0.0569266803288563,-0.0284633401644281,0.0284633401644281,-0.00144385,0.05362817,0.0,a +0.5%,pair_04,F08,F03,raw_HR_eigenvalue_eV
Strain_a_Tension_0.5pct,0.5,56,57,1,-1,159,0.0409885607927282,56,57,8.49183519120979,8.51543217286395,8.49183519120979,8.51543217286395,raw_HR_eigenvalue_eV,0.0569266803288563,-0.0284633401644281,0.0284633401644281,-0.00144385,0.05362817,0.0,a +0.5%,pair_04,F08,F03,raw_HR_eigenvalue_eV
Strain_a_Tension_0.5pct,0.5,56,57,1,-1,160,0.0415825979056663,56,57,8.491605906425217,8.51623624592453,8.491605906425217,8.51623624592453,raw_HR_eigenvalue_eV,0.0569266803288563,-0.0284633401644281,0.0284633401644281,-0.00144385,0.05362817,0.0,a +0.5%,pair_04,F08,F03,raw_HR_eigenvalue_eV
Strain_a_Tension_0.5pct,0.5,56,57,1,-1,161,0.0421766350186044,56,57,8.491377935724786,8.517025245389133,8.491377935724786,8.517025245389133,raw_HR_eigenvalue_eV,0.0569266803288563,-0.0284633401644281,0.0284633401644281,-0.00144385,0.05362817,0.0,a +0.5%,pair_04,F08,F03,raw_HR_eigenvalue_eV
Strain_a_Tension_0.5pct,0.5,56,57,1,-1,162,0.0427706721315425,56,57,8.491151281278144,8.517791996876404,8.491151281278144,8.517791996876404,raw_HR_eigenvalue_eV,0.0569266803288563,-0.0284633401644281,0.0284633401644281,-0.00144385,0.05362817,0.0,a +0.5%,pair_04,F08,F03,raw_HR_eigenvalue_eV
Strain_a_Tension_0.5pct,0.5,56,57,1,-1,163,0.0433647092444806,56,57,8.490925942231756,8.51852292285836,8.490925942231756,8.51852292285836,raw_HR_eigenvalue_eV,0.0569266803288563,-0.0284633401644281,0.0284633401644281,-0.00144385,0.05362817,0.0,a +0.5%,pair_04,F08,F03,raw_HR_eigenvalue_eV
Strain_a_Tension_0.5pct,0.5,56,57,1,-1,164,0.0439587463574187,56,57,8.490701914857063,8.519196008188317,8.490701914857063,8.519196008188317,raw_HR_eigenvalue_eV,0.0569266803288563,-0.0284633401644281,0.0284633401644281,-0.00144385,0.05362817,0.0,a +0.5%,pair_04,F08,F03,raw_HR_eigenvalue_eV
Strain_a_Tension_0.5pct,0.5,56,57,1,-1,165,0.0445527834703568,56,57,8.490479192683553,8.51979133403564,8.490479192683553,8.51979133403564,raw_HR_eigenvalue_eV,0.0569266803288563,-0.0284633401644281,0.0284633401644281,-0.00144385,0.05362817,0.0,a +0.5%,pair_04,F08,F03,raw_HR_eigenvalue_eV
Strain_a_Tension_0.5pct,0.5,56,57,1,-1,166,0.0451468205832949,56,57,8.490257766619928,8.520313275576294,8.490257766619928,8.520313275576294,raw_HR_eigenvalue_eV,0.0569266803288563,-0.0284633401644281,0.0284633401644281,-0.00144385,0.05362817,0.0,a +0.5%,pair_04,F08,F03,raw_HR_eigenvalue_eV
Strain_a_Tension_0.5pct,0.5,56,57,1,-1,167,0.0457408576962329,56,57,8.490037625065828,8.520785099927105,8.490037625065828,8.520785099927105,raw_HR_eigenvalue_eV,0.0569266803288563,-0.0284633401644281,0.0284633401644281,-0.00144385,0.05362817,0.0,a +0.5%,pair_04,F08,F03,raw_HR_eigenvalue_eV
Strain_a_Tension_0.5pct,0.5,56,57,1,-1,168,0.046334894809171,56,57,8.489818754016074,8.521226900279354,8.489818754016074,8.521226900279354,raw_HR_eigenvalue_eV,0.0569266803288563,-0.0284633401644281,0.0284633401644281,-0.00144385,0.05362817,0.0,a +0.5%,pair_04,F08,F03,raw_HR_eigenvalue_eV
Strain_a_Tension_0.5pct,0.5,56,57,1,-1,169,0.0469289319221091,56,57,8.489601137159116,8.521650199640922,8.489601137159116,8.521650199640922,raw_HR_eigenvalue_eV,0.0569266803288563,-0.0284633401644281,0.0284633401644281,-0.00144385,0.05362817,0.0,a +0.5%,pair_04,F08,F03,raw_HR_eigenvalue_eV
Strain_a_Tension_0.5pct,0.5,56,57,1,-1,170,0.0475229690350472,56,57,8.489384755970782,8.52206103922974,8.489384755970782,8.52206103922974,raw_HR_eigenvalue_eV,0.0569266803288563,-0.0284633401644281,0.0284633401644281,-0.00144385,0.05362817,0.0,a +0.5%,pair_04,F08,F03,raw_HR_eigenvalue_eV
Strain_a_Tension_0.5pct,0.5,56,57,1,-1,171,0.0481170061479853,56,57,8.489169589804488,8.52246266877949,8.489169589804488,8.52246266877949,raw_HR_eigenvalue_eV,0.0569266803288563,-0.0284633401644281,0.0284633401644281,-0.00144385,0.05362817,0.0,a +0.5%,pair_04,F08,F03,raw_HR_eigenvalue_eV
Strain_a_Tension_0.5pct,0.5,56,57,1,-1,172,0.0487110432609234,56,57,8.488955615978572,8.522856940222438,8.488955615978572,8.522856940222438,raw_HR_eigenvalue_eV,0.0569266803288563,-0.0284633401644281,0.0284633401644281,-0.00144385,0.05362817,0.0,a +0.5%,pair_04,F08,F03,raw_HR_eigenvalue_eV
Strain_a_Tension_0.5pct,0.5,56,57,1,-1,173,0.0493050803738615,56,57,8.488742809861346,8.523244976263994,8.488742809861346,8.523244976263994,raw_HR_eigenvalue_eV,0.0569266803288563,-0.0284633401644281,0.0284633401644281,-0.00144385,0.05362817,0.0,a +0.5%,pair_04,F08,F03,raw_HR_eigenvalue_eV
Strain_a_Tension_0.5pct,0.5,56,57,1,-1,174,0.0498991174867996,56,57,8.488531144954397,8.523627498405821,8.488531144954397,8.523627498405821,raw_HR_eigenvalue_eV,0.0569266803288563,-0.0284633401644281,0.0284633401644281,-0.00144385,0.05362817,0.0,a +0.5%,pair_04,F08,F03,raw_HR_eigenvalue_eV
Strain_a_Tension_0.5pct,0.5,56,57,1,-1,175,0.0504931545997377,56,57,8.488320592974407,8.524004995744232,8.488320592974407,8.524004995744232,raw_HR_eigenvalue_eV,0.0569266803288563,-0.0284633401644281,0.0284633401644281,-0.00144385,0.05362817,0.0,a +0.5%,pair_04,F08,F03,raw_HR_eigenvalue_eV
Strain_a_Tension_0.5pct,0.5,56,57,1,-1,176,0.0510871917126758,56,57,8.488111123933786,8.52437781638432,8.488111123933786,8.52437781638432,raw_HR_eigenvalue_eV,0.0569266803288563,-0.0284633401644281,0.0284633401644281,-0.00144385,0.05362817,0.0,a +0.5%,pair_04,F08,F03,raw_HR_eigenvalue_eV
Strain_a_Tension_0.5pct,0.5,56,57,1,-1,177,0.0516812288256139,56,57,8.487902706220225,8.524746219370881,8.487902706220225,8.524746219370881,raw_HR_eigenvalue_eV,0.0569266803288563,-0.0284633401644281,0.0284633401644281,-0.00144385,0.05362817,0.0,a +0.5%,pair_04,F08,F03,raw_HR_eigenvalue_eV
Strain_a_Tension_0.5pct,0.5,56,57,1,-1,178,0.0522752659385519,56,57,8.487695306675324,8.525110405480698,8.487695306675324,8.525110405480698,raw_HR_eigenvalue_eV,0.0569266803288563,-0.0284633401644281,0.0284633401644281,-0.00144385,0.05362817,0.0,a +0.5%,pair_04,F08,F03,raw_HR_eigenvalue_eV
Strain_a_Tension_0.5pct,0.5,56,57,1,-1,179,0.05286930305149,56,57,8.48748889067234,8.525470536183404,8.48748889067234,8.525470536183404,raw_HR_eigenvalue_eV,0.0569266803288563,-0.0284633401644281,0.0284633401644281,-0.00144385,0.05362817,0.0,a +0.5%,pair_04,F08,F03,raw_HR_eigenvalue_eV
Strain_a_Tension_0.5pct,0.5,56,57,1,-1,180,0.0534633401644281,56,57,8.487283422193059,8.525826745710198,8.487283422193059,8.525826745710198,raw_HR_eigenvalue_eV,0.0569266803288563,-0.0284633401644281,0.0284633401644281,-0.00144385,0.05362817,0.0,a +0.5%,pair_04,F08,F03,raw_HR_eigenvalue_eV
Strain_b_Tension_0.5pct,0.5,56,57,1,-1,0,-0.0538961883747792,56,57,8.428140985498853,8.442483566227084,8.428140985498853,8.442483566227084,raw_HR_eigenvalue_eV,0.0577923767495585,-0.0288961883747792,0.0288961883747792,0.00137475,0.0563663,0.0,b +0.5%,pair_04,F08,F03,raw_HR_eigenvalue_eV
Strain_b_Tension_0.5pct,0.5,56,57,1,-1,1,-0.0532973418372817,56,57,8.428512591419874,8.442658124466256,8.428512591419874,8.442658124466256,raw_HR_eigenvalue_eV,0.0577923767495585,-0.0288961883747792,0.0288961883747792,0.00137475,0.0563663,0.0,b +0.5%,pair_04,F08,F03,raw_HR_eigenvalue_eV
Strain_b_Tension_0.5pct,0.5,56,57,1,-1,2,-0.0526984952997841,56,57,8.42889210546489,8.442834567530573,8.42889210546489,8.442834567530573,raw_HR_eigenvalue_eV,0.0577923767495585,-0.0288961883747792,0.0288961883747792,0.00137475,0.0563663,0.0,b +0.5%,pair_04,F08,F03,raw_HR_eigenvalue_eV
Strain_b_Tension_0.5pct,0.5,56,57,1,-1,3,-0.0520996487622866,56,57,8.429279587855623,8.443012771007995,8.429279587855623,8.443012771007995,raw_HR_eigenvalue_eV,0.0577923767495585,-0.0288961883747792,0.0288961883747792,0.00137475,0.0563663,0.0,b +0.5%,pair_04,F08,F03,raw_HR_eigenvalue_eV
Strain_b_Tension_0.5pct,0.5,56,57,1,-1,4,-0.051500802224789,56,57,8.429675091178344,8.443192614688417,8.429675091178344,8.443192614688417,raw_HR_eigenvalue_eV,0.0577923767495585,-0.0288961883747792,0.0288961883747792,0.00137475,0.0563663,0.0,b +0.5%,pair_04,F08,F03,raw_HR_eigenvalue_eV
Strain_b_Tension_0.5pct,0.5,56,57,1,-1,5,-0.0509019556872915,56,57,8.43007866050091,8.443373982448259,8.43007866050091,8.443373982448259,raw_HR_eigenvalue_eV,0.0577923767495585,-0.0288961883747792,0.0288961883747792,0.00137475,0.0563663,0.0,b +0.5%,pair_04,F08,F03,raw_HR_eigenvalue_eV
Strain_b_Tension_0.5pct,0.5,56,57,1,-1,6,-0.0503031091497939,56,57,8.430490333496078,8.44355676213223,8.430490333496078,8.44355676213223,raw_HR_eigenvalue_eV,0.0577923767495585,-0.0288961883747792,0.0288961883747792,0.00137475,0.0563663,0.0,b +0.5%,pair_04,F08,F03,raw_HR_eigenvalue_eV
Strain_b_Tension_0.5pct,0.5,56,57,1,-1,7,-0.0497042626122964,56,57,8.430910140570381,8.443740845433437,8.430910140570381,8.443740845433437,raw_HR_eigenvalue_eV,0.0577923767495585,-0.0288961883747792,0.0288961883747792,0.00137475,0.0563663,0.0,b +0.5%,pair_04,F08,F03,raw_HR_eigenvalue_eV
Strain_b_Tension_0.5pct,0.5,56,57,1,-1,8,-0.0491054160747988,56,57,8.431338104997462,8.443926127772501,8.431338104997462,8.443926127772501,raw_HR_eigenvalue_eV,0.0577923767495585,-0.0288961883747792,0.0288961883747792,0.00137475,0.0563663,0.0,b +0.5%,pair_04,F08,F03,raw_HR_eigenvalue_eV
Strain_b_Tension_0.5pct,0.5,56,57,1,-1,9,-0.0485065695373013,56,57,8.431774243055196,8.444112508176717,8.431774243055196,8.444112508176717,raw_HR_eigenvalue_eV,0.0577923767495585,-0.0288961883747792,0.0288961883747792,0.00137475,0.0563663,0.0,b +0.5%,pair_04,F08,F03,raw_HR_eigenvalue_eV
Strain_b_Tension_0.5pct,0.5,56,57,1,-1,10,-0.0479077229998037,56,57,8.432218564165867,8.444299889159675,8.432218564165867,8.444299889159675,raw_HR_eigenvalue_eV,0.0577923767495585,-0.0288961883747792,0.0288961883747792,0.00137475,0.0563663,0.0,b +0.5%,pair_04,F08,F03,raw_HR_eigenvalue_eV
Strain_b_Tension_0.5pct,0.5,56,57,1,-1,11,-0.0473088764623062,56,57,8.43267107103879,8.444488176602125,8.43267107103879,8.444488176602125,raw_HR_eigenvalue_eV,0.0577923767495585,-0.0288961883747792,0.0288961883747792,0.00137475,0.0563663,0.0,b +0.5%,pair_04,F08,F03,raw_HR_eigenvalue_eV
Strain_b_Tension_0.5pct,0.5,56,57,1,-1,12,-0.0467100299248086,56,57,8.433131759814911,8.444677279634522,8.433131759814911,8.444677279634522,raw_HR_eigenvalue_eV,0.0577923767495585,-0.0288961883747792,0.0288961883747792,0.00137475,0.0563663,0.0,b +0.5%,pair_04,F08,F03,raw_HR_eigenvalue_eV
Strain_b_Tension_0.5pct,0.5,56,57,1,-1,13,-0.0461111833873111,56,57,8.43360062021278,8.44486711052167,8.43360062021278,8.44486711052167,raw_HR_eigenvalue_eV,0.0577923767495585,-0.0288961883747792,0.0288961883747792,0.00137475,0.0563663,0.0,b +0.5%,pair_04,F08,F03,raw_HR_eigenvalue_eV
Strain_b_Tension_0.5pct,0.5,56,57,1,-1,14,-0.0455123368498135,56,57,8.434077635675653,8.445057584549836,8.434077635675653,8.445057584549836,raw_HR_eigenvalue_eV,0.0577923767495585,-0.0288961883747792,0.0288961883747792,0.00137475,0.0563663,0.0,b +0.5%,pair_04,F08,F03,raw_HR_eigenvalue_eV
Strain_b_Tension_0.5pct,0.5,56,57,1,-1,15,-0.044913490312316,56,57,8.434562783519247,8.44524861991665,8.434562783519247,8.44524861991665,raw_HR_eigenvalue_eV,0.0577923767495585,-0.0288961883747792,0.0288961883747792,0.00137475,0.0563663,0.0,b +0.5%,pair_04,F08,F03,raw_HR_eigenvalue_eV
Strain_b_Tension_0.5pct,0.5,56,57,1,-1,16,-0.0443146437748185,56,57,8.435056035079887,8.44544013762408,8.435056035079887,8.44544013762408,raw_HR_eigenvalue_eV,0.0577923767495585,-0.0288961883747792,0.0288961883747792,0.00137475,0.0563663,0.0,b +0.5%,pair_04,F08,F03,raw_HR_eigenvalue_eV
Strain_b_Tension_0.5pct,0.5,56,57,1,-1,17,-0.0437157972373209,56,57,8.435557355862764,8.445632061374612,8.435557355862764,8.445632061374612,raw_HR_eigenvalue_eV,0.0577923767495585,-0.0288961883747792,0.0288961883747792,0.00137475,0.0563663,0.0,b +0.5%,pair_04,F08,F03,raw_HR_eigenvalue_eV
Strain_b_Tension_0.5pct,0.5,56,57,1,-1,18,-0.0431169506998234,56,57,8.436066705690129,8.445824317470878,8.436066705690129,8.445824317470878,raw_HR_eigenvalue_eV,0.0577923767495585,-0.0288961883747792,0.0288961883747792,0.00137475,0.0563663,0.0,b +0.5%,pair_04,F08,F03,raw_HR_eigenvalue_eV
Strain_b_Tension_0.5pct,0.5,56,57,1,-1,19,-0.0425181041623258,56,57,8.43658403884907,8.446016834718847,8.43658403884907,8.446016834718847,raw_HR_eigenvalue_eV,0.0577923767495585,-0.0288961883747792,0.0288961883747792,0.00137475,0.0563663,0.0,b +0.5%,pair_04,F08,F03,raw_HR_eigenvalue_eV
Strain_b_Tension_0.5pct,0.5,56,57,1,-1,20,-0.0419192576248283,56,57,8.437109304238922,8.446209544334666,8.437109304238922,8.446209544334666,raw_HR_eigenvalue_eV,0.0577923767495585,-0.0288961883747792,0.0288961883747792,0.00137475,0.0563663,0.0,b +0.5%,pair_04,F08,F03,raw_HR_eigenvalue_eV
Strain_b_Tension_0.5pct,0.5,56,57,1,-1,21,-0.0413204110873307,56,57,8.437642445517934,8.446402379855272,8.437642445517934,8.446402379855272,raw_HR_eigenvalue_eV,0.0577923767495585,-0.0288961883747792,0.0288961883747792,0.00137475,0.0563663,0.0,b +0.5%,pair_04,F08,F03,raw_HR_eigenvalue_eV
Strain_b_Tension_0.5pct,0.5,56,57,1,-1,22,-0.0407215645498332,56,57,8.4381834012492,8.446595277052799,8.4381834012492,8.446595277052799,raw_HR_eigenvalue_eV,0.0577923767495585,-0.0288961883747792,0.0288961883747792,0.00137475,0.0563663,0.0,b +0.5%,pair_04,F08,F03,raw_HR_eigenvalue_eV
Strain_b_Tension_0.5pct,0.5,56,57,1,-1,23,-0.0401227180123356,56,57,8.438732105045695,8.446788173852903,8.438732105045695,8.446788173852903,raw_HR_eigenvalue_eV,0.0577923767495585,-0.0288961883747792,0.0288961883747792,0.00137475,0.0563663,0.0,b +0.5%,pair_04,F08,F03,raw_HR_eigenvalue_eV
Strain_b_Tension_0.5pct,0.5,56,57,1,-1,24,-0.0395238714748381,56,57,8.43928848571429,8.446981010256932,8.43928848571429,8.446981010256932,raw_HR_eigenvalue_eV,0.0577923767495585,-0.0288961883747792,0.0288961883747792,0.00137475,0.0563663,0.0,b +0.5%,pair_04,F08,F03,raw_HR_eigenvalue_eV
Strain_b_Tension_0.5pct,0.5,56,57,1,-1,25,-0.0389250249373405,56,57,8.439852467398685,8.447173728268089,8.439852467398685,8.447173728268089,raw_HR_eigenvalue_eV,0.0577923767495585,-0.0288961883747792,0.0288961883747792,0.00137475,0.0563663,0.0,b +0.5%,pair_04,F08,F03,raw_HR_eigenvalue_eV
Strain_b_Tension_0.5pct,0.5,56,57,1,-1,26,-0.038326178399843,56,57,8.440423969721174,8.447366271821588,8.440423969721174,8.447366271821588,raw_HR_eigenvalue_eV,0.0577923767495585,-0.0288961883747792,0.0288961883747792,0.00137475,0.0563663,0.0,b +0.5%,pair_04,F08,F03,raw_HR_eigenvalue_eV
Strain_b_Tension_0.5pct,0.5,56,57,1,-1,27,-0.0377273318623454,56,57,8.441002907923108,8.44755858671871,8.441002907923108,8.44755858671871,raw_HR_eigenvalue_eV,0.0577923767495585,-0.0288961883747792,0.0288961883747792,0.00137475,0.0563663,0.0,b +0.5%,pair_04,F08,F03,raw_HR_eigenvalue_eV
Strain_b_Tension_0.5pct,0.5,56,57,1,-1,28,-0.0371284853248479,56,57,8.441589193004067,8.447750620565017,8.441589193004067,8.447750620565017,raw_HR_eigenvalue_eV,0.0577923767495585,-0.0288961883747792,0.0288961883747792,0.00137475,0.0563663,0.0,b +0.5%,pair_04,F08,F03,raw_HR_eigenvalue_eV
Strain_b_Tension_0.5pct,0.5,56,57,1,-1,29,-0.0365296387873503,56,57,8.44218273185963,8.447942322712576,8.44218273185963,8.447942322712576,raw_HR_eigenvalue_eV,0.0577923767495585,-0.0288961883747792,0.0288961883747792,0.00137475,0.0563663,0.0,b +0.5%,pair_04,F08,F03,raw_HR_eigenvalue_eV
Strain_b_Tension_0.5pct,0.5,56,57,1,-1,30,-0.0359307922498528,56,57,8.442783427417707,8.448133644206253,8.442783427417707,8.448133644206253,raw_HR_eigenvalue_eV,0.0577923767495585,-0.0288961883747792,0.0288961883747792,0.00137475,0.0563663,0.0,b +0.5%,pair_04,F08,F03,raw_HR_eigenvalue_eV
Strain_b_Tension_0.5pct,0.5,56,57,1,-1,31,-0.0353319457123552,56,57,8.443391178773275,8.448324537734285,8.443391178773275,8.448324537734285,raw_HR_eigenvalue_eV,0.0577923767495585,-0.0288961883747792,0.0288961883747792,0.00137475,0.0563663,0.0,b +0.5%,pair_04,F08,F03,raw_HR_eigenvalue_eV
Strain_b_Tension_0.5pct,0.5,56,57,1,-1,32,-0.0347330991748577,56,57,8.444005881321626,8.448514957582983,8.444005881321626,8.448514957582983,raw_HR_eigenvalue_eV,0.0577923767495585,-0.0288961883747792,0.0288961883747792,0.00137475,0.0563663,0.0,b +0.5%,pair_04,F08,F03,raw_HR_eigenvalue_eV
Strain_b_Tension_0.5pct,0.5,56,57,1,-1,33,-0.0341342526373601,56,57,8.444627426889955,8.448704859595894,8.444627426889955,8.448704859595894,raw_HR_eigenvalue_eV,0.0577923767495585,-0.0288961883747792,0.0288961883747792,0.00137475,0.0563663,0.0,b +0.5%,pair_04,F08,F03,raw_HR_eigenvalue_eV
Strain_b_Tension_0.5pct,0.5,56,57,1,-1,34,-0.0335354060998626,56,57,8.445255703867232,8.448894201137254,8.445255703867232,8.448894201137254,raw_HR_eigenvalue_eV,0.0577923767495585,-0.0288961883747792,0.0288961883747792,0.00137475,0.0563663,0.0,b +0.5%,pair_04,F08,F03,raw_HR_eigenvalue_eV
Strain_b_Tension_0.5pct,0.5,56,57,1,-1,35,-0.0329365595623651,56,57,8.445890597332392,8.44908294106021,8.445890597332392,8.44908294106021,raw_HR_eigenvalue_eV,0.0577923767495585,-0.0288961883747792,0.0288961883747792,0.00137475,0.0563663,0.0,b +0.5%,pair_04,F08,F03,raw_HR_eigenvalue_eV
Strain_b_Tension_0.5pct,0.5,56,57,1,-1,36,-0.0323377130248675,56,57,8.44653198918064,8.449271039679683,8.44653198918064,8.449271039679683,raw_HR_eigenvalue_eV,0.0577923767495585,-0.0288961883747792,0.0288961883747792,0.00137475,0.0563663,0.0,b +0.5%,pair_04,F08,F03,raw_HR_eigenvalue_eV
Strain_b_Tension_0.5pct,0.5,56,57,1,-1,37,-0.03173886648737,56,57,8.447179758248023,8.449458458750229,8.447179758248023,8.449458458750229,raw_HR_eigenvalue_eV,0.0577923767495585,-0.0288961883747792,0.0288961883747792,0.00137475,0.0563663,0.0,b +0.5%,pair_04,F08,F03,raw_HR_eigenvalue_eV
Strain_b_Tension_0.5pct,0.5,56,57,1,-1,38,-0.0311400199498724,56,57,8.447833780434022,8.449645161449123,8.447833780434022,8.449645161449123,raw_HR_eigenvalue_eV,0.0577923767495585,-0.0288961883747792,0.0288961883747792,0.00137475,0.0563663,0.0,b +0.5%,pair_04,F08,F03,raw_HR_eigenvalue_eV
Strain_b_Tension_0.5pct,0.5,56,57,1,-1,39,-0.0305411734123749,56,57,8.448493928822211,8.449831112365032,8.448493928822211,8.449831112365032,raw_HR_eigenvalue_eV,0.0577923767495585,-0.0288961883747792,0.0288961883747792,0.00137475,0.0563663,0.0,b +0.5%,pair_04,F08,F03,raw_HR_eigenvalue_eV
Strain_b_Tension_0.5pct,0.5,56,57,1,-1,40,-0.0299423268748773,56,57,8.449160073798893,8.45001627749241,8.449160073798893,8.45001627749241,raw_HR_eigenvalue_eV,0.0577923767495585,-0.0288961883747792,0.0288961883747792,0.00137475,0.0563663,0.0,b +0.5%,pair_04,F08,F03,raw_HR_eigenvalue_eV
Strain_b_Tension_0.5pct,0.5,56,57,1,-1,41,-0.0293434803373798,56,57,8.449832083169674,8.450200624232377,8.449832083169674,8.450200624232377,raw_HR_eigenvalue_eV,0.0577923767495585,-0.0288961883747792,0.0288961883747792,0.00137475,0.0563663,0.0,b +0.5%,pair_04,F08,F03,raw_HR_eigenvalue_eV
Strain_b_Tension_0.5pct,0.5,56,57,1,-1,42,-0.0287446337998822,56,57,8.450384121399738,8.450509822274487,8.450384121399738,8.450509822274487,raw_HR_eigenvalue_eV,0.0577923767495585,-0.0288961883747792,0.0288961883747792,0.00137475,0.0563663,0.0,b +0.5%,pair_04,F08,F03,raw_HR_eigenvalue_eV
Strain_b_Tension_0.5pct,0.5,56,57,1,-1,43,-0.0281457872623847,56,57,8.450566739239983,8.451193154097805,8.450566739239983,8.451193154097805,raw_HR_eigenvalue_eV,0.0577923767495585,-0.0288961883747792,0.0288961883747792,0.00137475,0.0563663,0.0,b +0.5%,pair_04,F08,F03,raw_HR_eigenvalue_eV
Strain_b_Tension_0.5pct,0.5,56,57,1,-1,44,-0.0275469407248871,56,57,8.450748449448906,8.451881939382124,8.450748449448906,8.451881939382124,raw_HR_eigenvalue_eV,0.0577923767495585,-0.0288961883747792,0.0288961883747792,0.00137475,0.0563663,0.0,b +0.5%,pair_04,F08,F03,raw_HR_eigenvalue_eV
Strain_b_Tension_0.5pct,0.5,56,57,1,-1,45,-0.0269480941873896,56,57,8.450929225207346,8.452576036732838,8.450929225207346,8.452576036732838,raw_HR_eigenvalue_eV,0.0577923767495585,-0.0288961883747792,0.0288961883747792,0.00137475,0.0563663,0.0,b +0.5%,pair_04,F08,F03,raw_HR_eigenvalue_eV
Strain_b_Tension_0.5pct,0.5,56,57,1,-1,46,-0.026349247649892,56,57,8.451109041221793,8.453275302724823,8.451109041221793,8.453275302724823,raw_HR_eigenvalue_eV,0.0577923767495585,-0.0288961883747792,0.0288961883747792,0.00137475,0.0563663,0.0,b +0.5%,pair_04,F08,F03,raw_HR_eigenvalue_eV
Strain_b_Tension_0.5pct,0.5,56,57,1,-1,47,-0.0257504011123945,56,57,8.451287873777133,8.453979592005242,8.451287873777133,8.453979592005242,raw_HR_eigenvalue_eV,0.0577923767495585,-0.0288961883747792,0.0288961883747792,0.00137475,0.0563663,0.0,b +0.5%,pair_04,F08,F03,raw_HR_eigenvalue_eV
Strain_b_Tension_0.5pct,0.5,56,57,1,-1,48,-0.0251515545748969,56,57,8.451465700801576,8.454688757394022,8.451465700801576,8.454688757394022,raw_HR_eigenvalue_eV,0.0577923767495585,-0.0288961883747792,0.0288961883747792,0.00137475,0.0563663,0.0,b +0.5%,pair_04,F08,F03,raw_HR_eigenvalue_eV
Strain_b_Tension_0.5pct,0.5,56,57,1,-1,49,-0.0245527080373994,56,57,8.451642501945381,8.455402649981735,8.451642501945381,8.455402649981735,raw_HR_eigenvalue_eV,0.0577923767495585,-0.0288961883747792,0.0288961883747792,0.00137475,0.0563663,0.0,b +0.5%,pair_04,F08,F03,raw_HR_eigenvalue_eV
Strain_b_Tension_0.5pct,0.5,56,57,1,-1,50,-0.0239538614999018,56,57,8.451818258675035,8.456121119224928,8.451818258675035,8.456121119224928,raw_HR_eigenvalue_eV,0.0577923767495585,-0.0288961883747792,0.0288961883747792,0.00137475,0.0563663,0.0,b +0.5%,pair_04,F08,F03,raw_HR_eigenvalue_eV
Strain_b_Tension_0.5pct,0.5,56,57,1,-1,51,-0.0233550149624043,56,57,8.451992954385348,8.45684401303858,8.451992954385348,8.45684401303858,raw_HR_eigenvalue_eV,0.0577923767495585,-0.0288961883747792,0.0288961883747792,0.00137475,0.0563663,0.0,b +0.5%,pair_04,F08,F03,raw_HR_eigenvalue_eV
Strain_b_Tension_0.5pct,0.5,56,57,1,-1,52,-0.0227561684249068,56,57,8.452166574531628,8.457571177885843,8.452166574531628,8.457571177885843,raw_HR_eigenvalue_eV,0.0577923767495585,-0.0288961883747792,0.0288961883747792,0.00137475,0.0563663,0.0,b +0.5%,pair_04,F08,F03,raw_HR_eigenvalue_eV
Strain_b_Tension_0.5pct,0.5,56,57,1,-1,53,-0.0221573218874092,56,57,8.45233910678525,8.458302458864841,8.45233910678525,8.458302458864841,raw_HR_eigenvalue_eV,0.0577923767495585,-0.0288961883747792,0.0288961883747792,0.00137475,0.0563663,0.0,b +0.5%,pair_04,F08,F03,raw_HR_eigenvalue_eV
Strain_b_Tension_0.5pct,0.5,56,57,1,-1,54,-0.0215584753499117,56,57,8.452510541215897,8.459037699792418,8.452510541215897,8.459037699792418,raw_HR_eigenvalue_eV,0.0577923767495585,-0.0288961883747792,0.0288961883747792,0.00137475,0.0563663,0.0,b +0.5%,pair_04,F08,F03,raw_HR_eigenvalue_eV
Strain_b_Tension_0.5pct,0.5,56,57,1,-1,55,-0.0209596288124141,56,57,8.452680870504965,8.459776743284737,8.452680870504965,8.459776743284737,raw_HR_eigenvalue_eV,0.0577923767495585,-0.0288961883747792,0.0288961883747792,0.00137475,0.0563663,0.0,b +0.5%,pair_04,F08,F03,raw_HR_eigenvalue_eV
Strain_b_Tension_0.5pct,0.5,56,57,1,-1,56,-0.0203607822749166,56,57,8.452850090194906,8.460519430834612,8.452850090194906,8.460519430834612,raw_HR_eigenvalue_eV,0.0577923767495585,-0.0288961883747792,0.0288961883747792,0.00137475,0.0563663,0.0,b +0.5%,pair_04,F08,F03,raw_HR_eigenvalue_eV
Strain_b_Tension_0.5pct,0.5,56,57,1,-1,57,-0.019761935737419,56,57,8.453018198980837,8.461265602885389,8.453018198980837,8.461265602885389,raw_HR_eigenvalue_eV,0.0577923767495585,-0.0288961883747792,0.0288961883747792,0.00137475,0.0563663,0.0,b +0.5%,pair_04,F08,F03,raw_HR_eigenvalue_eV
Strain_b_Tension_0.5pct,0.5,56,57,1,-1,58,-0.0191630891999215,56,57,8.45318519905149,8.462015098901249,8.45318519905149,8.462015098901249,raw_HR_eigenvalue_eV,0.0577923767495585,-0.0288961883747792,0.0288961883747792,0.00137475,0.0563663,0.0,b +0.5%,pair_04,F08,F03,raw_HR_eigenvalue_eV
Strain_b_Tension_0.5pct,0.5,56,57,1,-1,59,-0.0185642426624239,56,57,8.453351096488369,8.462767757433701,8.453351096488369,8.462767757433701,raw_HR_eigenvalue_eV,0.0577923767495585,-0.0288961883747792,0.0288961883747792,0.00137475,0.0563663,0.0,b +0.5%,pair_04,F08,F03,raw_HR_eigenvalue_eV
Strain_b_Tension_0.5pct,0.5,56,57,1,-1,60,-0.0179653961249264,56,57,8.453515901733832,8.463523416184143,8.453515901733832,8.463523416184143,raw_HR_eigenvalue_eV,0.0577923767495585,-0.0288961883747792,0.0288961883747792,0.00137475,0.0563663,0.0,b +0.5%,pair_04,F08,F03,raw_HR_eigenvalue_eV
Strain_b_Tension_0.5pct,0.5,56,57,1,-1,61,-0.0173665495874288,56,57,8.453679630140792,8.464281912062093,8.453679630140792,8.464281912062093,raw_HR_eigenvalue_eV,0.0577923767495585,-0.0288961883747792,0.0288961883747792,0.00137475,0.0563663,0.0,b +0.5%,pair_04,F08,F03,raw_HR_eigenvalue_eV
Strain_b_Tension_0.5pct,0.5,56,57,1,-1,62,-0.0167677030499313,56,57,8.453842302620183,8.465043081239028,8.453842302620183,8.465043081239028,raw_HR_eigenvalue_eV,0.0577923767495585,-0.0288961883747792,0.0288961883747792,0.00137475,0.0563663,0.0,b +0.5%,pair_04,F08,F03,raw_HR_eigenvalue_eV
Strain_b_Tension_0.5pct,0.5,56,57,1,-1,63,-0.0161688565124337,56,57,8.454003946405294,8.465806759197344,8.454003946405294,8.465806759197344,raw_HR_eigenvalue_eV,0.0577923767495585,-0.0288961883747792,0.0288961883747792,0.00137475,0.0563663,0.0,b +0.5%,pair_04,F08,F03,raw_HR_eigenvalue_eV
Strain_b_Tension_0.5pct,0.5,56,57,1,-1,64,-0.0155700099749362,56,57,8.45416459595698,8.466572780774221,8.45416459595698,8.466572780774221,raw_HR_eigenvalue_eV,0.0577923767495585,-0.0288961883747792,0.0288961883747792,0.00137475,0.0563663,0.0,b +0.5%,pair_04,F08,F03,raw_HR_eigenvalue_eV
Strain_b_Tension_0.5pct,0.5,56,57,1,-1,65,-0.0149711634374386,56,57,8.45432429403942,8.467340980199916,8.45432429403942,8.467340980199916,raw_HR_eigenvalue_eV,0.0577923767495585,-0.0288961883747792,0.0288961883747792,0.00137475,0.0563663,0.0,b +0.5%,pair_04,F08,F03,raw_HR_eigenvalue_eV
Strain_b_Tension_0.5pct,0.5,56,57,1,-1,66,-0.0143723168999411,56,57,8.454483093003036,8.468111191130076,8.454483093003036,8.468111191130076,raw_HR_eigenvalue_eV,0.0577923767495585,-0.0288961883747792,0.0288961883747792,0.00137475,0.0563663,0.0,b +0.5%,pair_04,F08,F03,raw_HR_eigenvalue_eV
Strain_b_Tension_0.5pct,0.5,56,57,1,-1,67,-0.0137734703624435,56,57,8.45464105632085,8.468883246671515,8.45464105632085,8.468883246671515,raw_HR_eigenvalue_eV,0.0577923767495585,-0.0288961883747792,0.0288961883747792,0.00137475,0.0563663,0.0,b +0.5%,pair_04,F08,F03,raw_HR_eigenvalue_eV
Strain_b_Tension_0.5pct,0.5,56,57,1,-1,68,-0.013174623824946,56,57,8.454798260436197,8.469656979400932,8.454798260436197,8.469656979400932,raw_HR_eigenvalue_eV,0.0577923767495585,-0.0288961883747792,0.0288961883747792,0.00137475,0.0563663,0.0,b +0.5%,pair_04,F08,F03,raw_HR_eigenvalue_eV
Strain_b_Tension_0.5pct,0.5,56,57,1,-1,69,-0.0125757772874484,56,57,8.454954796994908,8.47043222137582,8.454954796994908,8.47043222137582,raw_HR_eigenvalue_eV,0.0577923767495585,-0.0288961883747792,0.0288961883747792,0.00137475,0.0563663,0.0,b +0.5%,pair_04,F08,F03,raw_HR_eigenvalue_eV
Strain_b_Tension_0.5pct,0.5,56,57,1,-1,70,-0.0119769307499509,56,57,8.455110775555411,8.471208804136783,8.455110775555411,8.471208804136783,raw_HR_eigenvalue_eV,0.0577923767495585,-0.0288961883747792,0.0288961883747792,0.00137475,0.0563663,0.0,b +0.5%,pair_04,F08,F03,raw_HR_eigenvalue_eV
Strain_b_Tension_0.5pct,0.5,56,57,1,-1,71,-0.0113780842124533,56,57,8.455266326895954,8.471986558700456,8.455266326895954,8.471986558700456,raw_HR_eigenvalue_eV,0.0577923767495585,-0.0288961883747792,0.0288961883747792,0.00137475,0.0563663,0.0,b +0.5%,pair_04,F08,F03,raw_HR_eigenvalue_eV
Strain_b_Tension_0.5pct,0.5,56,57,1,-1,72,-0.0107792376749558,56,57,8.455421607072275,8.472765315541865,8.455421607072275,8.472765315541865,raw_HR_eigenvalue_eV,0.0577923767495585,-0.0288961883747792,0.0288961883747792,0.00137475,0.0563663,0.0,b +0.5%,pair_04,F08,F03,raw_HR_eigenvalue_eV
Strain_b_Tension_0.5pct,0.5,56,57,1,-1,73,-0.0101803911374583,56,57,8.455576802424828,8.473544904565092,8.455576802424828,8.473544904565092,raw_HR_eigenvalue_eV,0.0577923767495585,-0.0288961883747792,0.0288961883747792,0.00137475,0.0563663,0.0,b +0.5%,pair_04,F08,F03,raw_HR_eigenvalue_eV
Strain_b_Tension_0.5pct,0.5,56,57,1,-1,74,-0.0095815445999607,56,57,8.455732135794035,8.47432515506084,8.455732135794035,8.47432515506084,raw_HR_eigenvalue_eV,0.0577923767495585,-0.0288961883747792,0.0288961883747792,0.00137475,0.0563663,0.0,b +0.5%,pair_04,F08,F03,raw_HR_eigenvalue_eV
Strain_b_Tension_0.5pct,0.5,56,57,1,-1,75,-0.0089826980624632,56,57,8.455887874283006,8.475105895649316,8.455887874283006,8.475105895649316,raw_HR_eigenvalue_eV,0.0577923767495585,-0.0288961883747792,0.0288961883747792,0.00137475,0.0563663,0.0,b +0.5%,pair_04,F08,F03,raw_HR_eigenvalue_eV
Strain_b_Tension_0.5pct,0.5,56,57,1,-1,76,-0.0083838515249656,56,57,8.456044339014328,8.47588695420648,8.456044339014328,8.47588695420648,raw_HR_eigenvalue_eV,0.0577923767495585,-0.0288961883747792,0.0288961883747792,0.00137475,0.0563663,0.0,b +0.5%,pair_04,F08,F03,raw_HR_eigenvalue_eV
Strain_b_Tension_0.5pct,0.5,56,57,1,-1,77,-0.0077850049874681,56,57,8.456201917472434,8.476668157771527,8.456201917472434,8.476668157771527,raw_HR_eigenvalue_eV,0.0577923767495585,-0.0288961883747792,0.0288961883747792,0.00137475,0.0563663,0.0,b +0.5%,pair_04,F08,F03,raw_HR_eigenvalue_eV
Strain_b_Tension_0.5pct,0.5,56,57,1,-1,78,-0.0071861584499705,56,57,8.456361079218047,8.47744933243306,8.456361079218047,8.47744933243306,raw_HR_eigenvalue_eV,0.0577923767495585,-0.0288961883747792,0.0288961883747792,0.00137475,0.0563663,0.0,b +0.5%,pair_04,F08,F03,raw_HR_eigenvalue_eV
Strain_b_Tension_0.5pct,0.5,56,57,1,-1,79,-0.006587311912473,56,57,8.456522396023317,8.478230303190912,8.456522396023317,8.478230303190912,raw_HR_eigenvalue_eV,0.0577923767495585,-0.0288961883747792,0.0288961883747792,0.00137475,0.0563663,0.0,b +0.5%,pair_04,F08,F03,raw_HR_eigenvalue_eV
Strain_b_Tension_0.5pct,0.5,56,57,1,-1,80,-0.0059884653749754,56,57,8.456686567827084,8.479010893790145,8.456686567827084,8.479010893790145,raw_HR_eigenvalue_eV,0.0577923767495585,-0.0288961883747792,0.0288961883747792,0.00137475,0.0563663,0.0,b +0.5%,pair_04,F08,F03,raw_HR_eigenvalue_eV
Strain_b_Tension_0.5pct,0.5,56,57,1,-1,81,-0.0053896188374779,56,57,8.456854456373367,8.479790926523114,8.456854456373367,8.479790926523114,raw_HR_eigenvalue_eV,0.0577923767495585,-0.0288961883747792,0.0288961883747792,0.00137475,0.0563663,0.0,b +0.5%,pair_04,F08,F03,raw_HR_eigenvalue_eV
Strain_b_Tension_0.5pct,0.5,56,57,1,-1,82,-0.0047907722999803,56,57,8.457027128994971,8.480570221994684,8.457027128994971,8.480570221994684,raw_HR_eigenvalue_eV,0.0577923767495585,-0.0288961883747792,0.0288961883747792,0.00137475,0.0563663,0.0,b +0.5%,pair_04,F08,F03,raw_HR_eigenvalue_eV
Strain_b_Tension_0.5pct,0.5,56,57,1,-1,83,-0.0041919257624828,56,57,8.457205915743588,8.48134859884487,8.457205915743588,8.48134859884487,raw_HR_eigenvalue_eV,0.0577923767495585,-0.0288961883747792,0.0288961883747792,0.00137475,0.0563663,0.0,b +0.5%,pair_04,F08,F03,raw_HR_eigenvalue_eV
Strain_b_Tension_0.5pct,0.5,56,57,1,-1,84,-0.0035930792249852,56,57,8.457392483903053,8.482125873422104,8.457392483903053,8.482125873422104,raw_HR_eigenvalue_eV,0.0577923767495585,-0.0288961883747792,0.0288961883747792,0.00137475,0.0563663,0.0,b +0.5%,pair_04,F08,F03,raw_HR_eigenvalue_eV
Strain_b_Tension_0.5pct,0.5,56,57,1,-1,85,-0.0029942326874877,56,57,8.457588934680983,8.482901859398963,8.457588934680983,8.482901859398963,raw_HR_eigenvalue_eV,0.0577923767495585,-0.0288961883747792,0.0288961883747792,0.00137475,0.0563663,0.0,b +0.5%,pair_04,F08,F03,raw_HR_eigenvalue_eV
Strain_b_Tension_0.5pct,0.5,56,57,1,-1,86,-0.0023953861499901,56,57,8.457797927095601,8.483676367320657,8.457797927095601,8.483676367320657,raw_HR_eigenvalue_eV,0.0577923767495585,-0.0288961883747792,0.0288961883747792,0.00137475,0.0563663,0.0,b +0.5%,pair_04,F08,F03,raw_HR_eigenvalue_eV
Strain_b_Tension_0.5pct,0.5,56,57,1,-1,87,-0.0017965396124926,56,57,8.458022832702952,8.48444920407476,8.458022832702952,8.48444920407476,raw_HR_eigenvalue_eV,0.0577923767495585,-0.0288961883747792,0.0288961883747792,0.00137475,0.0563663,0.0,b +0.5%,pair_04,F08,F03,raw_HR_eigenvalue_eV
Strain_b_Tension_0.5pct,0.5,56,57,1,-1,88,-0.001197693074995,56,57,8.458267919664971,8.485220172268157,8.458267919664971,8.485220172268157,raw_HR_eigenvalue_eV,0.0577923767495585,-0.0288961883747792,0.0288961883747792,0.00137475,0.0563663,0.0,b +0.5%,pair_04,F08,F03,raw_HR_eigenvalue_eV
Strain_b_Tension_0.5pct,0.5,56,57,1,-1,89,-0.0005988465374975,56,57,8.458538551737902,8.485989069494453,8.458538551737902,8.485989069494453,raw_HR_eigenvalue_eV,0.0577923767495585,-0.0288961883747792,0.0288961883747792,0.00137475,0.0563663,0.0,b +0.5%,pair_04,F08,F03,raw_HR_eigenvalue_eV
Strain_b_Tension_0.5pct,0.5,56,57,1,-1,90,0.0,56,57,8.458841360973787,8.486755687471526,8.458841360973787,8.486755687471526,raw_HR_eigenvalue_eV,0.0577923767495585,-0.0288961883747792,0.0288961883747792,0.00137475,0.0563663,0.0,b +0.5%,pair_04,F08,F03,raw_HR_eigenvalue_eV
Strain_b_Tension_0.5pct,0.5,56,57,1,-1,91,0.0005988465374975,56,57,8.45918430643216,8.487519811024589,8.45918430643216,8.487519811024589,raw_HR_eigenvalue_eV,0.0577923767495585,-0.0288961883747792,0.0288961883747792,0.00137475,0.0563663,0.0,b +0.5%,pair_04,F08,F03,raw_HR_eigenvalue_eV
Strain_b_Tension_0.5pct,0.5,56,57,1,-1,92,0.001197693074995,56,57,8.459576469224578,8.488281216884669,8.459576469224578,8.488281216884669,raw_HR_eigenvalue_eV,0.0577923767495585,-0.0288961883747792,0.0288961883747792,0.00137475,0.0563663,0.0,b +0.5%,pair_04,F08,F03,raw_HR_eigenvalue_eV
Strain_b_Tension_0.5pct,0.5,56,57,1,-1,93,0.0017965396124926,56,57,8.460027392965168,8.48903967226584,8.460027392965168,8.48903967226584,raw_HR_eigenvalue_eV,0.0577923767495585,-0.0288961883747792,0.0288961883747792,0.00137475,0.0563663,0.0,b +0.5%,pair_04,F08,F03,raw_HR_eigenvalue_eV
Strain_b_Tension_0.5pct,0.5,56,57,1,-1,94,0.0023953861499901,56,57,8.46054584640019,8.489794933176116,8.46054584640019,8.489794933176116,raw_HR_eigenvalue_eV,0.0577923767495585,-0.0288961883747792,0.0288961883747792,0.00137475,0.0563663,0.0,b +0.5%,pair_04,F08,F03,raw_HR_eigenvalue_eV
Strain_b_Tension_0.5pct,0.5,56,57,1,-1,95,0.0029942326874877,56,57,8.461138157809431,8.490546742406519,8.461138157809431,8.490546742406519,raw_HR_eigenvalue_eV,0.0577923767495585,-0.0288961883747792,0.0288961883747792,0.00137475,0.0563663,0.0,b +0.5%,pair_04,F08,F03,raw_HR_eigenvalue_eV
Strain_b_Tension_0.5pct,0.5,56,57,1,-1,96,0.0035930792249852,56,57,8.461806682075245,8.491294827129694,8.461806682075245,8.491294827129694,raw_HR_eigenvalue_eV,0.0577923767495585,-0.0288961883747792,0.0288961883747792,0.00137475,0.0563663,0.0,b +0.5%,pair_04,F08,F03,raw_HR_eigenvalue_eV
Strain_b_Tension_0.5pct,0.5,56,57,1,-1,97,0.0041919257624828,56,57,8.462549150423605,8.49203889602307,8.462549150423605,8.49203889602307,raw_HR_eigenvalue_eV,0.0577923767495585,-0.0288961883747792,0.0288961883747792,0.00137475,0.0563663,0.0,b +0.5%,pair_04,F08,F03,raw_HR_eigenvalue_eV
Strain_b_Tension_0.5pct,0.5,56,57,1,-1,98,0.0047907722999803,56,57,8.463359273543544,8.492778635810616,8.463359273543544,8.492778635810616,raw_HR_eigenvalue_eV,0.0577923767495585,-0.0288961883747792,0.0288961883747792,0.00137475,0.0563663,0.0,b +0.5%,pair_04,F08,F03,raw_HR_eigenvalue_eV
Strain_b_Tension_0.5pct,0.5,56,57,1,-1,99,0.0053896188374779,56,57,8.464228252223279,8.493513707091248,8.464228252223279,8.493513707091248,raw_HR_eigenvalue_eV,0.0577923767495585,-0.0288961883747792,0.0288961883747792,0.00137475,0.0563663,0.0,b +0.5%,pair_04,F08,F03,raw_HR_eigenvalue_eV
Strain_b_Tension_0.5pct,0.5,56,57,1,-1,100,0.0059884653749754,56,57,8.465146449121104,8.494243739288473,8.465146449121104,8.494243739288473,raw_HR_eigenvalue_eV,0.0577923767495585,-0.0288961883747792,0.0288961883747792,0.00137475,0.0563663,0.0,b +0.5%,pair_04,F08,F03,raw_HR_eigenvalue_eV
Strain_b_Tension_0.5pct,0.5,56,57,1,-1,101,0.006587311912473,56,57,8.466104647020318,8.494968324514486,8.466104647020318,8.494968324514486,raw_HR_eigenvalue_eV,0.0577923767495585,-0.0288961883747792,0.0288961883747792,0.00137475,0.0563663,0.0,b +0.5%,pair_04,F08,F03,raw_HR_eigenvalue_eV
Strain_b_Tension_0.5pct,0.5,56,57,1,-1,102,0.0071861584499705,56,57,8.46709472953714,8.495687010088858,8.46709472953714,8.495687010088858,raw_HR_eigenvalue_eV,0.0577923767495585,-0.0288961883747792,0.0288961883747792,0.00137475,0.0563663,0.0,b +0.5%,pair_04,F08,F03,raw_HR_eigenvalue_eV
Strain_b_Tension_0.5pct,0.5,56,57,1,-1,103,0.0077850049874681,56,57,8.468109900896874,8.496399289386463,8.468109900896874,8.496399289386463,raw_HR_eigenvalue_eV,0.0577923767495585,-0.0288961883747792,0.0288961883747792,0.00137475,0.0563663,0.0,b +0.5%,pair_04,F08,F03,raw_HR_eigenvalue_eV
Strain_b_Tension_0.5pct,0.5,56,57,1,-1,104,0.0083838515249656,56,57,8.469144635401992,8.497104590607702,8.469144635401992,8.497104590607702,raw_HR_eigenvalue_eV,0.0577923767495585,-0.0288961883747792,0.0288961883747792,0.00137475,0.0563663,0.0,b +0.5%,pair_04,F08,F03,raw_HR_eigenvalue_eV
Strain_b_Tension_0.5pct,0.5,56,57,1,-1,105,0.0089826980624632,56,57,8.470194508308131,8.497802262964619,8.470194508308131,8.497802262964619,raw_HR_eigenvalue_eV,0.0577923767495585,-0.0288961883747792,0.0288961883747792,0.00137475,0.0563663,0.0,b +0.5%,pair_04,F08,F03,raw_HR_eigenvalue_eV
Strain_b_Tension_0.5pct,0.5,56,57,1,-1,106,0.0095815445999607,56,57,8.471255997849893,8.498491559659161,8.471255997849893,8.498491559659161,raw_HR_eigenvalue_eV,0.0577923767495585,-0.0288961883747792,0.0288961883747792,0.00137475,0.0563663,0.0,b +0.5%,pair_04,F08,F03,raw_HR_eigenvalue_eV
Strain_b_Tension_0.5pct,0.5,56,57,1,-1,107,0.0101803911374583,56,57,8.472326300986277,8.499171616896582,8.472326300986277,8.499171616896582,raw_HR_eigenvalue_eV,0.0577923767495585,-0.0288961883747792,0.0288961883747792,0.00137475,0.0563663,0.0,b +0.5%,pair_04,F08,F03,raw_HR_eigenvalue_eV
Strain_b_Tension_0.5pct,0.5,56,57,1,-1,108,0.0107792376749558,56,57,8.473403178036927,8.499841428039417,8.473403178036927,8.499841428039417,raw_HR_eigenvalue_eV,0.0577923767495585,-0.0288961883747792,0.0288961883747792,0.00137475,0.0563663,0.0,b +0.5%,pair_04,F08,F03,raw_HR_eigenvalue_eV
Strain_b_Tension_0.5pct,0.5,56,57,1,-1,109,0.0113780842124533,56,57,8.474484828068569,8.500499811890974,8.474484828068569,8.500499811890974,raw_HR_eigenvalue_eV,0.0577923767495585,-0.0288961883747792,0.0288961883747792,0.00137475,0.0563663,0.0,b +0.5%,pair_04,F08,F03,raw_HR_eigenvalue_eV
Strain_b_Tension_0.5pct,0.5,56,57,1,-1,110,0.0119769307499509,56,57,8.475569791535024,8.501145374055499,8.475569791535024,8.501145374055499,raw_HR_eigenvalue_eV,0.0577923767495585,-0.0288961883747792,0.0288961883747792,0.00137475,0.0563663,0.0,b +0.5%,pair_04,F08,F03,raw_HR_eigenvalue_eV
Strain_b_Tension_0.5pct,0.5,56,57,1,-1,111,0.0125757772874484,56,57,8.476656875200469,8.501776460458801,8.476656875200469,8.501776460458801,raw_HR_eigenvalue_eV,0.0577923767495585,-0.0288961883747792,0.0288961883747792,0.00137475,0.0563663,0.0,b +0.5%,pair_04,F08,F03,raw_HR_eigenvalue_eV
Strain_b_Tension_0.5pct,0.5,56,57,1,-1,112,0.013174623824946,56,57,8.47774509455277,8.502391102615116,8.47774509455277,8.502391102615116,raw_HR_eigenvalue_eV,0.0577923767495585,-0.0288961883747792,0.0288961883747792,0.00137475,0.0563663,0.0,b +0.5%,pair_04,F08,F03,raw_HR_eigenvalue_eV
Strain_b_Tension_0.5pct,0.5,56,57,1,-1,113,0.0137734703624435,56,57,8.478833629656222,8.502986955411227,8.478833629656222,8.502986955411227,raw_HR_eigenvalue_eV,0.0577923767495585,-0.0288961883747792,0.0288961883747792,0.00137475,0.0563663,0.0,b +0.5%,pair_04,F08,F03,raw_HR_eigenvalue_eV
Strain_b_Tension_0.5pct,0.5,56,57,1,-1,114,0.0143723168999411,56,57,8.47992179122396,8.503561230544577,8.47992179122396,8.503561230544577,raw_HR_eigenvalue_eV,0.0577923767495585,-0.0288961883747792,0.0288961883747792,0.00137475,0.0563663,0.0,b +0.5%,pair_04,F08,F03,raw_HR_eigenvalue_eV
Strain_b_Tension_0.5pct,0.5,56,57,1,-1,115,0.0149711634374386,56,57,8.481008994431686,8.504110632988864,8.481008994431686,8.504110632988864,raw_HR_eigenvalue_eV,0.0577923767495585,-0.0288961883747792,0.0288961883747792,0.00137475,0.0563663,0.0,b +0.5%,pair_04,F08,F03,raw_HR_eigenvalue_eV
Strain_b_Tension_0.5pct,0.5,56,57,1,-1,116,0.0155700099749362,56,57,8.482094738595285,8.504631314710203,8.482094738595285,8.504631314710203,raw_HR_eigenvalue_eV,0.0577923767495585,-0.0288961883747792,0.0288961883747792,0.00137475,0.0563663,0.0,b +0.5%,pair_04,F08,F03,raw_HR_eigenvalue_eV
Strain_b_Tension_0.5pct,0.5,56,57,1,-1,117,0.0161688565124337,56,57,8.483178591301659,8.505118869600029,8.483178591301659,8.505118869600029,raw_HR_eigenvalue_eV,0.0577923767495585,-0.0288961883747792,0.0288961883747792,0.00137475,0.0563663,0.0,b +0.5%,pair_04,F08,F03,raw_HR_eigenvalue_eV
Strain_b_Tension_0.5pct,0.5,56,57,1,-1,118,0.0167677030499313,56,57,8.484260175935562,8.505568404838684,8.484260175935562,8.505568404838684,raw_HR_eigenvalue_eV,0.0577923767495585,-0.0288961883747792,0.0288961883747792,0.00137475,0.0563663,0.0,b +0.5%,pair_04,F08,F03,raw_HR_eigenvalue_eV
Strain_b_Tension_0.5pct,0.5,56,57,1,-1,119,0.0173665495874288,56,57,8.485339161809147,8.505974731608275,8.485339161809147,8.505974731608275,raw_HR_eigenvalue_eV,0.0577923767495585,-0.0288961883747792,0.0288961883747792,0.00137475,0.0563663,0.0,b +0.5%,pair_04,F08,F03,raw_HR_eigenvalue_eV
Strain_b_Tension_0.5pct,0.5,56,57,1,-1,120,0.0179653961249264,56,57,8.486415256297649,8.506332711874373,8.486415256297649,8.506332711874373,raw_HR_eigenvalue_eV,0.0577923767495585,-0.0288961883747792,0.0288961883747792,0.00137475,0.0563663,0.0,b +0.5%,pair_04,F08,F03,raw_HR_eigenvalue_eV
Strain_b_Tension_0.5pct,0.5,56,57,1,-1,121,0.0185642426624239,56,57,8.48748819853057,8.506637764452401,8.48748819853057,8.506637764452401,raw_HR_eigenvalue_eV,0.0577923767495585,-0.0288961883747792,0.0288961883747792,0.00137475,0.0563663,0.0,b +0.5%,pair_04,F08,F03,raw_HR_eigenvalue_eV
Strain_b_Tension_0.5pct,0.5,56,57,1,-1,122,0.0191630891999215,56,57,8.488557754295922,8.506886467477274,8.488557754295922,8.506886467477274,raw_HR_eigenvalue_eV,0.0577923767495585,-0.0288961883747792,0.0288961883747792,0.00137475,0.0563663,0.0,b +0.5%,pair_04,F08,F03,raw_HR_eigenvalue_eV
Strain_b_Tension_0.5pct,0.5,56,57,1,-1,123,0.019761935737419,56,57,8.48962371189647,8.507077116557332,8.48962371189647,8.507077116557332,raw_HR_eigenvalue_eV,0.0577923767495585,-0.0288961883747792,0.0288961883747792,0.00137475,0.0563663,0.0,b +0.5%,pair_04,F08,F03,raw_HR_eigenvalue_eV
Strain_b_Tension_0.5pct,0.5,56,57,1,-1,124,0.0203607822749166,56,57,8.490685878756944,8.507210060142262,8.490685878756944,8.507210060142262,raw_HR_eigenvalue_eV,0.0577923767495585,-0.0288961883747792,0.0288961883747792,0.00137475,0.0563663,0.0,b +0.5%,pair_04,F08,F03,raw_HR_eigenvalue_eV
Strain_b_Tension_0.5pct,0.5,56,57,1,-1,125,0.0209596288124141,56,57,8.491744078627113,8.5072876847338,8.491744078627113,8.5072876847338,raw_HR_eigenvalue_eV,0.0577923767495585,-0.0288961883747792,0.0288961883747792,0.00137475,0.0563663,0.0,b +0.5%,pair_04,F08,F03,raw_HR_eigenvalue_eV
Strain_b_Tension_0.5pct,0.5,56,57,1,-1,126,0.0215584753499117,56,57,8.49279814926009,8.507314051981664,8.49279814926009,8.507314051981664,raw_HR_eigenvalue_eV,0.0577923767495585,-0.0288961883747792,0.0288961883747792,0.00137475,0.0563663,0.0,b +0.5%,pair_04,F08,F03,raw_HR_eigenvalue_eV
Strain_b_Tension_0.5pct,0.5,56,57,1,-1,127,0.0221573218874092,56,57,8.493847940470921,8.507294318793038,8.493847940470921,8.507294318793038,raw_HR_eigenvalue_eV,0.0577923767495585,-0.0288961883747792,0.0288961883747792,0.00137475,0.0563663,0.0,b +0.5%,pair_04,F08,F03,raw_HR_eigenvalue_eV
Strain_b_Tension_0.5pct,0.5,56,57,1,-1,128,0.0227561684249067,56,57,8.494893312501285,8.50723412150775,8.494893312501285,8.50723412150775,raw_HR_eigenvalue_eV,0.0577923767495585,-0.0288961883747792,0.0288961883747792,0.00137475,0.0563663,0.0,b +0.5%,pair_04,F08,F03,raw_HR_eigenvalue_eV
Strain_b_Tension_0.5pct,0.5,56,57,1,-1,129,0.0233550149624043,56,57,8.49593413463076,8.507139065436705,8.49593413463076,8.507139065436705,raw_HR_eigenvalue_eV,0.0577923767495585,-0.0288961883747792,0.0288961883747792,0.00137475,0.0563663,0.0,b +0.5%,pair_04,F08,F03,raw_HR_eigenvalue_eV
Strain_b_Tension_0.5pct,0.5,56,57,1,-1,130,0.0239538614999018,56,57,8.496970283987368,8.507014381186803,8.496970283987368,8.507014381186803,raw_HR_eigenvalue_eV,0.0577923767495585,-0.0288961883747792,0.0288961883747792,0.00137475,0.0563663,0.0,b +0.5%,pair_04,F08,F03,raw_HR_eigenvalue_eV
Strain_b_Tension_0.5pct,0.5,56,57,1,-1,131,0.0245527080373994,56,57,8.49800164451928,8.506864741943401,8.49800164451928,8.506864741943401,raw_HR_eigenvalue_eV,0.0577923767495585,-0.0288961883747792,0.0288961883747792,0.00137475,0.0563663,0.0,b +0.5%,pair_04,F08,F03,raw_HR_eigenvalue_eV
Strain_b_Tension_0.5pct,0.5,56,57,1,-1,132,0.0251515545748969,56,57,8.49902810609642,8.50669420233398,8.49902810609642,8.50669420233398,raw_HR_eigenvalue_eV,0.0577923767495585,-0.0288961883747792,0.0288961883747792,0.00137475,0.0563663,0.0,b +0.5%,pair_04,F08,F03,raw_HR_eigenvalue_eV
Strain_b_Tension_0.5pct,0.5,56,57,1,-1,133,0.0257504011123945,56,57,8.500049563716585,8.506506213953493,8.500049563716585,8.506506213953493,raw_HR_eigenvalue_eV,0.0577923767495585,-0.0288961883747792,0.0288961883747792,0.00137475,0.0563663,0.0,b +0.5%,pair_04,F08,F03,raw_HR_eigenvalue_eV
Strain_b_Tension_0.5pct,0.5,56,57,1,-1,134,0.026349247649892,56,57,8.501065916794788,8.506303681160556,8.501065916794788,8.506303681160556,raw_HR_eigenvalue_eV,0.0577923767495585,-0.0288961883747792,0.0288961883747792,0.00137475,0.0563663,0.0,b +0.5%,pair_04,F08,F03,raw_HR_eigenvalue_eV
Strain_b_Tension_0.5pct,0.5,56,57,1,-1,135,0.0269480941873896,56,57,8.502077068517965,8.506089032671388,8.502077068517965,8.506089032671388,raw_HR_eigenvalue_eV,0.0577923767495585,-0.0288961883747792,0.0288961883747792,0.00137475,0.0563663,0.0,b +0.5%,pair_04,F08,F03,raw_HR_eigenvalue_eV
Strain_b_Tension_0.5pct,0.5,56,57,1,-1,136,0.0275469407248871,56,57,8.503082925249862,8.505864294648227,8.503082925249862,8.505864294648227,raw_HR_eigenvalue_eV,0.0577923767495585,-0.0288961883747792,0.0288961883747792,0.00137475,0.0563663,0.0,b +0.5%,pair_04,F08,F03,raw_HR_eigenvalue_eV
Strain_b_Tension_0.5pct,0.5,56,57,1,-1,137,0.0281457872623847,56,57,8.504083395972714,8.505631158048264,8.504083395972714,8.505631158048264,raw_HR_eigenvalue_eV,0.0577923767495585,-0.0288961883747792,0.0288961883747792,0.00137475,0.0563663,0.0,b +0.5%,pair_04,F08,F03,raw_HR_eigenvalue_eV
Strain_b_Tension_0.5pct,0.5,56,57,1,-1,138,0.0287446337998822,56,57,8.505078391753724,8.505391037319336,8.505078391753724,8.505391037319336,raw_HR_eigenvalue_eV,0.0577923767495585,-0.0288961883747792,0.0288961883747792,0.00137475,0.0563663,0.0,b +0.5%,pair_04,F08,F03,raw_HR_eigenvalue_eV
Strain_b_Tension_0.5pct,0.5,56,57,1,-1,139,0.0293434803373798,56,57,8.505145119901888,8.506067825227264,8.505145119901888,8.506067825227264,raw_HR_eigenvalue_eV,0.0577923767495585,-0.0288961883747792,0.0288961883747792,0.00137475,0.0563663,0.0,b +0.5%,pair_04,F08,F03,raw_HR_eigenvalue_eV
Strain_b_Tension_0.5pct,0.5,56,57,1,-1,140,0.0299423268748773,56,57,8.504894407164294,8.507051610076804,8.504894407164294,8.507051610076804,raw_HR_eigenvalue_eV,0.0577923767495585,-0.0288961883747792,0.0288961883747792,0.00137475,0.0563663,0.0,b +0.5%,pair_04,F08,F03,raw_HR_eigenvalue_eV
Strain_b_Tension_0.5pct,0.5,56,57,1,-1,141,0.0305411734123749,56,57,8.50463974784778,8.50802966051793,8.50463974784778,8.50802966051793,raw_HR_eigenvalue_eV,0.0577923767495585,-0.0288961883747792,0.0288961883747792,0.00137475,0.0563663,0.0,b +0.5%,pair_04,F08,F03,raw_HR_eigenvalue_eV
Strain_b_Tension_0.5pct,0.5,56,57,1,-1,142,0.0311400199498724,56,57,8.504381865221676,8.509001890760233,8.504381865221676,8.509001890760233,raw_HR_eigenvalue_eV,0.0577923767495585,-0.0288961883747792,0.0288961883747792,0.00137475,0.0563663,0.0,b +0.5%,pair_04,F08,F03,raw_HR_eigenvalue_eV
Strain_b_Tension_0.5pct,0.5,56,57,1,-1,143,0.03173886648737,56,57,8.50412137905584,8.50996821444672,8.50412137905584,8.50996821444672,raw_HR_eigenvalue_eV,0.0577923767495585,-0.0288961883747792,0.0288961883747792,0.00137475,0.0563663,0.0,b +0.5%,pair_04,F08,F03,raw_HR_eigenvalue_eV
Strain_b_Tension_0.5pct,0.5,56,57,1,-1,144,0.0323377130248675,56,57,8.503858823387432,8.510928544057087,8.503858823387432,8.510928544057087,raw_HR_eigenvalue_eV,0.0577923767495585,-0.0288961883747792,0.0288961883747792,0.00137475,0.0563663,0.0,b +0.5%,pair_04,F08,F03,raw_HR_eigenvalue_eV
Strain_b_Tension_0.5pct,0.5,56,57,1,-1,145,0.0329365595623651,56,57,8.503594660897948,8.511882790264215,8.503594660897948,8.511882790264215,raw_HR_eigenvalue_eV,0.0577923767495585,-0.0288961883747792,0.0288961883747792,0.00137475,0.0563663,0.0,b +0.5%,pair_04,F08,F03,raw_HR_eigenvalue_eV
Strain_b_Tension_0.5pct,0.5,56,57,1,-1,146,0.0335354060998626,56,57,8.503329294569198,8.512830861231784,8.503329294569198,8.512830861231784,raw_HR_eigenvalue_eV,0.0577923767495585,-0.0288961883747792,0.0288961883747792,0.00137475,0.0563663,0.0,b +0.5%,pair_04,F08,F03,raw_HR_eigenvalue_eV
Strain_b_Tension_0.5pct,0.5,56,57,1,-1,147,0.0341342526373601,56,57,8.503063077158087,8.513772661839296,8.503063077158087,8.513772661839296,raw_HR_eigenvalue_eV,0.0577923767495585,-0.0288961883747792,0.0288961883747792,0.00137475,0.0563663,0.0,b +0.5%,pair_04,F08,F03,raw_HR_eigenvalue_eV
Strain_b_Tension_0.5pct,0.5,56,57,1,-1,148,0.0347330991748577,56,57,8.502796318922316,8.514708092819376,8.502796318922316,8.514708092819376,raw_HR_eigenvalue_eV,0.0577923767495585,-0.0288961883747792,0.0288961883747792,0.00137475,0.0563663,0.0,b +0.5%,pair_04,F08,F03,raw_HR_eigenvalue_eV
Strain_b_Tension_0.5pct,0.5,56,57,1,-1,149,0.0353319457123552,56,57,8.502529293941588,8.515637049789923,8.502529293941588,8.515637049789923,raw_HR_eigenvalue_eV,0.0577923767495585,-0.0288961883747792,0.0288961883747792,0.00137475,0.0563663,0.0,b +0.5%,pair_04,F08,F03,raw_HR_eigenvalue_eV
Strain_b_Tension_0.5pct,0.5,56,57,1,-1,150,0.0359307922498528,56,57,8.502262245308335,8.516559422161402,8.502262245308335,8.516559422161402,raw_HR_eigenvalue_eV,0.0577923767495585,-0.0288961883747792,0.0288961883747792,0.00137475,0.0563663,0.0,b +0.5%,pair_04,F08,F03,raw_HR_eigenvalue_eV
Strain_b_Tension_0.5pct,0.5,56,57,1,-1,151,0.0365296387873503,56,57,8.501995389405973,8.517475091896555,8.501995389405973,8.517475091896555,raw_HR_eigenvalue_eV,0.0577923767495585,-0.0288961883747792,0.0288961883747792,0.00137475,0.0563663,0.0,b +0.5%,pair_04,F08,F03,raw_HR_eigenvalue_eV
Strain_b_Tension_0.5pct,0.5,56,57,1,-1,152,0.0371284853248479,56,57,8.501728919448428,8.518383932096834,8.501728919448428,8.518383932096834,raw_HR_eigenvalue_eV,0.0577923767495585,-0.0288961883747792,0.0288961883747792,0.00137475,0.0563663,0.0,b +0.5%,pair_04,F08,F03,raw_HR_eigenvalue_eV
Strain_b_Tension_0.5pct,0.5,56,57,1,-1,153,0.0377273318623454,56,57,8.501463008419545,8.519285805385953,8.501463008419545,8.519285805385953,raw_HR_eigenvalue_eV,0.0577923767495585,-0.0288961883747792,0.0288961883747792,0.00137475,0.0563663,0.0,b +0.5%,pair_04,F08,F03,raw_HR_eigenvalue_eV
Strain_b_Tension_0.5pct,0.5,56,57,1,-1,154,0.038326178399843,56,57,8.501197811523317,8.52018056205728,8.501197811523317,8.52018056205728,raw_HR_eigenvalue_eV,0.0577923767495585,-0.0288961883747792,0.0288961883747792,0.00137475,0.0563663,0.0,b +0.5%,pair_04,F08,F03,raw_HR_eigenvalue_eV
Strain_b_Tension_0.5pct,0.5,56,57,1,-1,155,0.0389250249373405,56,57,8.500933468234063,8.52106803794769,8.500933468234063,8.52106803794769,raw_HR_eigenvalue_eV,0.0577923767495585,-0.0288961883747792,0.0288961883747792,0.00137475,0.0563663,0.0,b +0.5%,pair_04,F08,F03,raw_HR_eigenvalue_eV
Strain_b_Tension_0.5pct,0.5,56,57,1,-1,156,0.0395238714748381,56,57,8.500670104018386,8.521948051996969,8.500670104018386,8.521948051996969,raw_HR_eigenvalue_eV,0.0577923767495585,-0.0288961883747792,0.0288961883747792,0.00137475,0.0563663,0.0,b +0.5%,pair_04,F08,F03,raw_HR_eigenvalue_eV
Strain_b_Tension_0.5pct,0.5,56,57,1,-1,157,0.0401227180123356,56,57,8.500407831786966,8.522820403448657,8.500407831786966,8.522820403448657,raw_HR_eigenvalue_eV,0.0577923767495585,-0.0288961883747792,0.0288961883747792,0.00137475,0.0563663,0.0,b +0.5%,pair_04,F08,F03,raw_HR_eigenvalue_eV
Strain_b_Tension_0.5pct,0.5,56,57,1,-1,158,0.0407215645498332,56,57,8.500146753123264,8.523684868647258,8.500146753123264,8.523684868647258,raw_HR_eigenvalue_eV,0.0577923767495585,-0.0288961883747792,0.0288961883747792,0.00137475,0.0563663,0.0,b +0.5%,pair_04,F08,F03,raw_HR_eigenvalue_eV
Strain_b_Tension_0.5pct,0.5,56,57,1,-1,159,0.0413204110873307,56,57,8.499886959327783,8.524541197388846,8.499886959327783,8.524541197388846,raw_HR_eigenvalue_eV,0.0577923767495585,-0.0288961883747792,0.0288961883747792,0.00137475,0.0563663,0.0,b +0.5%,pair_04,F08,F03,raw_HR_eigenvalue_eV
Strain_b_Tension_0.5pct,0.5,56,57,1,-1,160,0.0419192576248283,56,57,8.499628532309025,8.525389108789057,8.499628532309025,8.525389108789057,raw_HR_eigenvalue_eV,0.0577923767495585,-0.0288961883747792,0.0288961883747792,0.00137475,0.0563663,0.0,b +0.5%,pair_04,F08,F03,raw_HR_eigenvalue_eV
Strain_b_Tension_0.5pct,0.5,56,57,1,-1,161,0.0425181041623258,56,57,8.499371545347179,8.52622828664894,8.499371545347179,8.52622828664894,raw_HR_eigenvalue_eV,0.0577923767495585,-0.0288961883747792,0.0288961883747792,0.00137475,0.0563663,0.0,b +0.5%,pair_04,F08,F03,raw_HR_eigenvalue_eV
Strain_b_Tension_0.5pct,0.5,56,57,1,-1,162,0.0431169506998234,56,57,8.499116063751789,8.527058374328051,8.499116063751789,8.527058374328051,raw_HR_eigenvalue_eV,0.0577923767495585,-0.0288961883747792,0.0288961883747792,0.00137475,0.0563663,0.0,b +0.5%,pair_04,F08,F03,raw_HR_eigenvalue_eV
Strain_b_Tension_0.5pct,0.5,56,57,1,-1,163,0.0437157972373209,56,57,8.498862145430854,8.527878969183243,8.498862145430854,8.527878969183243,raw_HR_eigenvalue_eV,0.0577923767495585,-0.0288961883747792,0.0288961883747792,0.00137475,0.0563663,0.0,b +0.5%,pair_04,F08,F03,raw_HR_eigenvalue_eV
Strain_b_Tension_0.5pct,0.5,56,57,1,-1,164,0.0443146437748185,56,57,8.498609841386134,8.528689616709032,8.498609841386134,8.528689616709032,raw_HR_eigenvalue_eV,0.0577923767495585,-0.0288961883747792,0.0288961883747792,0.00137475,0.0563663,0.0,b +0.5%,pair_04,F08,F03,raw_HR_eigenvalue_eV
Strain_b_Tension_0.5pct,0.5,56,57,1,-1,165,0.044913490312316,56,57,8.49835919614668,8.529489804631181,8.49835919614668,8.529489804631181,raw_HR_eigenvalue_eV,0.0577923767495585,-0.0288961883747792,0.0288961883747792,0.00137475,0.0563663,0.0,b +0.5%,pair_04,F08,F03,raw_HR_eigenvalue_eV
Strain_b_Tension_0.5pct,0.5,56,57,1,-1,166,0.0455123368498135,56,57,8.498110248150795,8.530278957371795,8.498110248150795,8.530278957371795,raw_HR_eigenvalue_eV,0.0577923767495585,-0.0288961883747792,0.0288961883747792,0.00137475,0.0563663,0.0,b +0.5%,pair_04,F08,F03,raw_HR_eigenvalue_eV
Strain_b_Tension_0.5pct,0.5,56,57,1,-1,167,0.0461111833873111,56,57,8.497863030084803,8.531056431530976,8.497863030084803,8.531056431530976,raw_HR_eigenvalue_eV,0.0577923767495585,-0.0288961883747792,0.0288961883747792,0.00137475,0.0563663,0.0,b +0.5%,pair_04,F08,F03,raw_HR_eigenvalue_eV
Strain_b_Tension_0.5pct,0.5,56,57,1,-1,168,0.0467100299248086,56,57,8.497617569185882,8.531821513319862,8.497617569185882,8.531821513319862,raw_HR_eigenvalue_eV,0.0577923767495585,-0.0288961883747792,0.0288961883747792,0.00137475,0.0563663,0.0,b +0.5%,pair_04,F08,F03,raw_HR_eigenvalue_eV
Strain_b_Tension_0.5pct,0.5,56,57,1,-1,169,0.0473088764623062,56,57,8.49737388751471,8.532573419219373,8.49737388751471,8.532573419219373,raw_HR_eigenvalue_eV,0.0577923767495585,-0.0288961883747792,0.0288961883747792,0.00137475,0.0563663,0.0,b +0.5%,pair_04,F08,F03,raw_HR_eigenvalue_eV
Strain_b_Tension_0.5pct,0.5,56,57,1,-1,170,0.0479077229998037,56,57,8.497132002203072,8.533311301482223,8.497132002203072,8.533311301482223,raw_HR_eigenvalue_eV,0.0577923767495585,-0.0288961883747792,0.0288961883747792,0.00137475,0.0563663,0.0,b +0.5%,pair_04,F08,F03,raw_HR_eigenvalue_eV
Strain_b_Tension_0.5pct,0.5,56,57,1,-1,171,0.0485065695373013,56,57,8.496891925680574,8.534034260348703,8.496891925680574,8.534034260348703,raw_HR_eigenvalue_eV,0.0577923767495585,-0.0288961883747792,0.0288961883747792,0.00137475,0.0563663,0.0,b +0.5%,pair_04,F08,F03,raw_HR_eigenvalue_eV
Strain_b_Tension_0.5pct,0.5,56,57,1,-1,172,0.0491054160747988,56,57,8.496653665883965,8.534741364853618,8.496653665883965,8.534741364853618,raw_HR_eigenvalue_eV,0.0577923767495585,-0.0288961883747792,0.0288961883747792,0.00137475,0.0563663,0.0,b +0.5%,pair_04,F08,F03,raw_HR_eigenvalue_eV
Strain_b_Tension_0.5pct,0.5,56,57,1,-1,173,0.0497042626122964,56,57,8.496417226452028,8.535431683652513,8.496417226452028,8.535431683652513,raw_HR_eigenvalue_eV,0.0577923767495585,-0.0288961883747792,0.0288961883747792,0.00137475,0.0563663,0.0,b +0.5%,pair_04,F08,F03,raw_HR_eigenvalue_eV
Strain_b_Tension_0.5pct,0.5,56,57,1,-1,174,0.0503031091497939,56,57,8.496182606908524,8.536104326179016,8.496182606908524,8.536104326179016,raw_HR_eigenvalue_eV,0.0577923767495585,-0.0288961883747792,0.0288961883747792,0.00137475,0.0563663,0.0,b +0.5%,pair_04,F08,F03,raw_HR_eigenvalue_eV
Strain_b_Tension_0.5pct,0.5,56,57,1,-1,175,0.0509019556872915,56,57,8.495949802835199,8.536758492565195,8.495949802835199,8.536758492565195,raw_HR_eigenvalue_eV,0.0577923767495585,-0.0288961883747792,0.0288961883747792,0.00137475,0.0563663,0.0,b +0.5%,pair_04,F08,F03,raw_HR_eigenvalue_eV
Strain_b_Tension_0.5pct,0.5,56,57,1,-1,176,0.051500802224789,56,57,8.495718806036626,8.537393528295597,8.495718806036626,8.537393528295597,raw_HR_eigenvalue_eV,0.0577923767495585,-0.0288961883747792,0.0288961883747792,0.00137475,0.0563663,0.0,b +0.5%,pair_04,F08,F03,raw_HR_eigenvalue_eV
Strain_b_Tension_0.5pct,0.5,56,57,1,-1,177,0.0520996487622866,56,57,8.49548960469821,8.538008977104846,8.49548960469821,8.538008977104846,raw_HR_eigenvalue_eV,0.0577923767495585,-0.0288961883747792,0.0288961883747792,0.00137475,0.0563663,0.0,b +0.5%,pair_04,F08,F03,raw_HR_eigenvalue_eV
Strain_b_Tension_0.5pct,0.5,56,57,1,-1,178,0.0526984952997841,56,57,8.495262183538557,8.538604624099863,8.495262183538557,8.538604624099863,raw_HR_eigenvalue_eV,0.0577923767495585,-0.0288961883747792,0.0288961883747792,0.00137475,0.0563663,0.0,b +0.5%,pair_04,F08,F03,raw_HR_eigenvalue_eV
Strain_b_Tension_0.5pct,0.5,56,57,1,-1,179,0.0532973418372817,56,57,8.495036523957127,8.539180521419249,8.495036523957127,8.539180521419249,raw_HR_eigenvalue_eV,0.0577923767495585,-0.0288961883747792,0.0288961883747792,0.00137475,0.0563663,0.0,b +0.5%,pair_04,F08,F03,raw_HR_eigenvalue_eV
Strain_b_Tension_0.5pct,0.5,56,57,1,-1,180,0.0538961883747792,56,57,8.494812604177909,8.539736991323766,8.494812604177909,8.539736991323766,raw_HR_eigenvalue_eV,0.0577923767495585,-0.0288961883747792,0.0288961883747792,0.00137475,0.0563663,0.0,b +0.5%,pair_04,F08,F03,raw_HR_eigenvalue_eV
