state,lambda_nm,theta_deg,r_pp_real,r_pp_imag,abs_r_pp,arg_r_pp_deg,r_ss_real,r_ss_imag,abs_r_ss,arg_r_ss_deg,r_ps_real,r_ps_imag,abs_r_ps,arg_r_ps_deg,r_sp_real,r_sp_imag,abs_r_sp,arg_r_sp_deg
0%,400.0,70.5,0.2726898766956038,-0.05754368961400698,0.2786952548334054,-11.915876039462006,-0.8517052819577071,0.028305814574276365,0.8521755138780805,178.09651643948573,5.446934471820952e-05,0.00022389645477641557,0.00023042684734092647,76.32674917178637,1.6556400302255562e-05,0.00022284712338633788,0.00022346130491101638,85.75102319330239
0%,400.95,70.5,0.2720922872793416,-0.05935260946088776,0.2784904756840356,-12.305406631817,-0.8513699111851525,0.02865076369379717,0.8518518603205913,178.0725786168577,3.8779602105113166e-05,0.0002513128283864591,0.0002542872298229558,81.22798459260905,1.080014358491048e-05,0.0003042577192687375,0.00030444934362890087,87.96704273251252
0%,401.9,70.5,0.2714492889179533,-0.06087630490604213,0.278191734156635,-12.640239766049888,-0.8508457592028227,0.028975745086952297,0.8513390040147178,178.0495330389069,1.4690646721424025e-05,0.00028938526252593493,0.00028975790803410003,87.09387371997572,2.245434021149291e-05,0.00032938348288516077,0.00033014796105972316,86.10013382254868
0%,402.85,70.5,0.2710503436708991,-0.062498794003032536,0.27816252094044946,-12.984323594073594,-0.8501847406262951,0.02927976518406132,0.8506887784866064,178.02755317612525,-3.298232290645775e-05,0.0003436456336357079,0.00034522478929125734,95.48232530161124,-3.188059514330775e-07,0.0003662510917672566,0.0003662512305207207,90.04987351928213
0%,403.8,70.5,0.2700200002177953,-0.06423619338645266,0.27755556030892253,-13.3815968695132,-0.8495359031142361,0.02943670810604037,0.8500457461009031,178.01547572737007,-1.4184223684711746e-05,0.0004750937975517529,0.00047530548984172684,91.71009349767951,3.843425286273555e-05,0.00036992107332276995,0.0003719123448897426,84.06833599406816
0%,404.75,70.5,0.26825794176968754,-0.06590058982701023,0.2762339788332654,-13.80203839074423,-0.8491495823158937,0.029363420830998774,0.8496571212142902,178.01951267737178,8.431997226097079e-05,0.0005014023430960803,0.000508442885075925,80.45398713146307,9.078195117443746e-05,0.0004593787904280067,0.0004682629984892427,78.82130478880252
0%,405.7,70.5,0.26627652717326655,-0.06708628905926763,0.274597449192812,-14.140928487080966,-0.8490297487672138,0.029177566863074246,0.8495309557042448,178.03176061900172,0.00014052486481638352,0.0005238235812461248,0.0005423452607898205,74.98298309838746,0.00015938933180041382,0.000500699445108155,0.0005254568425888056,72.34199215154858
0%,406.65,70.5,0.26504835263840465,-0.06795277741835509,0.27362055696749216,-14.379703206464894,-0.8491974126418984,0.02892837235052997,0.8496900001556718,178.048942542031,0.00020355947638427344,0.0005696734572668508,0.0006049498395240767,70.33683999674103,0.00022747048523254603,0.0005079949229535637,0.0005565982962590948,65.87807060878811
0%,407.6,70.5,0.26401378338022524,-0.06885161242797927,0.272843952376946,-14.61649546169037,-0.849533508647707,0.028764110951940015,0.8500203270476179,178.0607794880903,0.00025109770835532875,0.0005775962805172268,0.0006298154669493539,66.50402970741241,0.00025104428036625605,0.0005243995925843215,0.0005813932949451806,64.41829987933211
0%,408.55,70.5,0.2631239885360184,-0.06970942078640839,0.27220146342273643,-14.838475898953709,-0.8498845589805535,0.02873742969530998,0.8503702743270503,178.06337657077725,0.00033505868800646766,0.000591414219621298,0.0006797316408545981,60.4667939268213,0.0003353996648231343,0.000574414900587957,0.0006651657035513358,59.71943321169706
0%,409.5,70.5,0.2620750276718256,-0.07055070667244281,0.27140508901118493,-15.066866615868847,-0.8498880556149605,0.02889667041529779,0.8503791652187092,178.0526615393188,0.0003959120621207644,0.0006227919701308389,0.0007379811643884739,57.55566957000792,0.00040275696784631675,0.0005719495351295957,0.0006995280165109326,54.84745602461177
0%,410.45,70.5,0.2611670470600187,-0.07118942562304845,0.2706956977688962,-15.247369023017425,-0.8498127717095684,0.02896598025416447,0.8503062830373439,178.04782158583913,0.0004848908416761802,0.0006348230572327429,0.0007988237867863981,52.62666838893023,0.00047956657744581264,0.0006001843416032069,0.0007682482320895802,51.3740213899432
0%,411.4,70.5,0.26076740987971786,-0.0717177200482141,0.27044976136852256,-15.377616251773178,-0.8498786028789777,0.0289578845250111,0.8503718002777885,178.04851783566863,0.0005799562208937577,0.000627409437545084,0.0008543955878128162,47.250743458857315,0.0005822957588364652,0.0006206455440785739,0.000851040094321956,46.82597180472778
0%,412.35,70.5,0.26065709929579367,-0.07242414017085806,0.27053166079552565,-15.528067853641682,-0.8500236909746115,0.028989271507743452,0.850517873463369,178.0467374891302,0.0006599830171762764,0.0006157090917549376,0.0009025936342733597,43.01230147625557,0.0006651497989661446,0.0005773771064109585,0.0008807886114569113,40.95931103441839
0%,413.3,70.5,0.2602745695460262,-0.07329048648813745,0.2703966474681908,-15.726641986935435,-0.8501007006991876,0.02905653897652272,0.8505971336576111,178.0423858267,0.0006583412201647342,0.0005443552106605425,0.0008542457243330367,39.585942520799186,0.0006602528244280642,0.0005497920567541113,0.0008591886276221025,39.784124856181755
0%,414.25,70.5,0.25981880749297115,-0.07413888747656402,0.27018953970006354,-15.926013806695915,-0.8502278959543709,0.029077011013569475,0.8507249541587926,178.0413004865428,0.000626646474748401,0.0005361234916563388,0.0008246903677262047,40.54843633615766,0.0006543764307895464,0.000494115169259845,0.0008199745811094093,37.05620425591158
0%,415.2,70.5,0.2592912855805334,-0.07492293189561147,0.26989890051988014,-16.116795686083133,-0.8504846291611523,0.029063333108273883,0.8509810701600508,178.04281167600234,0.0005980038194077629,0.0005222974620457589,0.0007939793491557027,41.13401318544582,0.0006106845373729109,0.00046076546297178994,0.0007650100757859168,37.03479130390949
0%,416.15,70.5,0.2595069211686675,-0.07575759632750391,0.27033877919337074,-16.274055994364474,-0.8509540140213506,0.029015960315026932,0.8514485656409624,178.0470763770681,0.0006066216527516667,0.0005230066599244305,0.0008009530547494483,40.766691308420405,0.0006103068355940327,0.000463431007339181,0.0007663176444113822,37.210892877819035
0%,417.1,70.5,0.2591433647986654,-0.07680071768599737,0.27028435721709543,-16.507917935498945,-0.8517813071914102,0.02896335927175933,0.8522735895597214,178.05250584814863,0.0006312532616364985,0.0004898408778215757,0.0007990148721467765,37.81080268363805,0.0006200896206840188,0.0004580839577164741,0.0007709423130152079,36.45470216981971
0%,418.05,70.5,0.2585625775542273,-0.07812410370733512,0.270107352901694,-16.81207427288225,-0.8524434739758256,0.029337148646710318,0.8529481488429957,178.02892309445596,0.0006394178068449401,0.00045552620534838005,0.0007850855083807672,35.46636647173819,0.0006121090929157978,0.00047952593575510645,0.0007775748611497232,38.07512997946147
0%,419.0,70.5,0.25706634830245473,-0.07942901219603478,0.2690577547813793,-17.170235605857776,-0.8525392228021137,0.029830129366198166,0.8530609374681484,177.99605286053625,0.0006298545943106516,0.0004256634904151644,0.000760201431889375,34.05131192578577,0.0006212735470278001,0.0004711647145907736,0.0007797288044646736,37.17614453088403
0%,419.95,70.5,0.25550635199818067,-0.08036380541999277,0.267846667205326,-17.45980188131978,-0.8526390730690467,0.03019084599183206,0.8531734150251904,177.97207784352813,0.0005805784352874082,0.0004062984229212488,0.000708625238041286,34.98496696629315,0.0005955158900969904,0.0004361859237825999,0.0007381716165391967,36.22093133378639
0%,420.9,70.5,0.25448746817338647,-0.08106039611082438,0.2670854905736067,-17.66793173568242,-0.8529748193397283,0.030492956428579174,0.8535196909382919,177.95260777471634,0.0005287016930188936,0.00040690978101636535,0.000667158939150058,37.583306951199035,0.0005699649784467446,0.0004229802274887692,0.0007097692227071056,36.57970749237543
0%,421.85,70.5,0.25384744691968075,-0.08167519506478739,0.2666633904316661,-17.835534102205703,-0.8533533983559336,0.030901009541940545,0.8539126974558534,177.92615324125066,0.0005433640851055658,0.00045483770317285017,0.0007086055780264239,39.93193397320514,0.0006181452182265917,0.0004015754137882202,0.0007371338574340355,33.00959667619783
0%,422.8,70.5,0.2534996486907297,-0.08225383662225047,0.2665103478767818,-17.9768563692139,-0.8535166392792943,0.031502345987573975,0.854097799627971,177.88623625096287,0.0005483874943608965,0.0004760608419417377,0.000726197472593852,40.96158526987714,0.0006269949660405062,0.00033374253863201973,0.0007102863996534643,28.02588277822155
0%,423.75,70.5,0.2534197426896287,-0.08285591230247187,0.2666208322475056,-18.105223532411536,-0.8534005373845469,0.03222787742716106,0.8540088484855959,177.83730588550262,0.0005137140735965813,0.0004575429267044602,0.0006879299958487613,41.69007414032752,0.0005610104803605568,0.00031641355083934444,0.0006440887316427335,29.423280311194738
0%,424.7,70.5,0.2534669736787274,-0.08349610936586346,0.26686533500079945,-18.23271667184847,-0.8530084167104481,0.03300349892395593,0.8536466423058718,177.784290945052,0.00047470848054125534,0.0004586237378952479,0.0006600635381982529,44.01268098413689,0.00049087067756982,0.00031920005547500865,0.0005855277085784266,33.03487094758072
0%,425.65,70.5,0.253740173918128,-0.08419323143464671,0.26734355440034424,-18.356300300714107,-0.8525242278655939,0.03364159241341713,0.8531877377447109,177.7402147280982,0.00048851486855232,0.0004672577032455416,0.0006760003979577151,43.72590495753405,0.00047064185957741315,0.0003751576226123938,0.0006018695886906637,38.559018821909405
0%,426.6,70.5,0.25397739273470843,-0.08503705712392896,0.26783542914375363,-18.511646640617666,-0.8521655307037359,0.03420425919441707,0.8528517005122396,177.70149318781802,0.0005510649015226141,0.0004736618592513909,0.0007266554084293413,40.68034907382535,0.000499817033063353,0.00044280323572756786,0.0006677512801268575,41.53871737772237
0%,427.55,70.5,0.25399250752295105,-0.08601515808973989,0.2681618938234873,-18.70879095171488,-0.851706326248533,0.03482446697366809,0.8524179782663976,177.65860119849145,0.000591875748228176,0.000461838711929647,0.0007507408988309473,37.96479978156596,0.0005364552065258207,0.00048507468309400557,0.0007232438294153714,42.120585113052144
0%,428.5,70.5,0.25402452608717446,-0.08687713188236416,0.26846991618786503,-18.88083819557873,-0.8510632960787891,0.035396929203831425,0.8517990822544678,177.61835994784076,0.000594784378761173,0.0004652918269485414,0.0007551588849000096,38.03559444497598,0.0005619823072987175,0.0004901998401082541,0.0007457345351792071,41.09718774460398
0%,429.45,70.5,0.2546459506983427,-0.08777089461662631,0.26934789798486586,-19.01795339547407,-0.8505341602319938,0.03581602330032288,0.85128793322036,177.5886973279059,0.000579353965857249,0.00049295998238128,0.0007606974181524966,40.3937541312959,0.0005553411335801797,0.00048225225679127197,0.0007355073173166899,40.97069674587086
0%,430.4,70.5,0.2551810140309618,-0.08912645885505735,0.2702977535791079,-19.25265348792967,-0.850166867461414,0.036128436058771356,0.8509341727896502,177.56663983307874,0.0006057682133792764,0.0005124811991895864,0.0007934684038218014,40.23129220835121,0.0005650363200034774,0.0005251551451647536,0.0007713974134102898,42.904951014137986
0%,431.35,70.5,0.255057696516169,-0.09065661650551601,0.2706899530244194,-19.567030217912276,-0.8498464402363088,0.03645198426293707,0.8506278382107133,177.5439498732431,0.0006598828815415599,0.0005163428974541162,0.0008378874656556836,38.04234763755449,0.0006324854928899251,0.0005679234787728968,0.0008500441026545155,41.92140726307501
0%,432.3,70.5,0.2546810589673726,-0.09228918705775631,0.270886942919964,-19.9190789007435,-0.8494940624298889,0.036813152100167376,0.8502913443468575,177.51861787742425,0.0006761247515453022,0.0005521038866104594,0.0008729051387536744,39.23407985399783,0.0006883075581167639,0.0005527288358643018,0.0008827663680479499,38.765368532712
0%,433.25,70.5,0.25399565661475665,-0.09414193598700646,0.270880965906693,-20.336916268587167,-0.8490988461997917,0.037133093576074035,0.8499104171948636,177.49591609161862,0.000692301136656832,0.0005797625068104923,0.0009029980222124119,39.94424300826407,0.0007130916729038978,0.0005285002250262407,0.0008875878670969239,36.54359571932598
0%,434.2,70.5,0.25239182933211574,-0.09597956969528344,0.27002539382899454,-20.820809209432934,-0.8486698394252491,0.0374407787121652,0.849495325626134,177.47391932153485,0.0007190609297121132,0.0005985207619664226,0.0009355617153044024,39.77279406561328,0.0007285354565602294,0.0005330566515036659,0.0009027254871652415,36.19228157962311
0%,435.15,70.5,0.25132028539370077,-0.09727000036314778,0.2694871774705022,-21.158231899623534,-0.8483054176677209,0.03764413054008176,0.8491402488449863,177.45912772461375,0.0007818591675890494,0.0006293025160086423,0.0010036560240430227,38.829879817410664,0.0007791820836990862,0.000552611224347697,0.0009552506921393517,35.34501397409289
0%,436.1,70.5,0.25115396560432957,-0.09855518247853867,0.2697988851573683,-21.425510210417436,-0.8481339412927148,0.03773837184597415,0.8489731250648039,177.45226074960758,0.0008612096380136658,0.0006386054084903791,0.001072146868838777,36.55772732520833,0.0008374300336986399,0.0005660802485697199,0.0010108095315939898,34.05763892675271
0%,437.05,70.5,0.2507701524652777,-0.10040552607034399,0.27012393272888857,-21.820604111906643,-0.8481346311693712,0.03785638624089391,0.848979068392163,177.44430615305907,0.0009194285181438348,0.0006048433600535187,0.0011005381820623028,33.33880134892607,0.0008654047829669742,0.0005889814669315416,0.0010468164150274615,34.238613637739014
0%,438.0,70.5,0.24923203851391015,-0.10263818812568556,0.269538877870193,-22.382735735022447,-0.847948967672217,0.038154159823161976,0.8488069225025145,177.42366713462104,0.0009537863056019946,0.0005982965434425635,0.0011259072211551096,32.099462081454405,0.0009104786852261845,0.0005968407195731087,0.0010886644482078708,33.2458071347349
0%,438.95,70.5,0.2465497121904754,-0.10500364499638952,0.2679785925101743,-23.06878558314266,-0.8476054745279418,0.0384510413361244,0.8484771788501855,177.4025970107939,0.0009988572204374859,0.0006105202456778194,0.001170662512085616,31.434055045820273,0.0009586084765863408,0.0005892554842018349,0.0011252343031765092,31.57899265822971
0%,439.9,70.5,0.2437712843950425,-0.10668751076776267,0.26609521613405634,-23.63678983063087,-0.8472651026383977,0.03868598413100571,0.8481478406015304,177.38569997876323,0.0010787240080464993,0.0006067216002983992,0.0012376415417254523,29.355306205294152,0.0010204375083890836,0.0006056975736985359,0.0011866601279690889,30.69195077892622
0%,440.85,70.5,0.24166114990834817,-0.10814017467742984,0.264753486765123,-24.107885781930005,-0.8468956076577739,0.03890388076490678,0.847788701392393,177.36985027527516,0.001144355949286125,0.00057101195079061,0.0012789078100520954,26.51832762314975,0.0010835383732478077,0.0006009409396254765,0.0012390259961834764,29.013177353688025
0%,441.8,70.5,0.2397657232915276,-0.10964678152210837,0.2636475275129019,-24.57499688882087,-0.8464974344529452,0.03908075434499256,0.8473990865557928,177.35666838537878,0.0011592234120162345,0.000550401352498728,0.0012832538984156603,25.39845149275939,0.0011072160739782682,0.0005863817916434203,0.0012529050403150262,27.905700823510134
0%,442.75,70.5,0.2376465200684642,-0.11139308936857224,0.2624581659231156,-25.11410017985344,-0.8461658061167698,0.03916152750856615,0.8470715416527976,177.35017621843747,0.0012207584769095988,0.0005426160252608585,0.0013359204354363833,23.964711253228156,0.0011757494945519116,0.0005774978896780674,0.0013099201069232036,26.15908270396776
0%,443.7,70.5,0.23489360311608742,-0.1132305823059168,0.260760751560113,-25.736415308139176,-0.8459532752106375,0.03914003872606208,0.8468582446142224,177.35096375443058,0.0012887842957543393,0.0005217651810003978,0.0013903970170736797,22.040596565823968,0.0012491210135635456,0.0005592193069552245,0.0013685866942936063,24.11759739476894
0%,444.65,70.5,0.23209800529402277,-0.1148221999484048,0.2589471406724849,-26.322260208078443,-0.8458811188951068,0.03904224617271365,0.8467816508932209,177.357347969763,0.001334891499780713,0.00046965694795762314,0.0014151017507415045,19.383480699416353,0.0012983850788346213,0.0005042561948988983,0.0013928668719710084,21.224767737600956
0%,445.6,70.5,0.22923850439585614,-0.11647780431164366,0.25713298270527357,-26.93546535964258,-0.8459072981249296,0.03891114636280973,0.846801768026193,177.36629060064033,0.0013350818161130304,0.0003980992471952442,0.001393171370052187,16.603707566631115,0.0013012255123588687,0.000434965049984804,0.0013719994273766602,18.483409773708225
0%,446.55,70.5,0.2259355100396246,-0.11797027402963922,0.2548800507130628,-27.57092345158033,-0.8460324355844272,0.038747808658350695,0.8469192846645671,177.37771805969078,0.001309617219091953,0.0003298881851491471,0.001350527110147419,14.138475210444927,0.0012795901063096418,0.000370564371600014,0.0013321669541258084,16.150812964119304
0%,447.5,70.5,0.22296560201574384,-0.11908155107752233,0.2527727744225466,-28.105799963806316,-0.846268850305578,0.03857046149041326,0.847147358785417,177.39043170807508,0.0012742741011423676,0.0002607191847964678,0.0013006725099590302,11.563247164929553,0.001252983642073859,0.0003038152357863538,0.0012892911637022067,13.629656393650075
0%,448.45,70.5,0.22043822914503924,-0.12013462085059039,0.25104848136468766,-28.589539581819334,-0.8465956621294686,0.03841667668622739,0.8474668466577601,177.40182404262544,0.0012118232068439399,0.0002035110835567769,0.0012287930036324196,9.533177116478164,0.001205619735342335,0.00023138690425077862,0.001227623250718917,10.864304633065647
0%,449.4,70.5,0.21746379034764537,-0.12110506454417985,0.2489115038936823,-29.11332917248018,-0.8469724527003692,0.038304975706080956,0.8478381961182939,177.4105191549797,0.0011506206859574575,0.0001634629026773665,0.0011621738611347788,8.08561749238882,0.001153102549195947,0.00016864376052231679,0.0011653695580910374,8.32064190890743
0%,450.35,70.5,0.21463671536298684,-0.12185998280763005,0.24681729070648134,-29.585741438993697,-0.8474039733040954,0.038247266528672726,0.8482666723197861,177.41572995732298,0.0011091776205351552,0.00013736578730365524,0.0011176512664590782,7.059832558197879,0.0011129579077038484,0.00012767204809856073,0.0011202568706266474,6.544033058923597
0%,451.3,70.5,0.2120322967112241,-0.12244930875599187,0.2448500113609489,-30.00656700699942,-0.8479080236837071,0.038281132365003794,0.8487717371133165,177.41498036187463,0.0010804387916785688,0.00010654225461294628,0.001085679158214735,5.631739461655476,0.0010800572139597938,9.493091986740786e-05,0.0010842211328753301,5.0230663797144315
0%,452.25,70.5,0.2096163937667651,-0.12293332594773056,0.2430054220883857,-30.39026259241352,-0.8481744285911371,0.03854520047235912,0.849049818205832,177.39798941114805,0.001050188518693103,7.898307805384415e-05,0.0010531544290433733,4.301031127980529,0.0010460442728253553,6.428357471982691e-05,0.0010480176518978513,3.516630681197803
0%,453.2,70.5,0.20729872319711015,-0.12332249568151431,0.2412077912926305,-30.7485129108446,-0.8483342081147993,0.03886616932915988,0.8492240621744573,177.376845879937,0.0010303981234856998,4.2651916206560044e-05,0.001031280504440447,2.37032698006022,0.001011281785838061,3.9791794352114074e-05,0.0010120643444295322,2.2533050389117917
0%,454.15,70.5,0.20508769408311717,-0.123591641350152,0.23944906781183103,-31.074355003633684,-0.8482891028500659,0.03930888386377264,0.8491993819856354,177.34686779288884,0.0009876959630755375,-9.599897814022507e-06,0.0009877426150135232,-0.5568680340654887,0.0009567235068421283,1.5567232391197853e-05,0.000956850148805246,0.9322003743962557
0%,455.1,70.5,0.2031415770808429,-0.12372283503560781,0.23785255989402396,-31.34339285151119,-0.848114399414458,0.03976084714394622,0.8490459112790962,177.3158551268997,0.000931745835084209,-4.6275241690854884e-05,0.0009328942593833007,-2.84326388757607,0.0009041830165081485,6.310434355298347e-07,0.0009041832367156517,0.039987612037377974
0%,456.05,70.5,0.20139372291103433,-0.1238038035518364,0.2364039200222115,-31.58050465306528,-0.8478895176939167,0.04014496706151362,0.8488393561773587,177.28924502803656,0.0008729478765457188,-6.506905159829241e-05,0.000875369622868866,-4.2629122622235505,0.0008574443183949932,-2.089713962284066e-05,0.0008576989271255217,-1.3961034058276722
0%,457.0,70.5,0.19972024831546883,-0.12387873617419477,0.23501940103597466,-31.809724939496085,-0.8478087312962687,0.04047823196989904,0.8487744883805107,177.26651553125194,0.0008315555459324861,-5.584786359277173e-05,0.0008334288270986022,-3.84225544224395,0.0008187990740129433,-3.409772461444176e-05,0.000819508742130513,-2.3846235440998997
0%,457.95,70.5,0.19812642323293617,-0.12388238681175578,0.23366840895862245,-32.01648092043718,-0.8476873520802382,0.04093506986492846,0.8486751597764908,177.23531777057866,0.0008295429221441845,-5.456718045570317e-05,0.0008313356944474343,-3.763483882215401,0.0008085597534837652,-1.7631874842776405e-05,0.0008087519755550515,-1.2492236037529678
0%,458.9,70.5,0.19669147239410129,-0.12383979901246499,0.2324302715482801,-32.19511231919312,-0.8472723458771143,0.041501701274143814,0.8482881699615742,177.1957383927102,0.0008369152152640508,-5.2915372175569644e-05,0.0008385863784685221,-3.617806296065333,0.0008138579086567696,1.1486183236186198e-07,0.0008138579167621406,0.008086298735660951
0%,459.85,70.5,0.19541866373392863,-0.12377359279884768,0.2313187333742973,-32.34920942221481,-0.8467219861035047,0.04203834677865329,0.8477649110165777,177.1576931268448,0.0008620646946757542,-4.6162542369279537e-05,0.0008632997846196863,-3.0651935130676495,0.0008497050337949403,1.412866621666446e-05,0.0008498224895032624,0.9526109878706372
0%,460.8,70.5,0.1942483451956117,-0.12373953437537459,0.2303125962223257,-32.497836911660556,-0.8461631335360541,0.04246502005313219,0.8472280250815993,177.12699975611451,0.0008855432945992341,-4.664930464240482e-05,0.0008867711566313408,-3.015482140883253,0.0008862278605326957,2.6650348125746458e-06,0.0008862318676254603,0.17229743448791762
0%,461.75,70.5,0.19309010356371828,-0.1237063086648428,0.22931864053698037,-32.64631501404461,-0.8457529824866507,0.04273097582530403,0.8468317682279329,177.1076371607094,0.0008927073117912746,-5.7831223845490465e-05,0.0008945785571860479,-3.70654684181127,0.0008998849994936265,-2.0752237605015887e-05,0.0009001242512449375,-1.321063159892262
0%,462.7,70.5,0.1919726973118879,-0.12371014687071197,0.22838064049296047,-32.79835215238603,-0.8455125155779725,0.04302262070686293,0.8466063783668758,177.0871034666559,0.0008949941223389685,-9.981264554157911e-05,0.0009005426382083802,-6.363516047357823,0.0008933865152691606,-5.9500020019749065e-05,0.0008953656895632782,-3.8103025271272335
0%,463.65,70.5,0.1907768139040396,-0.12374186995600045,0.2273935863290438,-32.96829355648038,-0.8451376496132591,0.043292356588641376,0.8462457532731387,177.06757458283417,0.0008427339108708789,-0.00015643255012067544,0.0008571298543797107,-10.515843560435794,0.0008432642653771234,-9.558122393451516e-05,0.0008486638861356359,-6.466688388512773
0%,464.6,70.5,0.18954926482987203,-0.12375676125175346,0.2263728335138041,-33.14052947718513,-0.844821917768091,0.04351483161216115,0.8459418498405135,177.05143204915504,0.0007740326876821355,-0.00019275205459925708,0.0007976715841451702,-13.98355406343499,0.000791052643530596,-0.0001364312164816369,0.0008027314380709176,-9.78541959454727
0%,465.55,70.5,0.18837649261921013,-0.12374873084488647,0.22538733628408558,-33.301806768536046,-0.8445732725838786,0.04363665764280467,0.8456998111938289,177.0423227882956,0.0006984017602701242,-0.00020560536758847732,0.0007280374893709808,-16.404118466047343,0.0007323474592832598,-0.0001668019258943047,0.0007511029780267782,-12.830994293581208
0%,466.5,70.5,0.18710776210040567,-0.12378061614610626,0.22434561634168765,-33.48651708533457,-0.844499059442557,0.0436355623775659,0.8456256404008631,177.04213744556782,0.0006646953581380097,-0.0001856876318407636,0.0006901447788318389,-15.608104376218703,0.0007121514358755422,-0.0001753877668282268,0.0007334306622800747,-13.835398495825988
0%,467.45,70.5,0.1858553518162413,-0.12365769990619242,0.22323404432305743,-33.6375609374477,-0.8445699032373339,0.04358991846585542,0.8456940359528259,177.04547337136825,0.0006526496545023817,-0.00017273206112075013,0.0006751206828864753,-14.82417118705896,0.0007126474728682324,-0.00019478582403403732,0.0007387881549064636,-15.287098887237226
0%,468.4,70.5,0.18488745994871403,-0.12342935740304142,0.2223019998003056,-33.72674960195591,-0.8448235753698985,0.04351047956798942,0.8459432813924436,177.05173219816857,0.0006301949841112556,-0.00017980299841777278,0.0006553432964782713,-15.924151788222822,0.0006921148348550315,-0.00022439882122924552,0.0007275835179520509,-17.9638322136105
0%,469.35,70.5,0.18403216963966018,-0.12317306155828227,0.22144850994287826,-33.79446627100394,-0.8451483344271645,0.043519622859116175,0.8462680809051054,177.0522448910303,0.0005844980145563671,-0.00018953325936792457,0.0006144597508600251,-17.966153802890553,0.000643170403010172,-0.00025784361001868927,0.0006929296461659993,-21.845588014021356
0%,470.3,70.5,0.18322789623110966,-0.12286921873440106,0.22061121202169298,-33.84507001536344,-0.8452686541356148,0.04371934813396985,0.8463985344183276,177.03916150664656,0.0005664488432953805,-0.00019548126976362868,0.0005992305223359997,-19.039533916671996,0.0006126120586237986,-0.0002605641098915824,0.0006657230578362756,-23.041649399495746
0%,471.25,70.5,0.18263778018419471,-0.1224335460254946,0.21987844810937504,-33.83642350139119,-0.8454168365739051,0.043919919004311754,0.8465569011283142,177.0261228383366,0.0005396648132368552,-0.00020803368189477176,0.0005783736884131789,-21.08099451596033,0.0005781942595224548,-0.0002705714986064669,0.0006383710031031086,-25.07769060112927
0%,472.2,70.5,0.18245194586516214,-0.12189151519752331,0.2194225467611114,-33.7458797248144,-0.8452929188918311,0.04420896929494888,0.8464481978802918,177.00614830319452,0.000507450961238815,-0.00021644949770273665,0.0005516854748114766,-23.100317188452742,0.0005381953832538918,-0.00027717338422220453,0.0006053753839371017,-27.248699814550477
0%,473.15,70.5,0.18253175769104552,-0.12131876685210688,0.21917136162441117,-33.60978903782584,-0.84534088659735,0.04433216657129532,0.846502543142133,176.99799061114027,0.00048372831575373615,-0.0002138657556136548,0.0005288966296793219,-23.851159666715525,0.0005070270855805272,-0.0002698831377917415,0.0005743808610813903,-28.025722974651522
0%,474.1,70.5,0.18303532907998743,-0.1207078609798575,0.2192540065625983,-33.40399205249275,-0.8455236582832777,0.04442598197289952,0.8466899813928315,176.99229854091354,0.0004719947873154783,-0.0002023307907535674,0.0005135336679711929,-23.203442226255667,0.0004883537820937463,-0.0002536329507939093,0.0005502900055549728,-27.44570111413756
0%,475.05,70.5,0.18381022023944635,-0.12014115736386345,0.21959074378762503,-33.16924171043945,-0.845681481901613,0.044667529928384825,0.8468602937091875,176.97653898052442,0.0004795061929033427,-0.00017922645828468128,0.0005119065465316187,-20.494384765114894,0.0004889878927597664,-0.00022873149858454006,0.0005398400297406318,-25.068555102363007
0%,476.0,70.5,0.1849853105557358,-0.11964773026225571,0.2203069324336198,-32.89462085879492,-0.8455802310037457,0.045010511780408984,0.8467773457261846,176.95300263420506,0.0005117245596834048,-0.0001647378015669763,0.000537587730745685,-17.84475351002173,0.0005122142808078426,-0.00019173050876547087,0.0005469223504803599,-20.52172870878317
0%,476.95,70.5,0.18624931977973277,-0.11948757327237922,0.22128282645730857,-32.68205361304903,-0.8455290933334427,0.04523782282844834,0.8467383942443686,176.93745911511868,0.0005562509350232892,-0.00012951828760501065,0.0005711305363386007,-13.10729303517716,0.0005605927482494742,-0.0001578422185706112,0.0005823902431816582,-15.725259497451244
0%,477.9,70.5,0.18711460432082258,-0.11952540675710101,0.2220319751985926,-32.56970035899781,-0.8455728156752742,0.0453824882644436,0.8467897949609948,176.92784274578986,0.0006275141417047095,-0.00010599694104275265,0.0006364034487255856,-9.587649319730764,0.0006309598254678851,-0.00012388096764687868,0.0006430060617907043,-11.10800693062163
0%,478.85,70.5,0.18799834464678428,-0.11964717332807671,0.22284259843066342,-32.4737655929366,-0.8457905645422216,0.04544871653459068,0.8470107820466581,176.92415860304715,0.0007060447017654674,-8.556031501522571e-05,0.000711210017081166,-6.909558751288016,0.000716773486399513,-0.00011322847987910532,0.0007256617114475902,-8.976816171097184
0%,479.8,70.5,0.18886401311607448,-0.1198905255870159,0.22370371828791685,-32.407304622130155,-0.8461092223843617,0.04556788113499379,0.8473353810593549,176.91726862470557,0.0007735359416549416,-9.154281416896624e-05,0.0007789338481912127,-6.749182034380192,0.0007881520756666908,-0.00012569937183600828,0.0007981127905613844,-9.06157031858468
0%,480.75,70.5,0.18953586902039485,-0.12036442853760677,0.22452492356640702,-32.4175188292708,-0.8463688429247629,0.045796178186371425,0.8476069302514461,176.90280251488647,0.0007986586421811013,-0.00011927298655178964,0.0008075157410549616,-8.493870512388183,0.0008211832378787091,-0.00017303268556236108,0.0008392152408326981,-11.898813203584643
0%,481.7,70.5,0.18980024498407444,-0.12095818098827738,0.22506668910349115,-32.50903677549097,-0.8465862857310924,0.04608267285541021,0.8478395791218204,176.88426383892246,0.0007841455943922728,-0.0001469505373348058,0.0007977961980529858,-10.614236866796922,0.0007934000521125479,-0.00021833269919983546,0.0008228929518668145,-15.386166069186382
0%,482.65,70.5,0.19007023448604818,-0.1214387123461884,0.22555277629389012,-32.5751170609178,-0.8467956237148163,0.04644555310575441,0.8480684039308765,176.8605524821907,0.0007890952864013678,-0.00018104399751719033,0.000809597616138944,-12.92187160975306,0.000782208677453182,-0.0002397344592753764,0.0008181216450180947,-17.03946511952557
0%,483.6,70.5,0.19047068818992155,-0.12194296014862113,0.22616181947744965,-32.62814525689703,-0.8467072337738517,0.04697177130421752,0.848009131451085,176.82472481210982,0.0008350886623934358,-0.000210906239707849,0.00086130976774083,-14.173967175599042,0.0008083274706586396,-0.00023715640751450484,0.0008423992292533154,-16.351240058254774
0%,484.55,70.5,0.19093029223428737,-0.12249826896513416,0.22684841280494938,-32.68367667240818,-0.8467338507495441,0.04732915911867899,0.8480555779593885,176.80071588539613,0.0008751363964876541,-0.0002818884548848009,0.0009194154737955725,-17.85416621490928,0.0008427957147921882,-0.0002732728801648385,0.0008859924852422066,-17.96506316346824
0%,485.5,70.5,0.19153067470813384,-0.1230961325629279,0.22767665055095768,-32.728721212057295,-0.8468297475887712,0.04768811216325084,0.8481714316357022,176.77686716941224,0.0007891078271791929,-0.0003854421236134947,0.0008782122713621961,-26.033337221450633,0.0007804669298947651,-0.00038388472130001426,0.0008697678471333312,-26.190979218541976
0%,486.45,70.5,0.19200736537842922,-0.1239335336135682,0.2285308493694255,-32.840721686873806,-0.8469213352373327,0.048107161107199696,0.848286535924024,176.74895594787435,0.000624167429857938,-0.00046607363130174494,0.0007789798523005964,-36.74915752551129,0.0006277629772905149,-0.0005015059917586064,0.0008034890263260818,-38.62058586714564
0%,487.4,70.5,0.1922173861270337,-0.12485121678925563,0.22920591149284714,-33.00498680403892,-0.8470100015727987,0.048540398983666,0.8483997366205661,176.72008435635018,0.0005184863315212396,-0.0005176288363723052,0.0007326443122133,-44.95258167885943,0.0005037480843643262,-0.0005322991951644226,0.0007328741813390757,-46.578542084335936
0%,488.35,70.5,0.19237607422806716,-0.12583944196473412,0.22987848766119567,-33.190003065500264,-0.8471502706681286,0.04900591427199565,0.8485665328816108,176.68924581700176,0.000444715986253514,-0.0005310705472748193,0.0006926819144543993,-50.057351680822286,0.0004287869027879836,-0.0005430441046701129,0.0006919213160609205,-51.70542550985739
0%,489.3,70.5,0.19240174175304525,-0.1268929837184681,0.2304783277156031,-33.405688632821565,-0.8472954735935971,0.04955966228718689,0.8487436478102314,176.65249265903358,0.00040927130922616123,-0.0005324083416943193,0.0006715367799766377,-52.44990861880919,0.00039454486245214815,-0.0005375343605224425,0.0006667899498565165,-53.72170211122321
0%,490.25,70.5,0.1922539529138494,-0.12809379658637712,0.23101862075363705,-33.67448625106443,-0.8472157251087136,0.05035567416372356,0.8487108923490769,176.59853186296743,0.00038561887418032834,-0.0005474423037899205,0.0006696230223811898,-54.83909767218683,0.00037571297124599855,-0.0005483388895428397,0.0006647072848612169,-55.581686172356534
0%,491.2,70.5,0.19196801099176117,-0.12937346557398008,0.23149343584377235,-33.97730735938924,-0.8469508706145131,0.051291375264391884,0.8485025529785956,176.53439811015036,0.00032376947602925655,-0.0005793795773900194,0.00066370729113435,-60.8026242996296,0.00033264581942118033,-0.0005947411012712105,0.0006814471503496664,-60.781192347665915
0%,492.15,70.5,0.1912108842884096,-0.13083925711518005,0.2316905554242722,-34.38254023080821,-0.8465025244848363,0.05230948951855287,0.8481172128030964,176.46391276990366,0.00023183463213424977,-0.000613583170378688,0.0006559204247687252,-69.30156294294426,0.00024151334639075137,-0.0006489713646964925,0.0006924539902989129,-69.58735416331793
0%,493.1,70.5,0.1902334928263157,-0.13227741809934065,0.23170260493125164,-34.81252774701265,-0.8458065370530624,0.05335735441419114,0.8474878792005082,176.39030291526802,0.00013678522485506127,-0.0006361921904115916,0.0006507308974371423,-77.86578377527667,0.000150262005056277,-0.0006786498473352864,0.0006950858115741827,-77.51537442582911
0%,494.05,70.5,0.18899290907476468,-0.13370741203992934,0.23150808131673872,-35.27838219642962,-0.8450640954084716,0.054357587028551715,0.846810529348865,176.31959802781765,5.67084522448554e-05,-0.0006287592660749708,0.000631311383733212,-84.8463777786289,7.00051586655232e-05,-0.0007028126914643222,0.0007062905928320932,-84.31169436613385
0%,495.0,70.5,0.1875106236613767,-0.13521693459392622,0.23117926677549733,-35.795981230696455,-0.8442767914416979,0.055344533527960836,0.8460888357368367,176.24947907374852,-1.523063705743639e-05,-0.0006562427531785447,0.0006564194721399813,-91.32953024532,-2.4028110617194527e-06,-0.0007378154686606041,0.0007378193812145797,-90.18659197584064
0%,495.95,70.5,0.18599102193578698,-0.13650506591289038,0.23070824272357704,-36.276197685739945,-0.8434129785339699,0.05635957957093123,0.8452939456597066,176.1769945242646,-7.563778425700245e-05,-0.0006440468015068198,0.0006484730965417715,-96.6982163142977,-8.022116492684558e-05,-0.000731761270605375,0.0007361453609581554,-96.25621060017585
0%,496.9,70.5,0.18444345772131532,-0.13775145097278152,0.23020610622071097,-36.75418559872078,-0.8423194382608125,0.05743200354667639,0.8442751157670089,176.09942956245914,-0.00011605390652807549,-0.0006457871321978255,0.0006561322498800978,-100.18783570093542,-0.00015106677275795864,-0.0006972098292402315,0.0007133881943379057,-102.2254871290694
0%,497.85,70.5,0.18284044026392743,-0.13897537759965783,0.22966232206192266,-37.23813970123942,-0.8412140218704351,0.0583282624704953,0.8432337853728703,176.03356249182642,-0.00017730524263514784,-0.0006185079369955594,0.0006434199384479871,-105.9958009861058,-0.00021762813471445748,-0.0006524652358200894,0.0006878029434169783,-108.44599080557373
0%,498.8,70.5,0.18120297810367628,-0.14006823095869134,0.22902757169724935,-37.703692426809724,-0.8401809128012279,0.05906063004067282,0.8422541921868396,175.97899991480278,-0.00016475028663146508,-0.000565601509643603,0.0005891075662867289,-106.23996056930403,-0.0002158221020409091,-0.0005819672191543717,0.0006206972079038451,-110.34726069543008
0%,499.75,70.5,0.1799398791862977,-0.14093818069866165,0.2285649380378102,-38.06987611910855,-0.8392919414609313,0.059611654121282956,0.8414062706614058,175.93732532389782,-0.000148064799168819,-0.0005169100061697486,0.0005376980000253974,-105.98394312677915,-0.0002019631169288659,-0.0005301353212753083,0.000567302881592626,-110.8551002088437
0%,500.7,70.5,0.1799906296256046,-0.14170774928327753,0.22908014527661236,-38.21357988773541,-0.8385303895066479,0.06005053398451535,0.8406778697919888,175.90381174600338,-0.0001252386775120154,-0.0004883481088276644,0.0005041513678851967,-104.38372993804252,-0.00019468364346547773,-0.00047893771800700614,0.0005169942540906541,-112.12127609778581
0%,501.65,70.5,0.17909989322253034,-0.1432997636092939,0.2293721735581744,-38.66367993265968,-0.8378620079770607,0.060450033765402686,0.8400398508366079,175.87337668184125,-0.00011134487120884194,-0.0004513149122289614,0.00046484710426628316,-103.85880787882218,-0.00018511834277572177,-0.0004342328977922169,0.0004720455596201023,-113.08909399734034
0%,502.6,70.5,0.17763222590715372,-0.14510199198239057,0.22936389375398175,-39.244269364456876,-0.8371599718415189,0.06083620126792897,0.839367536802803,175.8436365016516,-8.610018683602277e-05,-0.00042184631735298436,0.0004305433284089684,-101.53580742130596,-0.00016136689402036658,-0.0003923659900762938,0.0004242526896253346,-112.35571220100437
0%,503.55,70.5,0.17529463526051375,-0.14737360236042413,0.22901351013380183,-40.05441767036062,-0.8365252113841173,0.06109025572133464,0.8387529127373211,175.8231847732805,-6.319304400700475e-05,-0.00039961267535287495,0.000404578362142062,-98.98609839969997,-0.00014693459983464838,-0.0003580654765283972,0.0003870409049571846,-112.311127700095
0%,504.5,70.5,0.17208908070208725,-0.14951194864734915,0.22796595027595035,-40.98429278457411,-0.8360791142497199,0.06118147092585232,0.8383146531400052,175.81474643700707,-5.4488233820777726e-05,-0.00037910524283953247,0.0003830009827315442,-98.17902383683449,-0.00014128363182024073,-0.0003244227325436981,0.00035385190971851094,-113.5327589506896
0%,505.45,70.5,0.16952934207497605,-0.15121169782791938,0.22716772522604578,-41.731366546424034,-0.8357591260485558,0.06122488833158126,0.8379986895721618,175.81018910121492,-4.2670204482651186e-05,-0.0003614239849268793,0.0003639341193554354,-96.73324890105184,-0.00013332809244849718,-0.0002873366831372675,0.00031676292351265085,-114.89193534384941
0%,506.4,70.5,0.16655235571982452,-0.15277505492900517,0.22600863834018273,-42.52952015561218,-0.8355013811565237,0.06126954162039354,0.8377448983102385,175.8058553861565,-3.0509994276070038e-05,-0.00035492111433178217,0.00035623006210767753,-94.91322416241282,-0.0001315857160802445,-0.00025409998706322416,0.0002861496183850005,-117.37738677577843
0%,507.35,70.5,0.16202079248488732,-0.1544797429146947,0.2238631907402847,-43.63510948109824,-0.8353125698054797,0.0612994894704385,0.8375587840172001,175.80286755376184,-3.056247566029014e-05,-0.0003561621919534971,0.0003574710784044012,-94.90456805153354,-0.00013442766971728237,-0.00022566563818476304,0.00026267047539256316,-120.78200388447509
0%,508.3,70.5,0.1588318116940662,-0.15543552577589378,0.2222335417511224,-44.38082883301509,-0.8351783435930699,0.06133379553040126,0.8374274297400516,175.79985453747244,-4.9322980050745345e-05,-0.0003320396690970511,0.0003356830323611329,-98.44924223168125,-0.00011517811484199114,-0.00019672249915612898,0.0002279599522126377,-120.34834221932144
0%,509.25,70.5,0.15589204313817417,-0.15613318160283968,0.22063521820239776,-45.044279155842304,-0.8350602298656856,0.061402380070740795,0.8373146599586582,175.7945820852158,-5.6011473865887105e-05,-0.0002985184886852886,0.00030372779473004723,-100.62693399386717,-0.0001021804525432978,-0.00018143241162605963,0.00020822719531896183,-119.3876644669636
0%,510.2,70.5,0.15311840896219606,-0.15663891074186156,0.21904564711838306,-45.651158815445626,-0.8349820811917078,0.061521508083245316,0.8372454669140184,175.78605948575344,-4.902924342349068e-05,-0.0002577963657917852,0.0002624172877806106,-100.76824896362746,-7.845809416991907e-05,-0.00015897744334850025,0.00017728367108789657,-116.2671291769824
0%,511.15,70.5,0.1506387285906281,-0.15698436500491217,0.2175686498726239,-46.18172736882106,-0.8347460452165293,0.06184206313144457,0.8370336915423354,175.76298927264645,-3.0876052184472645e-05,-0.00021728058685679675,0.00021946340019085705,-98.08770865966939,-5.0095613940284245e-05,-0.0001343418256383743,0.00014337815960565738,-110.45031587938907
0%,512.1,70.5,0.14839125147111715,-0.15722262203596596,0.2161918508941272,-46.65522422462631,-0.8344329720990409,0.06209729199871066,0.8367403770582676,175.74397637879267,-2.02592455020361e-05,-0.00018653473303280882,0.000187631670183722,-96.19850905294595,-3.0235194620683228e-05,-0.00011837247298436286,0.0001221728666856283,-104.32837065073723
0%,513.05,70.5,0.14630839924574496,-0.15737942833509794,0.2148823681760198,-47.08780993244167,-0.8341043723608376,0.06235680440886875,0.8364319906887544,175.72457826158754,-7.647603045186516e-07,-0.00014551347039968364,0.00014551548002217143,-90.30112081198935,-1.8507219410490918e-07,-9.36063022946131e-05,9.360648525068933e-05,-90.1132812807525
0%,514.0,70.5,0.14432865209522505,-0.15748547565812096,0.21361749661226048,-47.49608429213172,-0.8338334089723068,0.06252938260700529,0.836174669317118,175.7114017153852,3.72551778105108e-05,-9.810488552895334e-05,0.00010494053953711985,-69.20580440369503,4.639698438497448e-05,-6.56395707926608e-05,8.038179777701103e-05,-54.745621351830735
0%,514.95,70.5,0.14253224370049677,-0.1574991127733844,0.21241801010907965,-47.85579543174317,-0.8336732062622404,0.06263604594008096,0.8360228998601485,175.70329111105042,9.137153133253776e-05,-6.0504892581939914e-05,0.00010958831490813706,-33.51194375417699,0.00010052027910129396,-4.201614076955302e-05,0.00010894807293279185,-22.68427935358211
0%,515.9,70.5,0.14096646212636493,-0.15743875075730301,0.21132558691375747,-48.159581994496236,-0.8335889614039156,0.06274219375858596,0.8359468520498768,175.695603582681,0.00014782019253276296,-3.612553652236089e-05,0.00015217050867185646,-13.733236814840362,0.00015145112747491936,-2.8501160498077245e-05,0.00015410957193880408,-10.657685838332368
0%,516.85,70.5,0.1395663356534844,-0.15738117058568532,0.21035112289375033,-48.43324287931059,-0.8335229183297582,0.06297211364272705,0.8358982847677039,175.67954865069902,0.0001937033867053791,-4.408619664027987e-05,0.0001986569776155347,-12.82189994212902,0.000188237185731436,-2.3799426664761027e-05,0.0001897357393894531,-7.205854094524141
0%,517.8,70.5,0.13823540393447445,-0.1573535952725521,0.20944970958711173,-48.7006385795666,-0.8331657694121846,0.06338811955940099,0.8355736071833973,175.6492589981542,0.00020618579703686723,-5.319144223136524e-05,0.0002129364046526119,-14.465657625458533,0.00021318641085655302,-3.897980574796091e-05,0.00021672072127521124,-10.36171733419084
0%,518.75,70.5,0.13696669026994857,-0.15734121003237095,0.20860520275859537,-48.96018733253798,-0.8327482847905119,0.06374475039195585,0.8351844700568086,175.62269099629466,0.00020308511086155527,-7.529411992872267e-05,0.00021659355195732645,-20.342340004607003,0.00021127891171534506,-6.439930904386671e-05,0.00022087564270636097,-16.951592803025818
0%,519.7,70.5,0.1358064090377102,-0.15733115277064955,0.207837610570992,-49.19962417200002,-0.8323675744332144,0.06401355735445066,0.834825439533921,175.6023017689041,0.00018053806096704128,-8.317383619783522e-05,0.00019877595047088428,-24.73551128129374,0.00018948161565614718,-9.96439206936452e-05,0.00021408454779097284,-27.73882541334059
0%,520.65,70.5,0.13474737016371674,-0.15746077676980835,0.20724562718424028,-49.444676961021315,-0.832043447386702,0.06422126107594883,0.8345182255129798,175.58637698381858,0.00014348021565927562,-0.0001253655023125289,0.0001905336753849695,-41.14526053140943,0.00014313918420460033,-0.0001413925808185435,0.00020119813111777867,-44.64829323867992
0%,521.6,70.5,0.13335303289123443,-0.15769905705062517,0.20652366444537776,-49.78156529914896,-0.8317411234683015,0.06439375173536532,0.8342300951960846,175.57296737018,0.00011434196755166217,-0.00013023593591451088,0.00017330748554841464,-48.718155252234446,0.0001063835826789127,-0.0001456417451041872,0.00018035793462055973,-53.853849957823925
0%,522.55,70.5,0.1318890332824922,-0.15788888195578055,0.20572704281507753,-50.12704131246258,-0.831483385794376,0.06453244076926928,0.8339838468242166,175.56210089322272,0.00010605850179166802,-0.00012815800938304806,0.0001663516791959693,-50.390187148754066,8.59007527221007e-05,-0.00012860919148780897,0.0001546585382491746,-56.26021483862812
0%,523.5,70.5,0.13060972740389623,-0.1580066094975113,0.20499997448150842,-50.42254905997412,-0.8312585175597663,0.0646608093614306,0.833769598440082,175.55211027733802,0.00010508102424671777,-0.0001335112360493011,0.00016990371334420998,-51.79521882437999,7.45104066489102e-05,-0.00011653954839536656,0.0001383230531732941,-57.40688979381859
0%,524.45,70.5,0.1294167972831646,-0.15816109546063012,0.20436154123596315,-50.70793183010572,-0.8310397412737986,0.06479526484215911,0.8335619220684135,175.54172994971714,9.270245175963131e-05,-0.00014244808925392325,0.00016995647294039865,-56.94470282184503,6.059607882625154e-05,-0.00011274818715967121,0.00012800015030033963,-61.74436434561671
0%,525.4,70.5,0.12810122956606088,-0.15839154981589393,0.20371010792156938,-51.03534860616147,-0.8308332735066156,0.06492008804685155,0.8333657937530972,175.5320706099242,5.6700660355157826e-05,-0.00015525347424052592,0.00016528341159494686,-69.93712547017172,2.72093503639773e-05,-0.00012908751610015863,0.00013192397644150354,-78.09730393627314
0%,526.35,70.5,0.12651361154282864,-0.15880187143600324,0.2030362733040248,-51.45651517424613,-0.8305986847316442,0.0650779236232341,0.8331442319436946,175.51999239531852,4.652312278893784e-05,-0.00012809910359946482,0.00013628566064344776,-70.03995512547039,3.1315698844121533e-06,-8.859512644973565e-05,8.865045493727377e-05,-87.9756102235167
0%,527.3,70.5,0.12465385737696029,-0.15909434518239637,0.2021128269753581,-51.92053346973582,-0.8303748089308782,0.06520498586511679,0.8329309776257949,175.51007581072204,6.037568165004949e-05,-0.00012034001504178266,0.00013463633296760796,-63.356662633601644,2.9370547759074926e-06,-6.226792698220317e-05,6.233715602606256e-05,-87.29947311518346
0%,528.25,70.5,0.12301959278644466,-0.15910396660043558,0.20111661392668478,-52.28871299380793,-0.830166170361411,0.06531175673505929,0.8327313468222215,175.50162823732794,7.374150840334317e-05,-0.00011839924548741592,0.00013948545226506495,-58.0844924936742,6.269948832152347e-06,-3.12095974536983e-05,3.183317815706908e-05,-78.6405978676971
0%,529.2,70.5,0.12150798076072476,-0.15918673123672233,0.20026134122785938,-52.64533567462587,-0.829983588766119,0.06540072569311901,0.8325563119346779,175.49453884356066,8.574248488390368e-05,-0.00011787917556327503,0.0001457644460955547,-53.96875617354639,1.966130934645107e-05,-8.315656397951551e-06,2.1347534437157768e-05,-22.92569872668349
0%,530.15,70.5,0.1200588031891819,-0.15931602257586416,0.199488624419068,-52.998722559923436,-0.8298470124891216,0.06546313196726776,0.8324250631642972,175.48951824497775,9.173747205791486e-05,-0.00011411943260783705,0.00014642065659705044,-51.205156143608285,3.8140489631134476e-05,5.169282903511851e-06,3.848919893995218e-05,7.718419877155409
0%,531.1,70.5,0.11875646510202499,-0.15921062337784372,0.19862306160134094,-53.280450988187,-0.8297662085241506,0.06550443253954744,0.8323477587468308,175.4862466457368,8.534138107375237e-05,-9.85943353350463e-05,0.00013039936458332524,-49.121159293054895,5.0762573214257255e-05,1.2055449496860872e-05,5.2174444912276656e-05,13.359511521835342
0%,532.05,70.5,0.1175945709888875,-0.1591279494054043,0.19786406295239523,-53.535827996117504,-0.8297403086995038,0.06556550022351745,0.8323267475578974,175.48191559053262,8.152067721031573e-05,-8.206645109880173e-05,0.00011567421151138445,-45.191154552808705,6.0171301131603184e-05,2.221207999653443e-05,6.414017444349926e-05,20.261494264496562
0%,533.0,70.5,0.11657023920624653,-0.15915052747636282,0.19727521654938324,-53.778986075741514,-0.8297232455978217,0.06566477403303332,0.8323175636944066,175.47501040437078,7.732376083644017e-05,-7.416325355147673e-05,0.0001071408053321965,-43.80479879772437,5.960779745394136e-05,2.8144472884343117e-05,6.591813765002484e-05,25.27485054657107
0%,533.95,70.5,0.11527977948024691,-0.1593401701578027,0.19666905547882174,-54.11493054086727,-0.8297244751906903,0.06584637569386763,0.8323331363837946,175.46255503281498,8.3463737835575e-05,-4.913824892556857e-05,9.685433929854012e-05,-30.486925966619584,7.895427961008013e-05,4.7493580719672485e-05,9.213804034340409e-05,31.02828422827733
0%,534.9,70.5,0.11374687060139625,-0.15957409204178577,0.19596489844503046,-54.518143322118306,-0.8296384185124959,0.06622515750183385,0.8322774038492562,175.43609192119064,0.00011777859757220652,-9.539615501343667e-06,0.00011816430218128167,-4.630630213728994,0.00014482393763049566,7.334173895492678e-05,0.00016233602059843134,26.858566125313924
0%,535.85,70.5,0.1121543155373202,-0.15981328325587646,0.1952405593074036,-54.9394576931994,-0.8292455168393036,0.06681281154369702,0.8319327370553808,175.39359496393286,0.00015336007496960388,1.647621100821662e-05,0.00015424259503739492,6.132041055332455,0.00020093774731367583,6.0304701923821303e-05,0.00020979188585266013,16.70535960810766
0%,536.8,70.5,0.11057048913412806,-0.16012906634275353,0.19459483794582605,-55.37458950986666,-0.8286523654167945,0.06741040810097453,0.8313897436408442,175.34926134045796,0.00016940811466008147,1.4968122827964432e-05,0.00017006808640564032,5.049279762332968,0.00019788429400090433,3.576130894797025e-05,0.00020108969399227928,10.243831494838071
0%,537.75,70.5,0.1085864767612403,-0.16044707770564653,0.1937376774912437,-55.91086368782123,-0.8280859285357953,0.06785020220745376,0.8308609721118105,175.31586605495553,0.00017464745284064828,9.27621335138301e-06,0.00017489362743641301,3.040347390241111,0.0002068308467344647,3.7408734487632686e-05,0.00021018661369569147,10.252045279383378
0%,538.7,70.5,0.10646371700237192,-0.16071335111807003,0.19277786248830855,-56.47772648410861,-0.8276127672589139,0.06817535438210208,0.8304160231324311,175.29084063738438,0.00019725168205673123,2.939730015659986e-06,0.0001972735868959014,0.853841408377979,0.00022164752699134087,4.0349185022648186e-05,0.00022529021939127555,10.317265937913435
0%,539.65,70.5,0.10436369257708164,-0.16077195456280996,0.19167525062529547,-57.01073870046286,-0.8272016000527369,0.06843735070413944,0.8300278056193114,175.27048628005076,0.00020773782432252739,-9.507207023061214e-06,0.0002079552611492111,-2.6203365417634124,0.00023228278462578527,3.637052701905609e-05,0.00023511296703744954,8.899040245427448
0%,540.6,70.5,0.10241514020070352,-0.16063509945677468,0.19050589523638803,-57.47988630187287,-0.8268411127914532,0.06866129973615105,0.829687049364799,175.25302109429512,0.00020770577812884904,-1.6544231509644025e-05,0.0002083636289383427,-4.554122523088456,0.0002444330968815217,2.532913382643033e-05,0.0002457419456899627,5.916102255155542
0%,541.55,70.5,0.1006445945888375,-0.16042280688601757,0.18938007125656053,-57.89703790089583,-0.826518842095115,0.06888479939861644,0.8293844174605869,175.2357917793017,0.00020685507799187181,-1.7763725601202914e-05,0.0002076164088848909,-4.908246007129045,0.00026134282360500035,5.040180990733115e-06,0.0002613914208122632,1.104852621633231
0%,542.5,70.5,0.09890212525043333,-0.16018375858109518,0.18825638605959422,-58.307607887295624,-0.826187355409915,0.06917809744692925,0.8290784977344461,175.21368997383865,0.0001993769741866874,-1.3039258977065585e-05,0.00019980290315836253,-3.741816662610661,0.0002672879401743075,-3.214985206014109e-05,0.0002692145166036058,-6.858684876313127
0%,543.45,70.5,0.09723568118568619,-0.15980313861783083,0.18706100825066155,-58.6806722756152,-0.8257150571970997,0.06953054475908109,0.8286373466942606,175.18668025399913,0.0001997255564465031,-1.442250949312653e-05,0.000200245615876964,-4.130252923106678,0.00027184755852801575,-5.054918803620425e-05,0.00027650735159984895,-10.533662610743788
0%,544.4,70.5,0.09587385870640813,-0.15925911257382624,0.18589045623984835,-58.95209286245022,-0.8252410527815224,0.06979942200274825,0.8281876324287106,175.16539274176446,0.0001980194184098463,-2.2929664824971727e-05,0.00019934256845029194,-6.605149732349887,0.0002684660379578989,-8.25772387332113e-05,0.0002808790022298103,-17.097329161777335
0%,545.35,70.5,0.09489547738955946,-0.15861174763806196,0.18483191855789585,-59.10843063891574,-0.8248567353106208,0.06995192909106726,0.8278175560900223,175.1526329931615,0.0001885699112995601,-4.712936800725209e-05,0.00019437023634365154,-14.032494384961897,0.00023701615972020312,-0.0001138149375007543,0.0002629267958326299,-25.650274768072627
0%,546.3,70.5,0.09420308979389479,-0.15798785969777088,0.18394125676041018,-59.19373282850521,-0.8245506863383623,0.07006260414626785,0.8275219651712098,175.14320690401712,0.00016892676049295527,-8.517865831329296e-05,0.00018918682364979064,-26.75880597963133,0.00018688702099923298,-0.00012932385874537012,0.00022726948554251667,-34.68282801232235
0%,547.25,70.5,0.0935973290677416,-0.1575305869778871,0.18323849443338255,-59.28319307520019,-0.824145477921672,0.07029990015392105,0.8271383467959834,175.12445200061265,0.0001475737661532167,-0.00011966370296472588,0.00018999320583608888,-39.03769089657033,0.00014945051853195847,-0.0001403605294167253,0.00020502813394169755,-43.203493873400646
0%,548.2,70.5,0.09273799139644925,-0.15730736115708494,0.18260870987566133,-59.47921727486193,-0.8237661649689584,0.07041968631016159,0.8267706010542989,175.11394662570288,0.00010493809328428736,-0.00014681688316033628,0.000180463848465718,-54.44452395963738,9.566797749153977e-05,-0.00014033402766227865,0.00016984110585261433,-55.71711275111684
0%,549.15,70.5,0.09179544803030544,-0.1570002566205554,0.18186666780365432,-59.685881362919226,-0.823431608774051,0.07045258484333997,0.8264400650012859,175.1096985545762,9.195925821525571e-05,-0.0001383269477884516,0.0001661049356761234,-56.384182726796865,8.780316175663697e-05,-0.00012194181640793952,0.00015026377408853335,-54.24454885782329
0%,550.1,70.5,0.09085959179784592,-0.1565824210206755,0.18103458231610683,-59.874826471727644,-0.8231753849533552,0.0704001781288093,0.8261803068783912,175.1118049496057,9.261421500638244e-05,-0.00010149538065385466,0.0001373998002739425,-47.619647316472545,0.00012049987570104256,-9.804510309429936e-05,0.00015534819691498996,-39.133634170638146
0%,551.05,70.5,0.08994587596934163,-0.15621550075729737,0.18025965516649964,-60.067491567246016,-0.8229905577460466,0.07027997038759251,0.8259859153622595,175.11902053280815,0.00012163688581888982,-6.804706191494283e-05,0.00013937695156292416,-29.223864714104593,0.00016512499257532846,-9.386596607358064e-05,0.0001899396818990936,-29.616239312140213
0%,552.0,70.5,0.08917813430394195,-0.15586590452683607,0.17957427385875932,-60.22411866752427,-0.8228895775101073,0.07008432162738762,0.825868675342959,175.1319486298459,0.0001490658036719583,-4.6427414726672744e-05,0.00015612853250629525,-17.299504948888355,0.00019318874152076914,-0.00010719274256766958,0.00022093477297509606,-29.02415035140538
0%,552.95,70.5,0.08798567433369997,-0.15567524536593086,0.1788190731093825,-60.525416916412134,-0.8228741885559208,0.06980424967736873,0.8258296213291126,175.15121922933437,0.00016521599167666214,-4.874437544947601e-05,0.0001722566052250606,-16.437864247147353,0.00020121506350217049,-0.0001233632636530038,0.00023602117828555773,-31.512111512252893
0%,553.9,70.5,0.08662318769654535,-0.15543893675667558,0.17794617081229008,-60.86990068507493,-0.8231980616544906,0.06941291149055966,0.8261193624369949,175.18016214211787,0.00017110557188180502,-7.150964840847445e-05,0.00018544742258792162,-22.681369839893136,0.00018872575413140657,-0.00013852816863452682,0.00023410993951070088,-36.279352702492574
0%,554.85,70.5,0.08542385021244926,-0.1549747811336851,0.1769588002122318,-61.135949640464865,-0.8236686156637416,0.06902350786245187,0.8265556442654435,175.20980032744185,0.0001551253699617848,-9.772590422032144e-05,0.00018334184672752713,-32.21011364253387,0.00016006638817323292,-0.00015621070799093565,0.00022365829721665467,-44.301551514688406
0%,555.8,70.5,0.08435369033908702,-0.1544266612052656,0.17596345860669046,-61.354961805292795,-0.8235802976233602,0.06975226615107964,0.8265288169607842,175.1589472846864,0.0001555327696612641,-8.92506258662233e-05,0.00017932126660275517,-29.84884524277207,0.00015073809079265058,-0.00013497254970907518,0.00020233526927054054,-41.841616279029154
0%,556.75,70.5,0.08349540429578876,-0.1537904200908419,0.17499421661939243,-61.50172091648426,-0.823333183111863,0.06984777370740498,0.8262906521950938,175.1509022581519,0.00016832036029649616,-9.57558463514597e-05,0.00019365155770307307,-29.635134599355496,0.00015559528786035932,-0.00013340519821791432,0.00020495570378964594,-40.609319590034794
0%,557.7,70.5,0.08291018598028113,-0.15309703265075883,0.17410571600539806,-61.56209858338822,-0.8232201525270506,0.06970542295707614,0.8261660036071959,175.16007651916743,0.0001893641198132565,-0.00012923464433846208,0.00022926047014245205,-34.31222213219064,0.00015781822382457503,-0.0001370108295749786,0.00020899416066475992,-40.963076083794476
0%,558.65,70.5,0.08249589600860752,-0.1524144847670465,0.1733082456926595,-61.57507986056041,-0.8233432232407885,0.06943022328342746,0.8262654653086485,175.17981170419984,0.00019978723495084783,-0.00017005913946487906,0.00026236434621503067,-40.40446948141218,0.00014956293057010283,-0.0001472484501031409,0.00020988372080391223,-44.55322712189949
0%,559.6,70.5,0.08215369089020479,-0.15178914953843922,0.17259540794727413,-61.57617057756828,-0.8235890372890473,0.06909797980125643,0.8264825667582557,175.2041949140254,0.00013531495498539226,-0.00021152450395898895,0.00025110307209947686,-57.392427938031624,8.043731206593477e-05,-0.00019610039817917558,0.00021195642792428776,-67.69732955726367
0%,560.55,70.5,0.08185252465766779,-0.1512790549131862,0.1720034541753767,-61.58351924685022,-0.8241868006044641,0.06865449227707833,0.8270413058611076,175.23827351952878,4.4251030734072344e-05,-0.00027523618096186707,0.00027877071049789545,-80.86644591200469,-2.912759403270345e-05,-0.00022088799510111453,0.0002228001865212953,-97.5120183507409
0%,561.5,70.5,0.08145573793507926,-0.15090495505842294,0.1714856924169855,-61.64063704862892,-0.8247052819802326,0.06855577023601211,0.8275498146690312,175.24806490478386,-9.779428545984712e-06,-0.00029745456349598674,0.0002976152794586898,-91.8830379423778,-7.476996681622686e-05,-0.00019009475754591846,0.00020427081236471645,-111.47120183828359
0%,562.45,70.5,0.0807821226401228,-0.15065618898924377,0.17094747327470675,-61.799709676283456,-0.825068845889388,0.0688037226697085,0.8279326981768849,175.23304901812207,-4.101763973053005e-05,-0.0002711549269087804,0.0002742397512323288,-98.60192376798278,-7.717467323888843e-05,-0.00016394266455199732,0.00018119913755296386,-115.2083289682587
0%,563.4,70.5,0.07982078716075355,-0.1504077702053282,0.17027582153993892,-62.04529097678241,-0.8248303967753354,0.06935110789946988,0.827740756282691,175.1939187171897,-4.939828210118566e-05,-0.00024436269537898554,0.0002493056701469728,-101.42841318076985,-6.505479270900795e-05,-0.00016997842649251583,0.000182002174512514,-110.94303889266186
0%,564.35,70.5,0.07882635703054282,-0.15011484686278403,0.16955253407526444,-62.29572136620096,-0.8248168884392414,0.06948710123101108,0.8277387007335593,175.1844600635324,-8.488868534253361e-05,-0.0002445301083214208,0.00025884563503151734,-109.14445674243572,-8.549801947932518e-05,-0.00019062056589260067,0.00020891651795897418,-114.15740941706197
0%,565.3,70.5,0.07780546310291987,-0.14975679239885203,0.1687625164491591,-62.5460717519282,-0.8248423036522932,0.06968730738504633,0.827780856691552,175.17079916199873,-0.00013630807844447747,-0.0002488122280822504,0.00028370304385480185,-118.7154758974551,-0.00012699575846834965,-0.00021330106065289424,0.00024824436578621697,-120.76883625586623
0%,566.25,70.5,0.07678644932343055,-0.14933065902449036,0.16791606392596384,-62.787582920195824,-0.8248463289670196,0.070090635773514,0.827818919591419,175.14300617049483,-0.00017359989754135114,-0.00023442849636465764,0.0002917081492419468,-126.52083118565851,-0.00016092032366075398,-0.00021156548254322116,0.00026581065435912803,-127.2572393315674
0%,567.2,70.5,0.07582391433511745,-0.14887197409196426,0.16706923910504204,-63.00921138474723,-0.8246575992721268,0.07047185089455343,0.8276632393708034,175.11560475051076,-0.00018643360509907394,-0.00020938992160472446,0.00028035981948180467,-131.68077255241266,-0.00017628815816694694,-0.00018540986794207475,0.0002558404460600241,-133.55535646564488
0%,568.15,70.5,0.07490796732062395,-0.1483485241103432,0.16618811080767704,-63.20869785829568,-0.8244583829463044,0.07080442755553698,0.8274931372355316,175.09148622531094,-0.000180033574610856,-0.00018420319616619619,0.0002575711658260777,-134.34413189023374,-0.00017141095318447714,-0.00016021754352333337,0.00023463029668877426,-136.9331624286557
0%,569.1,70.5,0.07410408759154856,-0.14775144044753064,0.1652933875026345,-63.36414669629579,-0.8242788218909243,0.07108824017574406,0.8273385728401489,175.07083938283046,-0.000154105455133653,-0.0001524251176128387,0.00021675310327937187,-135.3140805267339,-0.00014490200480028206,-0.00012771905140411167,0.00019315472317990852,-138.6065083396405
0%,570.05,70.5,0.07343798292487956,-0.14709261035505872,0.16440612323493317,-63.46871386889487,-0.8241214558154525,0.07134092457141546,0.8272035429409651,175.0524655099711,-0.0001212907540035691,-0.00012151950909105179,0.00017169285977140846,-134.94602082708485,-0.00011083408807348654,-9.555024606117888e-05,0.00014633538396926834,-139.23532174336503
0%,571.0,70.5,0.0729137575902694,-0.14641156713177753,0.16356271896711538,-63.526445426414696,-0.823951199240996,0.07165330948460767,0.8270609261056724,175.02988802719474,-8.71696056906661e-05,-0.00010328441400355312,0.000135152544675724,-130.16357540706542,-7.357946581871454e-05,-7.860883986154269e-05,0.00010767212960903598,-133.10723253403964
0%,571.95,70.5,0.07246449218463945,-0.14575039526143407,0.16277063723670168,-63.564255929121146,-0.823742832113303,0.07198376935606142,0.8268820450999961,175.0058252540972,-8.130267066077804e-05,-0.00010414057520790339,0.00013211882402295263,-127.97920065018741,-6.317347353166016e-05,-8.61085482245562e-05,0.00010679686247917627,-126.26560738412805
0%,572.9,70.5,0.07209729119403106,-0.1451208031932481,0.16204341059410704,-63.58140957499849,-0.8234962669175436,0.0723183072370751,0.8266656151000635,174.98123892667616,-8.362067765800801e-05,-0.00010795019319819546,0.00013654911916051384,-127.762178553417,-6.184677287390552e-05,-9.540337276687003e-05,0.00011369620420317828,-122.95397399888016
0%,573.85,70.5,0.07181577586708583,-0.14453155175801402,0.16139044307817918,-63.577839135897435,-0.8232251550816312,0.07264557410631617,0.8264242466169612,174.956992266554,-0.00010529695930018129,-0.00011350930303545136,0.0001548283291696257,-132.8505556789997,-8.340844295422152e-05,-0.00010769986429162064,0.00013622125063469768,-127.75608545641923
0%,574.8,70.5,0.07149327064122994,-0.14393333125230187,0.1607112055594289,-63.5859031693506,-0.8229809030445373,0.07292043364173222,0.826205153953,174.93651611116852,-0.00011942272569672248,-0.00011103320007631912,0.00016306489178245123,-137.0848768991147,-9.795797521981802e-05,-0.00010973068865423545,0.00014709381000470155,-131.7556932379582
0%,575.75,70.5,0.07121607400296859,-0.14338213983329842,0.160094244804652,-63.58699737516315,-0.8227850447057186,0.07315118031181063,0.8260304624966336,174.91937430786624,-0.00012611250252435278,-0.00010242694521589935,0.000162467357949884,-140.9169423401653,-0.00010441702786139831,-0.00010367202764388331,0.00014714212525039231,-135.20512941307672
0%,576.7,70.5,0.07098139004316284,-0.14289278481186926,0.15955157687641572,-63.5843046518827,-0.8226306725386133,0.07336293657008174,0.825895479987339,174.90379321872533,-0.00012361323680445442,-9.036013602484858e-05,0.00015311821085587195,-143.83354068068286,-0.00010382666307575583,-9.408498406944307e-05,0.00014011409705234472,-137.8179593234351
0%,577.65,70.5,0.07046971394637849,-0.14250414835477823,0.15897613934803254,-63.68714810642403,-0.8224793036326346,0.0736350973225285,0.8257689340618971,174.88405112130775,-0.00011091343365928889,-7.833312724392064e-05,0.00013578611339126599,-144.76817276102918,-9.943753320588318e-05,-7.823100362269979e-05,0.0001265223811737907,-141.80662606574558
0%,578.6,70.5,0.06978113157667747,-0.14214071433063216,0.15834578931737955,-63.852196437167144,-0.8222594480744635,0.07396736051880587,0.8255796571923514,174.8597231041064,-9.028734203209026e-05,-7.043505182835198e-05,0.00011451157433762878,-142.0414589054123,-8.383438805449187e-05,-6.445841428164558e-05,0.00010575013849719243,-142.4441095034489
0%,579.55,70.5,0.0690300336063132,-0.14170739600759238,0.15762655747982743,-64.02786173197867,-0.8219774674170596,0.0743187814942642,0.8253303812559886,174.833671138824,-6.618554208908544e-05,-7.057861671874203e-05,9.675674198502756e-05,-133.1602042370789,-6.352133830843874e-05,-5.161700483431842e-05,8.184910267413552e-05,-140.90292619899887
0%,580.5,70.5,0.06833517766302027,-0.14105176248100318,0.15673320071138047,-64.15125971364989,-0.8216989247363223,0.07461963853327096,0.8250801254227763,174.8111219300611,-4.81677903936504e-05,-7.252418262798287e-05,8.706258149896346e-05,-123.59059310613574,-4.4841840775293225e-05,-4.80487014578856e-05,6.572266272683851e-05,-133.0227627656576
0%,581.45,70.5,0.06806906735990924,-0.14040225070498003,0.1560326566276173,-64.13521306228806,-0.821479547645048,0.07489536034028442,0.8248866359686122,174.7906709714748,-4.374117550739011e-05,-9.040764099032448e-05,0.00010043322151660625,-115.81870305942735,-4.3292497981538694e-05,-5.936952766095844e-05,7.347775987444664e-05,-126.09968105999
0%,582.4,70.5,0.06785280193029182,-0.13968945228344584,0.15529696007662386,-64.09228420418648,-0.8212742046271013,0.0751666517291614,0.8247068234942955,174.7706058092001,-5.5203587365765766e-05,-0.00011065261303328594,0.0001236585493572679,-116.5141935752766,-5.020697867600278e-05,-7.94781539658369e-05,9.400807234269765e-05,-122.2809261290134
0%,583.35,70.5,0.0677052179471011,-0.13876261206102744,0.15439902539609393,-63.99127146217858,-0.8210449712610465,0.07544389882259067,0.8245038670028212,174.74996787162763,-9.013195264545366e-05,-0.00013535167966889687,0.0001626156390906913,-123.660018128715,-6.913901270819736e-05,-0.00010723301096792359,0.00012758966149148252,-122.81209893326397
0%,584.3,70.5,0.06783376696666377,-0.13784539221643638,0.1536319370970464,-63.79818462592029,-0.8208113643265569,0.07575921130998085,0.8243001600787992,174.7266571709869,-0.00013600300824105808,-0.00015467124959379067,0.00020596119464967667,-131.32528706173142,-0.00010500493723079933,-0.00013609748776187208,0.00017189695464997926,-127.65169721222118
0%,585.25,70.5,0.06822009063597571,-0.13690043666584592,0.1529565635259894,-63.512051335423685,-0.8205440697813,0.07611833150829264,0.8240670912279323,174.70008587299023,-0.00018804070032590157,-0.0001657897788809998,0.0002506901588823668,-138.5983539487818,-0.00014800144128849322,-0.00016102688409873472,0.0002187100455535105,-132.5864302743747
0%,586.2,70.5,0.06884004844643937,-0.13593532465576394,0.1523724540702028,-63.1415409193798,-0.8202183518237492,0.07651700424275953,0.8237797015020182,174.6703832374532,-0.00023575684529075587,-0.00016334617963335138,0.00028681573266168734,-145.28351065195355,-0.0001895726565398369,-0.0001705125504337323,0.00025497513989208257,-138.0299645901833
0%,587.15,70.5,0.06972159674389346,-0.13495664511042899,0.15190259086658256,-62.678120400597976,-0.8198188283360335,0.07692867167554586,0.8234202643972461,174.63927995217108,-0.0002551631003734257,-0.00014751994923620478,0.00029473775329066915,-149.96608309965762,-0.00020842108037368454,-0.00016503293745149844,0.00026584810924286086,-141.62695261731082
0%,588.1,70.5,0.070914176133533,-0.1340176035296493,0.15162301419154023,-62.114858657557875,-0.8194238669200206,0.0773104003764843,0.8230627993564841,174.6102542519244,-0.0002660994232038333,-0.00013532450172037548,0.000298532450154553,-153.04444905885495,-0.00022133769980177672,-0.0001594448274305824,0.0002727875186805834,-144.23218952279734
0%,589.05,70.5,0.07235203327204023,-0.13318183635992956,0.15156588750375682,-61.4866462285386,-0.819039308708256,0.07761787546628267,0.8227088937170894,174.58641987668344,-0.00027321376453060214,-0.00012573000753420983,0.0003007553755521849,-155.28862607201717,-0.00023004123539403635,-0.00015354014108709142,0.0002765746642529977,-146.27902364928326
0%,590.0,70.5,0.07371792396905491,-0.13260615634666545,0.15171923086854758,-60.929603923477636,-0.8187153908752197,0.07785879938197812,0.822409194924988,174.56758095739835,-0.00027842527574954056,-0.00010793121059728739,0.000298613094818703,-158.8112407067054,-0.00023695200220687137,-0.00014058816022524594,0.000275520021314903,-149.31853247232496
0%,590.95,70.5,0.0749958613639082,-0.1320973825562649,0.15190160532374483,-60.41505234422135,-0.8184624954061727,0.07805534953539686,0.8221760723698983,174.55227682586406,-0.0002648863991201687,-9.345633012461323e-05,0.0002808894623854907,-160.56631029471404,-0.0002350280252484851,-0.0001227332689882774,0.0002651445416537014,-152.4261234319592
0%,591.9,70.5,0.0762770329021968,-0.13164830911068107,0.15214947597696235,-59.91199663500224,-0.8182471524807289,0.0782431516603615,0.8219795577291248,174.5378202260571,-0.0002415392131011967,-7.834614540798625e-05,0.00025392776525192084,-162.02890639479364,-0.00021970373273936083,-0.00010179010910626363,0.00024213830033985442,-155.14141648604675
0%,592.85,70.5,0.07774665400916984,-0.13122133203606695,0.152524031519434,-59.35390015170383,-0.8180031808546874,0.07848978054484762,0.8217602141369249,174.51908333784047,-0.00023042955003017767,-8.518943176343417e-05,0.0002456725805035779,-159.71072828353596,-0.00021318973914171246,-9.492631621691137e-05,0.0002333685291246968,-155.99817675809237
0%,593.8,70.5,0.07961171396679695,-0.130718894160639,0.1530537627479685,-58.65733593058525,-0.8177433331007444,0.07873053863768711,0.8215245927815523,174.5006378907069,-0.0002272916564251344,-9.141533329454984e-05,0.00024498624500537774,-158.0903060703854,-0.0002144448718776894,-9.137642507813213e-05,0.00023310138166621433,-156.92081477937205
0%,594.75,70.5,0.08190931906957219,-0.1302645270273587,0.15387652047048128,-57.838638676355814,-0.8174998056377474,0.07892578193870628,0.8213009261363285,174.48545183869314,-0.0002295347441341466,-9.543458795268778e-05,0.00024858390805204477,-157.42372694323092,-0.0002174946760421521,-8.748011149607673e-05,0.00023442846246573111,-158.08915764969953
0%,595.7,70.5,0.08488163978768105,-0.13063471218044936,0.1557893475161716,-56.98566791585237,-0.8173392469283159,0.07904524693006118,0.8211526019148822,174.47607818133645,-0.00023702571881720143,-9.19110970303646e-05,0.0002542220311816742,-158.80527839709137,-0.00021965572352055233,-8.33315483801666e-05,0.00023493144495953148,-159.22458478866258
0%,596.65,70.5,0.08672825803996173,-0.13177874709448373,0.15775750038726555,-56.64967020478637,-0.8172432994637192,0.0791683613326905,0.8210689617531829,174.4668824086936,-0.0002351760323253103,-8.600091967204614e-05,0.00025040751658988417,-159.9131689628204,-0.00021371534818340182,-8.892105009760006e-05,0.00023147613959026658,-157.4091550819128
0%,597.6,70.5,0.08774413882828193,-0.13333125987504685,0.15961284020586844,-56.65143419526075,-0.8171871374990517,0.07933967230063056,0.8210295983060936,174.454605226509,-0.00022778540260342885,-8.026764779979962e-05,0.00024151415056372752,-160.5884212488798,-0.00020279298941203159,-0.00010049731224572038,0.00022632875717257445,-153.6385482858845
0%,598.55,70.5,0.08663531664736998,-0.13520193070053566,0.16057783208071563,-57.348876311649654,-0.8170625036102372,0.0796585819437576,0.8209364314507667,174.43161108562876,-0.0002549005087442827,-0.00010299331511895133,0.0002749216112227006,-157.99868126572537,-0.00023472083790682075,-0.00011633355446660987,0.0002619682569368199,-153.63582710222929
0%,599.5,70.5,0.08509094389437186,-0.13693487469357177,0.16121919439129864,-58.14329898028901,-0.8168097810005815,0.0801251677083129,0.8207303216273316,174.3974801574298,-0.0002747740277276807,-0.00011208001307121043,0.0002967535941547043,-157.80950849090388,-0.000254580972870793,-0.00011882998265704418,0.00028094845884274374,-154.97838871873853
0%,600.45,70.5,0.08330118466199585,-0.13846759781689813,0.1615932022433932,-58.96916442988213,-0.8163847575545758,0.08071291462524509,0.8203649474195894,174.35372893791904,-0.00029212977531949076,-0.00010715364811168488,0.00031116187094799863,-159.85688559226213,-0.00026740224659708723,-0.00011480174843954531,0.0002910041287163227,-156.7650732331485
0%,601.4,70.5,0.08094757491107435,-0.13993067334584355,0.1616573636646508,-59.95133019091047,-0.8158987042399749,0.08122216742946692,0.819931543522025,174.3149739661577,-0.000309040092873689,-0.00011052662290500835,0.0003282101664698463,-160.32066740522865,-0.00028173050558291836,-0.00012221979594961572,0.0003070989356835554,-156.54792668714794
0%,602.35,70.5,0.07849085591392509,-0.14090011514348666,0.16128749768518436,-60.879247387146535,-0.8153840579968894,0.08172807523247543,0.8194697311778391,174.27621134648425,-0.0003243983801211134,-0.00011125943931125258,0.00034294747682561634,-161.06948644144137,-0.0002956922424433672,-0.00012795496289871023,0.0003221899669008912,-156.6004074642689
0%,603.3,70.5,0.07620519041326604,-0.14165237624003757,0.16084970233224336,-61.72093676844023,-0.8148335961974476,0.08219901333775453,0.8189691491660509,174.2395875889973,-0.00033814569598835086,-0.00010868567628411097,0.00035518317519947474,-162.18172718374524,-0.00030880811312996144,-0.00012961205780265988,0.0003349055632006239,-157.23137220808363
0%,604.25,70.5,0.07424481072858898,-0.14210256288621198,0.16032913116135145,-62.41412906603614,-0.8142892563786339,0.08259709618610793,0.8184676373272469,174.20803639103372,-0.0003485603088136442,-0.00010550730784617838,0.00036417863870525307,-163.15922186716807,-0.00032082588932276116,-0.00012633015502610298,0.00034480220319577396,-158.50719290070288
0%,605.2,70.5,0.07253932643580169,-0.14236896433924764,0.1597838411316669,-63.00041027397856,-0.8137772370985817,0.08292695028178759,0.8179916079660227,174.1814305997394,-0.0003586647649040141,-0.0001016652586391778,0.0003727951694936814,-164.17436251262677,-0.00033258389395650063,-0.00012086939315384871,0.0003538664390990597,-160.02757619034128
0%,606.15,70.5,0.0710483978561158,-0.14253348727150503,0.159259755844649,-63.505208555281925,-0.8133067723942469,0.0832008185199924,0.817551394240597,174.1589936257952,-0.00036873462676654417,-9.671951584155343e-05,0.00038120845966647585,-165.30235554494467,-0.0003436563258682611,-0.0001144692055409236,0.0003622193663050647,-161.57749182213263
0%,607.1,70.5,0.06967280078471089,-0.14267844830571688,0.15878110334707066,-63.972798033930715,-0.8128546427715709,0.08344840971709211,0.8171268612398016,174.13849668671088,-0.0003763470681327548,-8.775251626588202e-05,0.00038644225933910783,-166.87490071752828,-0.0003519048809033191,-0.00010754193857260957,0.00036797053381423643,-163.00687645013574
0%,608.05,70.5,0.06832615875542385,-0.14280871206534893,0.158312324889868,-64.43143491885371,-0.8124206783239735,0.08366544317322408,0.8167173715244197,174.12024149062833,-0.0003834988544513595,-7.852330519668202e-05,0.0003914553369472899,-168.42834615126586,-0.000358749142890307,-9.992652213495526e-05,0.0003724060382841793,-164.43527381407145
0%,609.0,70.5,0.06694775416272362,-0.1429341974274208,0.15783594831866848,-64.90247089152251,-0.8120024106212255,0.08385211101315294,0.8163204587513676,174.10420120752485,-0.00038697358518122844,-6.858119603841277e-05,0.00039300373545053316,-169.95013481395486,-0.0003638539464528479,-9.089922641645752e-05,0.00037503648317520035,-165.97328069242036
0%,609.95,70.5,0.06554657862185899,-0.14302361863006116,0.15732803137098209,-65.37839287549778,-0.8116093032432575,0.08400643898679373,0.8159453063179222,174.09058612489721,-0.00039099749077865065,-5.960947701156644e-05,0.0003955152684091898,-171.33172478249702,-0.00036995407605424816,-8.23616984472895e-05,0.00037901117102306453,-167.449103500138
0%,610.9,70.5,0.06413858811213376,-0.1430713262528493,0.1567901874505136,-65.8534023121417,-0.8112475879698982,0.08412885072949533,0.8155981317487451,174.0794162334647,-0.0003954584960593758,-5.1184412121915604e-05,0.0003987571518478502,-172.62517484160531,-0.00037664715812197854,-7.370066107056224e-05,0.00038379013687639315,-168.92850434320408
0%,611.85,70.5,0.06274300547732942,-0.1430695219460866,0.156222830745733,-66.32019111329726,-0.8109286988661835,0.08421391417780975,0.8152897264077039,174.07115851811847,-0.0004005625933308148,-4.3020771069165004e-05,0.0004028662034960158,-173.8698815551121,-0.00038459405672314483,-6.481024939120643e-05,0.00039001661104742184,-170.43461396001035
0%,612.8,70.5,0.061376997891830674,-0.14302989861903628,0.15564282112961583,-66.77485849360814,-0.8106224833208345,0.084318417265948,0.8149959545638684,174.06162739937494,-0.00040430656798137835,-3.3346377752684245e-05,0.0004056794076880236,-175.28503347895986,-0.0003915582620713112,-5.394343668848496e-05,0.00039525658369984196,-172.15596310921936
0%,613.75,70.5,0.060038616086673144,-0.14295508292543,0.15505093084473726,-67.2184524021798,-0.8103221493235677,0.08443617179696032,0.8147094284418783,174.05120535686964,-0.00040532914002694415,-2.2073973812724425e-05,0.0004059297624896048,-176.88278661847104,-0.00039558168368687994,-4.058478585567679e-05,0.00039765813623198745,-174.14222265694332
0%,614.7,70.5,0.05871358605864391,-0.1428538333635315,0.15444903008604946,-67.65711101055689,-0.8100136254232254,0.08453164410299499,0.8144124705737461,174.0422752964171,-0.0004056573864460935,-1.364282080903808e-05,0.0004058867351095657,-178.07378943712587,-0.00039825366446701976,-2.8680667445010766e-05,0.00039928506351540483,-175.8808937775653
0%,615.65,70.5,0.05741660481267388,-0.14271595195108,0.15383273204853945,-68.08439373627486,-0.8097280795483008,0.08459936655477725,0.8141355020083875,174.03544916930275,-0.00040805110008404043,-6.181634911814713e-06,0.00040809792071263797,-179.1320829670083,-0.00040201408292525864,-1.88893650377552e-05,0.000402457613894639,-177.3098318667895
0%,616.6,70.5,0.056152500768604195,-0.14253727729170756,0.1531991473876445,-68.49806037751547,-0.8094738365206603,0.08464013084006913,0.8138868740556643,174.03073514154283,-0.00041254054213754984,1.5534689604632428e-06,0.0004125434670103923,179.78424715816226,-0.0004067430398468552,-1.0863828480882626e-05,0.0004068880966962814,-178.47003265631082
0%,617.55,70.5,0.054951817464472544,-0.14232278389147043,0.15256302650795475,-68.88807822823661,-0.8092526912711442,0.08466005730277196,0.8136690012726909,174.02772015693375,-0.0004151473933731901,9.770278443055081e-06,0.0004152623466742549,178.6518224345509,-0.00041150244811011955,-5.715577999739628e-07,0.00041150284504355537,-179.92041887289432
0%,618.5,70.5,0.053806976433476976,-0.14208395472912044,0.15193103996346333,-69.25839975878482,-0.8090640895185446,0.08466447693861384,0.8134818833900117,174.02602842178646,-0.00041833573814992425,1.7875496942541243e-05,0.00041871747420472533,177.55323827496017,-0.00041588578502353387,9.791209296095058e-06,0.00041600102639791764,178.65133318968955
0%,619.45,70.5,0.052722050146474096,-0.14183217768526754,0.15131418042798445,-69.60882435157795,-0.8089085230527181,0.08465617521662783,0.8133262977856047,174.02546948719854,-0.0004244119491203923,2.582158737771636e-05,0.0004251967273285102,176.51836723125825,-0.0004194157267439574,1.6771170311762993e-05,0.0004197509070791725,177.71013447959612
0%,620.4,70.5,0.051639129019368714,-0.14159349314902073,0.1507160142387689,-69.9630937034646,-0.8087824758509461,0.08464680715160453,0.8131999601601977,174.0252015656891,-0.00042853366044044423,3.5837272335499776e-05,0.0004300295434257218,175.2196106683835,-0.0004233078964690398,2.8258941091952318e-05,0.0004242500948316709,176.18074868349944
0%,621.35,70.5,0.050548243349517935,-0.14136859596522677,0.15013395628871443,-70.32480647102739,-0.8086810625595291,0.08464302665220633,0.8130987042808856,174.02472266146845,-0.0004257334096784729,5.0845586554304224e-05,0.0004287589180279633,173.18939117487278,-0.00042618143450289886,4.7591205895552024e-05,0.0004288304303492716,173.6282417933722
0%,622.3,70.5,0.049450343308134644,-0.14113774338323704,0.1495499885008516,-70.69110180683373,-0.808606195034856,0.08466703608348258,0.8130267435010421,174.02249062066983,-0.00042588736678533844,6.339635800511374e-05,0.0004305800127684307,171.53328754016027,-0.00042809318793513343,6.505194745436289e-05,0.00043300754430387314,171.35958054487784
0%,623.25,70.5,0.04832899049041136,-0.1408960229953212,0.1489542903635889,-71.06742973521708,-0.8085300710191141,0.08472573630000205,0.8129571490144799,174.0178173176933,-0.00042521649879061294,7.711246669840475e-05,0.0004321520604649015,169.72119326091877,-0.00042681345336704156,8.219450499323067e-05,0.0004346557955741324,169.09958723922225
0%,624.2,70.5,0.047161751419854694,-0.14063835773393207,0.1483353581014507,-71.46160640783637,-0.8084045224637065,0.08485895621058284,0.8128461812599743,174.0075557661964,-0.00042006575374291786,9.549746480281329e-05,0.0004307841724708213,167.1921056473059,-0.0004185528972771639,0.00010055633039044649,0.0004304626620285443,166.49085349870333
0%,625.15,70.5,0.04602441446110728,-0.14034413738238252,0.14769808266897996,-71.84362887719104,-0.8082498278729175,0.08500500352563431,0.8127075949448201,173.99617716020194,-0.0004159663182286317,0.00011320268533189695,0.00043109491514866624,164.7759980549374,-0.00041297209834379904,0.00011802948882045475,0.000429507758069279,164.04979916015526
0%,626.1,70.5,0.044932671625970914,-0.14001397055913756,0.14704712486540622,-72.20775235420284,-0.8080828687083658,0.08513476496137563,0.8125551371476095,173.9858460925292,-0.00041196875535506156,0.0001306650273902289,0.00043219394346946584,162.40242109665814,-0.0004085298455887775,0.0001350029143633983,0.0004302585520630606,161.71332765902804
0%,627.05,70.5,0.04392366079153258,-0.13965152831276792,0.1463961657196712,-72.54042301434772,-0.8079891132079833,0.08521442143660582,0.8124702484912285,173.9795668656223,-0.00040273092084368897,0.00015232582183188667,0.0004305756038146673,159.28176551703945,-0.00039737285809544464,0.0001551625059994879,0.0004265918325741639,158.67080544978438
0%,628.0,70.5,0.043020206106874744,-0.13928810664420976,0.14578036488501028,-72.83629315323167,-0.8079599803084911,0.08524477458970221,0.812444460486344,173.97722259988336,-0.0003807165296414577,0.00017740752466722232,0.00042002203007793064,155.0152694641798,-0.000372070626079781,0.00017621415585538947,0.0004116891782828736,154.65757529868807
0%,628.95,70.5,0.04225739295956457,-0.13893603066329013,0.14522020477953387,-73.08286150497595,-0.8080149918221603,0.08529519288161591,0.8125044596419627,173.97409388118677,-0.0003275515655410676,0.0002170770322319108,0.00039295351634896763,146.4665172455425,-0.00031569861434327704,0.00020758599983411,0.0003778327175158238,146.67328593449596
0%,629.9,70.5,0.04135793969960458,-0.13869645477165926,0.14473142624331126,-73.39592899587342,-0.8080578946574615,0.08544764809821274,0.8125631431979703,173.96372087413786,-0.00031801096892681977,0.00022135130797746604,0.0003874627438878605,145.16018087322746,-0.000308459341556373,0.00021175848671509476,0.00037415080126769495,145.53025656909827
0%,630.85,70.5,0.04027278681738251,-0.1385532563410012,0.14428756772755416,-73.79262331565424,-0.8079567075235199,0.08585358227976972,0.8125053100272736,173.9345038030456,-0.00031867910789232516,0.00021377344962466717,0.00038373879341484137,146.1458565330117,-0.0003168975172839484,0.00020824383827893695,0.0003791959027229519,146.68976083173067
0%,631.8,70.5,0.03902397896804805,-0.13839354790993538,0.1437902814434906,-74.25269921926898,-0.8077317804851213,0.08629644941362805,0.8123285704609085,173.90176567814916,-0.0003152606494734447,0.0002247974094997406,0.0003871991121170246,144.50913470376634,-0.00030699844787218417,0.0002183376869487535,0.0003767219034487669,144.5795139271119
0%,632.75,70.5,0.03767744790868542,-0.1381915270873279,0.1432357784900106,-74.74918440352631,-0.8074269482634344,0.08676733422718236,0.812075641224938,173.86644572633256,-0.00030769071553265695,0.0002413339525993198,0.0003910443109191197,141.89151219540196,-0.0002924076744921703,0.00023279032656675348,0.00037375604910820474,141.47615443048647
0%,633.7,70.5,0.03628404609346397,-0.13789255974447606,0.1425864300478714,-75.25778546620153,-0.8071123769309346,0.08719358164252947,0.8118085424992493,173.834162088657,-0.0003005612880306728,0.00025080067394038757,0.0003914563397259133,140.15699340216256,-0.00028684557909384935,0.00024187929550770516,0.00037521457839613526,139.8611170389502
0%,634.65,70.5,0.035005380816804314,-0.13751199093709687,0.14189758397384256,-75.71799308062948,-0.8068299011284483,0.08758080322766072,0.8115693971860595,173.80484092278962,-0.0002972100885427922,0.0002612390745942245,0.00039570151734162097,138.6854635734493,-0.0002820139715717608,0.0002469516820581838,0.00037485599025898495,138.7922817120408
0%,635.6,70.5,0.03384452742087507,-0.13705970143212812,0.1411765341443346,-76.1292789522134,-0.8065805780657311,0.08793674956491107,0.8113600315746956,173.77795185951237,-0.0002978021172595148,0.0002745762029933915,0.0004050656641762147,137.32366801589106,-0.0002777554039729644,0.0002500930010550669,0.0003737573726535897,137.9998961043271
0%,636.55,70.5,0.03274999184185563,-0.13658791500975714,0.14045931970629166,-76.51660572307587,-0.8063770947603397,0.08834309014701891,0.8112018987470692,173.7478631069182,-0.0002899463261202465,0.000284577339504334,0.0004062673186339178,135.53541975255726,-0.0002746616660957142,0.0002596342879792329,0.0003779536933500675,136.61105172566008
0%,637.5,70.5,0.03169711231137147,-0.13609637607312483,0.1397387938588176,-76.88941980912178,-0.8061517639620925,0.08882759539990231,0.8110308306369877,173.71210490593046,-0.0002792025105311652,0.00029574353957056515,0.0004067164652244016,133.35207180811452,-0.00027278764051169097,0.00027479825608051506,0.0003872043108758319,134.7896233826856
0%,638.45,70.5,0.030642009686532877,-0.13559525303343187,0.13901440717720587,-77.26610533399692,-0.8056945174713199,0.08952386697434246,0.8106529332836481,173.65964992448278,-0.0002779209161857577,0.0003149288686255337,0.00042002408019932577,131.4280130515166,-0.00026751447054727817,0.0002855769747938223,0.00039130320786390444,133.12953609226145
0%,639.4,70.5,0.02962445697288463,-0.13506564980955146,0.13827631109273447,-77.62899697000387,-0.8051377513691893,0.09022628759906644,0.8101775000910256,173.605930252647,-0.00026739932122090527,0.00033076382863856334,0.0004253317614816013,128.95310537216903,-0.000259099303765873,0.00030171126024607146,0.00039769603187765504,130.6548555195931
0%,640.35,70.5,0.02865155546595961,-0.13450156644696637,0.13751939138647562,-77.97458420105104,-0.8045724993794244,0.09087665050752791,0.8096885032931623,173.55574055435778,-0.00023787575574329997,0.0003466925302623465,0.00042045283410883813,124.45514327058078,-0.00024481445945447223,0.00033186560506750064,0.00041239410687448453,126.41588328089647
0%,641.3,70.5,0.027738140532798865,-0.13390724272699084,0.13674996926859814,-78.29701167239924,-0.8039874222150286,0.09149975253220712,0.8091773475533172,173.5072493444468,-0.0002198350391170001,0.0003606961387146261,0.0004224087462484811,121.36123533110923,-0.00022656553635676263,0.00034694401471363007,0.00041436951095639155,123.14582113386683
0%,642.25,70.5,0.026878392934126378,-0.133286939456503,0.13597005639626245,-78.59874770480955,-0.8033551797525592,0.09205513036649915,0.8086122011582931,173.46308363822394,-0.00020921195875354856,0.0003728862859177645,0.0004275673349439142,119.29508417027839,-0.0002094328396582143,0.0003546457992412317,0.00041186861648680553,120.56358709663634
0%,643.2,70.5,0.026069015517807038,-0.13265256381948004,0.13518985264415703,-78.88186010227025,-0.8027835791344385,0.0925364804707431,0.8080992978253424,173.42456308111292,-0.000199131826863943,0.0003790101871542643,0.0004281380693618378,117.71742132575137,-0.0002025541443871621,0.0003635456316321453,0.0004161653609891515,119.12493055320337
0%,644.15,70.5,0.025304901308874587,-0.13200621065166776,0.13440973804328452,-79.14834176376601,-0.8022341011100295,0.09298406690560806,0.8076048474855284,173.3885538185353,-0.00019038063785137928,0.0003827899442234456,0.0004275195067681551,116.44346250622218,-0.00019893313497501515,0.00037340048560335556,0.00042308665169183644,118.04694084633454
0%,645.1,70.5,0.02458093961379222,-0.13135125015948249,0.1336314839802202,-79.40032817678726,-0.8016964401124262,0.09344311908048497,0.8071237814563679,173.3517891041703,-0.000183973872546471,0.00038744457270865,0.0004289052141221106,115.4002007204592,-0.0001944400244807632,0.00038362699631737553,0.00043008905522411454,116.87801428944049
0%,646.05,70.5,0.02390046572389308,-0.13069136925850458,0.13285882078538022,-79.63643142199619,-0.8011474190938164,0.09390351805859484,0.8066319221456983,173.3147916057259,-0.00017938697974328164,0.0003921049196475204,0.00043119132240016726,114.58397132580234,-0.00019099442946581875,0.000392354175664972,0.0004363721705708481,115.95639598642914
0%,647.0,70.5,0.02326258191772586,-0.13002829073850736,0.13209278598718668,-79.85686305855015,-0.8005765407101745,0.09436474477599467,0.8061187893803917,173.2775086959181,-0.00017691001710194167,0.00039749882259224425,0.0004350890346966121,113.99183614081153,-0.00018878242465585242,0.0003990767677322713,0.00044147601339436304,115.31639164022286
0%,647.95,70.5,0.02265066087518076,-0.12937289651181363,0.13134077352421406,-80.06928382483294,-0.7999666056942093,0.09483543277315656,0.805568327043204,173.23918307582667,-0.00017436788856853218,0.000403974312369721,0.00043999932456588724,113.34653126425611,-0.00018526355092264202,0.00040702200738633324,0.0004472018535261976,114.47352773787131
0%,648.9,70.5,0.022061762060686795,-0.12872569148380708,0.13060254589098425,-80.27479933875038,-0.7993179001393774,0.0953064556309181,0.804979767427823,173.20045468892152,-0.00017171962303996123,0.00041182852610553987,0.00044619543235139436,112.63461077589383,-0.00018017371872156845,0.000416280994869118,0.0004535994219652198,113.40380769336952
0%,649.85,70.5,0.021492114252549592,-0.12808486391529328,0.12987549168047005,-80.47473802821426,-0.7986621166748418,0.09572508992935301,0.804378312396301,173.1653147014786,-0.0001675883622996042,0.0004199986884823489,0.00045219990878499363,111.75304522853688,-0.00017516540789645223,0.00042457449056809265,0.000459289035537194,112.4194261643234
0%,650.8,70.5,0.020934256418288152,-0.1274524363622057,0.12916023624339162,-80.6723680596425,-0.7980281410450628,0.09608767217373515,0.8037921090951353,173.13427488673221,-0.0001631090974448142,0.0004281415023991311,0.0004581590594388013,110.85534301647957,-0.00017067082345833108,0.00043201988574330884,0.0004645101846651012,111.55665490524737
0%,651.75,70.5,0.020375355534005612,-0.12683297873794336,0.12845917487153935,-80.87357374981934,-0.7975163808069062,0.09636851136483145,0.8033176629690274,173.11002455967622,-0.00015981010637003277,0.00043572060630536573,0.0004641031317036297,110.14162179568147,-0.00016707624307392343,0.0004382442543099195,0.0004690122572335974,110.86884795340534
0%,652.7,70.5,0.019809294827179573,-0.1262226307446471,0.12776760416337804,-81.08079059989666,-0.7969945367251936,0.09664255454541068,0.8028325322997746,173.08614042431043,-0.00015875405578118636,0.0004412703468067666,0.0004689588139676448,109.78700512085135,-0.00016610231082689144,0.0004436679035108065,0.00047374168728085095,110.5251126807966
0%,653.65,70.5,0.019226503796356556,-0.12562330188016138,0.12708608272940616,-81.2984681358291,-0.7963619252352508,0.0969542208655046,0.8022421310976084,173.05860448207642,-0.00015946657660247853,0.0004445975114856205,0.00047233096052717166,109.7317055173756,-0.00016934274184912833,0.00045117117544956427,0.00048190496342486664,110.57313917640515
0%,654.6,70.5,0.018635901782021062,-0.12501484647506442,0.12639623678896877,-81.52138154965922,-0.7957169331392356,0.09731329754572136,0.801645380179873,173.0275571102189,-0.00015972764350495,0.0004490495964483134,0.0004766114352069593,109.58055223445547,-0.00017096019262359644,0.0004587935547381723,0.0004896109816284614,110.43689746889653
0%,655.55,70.5,0.018036096662194575,-0.1243914128265813,0.12569218101298504,-81.74990970002636,-0.7950797390875228,0.09773352630074839,0.8010640633998397,172.99219025428604,-0.00015671701796911387,0.00045763480239036607,0.0004837249591245018,108.90376572825593,-0.00016543660294199075,0.0004689214084175427,0.0004972489888026699,109.43296447852671
0%,656.5,70.5,0.017476321661110218,-0.12375448147624259,0.12498237277414867,-81.9619739094428,-0.7943856631430255,0.09810184546860504,0.8004202358083724,172.95996053562894,-0.0001564525803927779,0.0004640643595038727,0.0004897276178380164,108.63078913438072,-0.00016361342008774246,0.000476044042257584,0.0005033758848035417,108.9675317031646
0%,657.45,70.5,0.016952767869767245,-0.12310574327581861,0.12426753544646313,-82.15917162686475,-0.7936256062662439,0.09839537026124746,0.7997019768703283,172.93241487905456,-0.00015737498246984374,0.0004693165363434029,0.0004949998953462033,108.5377453479673,-0.0001636041406363367,0.0004814163186368261,0.0005084564747185233,108.7697747682637
0%,658.4,70.5,0.01643676365298308,-0.1224442536444566,0.12354255319497023,-82.35439223135195,-0.7929483923690337,0.098590629823972,0.7990539814366251,172.9125455316992,-0.00015526474123417257,0.0004772122801236759,0.0005018353317287976,108.02270198825734,-0.00015860389558793975,0.00048787917108902135,0.0005130119699170582,108.00874643123079
0%,659.3499999999999,70.5,0.015951865682063696,-0.12178423473136854,0.12282451647714178,-82.53761602405008,-0.7923211186557515,0.09871968110859526,0.7984474500592285,172.89780186844538,-0.00014998667270479132,0.0004863541599308452,0.0005089561581031242,107.13923002235943,-0.00015095537337549,0.0004950617170006083,0.0005175650958000587,106.95763449895655
0%,660.3,70.5,0.01558279070835129,-0.12116750894738343,0.12216541487169977,-82.67168102152276,-0.7917310047876671,0.09882275346715787,0.7978746270843056,172.8852175861427,-0.0001477638574234427,0.0004895535638329452,0.000511367626490173,106.79559391615143,-0.00014811572641386375,0.0004944778990873679,0.0005161847160629262,106.67504179403517
0%,661.25,70.5,0.01523015104828016,-0.12059255781111666,0.12155049362458774,-82.80197904429029,-0.7911626008342736,0.09890693371213227,0.7973210410463205,172.87415589410898,-0.0001466719450971353,0.0004916807879032063,0.0005130912751857069,106.61022368471453,-0.00014540378360724512,0.0004926837707053968,0.0005136920850118197,106.44269956710842
0%,662.2,70.5,0.01476878103315412,-0.12006667234231044,0.12097157806923488,-82.98756708891374,-0.7905952673686626,0.09899095743249936,0.7967685275154447,172.8630995638287,-0.00015181301014788505,0.0004894603345738539,0.0005124632759245396,107.23201219792762,-0.00015278668685123973,0.0004910467389428598,0.0005142671207703209,107.28326329626054
0%,663.15,70.5,0.014210105507359332,-0.11962226570282901,0.12046332865402859,-83.22549668951066,-0.7900341366491659,0.09906286353787512,0.7962206905144557,172.85294863216072,-0.0001608799208552223,0.000484949114407902,0.0005109383451057388,108.35305627409254,-0.00016498994143714798,0.0004883649470154873,0.0005154823006164938,108.66710209885593
0%,664.0999999999999,70.5,0.013460141793437741,-0.11934043813028133,0.12009710900028758,-83.56493189712826,-0.7894725640912068,0.09912286125877978,0.7956709565372309,172.84363059221133,-0.0001716285997119776,0.000481940084213597,0.0005115883315820477,109.60184162591393,-0.00017767303322561428,0.0004892700177787816,0.0005205313218556972,109.95793461548934
0%,665.05,70.5,0.012723108318317562,-0.11894768659901694,0.11962620796688993,-83.89463380969346,-0.788938578751997,0.09914828958821084,0.7951443041181196,172.83701914532944,-0.000182628825026539,0.0004802417805193332,0.0005137951493415966,110.82106682299147,-0.00019007996262523355,0.0004916518704087332,0.0005271166416155119,111.13724695068005
0%,666.0,70.5,0.012039765014924111,-0.11825045145838126,0.11886179037741933,-84.18641755321785,-0.7884430726749468,0.09912811274321383,0.794650150434229,172.83400771125534,-0.00019315556072880204,0.0004809591846386436,0.000518296062042465,111.88063581341432,-0.00020095344294269232,0.000494913576290615,0.0005341551593191704,112.09899416131623
0%,666.95,70.5,0.011462851024155434,-0.11754473159265007,0.1181023322326453,-84.43018149226988,-0.7879416858799837,0.09912490774386543,0.794152282426123,172.8297246843858,-0.00020453770503523944,0.0004823804088752207,0.0005239527952475373,112.97779136593682,-0.00021265640073438535,0.0004984059670297104,0.0005418775255942289,113.1066369150992
0%,667.9,70.5,0.010984143893709365,-0.11688244881449714,0.11739743718647036,-84.6313397397573,-0.7874233825274985,0.09915128130163474,0.793641329527894,172.8231650953053,-0.00021712180435145865,0.00048430183939831715,0.0005307449006532484,114.14760865035672,-0.00022574573487482762,0.0005017718738206373,0.000550214640092073,114.222844507836
0%,668.8499999999999,70.5,0.01055699036445052,-0.116236933849618,0.11671535818526871,-84.81046172064043,-0.7869559228066841,0.09916470206192737,0.7931792121428489,172.81798462222008,-0.00023083841226335123,0.0004899466065942055,0.0005416032218233585,115.22747569266295,-0.00023849143760471537,0.0005114401736081644,0.0005643130487514116,115.00027310946363
0%,669.8,70.5,0.010171035154714942,-0.11560880984440287,0.11605536122798356,-84.97217562723259,-0.786533944165259,0.0991664090819545,0.792760759633301,172.81404930581908,-0.000246910276862505,0.0005013783227566926,0.0005588782580765091,116.21854045417916,-0.00025354363454937654,0.0005291513557750575,0.000586758495412797,115.60147806909092
0%,670.75,70.5,0.009831696668497283,-0.1149785930500994,0.11539817641176876,-85.11258785128865,-0.7860289663612405,0.09918902647775363,0.7922625820600925,172.80785824914238,-0.00025243388176196237,0.0005217530061467863,0.0005796111317811458,115.81856717561428,-0.00025604435257760657,0.0005486323832402337,0.0006054388511045061,115.0182576163706
0%,671.7,70.5,0.009525939486602237,-0.114358046319892,0.11475411226272013,-85.2382976797411,-0.7854517982544365,0.0992252467978765,0.7916944972546086,172.80002805062193,-0.0002397935575265942,0.0005538916006091291,0.0006035700915855614,113.40899594078952,-0.00023600150210090646,0.0005781379504492331,0.0006244519186803129,112.20575760752453
0%,672.65,70.5,0.009236629290658663,-0.11382126493828226,0.11419542754770742,-85.36059679837597,-0.7849317550097983,0.09919834977314547,0.7911751845327792,172.7972404052197,-0.0002158283410062893,0.0005794342558600084,0.0006183251002875177,110.42941416142702,-0.0002165292549744893,0.0006090466594739915,0.0006463921036617291,109.57139966188325
0%,673.5999999999999,70.5,0.008940658686265143,-0.11333914218745833,0.11369123330113534,-85.48961288383282,-0.7844422507844614,0.09913210838915393,0.7906812377497463,172.79755519622603,-0.00018297775609513514,0.0006053589986116904,0.0006324083937028029,106.81813566401108,-0.00019313495889000708,0.0006397268598962994,0.000668245140362595,106.79918185670303
0%,674.55,70.5,0.008474553252141808,-0.1128839325251461,0.1132015913102158,-85.70667852063539,-0.7839636277967548,0.09905192470377863,0.7901963385740102,172.7989722513921,-0.00014493581010479022,0.0006193159479732569,0.0006360492374531595,103.17163460355805,-0.0001548203104766611,0.0006576688690089387,0.0006756461128428005,103.24668571557777
0%,675.5,70.5,0.007839429179222908,-0.11245310221279738,0.11272602559807521,-86.01219815838414,-0.7834985911386833,0.09895191048279298,0.7897224340896593,172.80194197989897,-0.00011012640489026642,0.0006200042699384153,0.0006297087579158497,100.07194636922735,-0.00011952811925775467,0.0006666818668404768,0.0006773121015212996,100.16445954696621
0%,676.45,70.5,0.007210582628596495,-0.1119617768049341,0.11219372516839655,-86.3151157333181,-0.7830444246222794,0.0988264944545008,0.7892561351919933,172.8068436243942,-0.00011752769576795203,0.0006108405781945356,0.0006220441875313673,100.89080524361661,-0.0001258755677333746,0.0006642791462466546,0.0006761001720827941,100.72987099053475
0%,677.4,70.5,0.006576490951177383,-0.11143342342423271,0.11162731784502955,-86.6224800329516,-0.7826130069465866,0.0986704469372707,0.7888085799107276,172.81416528315555,-0.00013322832969144292,0.0005998767707631784,0.0006144932285498602,102.52174276593725,-0.00013824203832084285,0.0006602784708713185,0.0006745950787363246,101.8251643496648
0%,678.3499999999999,70.5,0.005994779035134302,-0.11088574000802086,0.11104766865092884,-86.90544979151768,-0.7822247941544646,0.09847032156002938,0.7883983972701428,172.82506580433937,-0.000134838230155408,0.0006070022139695133,0.0006217982277840084,102.52420664797529,-0.00013585172191643308,0.0006676707646587444,0.0006813515541390159,101.50103577435237
0%,679.3,70.5,0.005446687038847905,-0.11031868650955304,0.11045306239707522,-87.17347089400349,-0.7818655460869878,0.09825020563031994,0.7880144891207926,172.83768245977257,-0.00013806745169052747,0.0006217011993427046,0.0006368477074469794,102.52104654550567,-0.00012867371565611758,0.0006787087897706339,0.0006907984846629804,100.73507390067749
0%,680.25,70.5,0.004931136574953808,-0.1097351066960949,0.10984584539036595,-87.42704610709151,-0.7815423095556028,0.09802176948111321,0.7876653152943287,172.8512379625923,-0.00013578932254092863,0.0006392711327411271,0.0006535337185426993,101.99211471456599,-0.00011859978724084492,0.0006873627270673192,0.000697519482233289,99.78960914288703
0%,681.2,70.5,0.0044448167727061914,-0.10914384911384907,0.10923431784713805,-87.6679529247681,-0.7812359107236808,0.09779029895140695,0.787332516014209,172.86517679371758,-0.00012833587431138076,0.0006603102462135994,0.0006726661266110631,100.99870940602648,-0.00010603282424922778,0.0006973180570476268,0.0007053335611630463,98.64605348418235
0%,682.15,70.5,0.003992103280198084,-0.10855303887589567,0.10862642007261163,-87.89386239121852,-0.7809312738669039,0.09755731454539057,0.7870013240933548,172.87925267830207,-0.00011799938270121037,0.0006803752514992823,0.0006905319233537131,99.839096480919,-9.345715098520505e-05,0.0007116728891607676,0.0007177830732447691,97.48129420067268
0%,683.0999999999999,70.5,0.003553314836430271,-0.1079730565328145,0.10803150921543747,-88.11511778659464,-0.7806411972162861,0.09731744293490696,0.786683776043885,172.8939693650238,-0.00010567906248227279,0.0007009487157069761,0.000708870345196067,98.57366986907651,-7.940730631241587e-05,0.0007300082002391201,0.000734314301040197,96.20799260412315
0%,684.05,70.5,0.0031207925408882906,-0.10741625891875022,0.10746158395530586,-88.33583892797719,-0.7803717614769595,0.09707089024997356,0.7863859382291719,172.90936664980882,-9.509340127185008e-05,0.0007201593100576371,0.0007264104809459601,97.52210174218631,-6.337250558554053e-05,0.0007533284558198031,0.0007559893099852923,94.808590606937
0%,685.0,70.5,0.0026645537715617846,-0.10688337441628665,0.10691658231263129,-88.57193814033033,-0.780109089454541,0.09682551182800674,0.7860950140983904,172.92475138685703,-8.213791217000118e-05,0.0007426876061421151,0.0007472158436039431,96.31100841176341,-4.03756506338298e-05,0.0007756737393883655,0.0007767238525633386,92.97969151745929
0%,685.95,70.5,0.002130825111078283,-0.10640044509105127,0.10642177940265714,-88.85272126306914,-0.7798637007565421,0.0965543682724874,0.7858181327700376,172.94216674785866,-6.071490927968866e-05,0.0007824653808344748,0.0007848174134238361,94.43693947143991,-3.495392453578004e-06,0.0007927448660558153,0.0007927525720086042,90.25262848878471
0%,686.9,70.5,0.001542005304572901,-0.1059117033366894,0.10592292803750392,-89.16586976444147,-0.7796514578698429,0.09627232548485663,0.7855728842143379,172.9606796361034,-2.7776930764070692e-05,0.0008218172215191306,0.0008222865093555262,91.935826155373,4.0389007792404514e-05,0.0008094557239786467,0.0008104627326609472,87.14351011084858
0%,687.8499999999999,70.5,0.0008937150749872007,-0.10535407368947972,0.10535786429879632,-89.51397348134876,-0.7795029475847614,0.09597823671336801,0.7853895003219348,172.98064457243171,1.8300237838577467e-05,0.0008513314944202459,0.0008515281628324209,88.76855849542349,9.118064793908748e-05,0.0008262264033695616,0.0008312424316549254,83.70243875352172
0%,688.8,70.5,0.0002402856114635114,-0.10475879187172674,0.10475906744334275,-89.86858069833586,-0.779345160266128,0.09571957609527455,0.7852013220048064,172.99797043086136,6.175777377288744e-05,0.0008769381868349951,0.0008791101217429088,85.97163468893748,0.00013801426827806488,0.0008372706079120437,0.0008485693896916933,80.63963400961568
0%,689.75,70.5,-0.00036546529829096803,-0.10413871331932649,0.10413935460088622,-90.20107347709617,-0.7791088267197135,0.09556120466600734,0.7849474553814332,173.0073413008457,9.135039510944535e-05,0.0008918683413095091,0.0008965344571832288,84.1518239442074,0.00016986694110534707,0.0008375652939962354,0.0008546171068890956,78.53532144708227
0%,690.7,70.5,-0.0009260885244854418,-0.10350083244047095,0.103504975512415,-90.51264851402172,-0.778853786941639,0.09541603245484755,0.7846766472138421,173.01559553327806,0.00011887130067724301,0.0009035219880861693,0.000911308053887314,82.50496339846185,0.00019848567253394025,0.0008358099659685776,0.0008590546323800631,76.64102710343211
0%,691.65,70.5,-0.0014137805500138512,-0.1028558550307225,0.10286557096300297,-90.78749583898602,-0.7785934079212445,0.09523136171124429,0.7843957592387885,173.02667188718507,0.00015423958638567607,0.0009169310836866946,0.000929813132967738,80.45150427324698,0.00023204479359880125,0.000840390644801451,0.0008718378416346179,74.5643515642966
0%,692.5999999999999,70.5,-0.0018768983854174704,-0.1022119940119698,0.10222922511421151,-91.05199269913611,-0.7783363443153487,0.0950268576457832,0.784115787722842,173.0392240874454,0.00018516904563285573,0.0009250032042503816,0.0009433549190702594,78.68003788775344,0.0002581805315419126,0.0008412248527291162,0.0008799525212853178,72.93821318539825
0%,693.55,70.5,-0.002354822091553303,-0.10158701006240173,0.10161429919308294,-91.32789821610346,-0.7780975676354738,0.09481104083057856,0.7838526380791343,173.05276778917965,0.00020457900344407243,0.0009236246390280329,0.0009460100646768162,77.51085919674168,0.00027175335425391907,0.0008304484098037154,0.0008737816929266576,71.87999448884587
0%,694.5,70.5,-0.00283492695190962,-0.10096269318845927,0.10100248624013977,-91.60838302438164,-0.7778629124649404,0.09459136691528275,0.7835931580120779,173.0666369331651,0.00021831152545891158,0.0009183218788198413,0.0009439147182173823,76.62737481947207,0.0002811313223288007,0.0008213445937349129,0.0008681254299074006,71.10485704889065
0%,695.45,70.5,-0.003331558096633269,-0.10031987463445885,0.10037517883433525,-91.90205671913448,-0.7776394722490777,0.09435965823803714,0.7833434073907964,173.08148793125656,0.00022450422353768743,0.0009123468478744565,0.0009395631523281001,76.17569899347984,0.0002798577027367233,0.0008169550667799643,0.0008635600239233705,71.09049234170813
0%,696.4,70.5,-0.0038090857662935376,-0.09966364946812334,0.09973641340894478,-92.18874552014631,-0.7774268394912106,0.09411929761503304,0.7831033986293506,173.09707187696685,0.0002299725569080381,0.0009070784140930186,0.0009357770173734374,75.77350103905763,0.00027490419673463723,0.0008121285666590772,0.0008573943819305345,71.29912378141383
0%,697.3499999999999,70.5,-0.004202293019304518,-0.09898843020798563,0.09907758869523085,-92.43088176014741,-0.7772171638331651,0.09388699162525029,0.7828673495256452,173.11210608835967,0.0002368024535286829,0.0009018194008530853,0.0009323913522508785,75.28724662215942,0.00027225103625870973,0.0008128388239529862,0.0008572208469637302,71.48231747024676
0%,698.3,70.5,-0.004566245712467966,-0.09831138759890547,0.09841737413449343,-92.65929228774971,-0.7770101586354291,0.09365347308314328,0.7826338605268685,173.12726089436632,0.00024435314199330513,0.0008981877402738085,0.0009308327856173582,74.78093655234763,0.00026893254723983254,0.0008180025924003477,0.0008610766261713264,71.8008230572828
0%,699.25,70.5,-0.00496393265018816,-0.0976717225723365,0.0977977812509214,-92.90941829136787,-0.7767995447744005,0.0934057816373131,0.7823951513174102,173.14342366500736,0.000250584336062689,0.0008977421223587819,0.0009320587040188128,74.40413082589113,0.0002679179185579161,0.0008265771792169695,0.0008689130245811076,72.04096915318136
0%,700.2,70.5,-0.005378197740102127,-0.09704685098481822,0.09719576275229878,-93.17200553709593,-0.7765898675491528,0.09314607000355607,0.7821560028134528,173.160478726718,0.0002572125185564335,0.0008987763178481514,0.0009348567533193655,74.02989557020763,0.00026918302018130686,0.0008383464959432434,0.0008805023257290377,72.19879761824473
0%,701.15,70.5,-0.0057989738261706465,-0.0963883112395032,0.09656259441957818,-93.44291457634763,-0.7763873355621215,0.09287776259546252,0.7819229972356545,173.1782318155031,0.0002652304479861361,0.0009025921155945398,0.0009407548658775854,73.62435538489825,0.0002742233320743499,0.0008479503538942584,0.000891189227113612,72.07902587884519
0%,702.0999999999999,70.5,-0.006217297518514831,-0.09570718657209532,0.0959089169471723,-93.71680637330908,-0.7761951431929973,0.0925954239260165,0.7816986713871504,173.19710647152385,0.0002751637132684325,0.00090890262139201,0.0009496415346186895,73.1566903707093,0.0002830137710163812,0.000857600093517995,0.0009030917533600816,71.73676422338421
0%,703.05,70.5,-0.006569869823493809,-0.09501899282965752,0.09524585128949271,-93.9552899391501,-0.7760206618908339,0.09228563121916955,0.7814887749744128,173.2181440828785,0.000284433456912976,0.0009154352814792814,0.0009586053129356821,72.73954001795448,0.0002911237979943732,0.0008660904516654238,0.0009137098753021587,71.42067273085718
0%,704.0,70.5,-0.006881625922917538,-0.09432644385349132,0.09457713669481023,-94.17264553717308,-0.7758773832323076,0.09193802274417877,0.7813055188833126,173.24221624690486,0.0002933049877489859,0.0009223395006997376,0.0009678522461561342,72.35927808129193,0.0002990223117541043,0.0008736931522620549,0.000923446840503759,71.10644027147241
0%,704.95,70.5,-0.007213852316725457,-0.09365774594939803,0.0939351533855644,-94.40442827659477,-0.775767721302888,0.09157521034118966,0.7811540031034266,173.26769629695605,0.00030204928114334264,0.0009260489170444062,0.000974063840309416,71.93523270061945,0.00030556493304239007,0.0008815283452192637,0.0009329856117487631,70.88210489102484
0%,705.9,70.5,-0.007566748052514917,-0.0930122648761137,0.0933195429343424,-94.65089295882625,-0.7757024467792712,0.09118517875348439,0.7810435472901963,173.2955495930271,0.0003099515288507028,0.0009283814664538332,0.0009787553818456673,71.53778108273153,0.00031080778551077824,0.0008896709834567515,0.0009423990334985585,70.74306800937275
0%,706.8499999999999,70.5,-0.007973957288581116,-0.09235356983513601,0.09269717285944302,-94.93477228300726,-0.7756671716456462,0.09078258904272112,0.7809616121436802,173.32458173910496,0.0003184303232362941,0.0009320601642220348,0.0009849538164228703,71.13770968684814,0.0003179198190818462,0.0008966260301272554,0.000951320791987012,70.47684288711562
0%,707.8,70.5,-0.00846395650462797,-0.0916851227949662,0.09207497109225864,-95.27433862763328,-0.77566496071137,0.09035984244294923,0.7809103869213713,173.35536973274554,0.00032576685402430745,0.0009413310443332593,0.0009961065094689619,70.91077530050066,0.0003271407045040288,0.0009027315556578414,0.0009601798280133876,70.08000039099291
0%,708.75,70.5,-0.008943535784395282,-0.0909773181617434,0.09141585886611713,-95.61442885339024,-0.7757050176213262,0.0899441640735896,0.7809021878659316,173.3860037956069,0.00033605299879816883,0.000948750452130806,0.0010065083399652737,70.49555463287406,0.0003373085599597169,0.0009098758245872717,0.0009703870778150674,69.6592828509239
0%,709.7,70.5,-0.009433910033311206,-0.0902254437026,0.09071730457772459,-95.96911740683251,-0.7758031690576512,0.08952163518468471,0.7809511382193091,173.4176264344294,0.0003509969957261344,0.0009553190539600217,0.001017759001860383,69.82599284667565,0.0003487249890816256,0.0009198935719278232,0.0009837750259506027,69.2386449588472
0%,710.65,70.5,-0.009776781831761248,-0.08941419833299394,0.0899471196121245,-96.24008047858796,-0.7758773745605256,0.08915707679345107,0.7809831526334531,173.44481952139262,0.0003639906012210274,0.0009599808301898014,0.00102667051779485,69.23505353596823,0.00036056800898910527,0.0009265464039850949,0.0009942321297584777,68.73636743642365
0%,711.5999999999999,70.5,-0.010003762896914218,-0.08853953129695671,0.08910288364796314,-96.446305602388,-0.7759216584061401,0.08886549117101342,0.7809939151522246,173.46644204573138,0.0003760099421518342,0.0009603792002225288,0.0010313639923989445,68.61854544058738,0.00037489890947208865,0.0009276259362694391,0.001000519400093329,67.99396278505404
0%,712.55,70.5,-0.01018751064091671,-0.08765618514710993,0.08824620200101083,-96.6292454646974,-0.7759127644019098,0.08861514091799931,0.7809566320620694,173.484615744549,0.0003832612902792662,0.0009591893485274517,0.0010329246937483127,68.21993551673211,0.0003836978578365667,0.0009268050320482032,0.0010030910295373203,67.51041473485881
0%,713.5,70.5,-0.010308120294731963,-0.08680299945126874,0.08741291699598878,-96.77233187208546,-0.7758150043502038,0.08839243696188014,0.7808342614710031,173.50003772798328,0.0003697776229857556,0.0009527887708846846,0.0010220283422610861,68.78875142272082,0.00037229921516192016,0.0009208330947675609,0.0009932473478592256,67.9861744102756
0%,714.45,70.5,-0.010383957931301863,-0.0859476127428606,0.08657262106760878,-96.88893164969859,-0.7756945700698371,0.08815184501473369,0.7806873982685586,173.5165810368968,0.00035202426299627205,0.0009471360824229707,0.0010104394293403245,69.61129323412872,0.0003574466562170123,0.0009149975707225886,0.0009823383665870744,68.66174283789658
0%,715.4,70.5,-0.010335789076877754,-0.08503598116901748,0.08566181546768199,-96.93008300971739,-0.775625694631272,0.08781882431866533,0.7805814269356885,173.54029804479663,0.00034926852384998646,0.0009577549313905141,0.0010194523090145988,69.9643914564786,0.0003571926696340136,0.000921323074418976,0.0009881410884570623,68.80891977042181
0%,716.3499999999999,70.5,-0.010095548372953563,-0.08408489261456448,0.08468877884911014,-96.84637470969284,-0.7756233735331102,0.08739441986446556,0.7805314869973722,173.5712349683402,0.00034567878708477694,0.0009792351348199228,0.00103845812294295,70.55651118201756,0.0003583847796479803,0.0009353041215367018,0.0010016154202321732,69.03443670675424
0%,717.3,70.5,-0.009802705452396903,-0.08316657901836255,0.08374230054043173,-96.72234109074778,-0.7756815121464697,0.08693958895607934,0.7805384682472004,173.6048899395808,0.00035258414172895835,0.0010009285716661412,0.0010612132597062514,70.59482854213091,0.0003678341225344466,0.0009558415243364099,0.0010241752590970151,68.95190160285907
0%,718.25,70.5,-0.009403625676738428,-0.0822640258040624,0.08279974708511892,-96.52119238679356,-0.7758240892737838,0.0864258092668393,0.7806231088079086,173.64353104278797,0.00038146471724548727,0.0010320088841288587,0.001100253455992787,69.71401534975958,0.0003993977631380009,0.0009887259227891305,0.001066347749842825,68.00365865374907
0%,719.2,70.5,-0.00890568138624347,-0.08140205664461499,0.0818877645739972,-96.24353595476558,-0.7760351455944839,0.08590089043323408,0.7807749420768282,173.68352920606074,0.00041385860621188095,0.0010832215004844678,0.001159589481259408,69.09000473285397,0.00045393060590141423,0.0010075674374163187,0.0011050996045224666,65.74742036418385
0%,720.15,70.5,-0.008273400827872594,-0.08056653404078422,0.08099021896873403,-95.86316829604496,-0.7763262125791853,0.085344065232813,0.7810031996144479,173.7264801895637,0.0004535721608234793,0.0011738914039011643,0.0012584707915669424,68.87429518853924,0.000548310793203487,0.0010090839382937776,0.0011484315915481938,61.4814573558577
0%,721.0999999999999,70.5,-0.007668402950971689,-0.07980821947960562,0.08017578375247338,-95.48843754352417,-0.7766382918140636,0.08482417417844637,0.7812567931460962,173.76688061974173,0.000527824799078255,0.0012304734549358945,0.0013389040076958007,66.78256768669273,0.0006248644173959659,0.0010253194856250393,0.0012007229437842834,58.64045538879856
0%,722.05,70.5,-0.0071112987874656945,-0.0791368331969002,0.07945570425638813,-95.1348527165895,-0.7769454371944817,0.08436344549895224,0.7815122541034012,173.80290367150639,0.0006463422242953275,0.001263027977933549,0.0014188015872383076,62.899347359178364,0.0006773948942562863,0.001046204131271209,0.001246357463592781,57.07780283613287
0%,723.0,70.5,-0.006604889895729196,-0.0784966117861275,0.07877399718458317,-94.80967253379258,-0.7772904133073296,0.08388069066752672,0.7818032724965664,173.84080562209078,0.0007635810387422288,0.0012836071103168375,0.0014935538880075947,59.25280044255362,0.0007351889209135394,0.0010694852033541371,0.001297806360605254,55.49446585739494
0%,723.95,70.5,-0.006160111074378378,-0.07785762958564832,0.07810094399650173,-94.52382939781333,-0.7776845274395567,0.0833243045193406,0.7821356429306354,173.88442634152563,0.0008629070364634391,0.0012766674043554424,0.0015409374467906791,55.945007112674524,0.0008073840304110105,0.0011171892985545697,0.001378397947389497,54.14465276403124
0%,724.9,70.5,-0.005758586651983542,-0.07724462014690078,0.07745897405638286,-94.26351375026584,-0.7781622835556583,0.08273457953434875,0.7825481136641262,173.93108503661185,0.0009575297240301794,0.0012616870595477726,0.0015838931178054965,52.80411685108398,0.0008869310354452343,0.0011694078862616588,0.0014677061920176382,52.821699772584445
0%,725.8499999999999,70.5,-0.0053815649311873045,-0.07668173083901324,0.07687033943970496,-94.01446629367373,-0.7787683520735614,0.08211889040263672,0.7830859840096303,173.9805687335167,0.001045879631192962,0.0012629079676067883,0.001639756304329712,50.37008049045097,0.0009717763236479045,0.001192748448690312,0.0015385051462558658,50.82902072916077
0%,726.8,70.5,-0.005041943357850195,-0.07614668040371801,0.07631342037498871,-93.78822825531327,-0.7794820451485732,0.08144808229226892,0.7837257484720599,174.03481053331228,0.0011323310472289073,0.001267728779471225,0.00169979700517977,48.22887969962798,0.0010628721590849827,0.001200070437726485,0.00160308024816695,48.469496698370385
0%,727.75,70.5,-0.00479225915826736,-0.07559900697702279,0.07575074655573988,-93.62715513844617,-0.7803373582117628,0.08075365111953309,0.7845046493106642,174.09174509934178,0.001229772418604467,0.0012693628006581002,0.0017673771870358789,45.9075827742594,0.0011601919509078866,0.0012087230166365542,0.001675427316805602,46.17363280933009
0%,728.7,70.5,-0.004605995017806563,-0.07504099774547543,0.07518222218543762,-93.51239206847882,-0.7813804776433514,0.08007216705541109,0.7854724710510876,174.14902381435542,0.0013365598524297394,0.0012675419408461354,0.001842024649924912,43.48181452420381,0.0012638255234320532,0.0012147462951452004,0.0017529585035725443,43.86561076059027
0%,729.65,70.5,-0.004382315676702713,-0.07446102938392435,0.07458987590554042,-93.3681899351267,-0.7823468263978958,0.0795661742902872,0.7863824342303506,174.19287586488872,0.0014326861145826,0.001249430658008829,0.001900964616212033,41.091344239144355,0.0013561975228569083,0.0012111902271642904,0.001818310613559053,41.767341321828695
0%,730.5999999999999,70.5,-0.004104852505432765,-0.0738499253986808,0.0739639188759092,-93.18143802835814,-0.7833903672509217,0.0792986094216697,0.7873936353297152,174.2199287463814,0.0015322291834147692,0.001209295135991502,0.0019519531235254078,38.28188118151119,0.0014456013168090867,0.0012001189957029533,0.0018788424018547246,39.69900656097502
0%,731.55,70.5,-0.0037935612541266837,-0.07324132307829298,0.07333950172483927,-92.96500639044966,-0.7841747245470517,0.07928285569947154,0.788172423918972,174.22681047386646,0.0015881139958189511,0.0011595125290364981,0.0019663609456833328,36.13389948299315,0.0015016886662372398,0.0011712128445092857,0.0019044181204370305,37.95175624266806
0%,732.5,70.5,-0.0034401045604283624,-0.07263962519204802,0.07272103868501809,-92.71141699061288,-0.7846843703908422,0.07939743487586269,0.7886910128818124,174.22225317651086,0.0016055646238930467,0.0011139741116803705,0.0019541688982764238,34.753717161730776,0.00153110515984871,0.0011215416015751723,0.0018979300763144955,36.22294861358627
0%,733.45,70.5,-0.00306166587106034,-0.07205812278305934,0.07212313676570418,-92.43296769065968,-0.7850670571469138,0.07959308748998843,0.789091467317639,174.2109163426345,0.0016204214265516555,0.0010762570766636441,0.0019452750177536015,33.591454149486154,0.001557201025855003,0.0010742520359223796,0.0018917960967311598,34.60027431699248
0%,734.4,70.5,-0.002670462866796014,-0.0715283351660991,0.0715781677856925,-92.13810682528319,-0.7853052648273486,0.07989545532726472,0.7893590075165439,174.19082486759302,0.001638918986346487,0.0010486954588209288,0.0019457177619476662,32.613967774391035,0.0015794700400029835,0.0010462391419454465,0.0018945558712811217,33.52044546791676
0%,735.3499999999999,70.5,-0.002278327047408239,-0.07102800075962036,0.07106453170213382,-91.83721602817826,-0.7854869611536183,0.08021881110667602,0.7895725576523759,174.16881539091344,0.0016644966062494282,0.0010287212180318224,0.0019567361336278173,31.71761741447193,0.0016007620067690436,0.001025911956240181,0.0019012980682343867,32.65539382996624
0%,736.3,70.5,-0.0019773822012854915,-0.07051299086671271,0.07054071109181613,-91.60631351329491,-0.7855789244612117,0.08053930109998453,0.7896966668153717,174.14636072116716,0.0016967994464058783,0.0010037777836054912,0.001971471075157647,30.60733918931637,0.0016282017989153782,0.0010059105554301568,0.0019138696777777425,31.707962922082974
0%,737.25,70.5,-0.001761676361902154,-0.06998179005177975,0.07000396019123106,-91.4420223794,-0.7855030351561849,0.08094764794140098,0.789662928056537,174.11632510770596,0.001739495737265218,0.0009754270506698542,0.0019943177658393245,29.281649588191414,0.0016641742740531398,0.0009892014458393475,0.001935974048088184,30.727663356776073
0%,738.2,70.5,-0.0014109789670662192,-0.06946805293061446,0.06948238078546357,-91.16358559084408,-0.7853933657218839,0.08134528431565526,0.7895947024900456,174.08680743989493,0.001784064512647113,0.0009429182962093313,0.002017915037511017,27.85746094787188,0.0017037460497918413,0.0009693734018467601,0.0019602130992290774,29.638400185692618
0%,739.15,70.5,-0.0005075219245255687,-0.06887869971343624,0.06888056948601395,-90.42216734882005,-0.7852802010042024,0.08172560816520266,0.7895214177710271,174.05850803934092,0.0018331244881698153,0.0009069906042318569,0.0020452328340051446,26.32521621813655,0.0017517485906026206,0.0009470947128136134,0.00199138432245455,28.398172257744054
0%,740.0999999999999,70.5,0.00015116676888331243,-0.06844635111919097,0.06844651804820745,-89.87345996337443,-0.7851545586424274,0.08206554300399188,0.7894317160499222,174.03302468155604,0.0018743323955588201,0.0008621070823518158,0.002063092472596036,24.700264963956375,0.0017919922969466368,0.0009131031369853672,0.0020112169776253883,27.00095075921642
0%,741.05,70.5,0.00011583749524241288,-0.06832042381108792,0.06832052201243763,-89.90285491721689,-0.7850288807727612,0.08233355365703994,0.7893346297389535,174.01272753197588,0.0018852789679995373,0.0007894236901288199,0.0020438851605992943,22.72054459695937,0.001803597721782238,0.0008444370040209724,0.001991491550516345,25.08879947269106
0%,742.0,70.5,2.5570223785566112e-05,-0.06824145159144787,0.06824145638205759,-89.97853114490702,-0.7849097900679538,0.08256344420241779,0.7892402047938797,173.9952276138176,0.0018640224466172002,0.0007009825552965015,0.001991470869564199,20.609226006731266,0.0017887984588089842,0.0007545756511947833,0.0019414387292967625,22.87166122814453
0%,742.95,70.5,-0.00014907020489678892,-0.0680453910396929,0.06804555432701467,-90.12552032984624,-0.7848099236827055,0.08276733301108186,0.7891622442341127,173.97974733785136,0.0018184003138977554,0.0006362506188407635,0.0019264980019607365,19.28472697978996,0.0017501037323767502,0.0006838470145940148,0.0018789650910669357,21.34290190076526
0%,743.9,70.5,-0.0005012860616005813,-0.0676373081009816,0.06763916568721606,-90.42463324758775,-0.7847201119250518,0.0829510027239039,0.7890922144544115,173.96580073429146,0.00174284053313315,0.0005733513439427422,0.001834727469553119,18.20992430846903,0.0016794695311896184,0.0006135673848640227,0.001788038825630795,20.068969247486788
0%,744.8499999999999,70.5,-0.0007501267905000248,-0.06716381541553233,0.06716800422354027,-90.6398878923343,-0.7846755498991321,0.08309817431953985,0.789063384770036,173.9548333137185,0.0016802330940392104,0.0005222344535556727,0.0017595204104485886,17.26580462060918,0.001621364921400261,0.0005560515791851163,0.0017140646332800685,18.929546612222307
0%,745.8,70.5,-0.0009024540066673073,-0.0666456612751402,0.06665177109450934,-90.77579912648612,-0.7846586124813478,0.08322823120294343,0.789060249036995,173.94531252917082,0.001631011623263921,0.0004830264503219391,0.001701033058741841,16.49673156445995,0.0015810289097374002,0.0005089070239570044,0.0016609150407104535,17.842507332074575
0%,746.75,70.5,-0.00101725739548759,-0.06608878105030715,0.06609660954484815,-90.88184336576583,-0.7846788753825038,0.0833303959828991,0.7890911812751539,173.93809093022705,0.001599474898695058,0.0004509459457612129,0.0016618279687001423,15.744935273677909,0.0015497854925253277,0.00047458190119124155,0.001620821721775799,17.02585850370992
0%,747.7,70.5,-0.0009734280639042209,-0.06548900451636473,0.06549623863047432,-90.8515813179733,-0.7848262273458737,0.08331237292864305,0.7892358067225272,173.9405216859809,0.0015954769703778304,0.0004210180488601124,0.001650091803649723,14.78237029473324,0.0015298587598977776,0.0004579383530053376,0.0015969268487908916,16.664216201428363
0%,748.65,70.5,-0.0007068858547145415,-0.06485392071167181,0.06485777300591973,-90.624479936516,-0.785068666420224,0.08321898657491955,0.789467042200867,173.94911870915186,0.0015988833829142894,0.00038541009355164027,0.0016446789997962904,13.552578497232469,0.0015132040044150495,0.00044528092858232393,0.0015773590156767982,16.39723917824814
0%,749.5999999999999,70.5,-0.0003313617853310511,-0.06428654566361248,0.06428739965181754,-90.29532561532257,-0.7852114417068713,0.08331352667164964,0.7896189916116829,173.9433890359683,0.00158333835195187,0.0003344451251060763,0.00161827496998158,11.927140587436758,0.001480670850441755,0.0004147501020179593,0.0015376618010706443,15.648068746261258
0%,750.55,70.5,0.0002867186252117607,-0.06373143737582664,0.0637320823256149,-89.74223621843342,-0.7853726825047307,0.08359882885304801,0.7898094799445482,173.92404182396103,0.0015019509861620333,0.00023849719236764626,0.0015207687778227017,9.022755916455608,0.0014112182529160582,0.00033602592308257657,0.0014506723883589117,13.393326790359174
0%,751.5,70.5,0.000772938690603434,-0.06333929127134451,0.063344007238062,-89.30084587646179,-0.7854998175078144,0.08391265859518558,0.7899691750804723,173.90238390263346,0.0014061985267948209,0.00016812092132412627,0.0014162128868735794,6.817752155066444,0.0013288157452247826,0.00027368455862083004,0.0013567072353255778,11.637970857701621
0%,752.45,70.5,0.0010816051509618507,-0.06313897737232044,0.06314824093610985,-89.01858801103288,-0.7854867950295048,0.08429409150786706,0.7899968348220516,173.87477605986425,0.0013055803202051235,0.00013844116968983683,0.001312899817187893,6.052912963301374,0.001222724289057608,0.0002463287246558083,0.0012472900735763072,11.390285284697
0%,753.4,70.5,0.0012668307703118473,-0.06297184612109093,0.06298458751233482,-88.84751247576573,-0.7853605011188145,0.08473202533233395,0.7899181178036839,173.84221493830856,0.001226204292919163,0.00012350038668597685,0.0012324079330663894,5.751300141675421,0.0011356322513573177,0.00024198306475075218,0.0011611272169530162,12.028814137546563
0%,754.3499999999999,70.5,0.0011729971758541824,-0.06269075815199744,0.06270173107695509,-88.92807252407357,-0.7851705067549347,0.08512252931037165,0.7897712135004644,173.81256985801784,0.0012081154863295245,0.00012085785274285368,0.001214145645661523,5.712767393609612,0.0011193885008196412,0.0002645189298605262,0.001150217753306652,13.295477158550941
0%,755.3,70.5,0.0008756210795073616,-0.06225538628406761,0.062261543778269354,-89.19418884915756,-0.7849156832154605,0.08551968743960012,0.7895607935411687,173.7819242548507,0.0012017905775567935,0.00011988971421800745,0.0012077558262660409,5.69693483913903,0.0011099219256561117,0.00028959654453668493,0.001147080136546597,14.623372467580758
0%,756.25,70.5,0.000657401164334898,-0.06181797865001513,0.0618214741062084,-89.39071297437236,-0.7846906780684335,0.08589711678984904,0.7893780937676868,173.75292137227916,0.0011980776444349241,0.00012197132597538553,0.0012042703377792424,5.8130184832113825,0.0011033725429628043,0.00030850779247809494,0.0011456910694353484,15.621224706817213
0%,757.2,70.5,0.0005150913789276077,-0.061418189020290434,0.0614203489216788,-89.5194929930499,-0.7845273438639416,0.0862629047124727,0.7892556252568901,173.72523453181392,0.0011924873756951233,0.0001303355278512583,0.001199588884165116,6.237509235324255,0.0011010958360381047,0.0003240352770931329,0.0011477852155091022,16.398331077379108
0%,758.15,70.5,0.00041225484724294765,-0.06098109752917745,0.06098249101112652,-89.6126651707046,-0.7843408906166687,0.08659214149513914,0.7891063500327844,173.69999270989052,0.0011883868154944483,0.00013916267357535575,0.001196507197202623,6.679041180220407,0.0011034552342049182,0.0003368903325911923,0.0011537367767769367,16.977689245677432
0%,759.0999999999999,70.5,0.00036587867436578997,-0.060438588417835934,0.06043969587237288,-89.6531512676841,-0.784077826291978,0.08688443750016221,0.7888770139650875,173.67679497542926,0.001202575494058778,0.0001509508154028323,0.0012120123628006003,7.154515923849112,0.0011223001327964595,0.00035287754663847903,0.0011764693582905347,17.454373495876634
0%,760.05,70.5,0.0003587364389566621,-0.059814910224456834,0.05981598596522894,-89.65637602064037,-0.7838031160694948,0.08717120736338146,0.7886356219151146,173.65388924981562,0.0012422551910805774,0.00017312747434264513,0.00125426116982824,7.933950087444542,0.00116456561118682,0.0003778134209420162,0.0012243186038784352,17.974324271023796
0%,761.0,70.5,0.00038917253422632314,-0.059189287251972214,0.05919056665261684,-89.62328280278032,-0.783563092118415,0.087405676968779,0.7884230283905603,173.63502640002687,0.0012809970250496879,0.000190743018665047,0.0012951201787307636,8.46922928446714,0.0012069087023933104,0.00039819028914259694,0.0012708989425914907,18.25905473073354
0%,761.95,70.5,0.0005391959609566197,-0.058547840475631975,0.05855032328385866,-89.47234980361218,-0.7833477142240568,0.08760358969919337,0.7882309498543173,173.61899338004307,0.001322751309705369,0.00020017162555850614,0.0013378115364303016,8.605263589486595,0.0012510380849264618,0.00041399985775786313,0.001317760286304,18.3106739063529
0%,762.9,70.5,0.000764917877719493,-0.0578992620210771,0.057904314536526516,-89.24309887480419,-0.7831725415508931,0.08776526195051583,0.7880748511686742,173.60589662958668,0.0013635590625526578,0.0002036648990908247,0.0013786851374375365,8.495052650568763,0.0012951948403284238,0.00042655411321247726,0.0013636268132857516,18.22856796148139
0%,763.8499999999999,70.5,0.0010514669941855499,-0.05725268393304882,0.057262338411712174,-88.94785981976507,-0.7830529306626939,0.08788452754432882,0.7879692775744012,173.59630980272541,0.0014050440040334709,0.0001991039197769201,0.0014190810491796944,8.065485595780286,0.001341785142673604,0.00043414599342353634,0.0014102730631708645,17.929428669564118
0%,764.8,70.5,0.001430634254836566,-0.056602455568702345,0.056620532413410196,-88.5521501528502,-0.7829579905165134,0.08798659833282688,0.7878863220032689,173.58816340018274,0.0014442894943897172,0.00018550148257101502,0.0014561534753042172,7.318879265523051,0.001387768254286,0.0004328278173418689,0.0014536989533837253,17.322056864287987
0%,765.75,70.5,0.0018728207286713696,-0.055956332554516194,0.05598766480603875,-88.0830644519303,-0.7828534950098611,0.08810715131464505,0.7877959537608303,173.57860180963627,0.0014612226398250242,0.00016903543515508744,0.001470967226512978,6.59869246043188,0.0014170999314389754,0.0004192585766726563,0.0014778193292138016,16.48120685057071
0%,766.7,70.5,0.0024090265910175998,-0.0553060836463939,0.055358525065414714,-87.5058826559799,-0.7827519764385648,0.08825775575420178,0.7877119321612741,173.5668901808892,0.0014700336465168422,0.0001554203754199514,0.0014782267806352591,6.035217482113832,0.0014427801916858066,0.00039453284025232026,0.001495750929653228,15.293823906864336
0%,767.65,70.5,0.0030102462878775233,-0.054675505321400496,0.05475830955082684,-86.84867193901844,-0.7826481596846515,0.08841371771918437,0.7876262612043223,173.55477001884938,0.0014780271145270823,0.00014030259502150467,0.0014846713338133196,5.422587189794201,0.0014610698234471717,0.00036862673983460145,0.0015068545723821646,14.160161320656245
0%,768.5999999999999,70.5,0.0036731877336921613,-0.05406755335873594,0.05419218240970467,-86.11346825027485,-0.7825361035919609,0.08856026179592416,0.7875313793076761,173.54326064378546,0.0014845648354269204,0.00011843324335999476,0.0014892814320063641,4.561191368985497,0.0014694795213102206,0.00034958263662740897,0.0015104893522900073,13.381669699270967
0%,769.55,70.5,0.0043961089329332854,-0.053485493782418576,0.0536658533790282,-85.30127590892853,-0.7824194900485049,0.0887078054310922,0.787432113360995,173.53163887075758,0.0014881915921390136,9.17673629152112e-05,0.0014910182640764883,3.528600468023773,0.0014765389198679825,0.00033242932872083514,0.0015134980807647868,12.688068246616957
0%,770.5,70.5,0.0051372388632372964,-0.05296686986309357,0.05321541624596998,-84.46022915137725,-0.7822988193525497,0.08886430463829957,0.7873298593342195,173.51933329343285,0.0014919749704987383,6.387508907175245e-05,0.001493341668741161,2.4514750867239745,0.0014895911173021202,0.0003086975683392001,0.001521241560516907,11.708042983675053
0%,771.45,70.5,0.005926164330737646,-0.05250574465677809,0.05283912040938691,-83.56045104167572,-0.7821760654435713,0.08903184620264712,0.7872268205485874,173.5062088469888,0.0014975054768422821,3.044929394103908e-05,0.0014978150128350759,1.1648542755867537,0.0015188236555681272,0.00027697540598917153,0.001543871974043248,10.334993549202423
0%,772.4,70.5,0.006644732606760843,-0.05206188885614144,0.052484214223750894,-82.7265825243843,-0.7820402157821894,0.08920002932915225,0.7871108843949339,173.49292653711493,0.0014925461067532085,7.4966088476722426e-06,0.0014925649332368676,0.2877769965056378,0.0015465345089053285,0.000241400915181786,0.0015652614443234874,8.871794848541354
0%,773.3499999999999,70.5,0.007195609822512033,-0.05161808767216734,0.05211721189443451,-82.06405630094778,-0.7818803078491835,0.08937327546086442,0.7869716628754415,173.47907518290998,0.0014426354694502155,-8.764553106349658e-06,0.0014426620931829455,-0.3480891290017481,0.0015312203444598994,0.0001855159655512546,0.0015424175559044663,6.908037257650136
0%,774.3,70.5,0.007679575700001162,-0.051175885195430995,0.05174888509396103,-81.46573833625087,-0.781711642027701,0.08955006028305912,0.7868241891161863,173.46489033900647,0.001361574498800091,-2.924484967948108e-05,0.001361888533256483,-1.230449645021301,0.0014772171062361296,0.00011327437269797254,0.0014815537325614497,4.384912374792896
0%,775.25,70.5,0.008234426166710362,-0.0507106235005514,0.05137482953849755,-80.77677382775578,-0.7815616975264287,0.08970015377482768,0.7866923189072209,173.45278697216511,0.001320606762857995,-3.221431418166989e-05,0.0013209996154974718,-1.3973715143591299,0.001445495905661578,7.162151350948761e-05,0.0014472691713989403,2.836574793080346
0%,776.2,70.5,0.008870853306734969,-0.05021384977192893,0.05099139875809898,-79.98141325327991,-0.7814336461709553,0.089825994891442,0.7865794637074319,173.44261673707865,0.0012981835761042883,-2.4615381125473128e-05,0.0012984169262047036,-1.086278156510973,0.0014282137243563215,4.8746224035474096e-05,0.0014290453585514599,1.9547978662763077
0%,777.15,70.5,0.009552454169347229,-0.04971527616350775,0.05062467841548548,-79.12355968851325,-0.7813095949588097,0.0899481297146598,0.7864701832961403,173.43274515262655,0.001286159208670627,-1.8851811827256545e-05,0.0012862973609774001,-0.8397497795189351,0.0014168811248354124,3.169645397476868e-05,0.0014172356145360722,1.2815261283678043
0%,778.0999999999999,70.5,0.010266955912456568,-0.04923323524538729,0.05029236359961591,-78.22052241205765,-0.7811769629427181,0.09007959901047963,0.7863534711504093,173.42212355375412,0.0012856668776804437,-1.9070339970013704e-05,0.0012858083053982631,-0.8498079006010216,0.00141218853293859,1.7093014443694136e-05,0.0014122919753740794,0.6934695625036549
0%,779.05,70.5,0.01102247319730336,-0.048759621868940325,0.049989955392931835,-77.26196449399973,-0.7810416281503527,0.0902141583270657,0.7862344556596427,173.41125250895732,0.001285806563430971,-1.9857169119709437e-05,0.001285959884960496,-0.8847688138165933,0.0014099655186200614,4.571993485200489e-06,0.0014099729312373225,0.1857882402697021
0%,780.0,70.5,0.011808527919081338,-0.048306020657359096,0.04972839192418077,-76.2632957172926,-0.7809100754613205,0.09034539274868804,0.7861188433995969,173.40065058127414,0.0012858806235498308,-2.154708996009156e-05,0.0012860611397233998,-0.9599971905803352,0.0014054987936651568,-5.8084939630821e-06,0.0014055107959728842,-0.23678447556999668
a +0.5%,400.0,70.5,0.270118793807846,-0.05437826474213173,0.2755379437474465,-11.382217481629405,-0.850750367099183,0.02778534269655134,0.8512039781322449,178.1293958181299,0.00027645011957075317,0.000261739917468716,0.00038069995141477755,43.43433983341503,0.0003042798286557607,0.00023239112806363154,0.0003828731520092082,37.3704736744358
a +0.5%,400.95,70.5,0.27027193116487963,-0.055516854750294116,0.2759149106825485,-11.60772875728953,-0.8510486753851234,0.027872754685476543,0.8515049843239497,178.12417241772408,0.0002395380829761873,0.00023231807847329274,0.00033369174814704334,44.12336949291679,0.00025978969394061056,0.0002161065962185608,0.0003379241719778687,39.75544749813971
a +0.5%,401.9,70.5,0.2703109612551736,-0.05663094113788113,0.27617943310257215,-11.832499859511195,-0.851214370741403,0.028168874363343175,0.8516803334817474,178.10462687346677,0.00015485124373605785,0.00022579721678511814,0.0002737942490165008,55.55775456585285,0.00019351486069925876,0.0001791783947370706,0.00026372883507877373,42.79707794030858
a +0.5%,402.85,70.5,0.27029264527183405,-0.058096519922786284,0.2764657659009235,-12.130557547563992,-0.8510450190125879,0.02880857933942081,0.851532476556057,178.06123067531735,5.125540324102427e-05,0.00023924820355307423,0.00024467696921609365,77.90800636333819,6.345883497140307e-05,0.00016561597656645523,0.00017735747920510263,69.03473839344797
a +0.5%,403.8,70.5,0.269306888947749,-0.05953494170051805,0.2758090094938875,-12.465733087405031,-0.8500400390353621,0.029593960195129984,0.850555036692671,178.00606515803696,-5.694961196656601e-05,0.00024978561922913925,0.0002561954602970688,102.8435537691324,-6.43867166642693e-05,0.00021381684430528503,0.0002233009005612727,106.75863648954957
a +0.5%,404.75,70.5,0.26845258831754015,-0.060706083258998546,0.27523084986795204,-12.742175682727273,-0.8488097787261735,0.030081009784099732,0.8493426326346787,177.97034158327816,-5.992391555718861e-05,0.0003155132880707953,0.0003211534066531908,100.75382909209652,-7.210375609377689e-05,0.0003215938685359032,0.00032957786321705324,102.6371570163376
a +0.5%,405.7,70.5,0.26779187856942627,-0.06178458742838952,0.2748269009239064,-12.991866594089489,-0.8480130510890461,0.030165356193947987,0.8485493995824055,177.96274460872922,-1.0207343467849537e-05,0.00038699812762346924,0.00038713271709420486,91.51086554737023,-1.8187021837026914e-05,0.00040308677636028415,0.0004034968612515173,92.58339743038273
a +0.5%,406.65,70.5,0.2672239204882707,-0.0629028248978874,0.27452757431860264,-13.245925628294545,-0.8475629657343744,0.030109158666880378,0.8480976018832241,177.96545785810997,4.6491711006849025e-05,0.00042955681458444486,0.0004320654304017848,83.82281934998721,4.019062382046717e-05,0.0005071613931693943,0.0005087513783417193,85.46899501406403
a +0.5%,407.6,70.5,0.2664342091697299,-0.06400926203862452,0.27401527957876487,-13.508959834685042,-0.8472006928981087,0.02998445908377367,0.8477311377043915,177.973011374866,0.00014516099562977738,0.0005275427472065611,0.0005471499472562106,74.61499073007191,0.0002080882533832195,0.0005474011884805959,0.0005856182906518954,69.18627635175096
a +0.5%,408.55,70.5,0.2657521554031276,-0.06499543533437405,0.27358474868989474,-13.743143912145012,-0.8471508114237969,0.02967183581016059,0.8476702868075197,177.99400974981714,0.00024245956024918422,0.0006059728876711059,0.0006526789248540866,68.19285200993761,0.00030240734091351647,0.0005249260299291556,0.0006058032161812683,60.053964007970386
a +0.5%,409.5,70.5,0.2651003310060162,-0.06598773615289694,0.2731896169734196,-13.97777790846606,-0.8475197321477734,0.029350910667456657,0.8480278134217313,178.01655180344616,0.0003228871744574777,0.0006200231938927167,0.0006990600034289324,62.49101937591201,0.0003581862590582787,0.0005453905309680757,0.0006524938524214646,56.70501697634382
a +0.5%,410.45,70.5,0.2645938901755355,-0.0668594895416051,0.2729104579527639,-14.181060095783687,-0.8478472258936486,0.029212984222446108,0.848350350328646,178.02662701077438,0.000432628817470729,0.0006340686803563978,0.0007676006677400856,55.69405022615802,0.0004388839686698583,0.0005797886699120944,0.0007271685084723077,52.87528711948836
a +0.5%,411.4,70.5,0.2642739781303952,-0.06782917738571749,0.2728397566735606,-14.394946032121371,-0.8481140074041597,0.029161937192806377,0.8486152179497963,178.03069175066778,0.00053849183716479,0.000606759881346801,0.0008112527425562854,48.411344168063096,0.0005313449252560576,0.0006187136003664574,0.000815557446703658,49.34435238680273
a +0.5%,412.35,70.5,0.2632944520911741,-0.06904983727124149,0.27219817877637703,-14.695079085505032,-0.848255084062333,0.02920124619310198,0.8487575628039056,178.028367010423,0.0006039633929834897,0.0006239492491201786,0.0008683803576439094,45.93248009992332,0.0006275012794611508,0.000551324021315655,0.0008352939795096371,41.30261149785535
a +0.5%,413.3,70.5,0.2620032238191171,-0.06998139825261399,0.2711882840260644,-14.954663327791343,-0.8483122161930089,0.029265402876272908,0.8488168706781251,178.02417163008025,0.0006738076211314655,0.0005601252060627554,0.0008762174140940641,39.736190751416544,0.0006429008310781089,0.0005645430839773212,0.0008555877349913028,41.28696495385487
a +0.5%,414.25,70.5,0.26103674614659267,-0.07072917347045111,0.27044925368470485,-15.160554666806785,-0.8483465362153193,0.029309378184393605,0.8488526875483672,178.02128502259103,0.0006730874137823746,0.0005254704357249992,0.000853912082953079,37.97868725487064,0.0006759883349367393,0.0005275568376493041,0.0008574826213522228,37.96929589543273
a +0.5%,415.2,70.5,0.2602675174874643,-0.07135391383735157,0.26987137988122367,-15.331286365036068,-0.8484474734308409,0.029310053091397975,0.8489535878853438,178.02147471495846,0.0006550435245696101,0.0005037498743947281,0.000826344937077297,37.56146072495494,0.0006648912849925968,0.00047916313914105876,0.0008195594760422334,35.77893076012641
a +0.5%,416.15,70.5,0.2598713000306917,-0.07190340494314439,0.2696352948374147,-15.466155392063222,-0.8486417694114061,0.029298382749523885,0.8491473653150317,178.0227143181912,0.0006497021350998613,0.0004903530650648078,0.0008139772679699169,37.04313949290247,0.000656488930709034,0.0004560905678286041,0.0007993724552458068,34.789339584081915
a +0.5%,417.1,70.5,0.25974073400835296,-0.07249621055274635,0.2696682210563679,-15.594944255871962,-0.8488873680371866,0.029312669623644354,0.8493933106715444,178.0223227823379,0.0006422780559074676,0.00047869297186307403,0.0008010418605861855,36.6973426697478,0.0006525947941861599,0.0004354821010262844,0.0007845537749021054,33.71552204830492
a +0.5%,418.05,70.5,0.2598422807513251,-0.07318938453491673,0.26995313829376083,-15.730855815899869,-0.8491380869138702,0.029349901785675356,0.8496451655735917,178.0203969989821,0.0006623906768885852,0.0004748361490804939,0.0008150035443496618,35.634926088880086,0.0006697815057114666,0.00042494350487326077,0.0007932113512343922,32.39312275449339
a +0.5%,419.0,70.5,0.2598559375559019,-0.07407139943396877,0.2702067365873089,-15.910092259270858,-0.8495708392232223,0.02930090487919161,0.8500759694787223,178.02470502318616,0.0006860419855297538,0.00044224712825734555,0.0008162328885566153,32.807271563860944,0.0006823377763056268,0.0004026178979507183,0.0007922663773781912,30.54300970731494
a +0.5%,419.95,70.5,0.25990485088867854,-0.07497414939293737,0.27050259627711654,-16.09114120889655,-0.8502883245463381,0.029308253387081002,0.8507932819295296,178.02587590235052,0.0006601533973729122,0.0003775476109643567,0.0007604897807386311,29.765623953193526,0.0006504690610050784,0.0003662586583920476,0.000746495414702576,29.382492479869526
a +0.5%,420.9,70.5,0.25977372859424364,-0.07620676188626838,0.27072100144788575,-16.34948513178975,-0.8512744698021206,0.029417146934821715,0.8517825963652148,178.0208405215407,0.0006293965346295852,0.00039440824746801115,0.0007427636659628139,32.073113167550765,0.0006301378830307511,0.00035835232952104,0.0007249069896915277,29.626403018835443
a +0.5%,421.85,70.5,0.25858170515831924,-0.07760769198264103,0.2699767621434416,-16.70598897188648,-0.8514893178717725,0.030117854710049376,0.8520217976214411,177.9742472080858,0.0005747899585628974,0.00027180920801198706,0.0006358173810339262,25.30873680100091,0.0005546120950649375,0.0002890672914789983,0.0006254234365574442,27.528807437472725
a +0.5%,422.8,70.5,0.25756034177514786,-0.07849438101093449,0.26925582167451967,-16.949183658227955,-0.8514403239210662,0.03058049116674419,0.8519893142750145,177.9430381537599,0.00048334602269460125,0.00031449676026362874,0.0005766555209750518,33.05067945104588,0.0004938052546485618,0.0002462511979141281,0.0005518000380506276,26.504551460193028
a +0.5%,423.75,70.5,0.25699440495764764,-0.07929365513746563,0.26894908054238575,-17.14720943522963,-0.8517591741740281,0.03087533277895665,0.8523185888878839,177.92399999919235,0.00046361327740740904,0.00030374080100110273,0.0005542524200950598,33.23120703764492,0.0004417119397613702,0.0002555988244057431,0.0005103334172532211,30.056035185871906
a +0.5%,424.7,70.5,0.2571338229704554,-0.08001582033208683,0.2692959977772011,-17.285283375297126,-0.8521923880350688,0.031332288752996,0.8527681857007885,177.89437259177305,0.0004254520878308829,0.00029612226653881257,0.0005183607583331717,34.83860750978461,0.00039256151554210243,0.000274563483294442,0.00047905078002596934,34.96952564176003
a +0.5%,425.65,70.5,0.2569995521953235,-0.08117111557437935,0.2695134872917978,-17.52827719314459,-0.8523542203281866,0.03195804491063942,0.8529531250577498,177.85276620255075,0.00042371006398126294,0.0003149335093803856,0.0005279330768664257,36.62253539177069,0.0003804392679927965,0.0003124904694398046,0.0004923254311140187,39.399472263502474
a +0.5%,426.6,70.5,0.25631981573052587,-0.08209648184746017,0.2691462061182752,-17.759703810363252,-0.8522743704558657,0.032748644451743,0.8529033217483497,177.79949212987094,0.0004042037069914238,0.00031733084763507807,0.0005138866641647805,38.13462693710002,0.00038218298389327486,0.0003412875397663926,0.000512387566181464,41.764698225697494
a +0.5%,427.55,70.5,0.25629068653037385,-0.08270920793083796,0.2693060138184013,-17.8857414413759,-0.8518179144138641,0.033541803019638425,0.8524780418674685,177.74504460234363,0.0004077081866275809,0.00034141618926059373,0.0005317809508927298,39.94291805897047,0.0003765327653295432,0.00036198227020227647,0.000522310336205887,43.87128349211245
a +0.5%,428.5,70.5,0.2569652776624911,-0.08340288399664458,0.2701614239359848,-17.981807485384664,-0.8514333203360178,0.03421803851886725,0.8521206329731106,177.69859289297435,0.0004273228213540493,0.00036329546759146156,0.0005608817971930302,40.37006822150718,0.00037903231067601693,0.00038766459783596625,0.0005421709444001238,45.64506941219652
a +0.5%,429.45,70.5,0.25730574317422483,-0.08456913130203766,0.2708471588177019,-18.19423394094274,-0.8509666642283007,0.03494384935061813,0.8516838241009865,177.6485437600509,0.00046001572660626456,0.0003507396316143818,0.000578474509300178,37.32375937108183,0.0003919049748404618,0.0004537671275939684,0.0005995782812857583,49.18381807105502
a +0.5%,430.4,70.5,0.25722217385992074,-0.08559263850243207,0.2710891854925816,-18.405256371064514,-0.8502329663178142,0.03568583047363922,0.8509815365271932,177.59660212829337,0.0004602495243393507,0.00034919424770272524,0.0005777250620176269,37.18782236985179,0.0004165576602395108,0.00048482774795104063,0.0006392012433400717,49.331259426079164
a +0.5%,431.35,70.5,0.2576037453042403,-0.08640285289558398,0.27170782576743685,-18.541963975488375,-0.8495585381438365,0.03620247535829444,0.8503295413868439,177.55991520073644,0.000429259442412887,0.0003716164502493912,0.0005677697200420086,40.88323887945593,0.0004118943430382738,0.0004926702964167296,0.0006421689581397401,50.102872414345896
a +0.5%,432.3,70.5,0.25920251452085935,-0.08735502287577644,0.27352667795950675,-18.624565895978776,-0.8490889345666823,0.036605620322992596,0.8498776325111838,177.53141334633452,0.0004340964024406699,0.0004282307142563184,0.0006097714582074243,44.61027087384145,0.0004552599290305931,0.0005356587996287281,0.0007029878751448211,49.63857159814524
a +0.5%,433.25,70.5,0.26003395966479875,-0.08925149469157899,0.27492451597417633,-18.943765892109898,-0.8486338715111951,0.03701157850062157,0.8494405834543033,177.50273432924172,0.0005470541493017339,0.0005248040106730073,0.000758081454651621,43.81079790543151,0.0006157262151805656,0.0005554768123971762,0.0008292606714245598,42.0551679029845
a +0.5%,434.2,70.5,0.2599488457848279,-0.09131859689366134,0.27552221065368077,-19.35609413679164,-0.848166203620944,0.03738213944459062,0.8489895955276598,177.47637483473966,0.0005868576941047518,0.000543948803925356,0.0008001763895678076,42.82693203898586,0.0006573753458019658,0.0004973997562511648,0.0008243475376241336,37.11278827092172
a +0.5%,435.15,70.5,0.25943582274376825,-0.09383019024994775,0.2758823131791477,-19.88354435965239,-0.8476959674312322,0.0377290878722114,0.8485351714990026,177.45157242363211,0.0006050897823463136,0.0005518508504961516,0.000818946277782148,42.3652790551771,0.0006515961848155341,0.000499804911536712,0.000821207974670473,37.48990227201151
a +0.5%,436.1,70.5,0.25673117984013655,-0.09643680134306917,0.2742461583238517,-20.587854583083068,-0.847201841670846,0.0380166303649516,0.8480543760365715,177.43068047741752,0.0006296241779173605,0.0005482625682361955,0.0008348763076929785,41.04861502077069,0.0006615408656530823,0.0005073478301257817,0.000833689473162741,37.48526063403881
a +0.5%,437.05,70.5,0.25474966373109226,-0.09812105100227171,0.2729929153309569,-21.06501625152066,-0.8468994803864973,0.03816498201932246,0.8477589844592944,177.41974814701408,0.0006802401133703836,0.0005641107159526581,0.0008837123466891094,39.66829819744241,0.0007064244821567689,0.0005389047097667793,0.0008885121469058686,37.33865000644664
a +0.5%,438.0,70.5,0.25354876730657283,-0.09958962682084965,0.27240607770936154,-21.44405248504503,-0.846847057025,0.038249130211602256,0.8477104068924999,177.41390692120558,0.0007529638558734396,0.0005899570165268388,0.0009565583357020348,38.079163097764614,0.000772378478044199,0.0005460018687070402,0.000945878720543735,35.25686254548336
a +0.5%,438.95,70.5,0.2522090269407856,-0.10148236291891743,0.2718603745565447,-21.918573734530607,-0.846674819127974,0.03853336996004358,0.84755121965924,177.39418607872096,0.0008174896384002919,0.0005753886476087816,0.000999680651352672,35.13973149393871,0.0008162079874331046,0.0005669384031258509,0.0009937880215058383,34.78385971870872
a +0.5%,439.9,70.5,0.25070035896243875,-0.10332893226429224,0.27115961761806334,-22.399550850275563,-0.8463184051284283,0.038845203081899315,0.8472094148801702,177.37202310994917,0.0008690271219703279,0.0005726410529233739,0.0010407333540409002,33.382683883616956,0.0008752359868298957,0.0005739582148915588,0.0010466451476425075,33.255876222944025
a +0.5%,440.85,70.5,0.24881241455423564,-0.10535962064613229,0.27020042061219246,-22.950229216951,-0.8458919708512311,0.039109234540374106,0.8467955825209021,177.35285408568114,0.0009335443036523178,0.0005761290811736404,0.0010970094279702768,31.680464037357513,0.0009458132015617626,0.0005655466220584337,0.0011020007232167392,30.877207170728028
a +0.5%,441.8,70.5,0.24662663563973772,-0.10748921444589214,0.26903276497328527,-23.54939310359196,-0.8455018058308349,0.03930670426681682,0.8464149813557896,177.3382813697679,0.0009700111609739638,0.0005530773340315275,0.0011166092377521686,29.69076194424736,0.0009843850523253634,0.000536052554990579,0.0011208774567068142,28.57075640889878
a +0.5%,442.75,70.5,0.2435512447504292,-0.10990830560458209,0.2672022538459466,-24.28841133719733,-0.8451330307325504,0.03945615822850588,0.8460535609861464,177.32701132047936,0.0009742993433667838,0.0005286204046685162,0.0011084668433096463,28.482693981782084,0.0009888207900608445,0.0005030040388582567,0.0011094050738861218,26.96202173954985
a +0.5%,443.7,70.5,0.23992618747931538,-0.11193853370930934,0.26475424598549835,-25.01159454767245,-0.8447538660777573,0.03956621272725643,0.845679950952425,177.31836510294823,0.0009876609217354003,0.0005123309852872607,0.0011126352209096366,27.417198870076824,0.0009945892432772993,0.0004948442540601208,0.0011108909031130052,26.45201232598045
a +0.5%,444.65,70.5,0.23645450344682772,-0.11368670384600506,0.2623650106848379,-25.678125325861828,-0.8444679349787318,0.03956459264283048,0.845394257254115,177.31756812503133,0.0010352720063092674,0.0005128145977100907,0.0011553211409267028,26.351186250048116,0.0010420960535831884,0.0004965797552259566,0.0011543637373869324,25.478739965236286
a +0.5%,445.6,70.5,0.2329689653605978,-0.11511141909529952,0.25985607098415286,-26.294264667419107,-0.8443287782395568,0.03947959815795486,0.8452512788716833,177.32288174862921,0.0010899555213980802,0.0004977947548818691,0.0011982498306338544,24.546704895045693,0.0010907870181001407,0.0004785479630901385,0.001191144185996606,23.687929042789598
a +0.5%,446.55,70.5,0.22970727215798162,-0.11628891371429317,0.2574656138887509,-26.8507353024265,-0.8442973213002803,0.03935187779695403,0.8452139001702322,177.33143067066024,0.0011261465955922768,0.00046084395407945813,0.0012167922192287657,22.25545717420105,0.0011219870230955806,0.00045233843685088537,0.001209737550647902,21.957239492874173
a +0.5%,447.5,70.5,0.22664355503563746,-0.11725666690154025,0.2551792056027505,-27.3553087071068,-0.8443544760364144,0.03920924314618699,0.8452643645338568,177.3412689742008,0.0011434868391477645,0.0004178682078278331,0.0012174465041296027,20.073988417043115,0.0011338925749145017,0.0004189095462471445,0.0012088000576535507,20.27643652985612
a +0.5%,448.45,70.5,0.2238933743022642,-0.11802881461320326,0.25309888212999215,-27.796641764038853,-0.8444735771923818,0.03905201385369679,0.8453760597285251,177.35228823812955,0.0011487495739617908,0.0003738754215842962,0.0012080597727522555,18.028149207919533,0.0011424192247655577,0.0003787334936138453,0.0012035616911063955,18.341331300464244
a +0.5%,449.4,70.5,0.22150144625519388,-0.1186727701804285,0.2512889115648348,-28.18085743501619,-0.8447110771456363,0.0388750343247044,0.8456051514426152,177.36501044377147,0.0011393761701171774,0.00033123953354009095,0.0011865486444350877,16.21020873856839,0.0011349760971868575,0.00033365402139261187,0.0011830028517197126,16.38199089093898
a +0.5%,450.35,70.5,0.2192201182247428,-0.11928673998228573,0.24957320883875267,-28.552441506438587,-0.8450380104614372,0.03871078527133394,0.8459242070191321,177.3771415420217,0.0011235183892376187,0.0002872114761545242,0.0011596482238118394,14.339748938442623,0.00112211755035761,0.00029242478774123715,0.0011595947797856244,14.606457809982443
a +0.5%,451.3,70.5,0.2171433305620202,-0.1198373518696301,0.24801656579892464,-28.89348633687428,-0.8454266500956504,0.03860678850783309,0.8463076892069703,177.38537888201554,0.0011053453974564837,0.0002609286606786558,0.0011357254129593954,13.282133201669623,0.0011112202635521111,0.0002505819255448069,0.0011391232486164815,12.707734209836161
a +0.5%,452.25,70.5,0.21510590218914366,-0.12043242170584408,0.246524881816298,-29.24337483125896,-0.845867314945035,0.03858570916909093,0.8467469347121397,177.3881639781311,0.0010817039745141725,0.00022970330139449388,0.001105824170088214,11.988851496017926,0.0010850899764914142,0.0002128382036654019,0.0011057668642266566,11.097560101944383
a +0.5%,453.2,70.5,0.21295765979254172,-0.1210812776459575,0.24497273452507604,-29.621249274957762,-0.8461715541749985,0.03872847615552028,0.8470573734761189,177.3794548862558,0.0010719323519846192,0.00020143215456954285,0.0010906942193510544,10.642623061291324,0.0010704547209386534,0.00018753516512593247,0.0010867579066832968,9.936922261797248
a +0.5%,454.15,70.5,0.21057986180579413,-0.12173404802423018,0.24323457124042408,-30.03176429779003,-0.8463020420668268,0.0389645362461793,0.8471985490375682,177.36391039233362,0.0010611054142096764,0.00017028644809563808,0.0010746823598022429,9.117103632969371,0.001059530159681711,0.00015636099349650433,0.0010710055646738562,8.394876587784589
a +0.5%,455.1,70.5,0.20814752395712957,-0.12227777215652233,0.24140680457072086,-30.432414848087095,-0.8465247670423868,0.039215500283225846,0.8474326148306016,177.34765299543605,0.0010233032986979955,0.00013263110572716078,0.0010318627095367912,7.384979175963564,0.0010196270985825158,0.00012256906866561518,0.001026967670745947,6.854617541969245
a +0.5%,456.05,70.5,0.2057397786573187,-0.12266366822494303,0.2395312756705508,-30.80372819666738,-0.8464055141168461,0.03968195821633047,0.8473352064769203,177.3157723089847,0.0010008461898285115,0.00011006471514394422,0.0010068800013973693,6.275694035562183,0.0009957458102652006,9.787253644775517e-05,0.001000544227933687,5.613609874323316
a +0.5%,457.0,70.5,0.20366757509524167,-0.12286373386702554,0.23785705422569073,-31.100742078247958,-0.846159279645727,0.04010912526114294,0.8471093603896663,177.2861318339394,0.0009814757867395016,8.352443318920317e-05,0.0009850233758117118,4.864200250577386,0.0009721570916882902,7.716388307656786e-05,0.0009752146818887054,4.5382737510284175
a +0.5%,457.95,70.5,0.20187231346854775,-0.12299485016163335,0.2363898561940132,-31.3527199067606,-0.845981798195605,0.04043898817338457,0.8469477638218054,177.2632732373773,0.0009494606318856531,6.090790809222711e-05,0.0009514122475398742,3.6704953158709364,0.0009444619440182008,5.0250082924172806e-05,0.000945797776764423,3.0455494664279117
a +0.5%,458.9,70.5,0.2002027975444419,-0.12314045328472023,0.2350419779098771,-31.59478250458825,-0.8458283320961557,0.04081522949517005,0.8468125237237036,177.2373498025057,0.0009267246138495163,4.709873669820523e-05,0.0009279206867578187,2.909428504301951,0.0009146379883230327,3.192284411827772e-05,0.0009151949069243141,1.998935222048381
a +0.5%,459.85,70.5,0.1984200121746487,-0.12331184853389804,0.23361573838300095,-31.859662008213046,-0.8454841487136299,0.041295467974221324,0.846492032686204,177.2037592323571,0.0009079876434420576,2.2286270713771542e-05,0.0009082611070093163,1.4060245574754406,0.000883167365048336,2.2382338253287694e-05,0.0008834509402067018,1.451750956334997
a +0.5%,460.8,70.5,0.1967035706684416,-0.1233254255255175,0.23216686950287407,-32.0860993205795,-0.8449943892551653,0.04175945897987231,0.8460256321690268,177.170755484875,0.000878708307151142,-6.165315000654163e-06,0.0008787299358537202,-0.40199999197003317,0.0008470139470129263,1.23406802054332e-05,0.0008471038418177249,0.8347192748652718
a +0.5%,461.75,70.5,0.19528671187358587,-0.12321992334529319,0.23091134520334178,-32.25066824592471,-0.8445404975193808,0.042128658497685954,0.8455906076921017,177.14425159634115,0.0008528021476306625,-2.761649624543156e-05,0.0008532491862687853,-1.854774783564283,0.0008178351330615972,1.1374066783566526e-05,0.0008179142218259059,0.7967914129531454
a +0.5%,462.7,70.5,0.19411143381176924,-0.12308389656880026,0.22984537047985107,-32.378328522969596,-0.8441412763776761,0.04243330864288703,0.8452071226432694,177.12227698954158,0.0008344197930764675,-3.526497563724143e-05,0.0008351646601625754,-2.420043940012989,0.0008045036653427273,1.326228417580106e-05,0.0008046129726343236,0.9444383168863727
a +0.5%,463.65,70.5,0.19306450046698292,-0.1229667045494218,0.22889891168004806,-32.493888984363686,-0.8437858012427931,0.04267237941160849,0.8448641372099958,177.104874189419,0.0008408119333016548,-3.220666652200318e-05,0.0008414285332403019,-2.1935991836707527,0.0008185757475768473,1.5967206309999386e-05,0.0008187314615906369,1.1174745053554316
a +0.5%,464.6,70.5,0.19211948284000369,-0.12287666533822691,0.22805387646640232,-32.602355773881186,-0.8435127288794699,0.04285707163078618,0.8446007650780673,177.09142544375524,0.0008584897675431942,-4.114419513660029e-05,0.0008594751455218506,-2.74387230908409,0.0008428428620063558,7.359300159587767e-06,0.0008428749903359951,0.5002665896356622
a +0.5%,465.55,70.5,0.19120022004650813,-0.1228179631703076,0.2272482700113164,-32.71476769220549,-0.8433150472817825,0.04298614136584332,0.8444098988769609,177.08199832873362,0.0008657791101921997,-6.806378298613853e-05,0.0008684504281762899,-4.495099329523703,0.0008569069016808429,-2.6386998585818833e-05,0.0008573130769110138,-1.7637692705833987
a +0.5%,466.5,70.5,0.19030426421084293,-0.12279179789852532,0.22648076873761844,-32.831699305654205,-0.843213060856476,0.043134891141786515,0.844315631048461,177.071564846817,0.0008210408750625401,-0.0001139152577244202,0.0008289057874486597,-7.89907033649186,0.0008151701858077423,-7.74829825250011e-05,0.0008188443346636763,-5.429725234452099
a +0.5%,467.45,70.5,0.189389809511678,-0.12282939127146031,0.22573338102059068,-32.965559651883154,-0.8430825539951455,0.04328899382023938,0.8441931827709498,177.0606669650226,0.000756628105594181,-0.00014640835783677307,0.0007706630245571017,-10.951450158798123,0.0007524612228804888,-0.00011174003500761528,0.0007607126444080601,-8.446660665587869
a +0.5%,468.4,70.5,0.18829543912906913,-0.1229350974900665,0.22487376590367567,-33.13988076973008,-0.842959666943671,0.043351312395897214,0.8440736557790626,177.05601459683513,0.000711814752218865,-0.00015883313347713,0.0007293203725157881,-12.578815371836518,0.0007107913816100978,-0.00013076383635758786,0.0007227195646100538,-10.424110524775214
a +0.5%,469.35,70.5,0.18708644901763516,-0.12300346097130514,0.22389995716155817,-33.3236626515349,-0.8429659160442522,0.04336794254474652,0.84408075090769,177.05490902649555,0.0006816301775900702,-0.0001630468622056592,0.0007008594568646282,-13.452458636382403,0.0006830563446142746,-0.00014375378296537617,0.0006980194266885924,-11.884838477122786
a +0.5%,470.3,70.5,0.18591536449680202,-0.12298409983443627,0.2229116676355577,-33.484868790924054,-0.8430688783483528,0.04336236543762821,0.8441832907466814,177.05564609687178,0.0006634447649318311,-0.00017640005712022918,0.0006864954014904052,-14.88959989759462,0.0006617431919070207,-0.00015813747663431094,0.0006803760089476695,-13.439977541770844
a +0.5%,471.25,70.5,0.18493249529693082,-0.12289791793445395,0.2220448739542823,-33.60624609603913,-0.8432045334888902,0.043383789746979186,0.844319867413427,177.0546670116861,0.0006563589423188096,-0.00018572287871065159,0.0006821290558526574,-15.799354976923649,0.000653860146550976,-0.00016586385347422845,0.0006745694249941841,-14.233908323774198
a +0.5%,472.2,70.5,0.1837312488543397,-0.12285880327315088,0.22102365789047582,-33.7701547538518,-0.8433651891674857,0.04341033426650919,0.8444816750058222,177.05342849603474,0.0006305055759749398,-0.00022035540950270024,0.0006679025286915699,-19.264011421144826,0.0006255095470942883,-0.00019392308320042965,0.0006548804132847938,-17.224700027239162
a +0.5%,473.15,70.5,0.1826834221356922,-0.12262885166179528,0.22002515306913914,-33.87205019795505,-0.8436182959147346,0.043399973782299005,0.8447339148669154,177.05501277673145,0.0005897597931718849,-0.0002494449425731366,0.0006403431837830867,-22.926429642724447,0.0005894175130384395,-0.0002236177463229588,0.0006304108986581515,-20.7761285322252
a +0.5%,474.1,70.5,0.1818797747073291,-0.12224231313997948,0.21914250060041204,-33.90524657990686,-0.8440557731974279,0.043376427208744434,0.8451696058811529,177.05813065426645,0.0005194270437370613,-0.0002751936770935524,0.0005878231142764747,-27.914748680983333,0.0005248262116267136,-0.0002538198236891696,0.0005829811792056834,-25.80963767314084
a +0.5%,475.05,70.5,0.18141175170878907,-0.12174434345149938,0.21847633469208508,-33.8653259968351,-0.8442178128577645,0.04370353643598209,0.8453482800854089,177.03655281558076,0.0004613071214447393,-0.0002790059409743632,0.0005391183315327177,-31.166221161737656,0.00047068307744430824,-0.0002684718333857558,0.0005418668514625652,-29.699903187962235
a +0.5%,476.0,70.5,0.1813382084141143,-0.12116506261111763,0.21809291191690944,-33.7497259722274,-0.8441642349007563,0.044055690866848275,0.8453130540712918,177.01252776883524,0.00042471049871379733,-0.0002786802718797134,0.0005079780523336352,-33.27149387646658,0.0004314672173309886,-0.0002691242535976909,0.0005085192459542322,-31.953525191564268
a +0.5%,476.95,70.5,0.1814517943019704,-0.12064498611170762,0.21789898193726995,-33.61942700372745,-0.8440249724653075,0.04434454942456866,0.8451890872513269,176.99248049387236,0.000374465505863293,-0.00028214062142692446,0.0004688579159410909,-36.996156966521546,0.00037852903231567656,-0.00026751675933684024,0.00046351854853061427,-35.24988777228316
a +0.5%,477.9,70.5,0.18185106223815853,-0.12006032744683212,0.21790890542560934,-33.43328764856281,-0.8439856442805053,0.04452821323615548,0.8451594698786639,176.97990666172043,0.0003393762710030519,-0.0002678653782971333,0.00043235184076189986,-38.283583634814995,0.000343901579670385,-0.00024975705566755805,0.00042502574434440305,-35.98886853967449
a +0.5%,478.85,70.5,0.18265688434864255,-0.11960881843197174,0.2183341632604613,-33.21789680306404,-0.8440411354274578,0.04471382226900947,0.8452246826705765,176.96754032474666,0.00032069587002784807,-0.00023746035798467152,0.0003990404273593426,-36.51822464212099,0.0003269280926518936,-0.0002216073025993303,0.00039495793995102346,-34.131273770519535
a +0.5%,479.8,70.5,0.18337795101580606,-0.11930558015348858,0.2187722431537325,-33.04800267074765,-0.8441097517953715,0.044843387393329194,0.8453000665260544,176.95901653434748,0.00034529216203960154,-0.00019067081989898452,0.00039443889099191707,-28.907541868838063,0.00035239704849085023,-0.00017539930919205948,0.00039363510698375766,-26.461002228694447
a +0.5%,480.75,70.5,0.18405621851832843,-0.11907269129660777,0.21921450086133426,-32.900303627291215,-0.8442577962503828,0.04494493955133931,0.845453295055869,176.95267635290637,0.00039299514180417516,-0.00014779266949742231,0.0004198664723919475,-20.60964500317447,0.00040363789979529273,-0.00013950292345462733,0.0004270651236094355,-19.06586795441054
a +0.5%,481.7,70.5,0.18480804493476236,-0.11892229858997046,0.21976470729971917,-32.76091303036857,-0.8445097014320705,0.04501779887229738,0.8457087193757621,176.9486544552635,0.00043899764145959285,-0.00011395165428601868,0.00045354592790764376,-14.551263352297717,0.0004523814784977411,-0.00011436329221878762,0.00046661329245417134,-14.187284276075282
a +0.5%,482.65,70.5,0.1856095369672063,-0.11887636548591349,0.22041436088495053,-32.6381296571359,-0.8448596038951185,0.04510356498925721,0.8460626938168097,176.94411590168258,0.0004956796090592133,-7.980040236769515e-05,0.0005020621266886605,-9.145681473620817,0.0005068375511116216,-8.4115756706937e-05,0.0005137701468003043,-9.4230326346701
a +0.5%,483.6,70.5,0.1862930673943954,-0.11894258894735354,0.22102589537136108,-32.55702205008135,-0.8452447079133808,0.04526366411385919,0.8464557965686033,176.93468400347507,0.0005866357668843422,-4.60741174954724e-05,0.0005884423058303736,-4.490766985078878,0.0005978172190431334,-5.2727614440685836e-05,0.000600138008052374,-5.040457388485898
a +0.5%,484.55,70.5,0.18705600581363177,-0.11898988266041345,0.22169470333431154,-32.4612153612474,-0.8455509253772863,0.04554607156557982,0.8467767191187072,176.91671067192732,0.0006819575718174003,-3.916334274469926e-05,0.0006830811790512336,-3.286762195653708,0.0006904770852885775,-6.057594646816586e-05,0.0006931291730977161,-5.013754498996055
a +0.5%,485.5,70.5,0.18793165859977592,-0.11906268527688874,0.22247299011207222,-32.35599452386636,-0.8456972164977701,0.04596870293442542,0.8469456320458532,176.88869340614872,0.0007176309384356219,-7.77179322868878e-05,0.0007218270158417047,-6.180924212841394,0.0007172092202267865,-9.742105937310438e-05,0.000723795501773597,-7.735345462044726
a +0.5%,486.45,70.5,0.18908950469555613,-0.1191849478613017,0.22351709684655433,-32.22362847985129,-0.8457818969977081,0.04633477735251113,0.8470501336292607,176.86427895352492,0.0007265131283172031,-0.00011294272588398111,0.0007352396785724727,-8.836391510918483,0.0007191281129086,-0.00013365749792449853,0.0007314434834810694,-10.528881280491557
a +0.5%,487.4,70.5,0.19002040138334209,-0.11953612458168049,0.22449195536119657,-32.17276447844921,-0.8459379804606021,0.046680694147461885,0.8472249724788871,176.84149786349525,0.0007248602539492011,-0.0001260407183090795,0.0007357368078512649,-9.86412404236775,0.0007080128797997938,-0.00013753990467384175,0.0007212485447750219,-10.99346075520081
a +0.5%,488.35,70.5,0.19114921516644662,-0.11980025591930571,0.22558839459750507,-32.07688787737343,-0.8461557449905374,0.047038853599783,0.8474622106787258,176.81813116812606,0.0007668885881835875,-0.00016118580523749777,0.0007836446710699159,-11.869739526008999,0.0007367170594000064,-0.0001433110150694851,0.00075052653027807,-11.008072739519825
a +0.5%,489.3,70.5,0.19239037900147973,-0.12027392404411445,0.22689176877379758,-32.01179396919082,-0.8463712344141227,0.04746639323156135,0.8477012002646327,176.79008691523458,0.0008005167349954752,-0.00020628542412353445,0.0008266684457590252,-14.450191811670065,0.0007634932447537188,-0.00015745574718332162,0.0007795602908727586,-11.652779956712088
a +0.5%,490.25,70.5,0.19354924847224506,-0.12091306244218873,0.22821323417654701,-31.993627296546272,-0.8465572061329018,0.048002185958047665,0.8479170437680181,176.754642575689,0.0008031452316965943,-0.00027796645560039464,0.0008498868240160111,-19.090602547229732,0.0007843233084184476,-0.0002049048812421176,0.0008106473107864515,-14.641309054489998
a +0.5%,491.2,70.5,0.19453361313850923,-0.12175471706465517,0.22949409092222267,-32.04163023208177,-0.8465966512622847,0.04870670695759702,0.8479965997757112,176.70726809012947,0.0007292087868270359,-0.0003573572156380736,0.0008120650431796422,-26.107699435886285,0.0007292490853560419,-0.00031798251557980294,0.0007955608768077295,-23.559176554812485
a +0.5%,492.15,70.5,0.19529030312714477,-0.1227466777416692,0.23066219757929404,-32.15077527231101,-0.8464254318251014,0.049618465814055705,0.8478785312708714,176.64509270782355,0.0006174468912651057,-0.0004416547309651409,0.000759143968504548,-35.575831623304886,0.0005946488457987097,-0.000402082040089744,0.0007178281248129444,-34.0652676990062
a +0.5%,493.1,70.5,0.19576853962684956,-0.12379739632220396,0.23162710645299311,-32.307874793224144,-0.8459706024743954,0.050584902815988625,0.8474816178795824,176.57806716596542,0.0004849408599494157,-0.0005296350167695575,0.0007181092456144596,-47.522366306656295,0.00046428222023316227,-0.00045762018890342735,0.0006519004658048981,-44.58596524939243
a +0.5%,494.05,70.5,0.1967399016551054,-0.1246946175138701,0.23292774961388973,-32.36670322987487,-0.8454428015329782,0.051562179435202735,0.847013688798498,176.509946624537,0.00034647421853903376,-0.0005705408953282224,0.0006675037807789284,-58.730810260117934,0.00035177472981269537,-0.0005056692468178053,0.0006159925711500759,-55.175142887328555
a +0.5%,495.0,70.5,0.19823412577111327,-0.1260122170806432,0.2348953968766027,-32.443046483340524,-0.8447709873470641,0.05259415627645942,0.8464066199751549,176.4374501548095,0.00024535714573319507,-0.0005358354778731057,0.0005893384327445817,-65.3971262335398,0.0002778617213803173,-0.0005063392551716928,0.0005775695434631727,-61.24352109675545
a +0.5%,495.95,70.5,0.19877330753913397,-0.12814009883337954,0.23649674991228822,-32.808032413971056,-0.8441760803754259,0.05345634031439179,0.8458669132894522,176.37665799707355,0.00019944799540953014,-0.0005093554811313991,0.0005470123481526528,-68.61621150667803,0.00025365240420405894,-0.000549270666808,0.0006050105846794783,-65.21257503004016
a +0.5%,496.9,70.5,0.19778936436328026,-0.13076554541386465,0.23710811990021755,-33.4701010936706,-0.8431875110214019,0.05489588365368775,0.8449726248728925,176.27500444463857,0.0001503206774680299,-0.000554423025526986,0.0005744398987787534,-74.83010058499377,0.00019249576231510708,-0.000534043057319153,0.0005676764972940683,-70.17830741486151
a +0.5%,497.85,70.5,0.19671508856296704,-0.13326906933350385,0.23760780902435472,-34.11656137967768,-0.842005568301828,0.05589196868460264,0.8438585718085259,176.20230204347408,0.00010480942658714237,-0.000558262791752815,0.0005680161622323545,-79.36694533137073,0.00012990713199549354,-0.000548400512533893,0.0005635769557839739,-76.67321317780328
a +0.5%,498.8,70.5,0.19405911457520442,-0.13591929583337856,0.2369240277590135,-35.007456561706505,-0.8409826073818717,0.0566986717990442,0.8428917399658079,176.14298096065647,2.3508558020993517e-05,-0.0005973110288004494,0.0005977734666467538,-87.74615523910913,4.54824242234578e-05,-0.0005703327370162914,0.0005721434101916554,-85.44047275124078
a +0.5%,499.75,70.5,0.19168397611454055,-0.1383298117728157,0.2363850323607279,-35.81631055680204,-0.8400247126903968,0.057430891078474426,0.8419856442841833,176.0888827858962,-5.2246577187792496e-05,-0.000568737123904874,0.0005711318770086537,-95.24869901209978,-2.118436767333494e-05,-0.0005517940844616518,0.0005522005877220628,-92.19860828612877
a +0.5%,500.7,70.5,0.18801715293244745,-0.14064003330782224,0.23479793177464037,-36.79711448020917,-0.8391099663087754,0.05805850434709504,0.8411161189073337,176.0419799268946,-7.764681434954594e-05,-0.0005192467174421089,0.0005250201723296336,-98.50484317295556,-3.9676337858850886e-05,-0.0005208940003971842,0.0005224028823003098,-94.355791280314
a +0.5%,501.65,70.5,0.1849341041726725,-0.14224374957592312,0.23331075238738314,-37.56601220494862,-0.8383072365630027,0.05853265713775036,0.8403481985614675,176.00595098826642,-7.241418932001e-05,-0.0004785431692678325,0.0004839910946161878,-98.60483881225028,-3.5623756359833564e-05,-0.0004873814505182219,0.0004886816247071613,-94.18043747447818
a +0.5%,502.6,70.5,0.182561787532834,-0.1435224339668351,0.23222294313643552,-38.172946819401304,-0.8376259294831433,0.058923120485017334,0.839695856766122,175.9761347893976,-8.318322738959e-05,-0.0004457364312635229,0.00045343182009480713,-100.57092652996671,-4.4868753991869684e-05,-0.00046436012980121267,0.0004665228131975777,-95.5190658589552
a +0.5%,503.55,70.5,0.18041325484050413,-0.14475980668656804,0.23131006064172227,-38.742825610321596,-0.8369570384848785,0.05929620928201019,0.8390548996964348,175.947515643174,-8.936433017512386e-05,-0.00040770801744680724,0.0004173868840752601,-102.36298436591981,-5.230490212877844e-05,-0.0004308135226506232,0.0004339770663126568,-96.9223783361052
a +0.5%,504.5,70.5,0.17835454204169007,-0.1460215687220464,0.23050518692417382,-39.30770701349213,-0.8363150094709021,0.059597149826392345,0.8384358146773936,175.92390124610654,-6.347963478723926e-05,-0.0003603784629446147,0.00036592663279275573,-99.99000616623393,-3.0565533478483654e-05,-0.00038250954960902014,0.0003837288201046668,-94.56867763536204
a +0.5%,505.45,70.5,0.17616644798076583,-0.1474384587658178,0.22972313013146853,-39.9268727946363,-0.8357904160717683,0.05977545657528401,0.8379252501304655,175.9091900605212,-2.8516414229169628e-05,-0.000316896350261919,0.0003181768104212098,-95.14200101051536,5.993325593988708e-06,-0.0003428097519312244,0.00034286213843296137,-88.99840281697911
a +0.5%,506.4,70.5,0.17359118208703272,-0.14896900326113582,0.22874803262758273,-40.63487225715852,-0.8353773798617122,0.05990233917974713,0.8375223322537882,175.89851627539775,8.36976677757625e-07,-0.00028769371572582865,0.0002876949332158858,-89.83331197982055,3.3049169321954374e-05,-0.00031648438758111034,0.0003182053034998972,-84.03844338387067
a +0.5%,507.35,70.5,0.1707016041828516,-0.15042513352628387,0.22752309435966994,-41.38704655846765,-0.835003479089888,0.06003327607118758,0.8371587688891854,175.88774752195712,3.3410946364362425e-05,-0.0002641076012890359,0.00026621253989173884,-82.7900928609858,5.333752241159766e-05,-0.00029146689693542095,0.00029630700853366764,-79.62979575799916
a +0.5%,508.3,70.5,0.16764390704703824,-0.15178868616570765,0.2261510221465021,-42.158423016780596,-0.8346398106013656,0.060129664677838944,0.8368029576996922,175.87937917778913,5.804756544988848e-05,-0.0002422603114509187,0.000249117599456472,-76.52549262701358,7.442945687353583e-05,-0.00026317530144386275,0.00027349768434222177,-74.20839509476637
a +0.5%,509.25,70.5,0.16471087122343636,-0.15288176018658958,0.22472762112596067,-42.8669373325456,-0.8343269630683836,0.060191060566715485,0.8364953347598885,175.87364495929813,7.462173989211466e-05,-0.00023032126370589292,0.00024210801015167978,-72.04820464899706,8.553768572256531e-05,-0.0002450208065615364,0.0002595224293328771,-70.75571316445118
a +0.5%,510.2,70.5,0.16193748485803877,-0.1538483015834697,0.22336751980148276,-43.532629566388486,-0.8341016070255951,0.060201203680453036,0.8362712931622464,175.87184082403186,9.081513294427693e-05,-0.00022116622831743277,0.00023908552637047164,-67.67599807000835,8.720846720847464e-05,-0.00023644920444228036,0.0002520189338804505,-69.75474574292625
a +0.5%,511.15,70.5,0.15919617668843933,-0.15476784156929096,0.2220281681594341,-44.19191985532813,-0.8339173961205884,0.06022146835711613,0.8360890196645506,175.86954697472711,6.982154246241235e-05,-0.0002330048906355534,0.00024324129347608035,-73.31878815447615,6.444086009135232e-05,-0.0002179095247338297,0.00022723816893083077,-73.5258393838067
a +0.5%,512.1,70.5,0.1564549221368894,-0.1555764721785089,0.22064038922275875,-44.83869782632279,-0.8339210951146541,0.060139845439827144,0.8360868339393643,175.87514420080942,7.836019147304643e-05,-0.00021435514988965616,0.0002282289418367212,-69.91948611308968,6.558844398468633e-05,-0.00019632613490087544,0.00020699225886358427,-71.52660722930379
a +0.5%,513.05,70.5,0.15379363356321668,-0.15624944700677107,0.21924044201401055,-45.453823393693355,-0.8338502855060314,0.060209135041161654,0.8360211950548233,175.87005874922806,7.162336950400339e-05,-0.0002018295355688062,0.00021416131417001301,-70.46172194869993,5.381753289331517e-05,-0.0001680238050553692,0.00017643221336254833,-72.23988974966453
a +0.5%,514.0,70.5,0.15135958993827645,-0.15670588801626015,0.21786798940011323,-45.994235288465944,-0.8337564645073161,0.06033661973828714,0.8359368096867024,175.86088041478286,7.711048683078325e-05,-0.00017996937898798128,0.0001957932699369415,-66.80658641812585,6.271300397559544e-05,-0.00013283938598082068,0.00014689868391311238,-64.72816982112795
a +0.5%,514.95,70.5,0.14913509242090073,-0.15710701631492952,0.21661922898664865,-46.49115503985573,-0.833669584140373,0.060483554865329754,0.8358607754464434,175.8504048665792,0.00010254528143159427,-0.0001484172660307578,0.0001803973935508205,-55.35841409507762,9.688946983106832e-05,-0.00010125287993587242,0.00014014176771916963,-46.26154041268013
a +0.5%,515.9,70.5,0.14708454367258922,-0.15750339723369328,0.21550216501819278,-46.959117848392076,-0.8335608910764185,0.06067440762791799,0.8357662010832405,175.83681610229235,0.00012878331992622062,-0.00012128284290430277,0.00017690300018419439,-43.28198717306004,0.00012935227541119348,-7.574682206090003e-05,0.00014989860641906883,-30.35262278733109
a +0.5%,516.85,70.5,0.14513642921048842,-0.15779574156456583,0.21439234860386777,-47.39295611079208,-0.8334136124037986,0.06092035151042441,0.8356372051124236,175.81926425983164,0.00015416725276158253,-9.498381207601404e-05,0.00018107861933576043,-31.637591055305254,0.00016632433011068328,-4.992779665062112e-05,0.00017365646450723718,-16.708882176751363
a +0.5%,517.8,70.5,0.14316748068926408,-0.15797177549466088,0.21319476865027984,-47.81444964035809,-0.8331576544596351,0.06120778872131573,0.8354029390568565,175.79832315616608,0.000176341225867085,-6.611798459713e-05,0.00018832900952188062,-20.553203695396206,0.00020193411034689,-3.6057317168797306e-05,0.00020512804548135586,-10.124026748513655
a +0.5%,518.75,70.5,0.14133601547107114,-0.158107096832541,0.21207009062584323,-48.20564835891397,-0.8329374717365168,0.06139517333680282,0.8351971019656838,175.7843961446163,0.00020378539620325377,-4.2207936188865035e-05,0.00020811054173933724,-11.701620107166214,0.00023165947788603643,-2.7351354522805257e-05,0.00023326853685969563,-6.733571677198002
a +0.5%,519.7,70.5,0.13962542026235683,-0.15814091227086177,0.21095925226758877,-48.558143819050315,-0.8327641215245054,0.061546617858943206,0.835035369471471,175.7731585695516,0.00023134762817498308,-2.6720663849341734e-05,0.00023288563489133406,-6.588471887521362,0.00025847505232260077,-1.595001601789212e-05,0.0002589667076752188,-3.531138745853715
a +0.5%,520.65,70.5,0.138130515020485,-0.15810666068496929,0.20994702982604077,-48.857782943519915,-0.8327292384105808,0.06160793745822446,0.8350051032548976,175.76878600967746,0.00026108361470164365,-1.6697053601789053e-05,0.0002616169823705207,-3.6592477915601282,0.0002844237802577878,-6.123234959973337e-06,0.0002844896848437662,-1.2333052225587466
a +0.5%,521.6,70.5,0.13674052499640116,-0.15807445381172444,0.2090107751389062,-49.138925220928755,-0.8327478290047038,0.06173488285211695,0.8350330187919589,175.76019350901774,0.0002836523243074249,-5.29995011265955e-06,0.00028370183389643647,-1.0704281837252687,0.0003160260140014106,6.123722773124298e-07,0.0003160266073061346,0.1110234648810665
a +0.5%,522.55,70.5,0.135457258862875,-0.15801112109332577,0.20812540298534818,-49.39470157846275,-0.8326875773464384,0.06201300170141603,0.834993541200829,175.7408560536686,0.00031183541850779813,8.640754497205324e-06,0.00031195511035117627,1.5872222494236488,0.00035318109396400194,1.32432161081994e-06,0.0003531835768567645,0.21484072816226996
a +0.5%,523.5,70.5,0.13433366987176137,-0.1579146313305265,0.2073223713193332,-49.613093874664706,-0.8324260955490795,0.06240219183456502,0.834761785239863,175.71288396078006,0.0003468543408634824,1.4015205670816162e-05,0.00034713737880821203,2.313869087858336,0.00038597876925337425,-7.322384898491641e-06,0.00038604821931327593,-1.0868251425321056
a +0.5%,524.45,70.5,0.13334032933764534,-0.15783388735487694,0.20661843921931,-49.80839726203842,-0.832136162024186,0.0627349908415828,0.8344976160686355,175.68861014010983,0.0003748556113658111,-7.782047728963364e-06,0.00037493638078918385,-1.189296461326939,0.00040512808912733034,-2.6090437096793007e-05,0.00040596733798159657,-3.6847863141781354
a +0.5%,525.4,70.5,0.13233019503907503,-0.15781715366815796,0.2059551759752559,-50.02005800100632,-0.8318520697390273,0.06303409909441027,0.8342368749808099,175.6666585546597,0.00036849249369315374,-5.621860491376696e-05,0.0003727562869310847,-8.674372260735367,0.0003843332894509362,-6.410724539641799e-05,0.0003896431909997834,-9.469820676516541
a +0.5%,526.35,70.5,0.13134471122301206,-0.15790890182366393,0.20539390069184618,-50.24715525988273,-0.831608743154657,0.06329164644475642,0.83401374940762,175.64775286494748,0.0003172088383261497,-0.00011079485558988369,0.0003360014094277114,-19.25331156068691,0.0003387083023230054,-9.564143658840467e-05,0.00035195255142593616,-15.768146247289366
a +0.5%,527.3,70.5,0.1302309017594585,-0.1580535881372828,0.20479507927719248,-50.51261201526231,-0.8313888689505009,0.06354202437078996,0.8338135524659761,175.62945110216702,0.0002876955472843004,-0.00012877512478368466,0.00031520114322487264,-24.11372036414002,0.0003173342849463364,-0.00011397723286724511,0.0003371822326494634,-19.756810227477366
a +0.5%,528.25,70.5,0.1289781025404634,-0.1581882052085159,0.2041050200314285,-50.80805975447084,-0.8311595579891097,0.06380126834835523,0.8336047100871677,175.61048331612542,0.00026159392507994945,-0.00013928307271793804,0.00029636321631485346,-28.032623395874328,0.0003061803201236971,-0.00013773029297970964,0.0003357320688217411,-24.219831475300634
a +0.5%,529.2,70.5,0.1278253261254418,-0.1582900130879529,0.20345771610450133,-51.07777992204087,-0.830924031900406,0.06406367044328264,0.8333900051358262,175.591256702249,0.0002224667333881283,-0.0001401025797972022,0.000262907170556864,-32.20143859779856,0.0002871586965710826,-0.0001735263543701426,0.00033551678449430123,-31.144035816458874
a +0.5%,530.15,70.5,0.12675885773517442,-0.15840145452817406,0.20287638800749433,-51.331879033997595,-0.8306805119124935,0.06432417351200778,0.8331672774234505,175.57210794261343,0.00018513339798573302,-0.0001380346780243129,0.0002309284464656088,-36.70805583129794,0.0002527791144448649,-0.0002025935868698244,0.00032394666557986236,-38.710949990336104
a +0.5%,531.1,70.5,0.1256543027163009,-0.15854427494783835,0.2023000022487779,-51.60140748116804,-0.830453969145063,0.06456147894204495,0.8329597705963796,175.5546303559279,0.0001720566414166894,-0.00014030813590452208,0.0002220131997350452,-39.19643278745904,0.0002234512769016043,-0.000202661112668604,0.0003016653770936168,-42.20673503971311
a +0.5%,532.05,70.5,0.12484429286062394,-0.15860047551658887,0.20184203797513872,-51.791517406011344,-0.8303561075561413,0.06472050536850077,0.8328745458776731,175.54320159100578,0.00016692178364169285,-0.00013397243791606013,0.00021403620248756214,-38.750739657814876,0.00020956413119028588,-0.00019409058614349854,0.00028563662354653713,-42.8047204485522
a +0.5%,533.0,70.5,0.12379276066073404,-0.15887338949877874,0.20140854371857325,-52.074589119731684,-0.8303036135949027,0.06501900799634511,0.8328454611448526,175.52244750712714,0.00017855568157264365,-0.00013300745143048895,0.00022265020448655596,-36.682699242142746,0.0002057615937967288,-0.0001831277886169571,0.0002754516662601752,-41.66907797956136
a +0.5%,533.95,70.5,0.12270819040306141,-0.15932948240937425,0.20110490783875234,-52.398200753510594,-0.8300866874036851,0.0655877277862512,0.8326738008614097,175.48226838034643,0.0001849128959199361,-0.0001419233166639511,0.00023309870632501,-37.5067591643973,0.00019301395505884016,-0.00017952207308988323,0.0002635954505941735,-42.92586453783537
a +0.5%,534.9,70.5,0.1213025630352042,-0.15984225437741517,0.20065856095209092,-52.80552943463451,-0.8294590576418523,0.06627777594489039,0.832102801274164,175.43149756519637,0.00018283607287973615,-0.00015948790270230758,0.00024262197067550356,-41.098190279039756,0.00017212739890672856,-0.00018109724870538703,0.00024984806371684544,-46.45466662603376
a +0.5%,535.85,70.5,0.1195090432847992,-0.1603578283605711,0.19999261122193088,-53.304134206532744,-0.8287084927424804,0.06695182973682937,0.8314086320508244,175.3810734267761,0.00016625514964176504,-0.0001835465910844574,0.00024764919923377646,-47.82994829340854,0.0001491959361817313,-0.00018010995077706715,0.00023387821989672488,-50.3629977401415
a +0.5%,536.8,70.5,0.11763886042664565,-0.16092757546579245,0.19934037731422638,-53.8330100045872,-0.828069916954862,0.06734112096899406,0.8308035952853072,175.35076704815725,0.00015037182400922698,-0.00020100229500422652,0.0002510251143866447,-53.199470756906805,0.0001238926258926177,-0.0001722578077635288,0.00021218420083989514,-54.275257077222506
a +0.5%,537.75,70.5,0.11543142526805308,-0.16152746519413855,0.1985334630520955,-54.4494848455641,-0.8275256843218408,0.0676296276865867,0.8302846046708064,175.32787933580778,0.00013717419792756932,-0.00021122072012280375,0.0002518550241433904,-56.998882248294805,0.00011185199322566157,-0.00015344675989295087,0.00018988621990602254,-53.91055868471494
a +0.5%,538.7,70.5,0.11304181395884857,-0.16212075894118896,0.19764005713107358,-55.11312301932235,-0.8270785480201317,0.06783615145751701,0.8298558115960004,175.31115307858298,0.00010893694577117791,-0.00020363551715254645,0.0002309430276062423,-61.85498106081075,0.0001052853770004006,-0.00015967906577517112,0.000191265299144795,-56.600892179650415
a +0.5%,539.65,70.5,0.1104414063145707,-0.16257923900279841,0.1965434129740021,-55.81141175131626,-0.8266858401300765,0.06799332470395239,0.829477287498499,175.2981153276665,9.961734113870084e-05,-0.00019766104561681202,0.00022134476187584776,-63.252780198990564,0.00010028592407400633,-0.00014718537172291228,0.00017810334139647474,-55.73112770591091
a +0.5%,540.6,70.5,0.1079281110638152,-0.1627607731091289,0.19529348791212822,-56.45128927632833,-0.8263444633966731,0.06811317619703541,0.8291468970924175,175.28792752098408,9.629635742925574e-05,-0.0001900452957146889,0.00021304976619894827,-63.12856978632831,0.00010783233242375764,-0.00012801274451549062,0.0001673770434508151,-49.89068041259183
a +0.5%,541.55,70.5,0.1057613129681264,-0.16269235756405073,0.1940470523622838,-56.97333977318962,-0.826056497425376,0.06821359451870772,0.8288681628678006,175.27937430662897,9.190515476319523e-05,-0.00016093856023449826,0.00018533153439822403,-60.27115324759727,0.00013213359357314988,-0.00012479267372211066,0.0001817484469404554,-43.36338522179771
a +0.5%,542.5,70.5,0.1038451645296655,-0.16252843820293006,0.19287123015337707,-57.424052507079644,-0.8258080704615558,0.0683271036026254,0.8286299308654991,175.27013865842412,9.47635221981017e-05,-0.00013451090375916146,0.00016453968630545187,-54.83513633565973,0.00015363191613667685,-0.00012353149654803535,0.0001971364915362556,-38.80187199176398
a +0.5%,543.45,70.5,0.10213378634459915,-0.1622911047512506,0.19175430371823632,-57.8167827312998,-0.8254964998635445,0.06850128784542431,0.8283338081494951,175.2563543024539,0.00010827747791926702,-0.00010662479523287249,0.0001519633481567491,-44.55938169138424,0.00018082682294142912,-0.0001273281378541458,0.00022115784992736594,-35.15106491435952
a +0.5%,544.4,70.5,0.10047855632195049,-0.1620735231110466,0.19069286083692366,-58.202881866280485,-0.8251888148743837,0.06868882982538115,0.8280427135942747,175.2416612929289,0.00012870819933109205,-9.364505961449693e-05,0.00015917034197756444,-36.0387550237709,0.00019198480823407512,-0.00014141695761948984,0.00023844689659340752,-36.3755437618318
a +0.5%,545.35,70.5,0.09880655939858898,-0.161857357015661,0.18963264539704666,-58.59783196940494,-0.8248471487048971,0.06889264550913,0.8277191645309689,175.22563964425518,0.00014297973055190182,-9.54546348461527e-05,0.00017191506816537867,-33.727452306315506,0.00019069338263222292,-0.00014671261405940796,0.000240600410024306,-37.57338571850241
a +0.5%,546.3,70.5,0.09711908959515893,-0.16158612359915553,0.18852637190481886,-58.992614332418164,-0.8244428863010349,0.06910776970310428,0.8273342472095051,175.20846302851763,0.0001548683716510621,-0.00011047392022149767,0.00019023327676029062,-35.50181063413421,0.00018156650670325938,-0.00014168235311955282,0.00023030476665045037,-37.96609455214607
a +0.5%,547.25,70.5,0.09552204116647976,-0.16120579955150827,0.18738134954592392,-59.3512579876219,-0.8240981496149351,0.06926594815384815,0.827003949066999,175.19554751769743,0.00015369255939451626,-0.00012069632583447717,0.0001954200754354045,-38.14290671346841,0.00018028095794231543,-0.00014475272387689736,0.00023120245428277832,-38.761974510750946
a +0.5%,548.2,70.5,0.09414724050469882,-0.16076461395088076,0.18630341916729634,-59.645836058403205,-0.8237279600167419,0.06940008199924287,0.8266463110029855,175.18413420283676,0.0001389538529720157,-0.00012071450771164342,0.00018406565575313874,-40.98209074306633,0.00018336765222239974,-0.0001667047985373507,0.00024781885670169176,-42.274875043957465
a +0.5%,549.15,70.5,0.09295218366128742,-0.1603862998104738,0.18537495411812488,-59.90548237947217,-0.8234013727170061,0.06951786380510913,0.8263307775826069,175.1740952139049,0.00013734790629174332,-0.00011992988953001927,0.00018233931491976198,-41.12691684321942,0.0001773747290334183,-0.00017241222471081575,0.00024736161733262375,-44.187186725115254
a +0.5%,550.1,70.5,0.09168985318749753,-0.16006201425178573,0.1844637568301256,-60.194212210471,-0.8230874128904747,0.06961857784890867,0.8260264134036147,175.16530205412852,0.00014690208331751193,-0.00011831125766547607,0.00018862071936405047,-38.84709812087368,0.00017398871149552474,-0.00016973465729433186,0.00024306773873695626,-44.290921334141316
a +0.5%,551.05,70.5,0.09014213429894678,-0.15971607436838473,0.18339800649848068,-60.560057485994555,-0.8227425456376495,0.06966844195543864,0.8256869795550964,175.15983728498594,0.0001607601589517793,-0.00011556080361706219,0.00019798517125992684,-35.71008454607102,0.00019131400056414602,-0.00018326492826667556,0.0002649284445740921,-43.76899933988662
a +0.5%,552.0,70.5,0.0891590168603634,-0.15915061133301078,0.18242326434744452,-60.74167152787339,-0.8225408885202051,0.06960086058128594,0.825480340820582,175.16333031375405,0.00017670037549852888,-0.00014667020167851764,0.0002296413960106891,-39.69437991267783,0.00018320660845918207,-0.000196480445594361,0.00026864330790859965,-47.00224164460139
a +0.5%,552.95,70.5,0.0880462245287985,-0.1588638913308249,0.18163114717070897,-61.00371592623563,-0.8223669734696815,0.06955624199342493,0.8253032835594026,175.16539886545647,0.00015448217756184536,-0.00020140080118305945,0.0002538247937090224,-52.51040341590266,0.00013695516632557844,-0.0002246846486496744,0.0002631347733046594,-58.63585677330277
a +0.5%,553.9,70.5,0.08670050548576579,-0.15863959686903292,0.1807857830313451,-61.34229264183346,-0.8221998145306711,0.06952286824801476,0.8251339068440352,175.1667297807928,9.046407372499069e-05,-0.00025098934338753663,0.000266794675975791,-70.17931918930442,7.148480710273155e-05,-0.0002569703883190109,0.0002667280602398968,-74.45433407156402
a +0.5%,554.85,70.5,0.08521184085407896,-0.15828684593072603,0.1797659128323228,-61.704727058743195,-0.8220330700419802,0.06948060525778234,0.8249641948288611,175.1686788529073,3.650574438455204e-05,-0.00027026370366677353,0.00027271805751132765,-82.30735810895,1.8690028269865113e-05,-0.0002641791515812583,0.00026483946323560206,-85.9532065620205
a +0.5%,555.8,70.5,0.08387511530624588,-0.1578541958663163,0.1787539709215921,-62.01625877578829,-0.8218685943230506,0.06941340580626121,0.8247946454967877,175.1723680999891,-1.4517795888194559e-05,-0.00026391146002406076,0.00026431047109314965,-93.14867305892565,-1.5137180583444397e-05,-0.000263743758076995,0.000264177788923657,-93.28480245051422
a +0.5%,556.75,70.5,0.08254131814359657,-0.1573686067267973,0.1777018502549026,-62.32256602855775,-0.8217656167484508,0.0692653000844751,0.8246795806043424,175.1820193375896,-1.8291955562218485e-05,-0.0002602957874923278,0.0002609377179032216,-94.0197796698016,-2.2103676052025584e-05,-0.0002459044462451565,0.00024689586707385354,-95.13635667420121
a +0.5%,557.7,70.5,0.08129604826946413,-0.15680583059676034,0.17662705334509474,-62.595499787647704,-0.821727416120086,0.06903692352367755,0.8246223640024609,175.19760822469283,-3.0282784344092695e-05,-0.0002509095957791265,0.0002527304340234383,-96.8818568180702,-2.3140499972004212e-05,-0.00024845367806584397,0.0002495289820509841,-95.32106842725491
a +0.5%,558.65,70.5,0.0801543722189029,-0.1561827863171305,0.17554995336823329,-62.83270864694226,-0.8219431458357765,0.0686545404721174,0.8248054200318098,175.22533213029365,-7.549800172548991e-05,-0.00022783895950759304,0.00024002195677488486,-108.33342232039466,-3.6496344564494224e-05,-0.00027190807159767154,0.00027434646446880767,-97.64472697240008
a +0.5%,559.6,70.5,0.0790757826874735,-0.1555550087849182,0.17450025835428587,-63.053670114836834,-0.8227025244749935,0.06793060336878551,0.8255022777991436,175.27979132898457,-0.00012914933405233956,-0.00021687215706367886,0.0002524145063097915,-120.77418161955563,-8.559684885900418e-05,-0.0002810622732932869,0.00029380745736516206,-106.93798983720036
a +0.5%,560.55,70.5,0.078090568279348,-0.15484390979641105,0.17342079821990958,-63.237369101034304,-0.8228223733393603,0.06860220710107799,0.8256772498300754,175.234029521438,-8.481431252255382e-05,-0.00014695408483826985,0.0001696731288664379,-119.9913238458914,-5.633636877015043e-05,-0.00020976520383250791,0.0002171985892797188,-105.03311248268798
a +0.5%,561.5,70.5,0.07726477666977973,-0.15404743692787057,0.1723382097443199,-63.363267158341685,-0.822612446303911,0.06908934771591796,0.8255086763819722,175.19912504301607,-3.4279067698420026e-05,-0.00011847636660633858,0.00012333573661559897,-106.13687661545343,-2.4240025831558797e-05,-0.00017424838143129378,0.00017592634050573634,-97.91969888078872
a +0.5%,562.45,70.5,0.07671197779948599,-0.1532024894462055,0.17133514032568897,-63.401828194290225,-0.8223768438806577,0.06911939244111302,0.8252764165796453,175.19567750586057,-7.455112723691379e-06,-0.0001410144810857078,0.0001412114109468296,-93.02627928856344,-1.6438758089216562e-05,-0.00017189464705785588,0.00017267889985363185,-95.46274008577002
a +0.5%,563.4,70.5,0.0764373288464241,-0.15243147993105488,0.17052278825760492,-63.36835510494516,-0.8223080527732415,0.06902328634745471,0.8251998228998373,175.20192692466804,-1.0188799564633605e-05,-0.0001645718856695556,0.00016488698308053779,-93.54271362017084,-2.6563199985927733e-05,-0.00017717271431257474,0.000179152935477981,-98.52674663242924
a +0.5%,564.35,70.5,0.07588142139977581,-0.15166199805958186,0.16958582419847174,-63.41971175724939,-0.8223481245132972,0.06884234210646581,0.8252246396934844,175.2146786686861,-2.5013945748042427e-05,-0.00018673664648733828,0.00018840454512358018,-97.62952819416732,-4.477455345076777e-05,-0.00018637140584061392,0.00019167436331372665,-103.50893429309944
a +0.5%,565.3,70.5,0.07550068714929475,-0.1508354427659197,0.1686762714622502,-63.40974232119872,-0.8225701735734074,0.06859825757637547,0.8254255940998562,175.2328482128707,-6.048832242037349e-05,-0.00020885797177250706,0.00021744077244655939,-106.15178926840855,-7.88364880853561e-05,-0.00020056311818564848,0.0002155011745443233,-111.45858365867498
a +0.5%,566.25,70.5,0.0754182532100279,-0.14999016835945064,0.1678837798054006,-63.305775410827415,-0.8229041610683068,0.06829692523387386,0.8257334486987523,175.25561061772686,-0.00010606380755304912,-0.0002260143734937166,0.0002496638305770531,-115.13968096873019,-0.00012342476745448835,-0.00020844901621154018,0.0002422491807638438,-120.63020359965024
a +0.5%,567.2,70.5,0.07547958969122776,-0.14925226744156492,0.16725252702546684,-63.17344528653085,-0.8234035589220088,0.06810821680782429,0.8262155590656542,175.2715166131043,-0.0001420515852686999,-0.0002029759558172408,0.00024774561856322143,-124.98603624873051,-0.00015247192463374576,-0.00019244604435346722,0.0002455263077326243,-128.38922266062053
a +0.5%,568.15,70.5,0.07540892161865805,-0.1485924788928646,0.1666320204619008,-63.092746559875906,-0.8235765426103706,0.06827680997010101,0.8264018661146312,175.26085620887093,-0.00013688788142747913,-0.00019033306406404129,0.00023444608624950434,-125.72375615690645,-0.00015058723840777945,-0.00017490291408149805,0.00023079762937578302,-130.72766633493492
a +0.5%,569.1,70.5,0.07535138703915273,-0.14797895363005384,0.1660590324136866,-63.014650653925685,-0.8236688068679158,0.06844674639077232,0.826507870802631,175.24964446239417,-0.00013465244061016288,-0.00018468372069930033,0.0002285593062065306,-126.09569687653135,-0.00015078122435639854,-0.00016127856992180983,0.00022078440781549472,-133.07335998220069
a +0.5%,570.05,70.5,0.0753808147858275,-0.1474150418705155,0.1655701114557246,-62.91702747271333,-0.823718099521874,0.06856162031357854,0.8265665147221676,175.24199197118696,-0.00015629261015038187,-0.0001910161987581609,0.0002468087684334503,-129.2905979670452,-0.00016785986699511496,-0.00015486164152118945,0.000228383587331172,-137.30645035346245
a +0.5%,571.0,70.5,0.07542806990247893,-0.14698465091154128,0.16520859945172617,-62.834479329035084,-0.8239151175483976,0.06859995836406323,0.8267660341428771,175.24047678739683,-0.00017996259026782597,-0.00017294853969614655,0.00024959513472608996,-136.1385942767075,-0.00018622035392245237,-0.00015376590086653698,0.0002414994254326521,-140.45282567096527
a +0.5%,571.95,70.5,0.07517628625132418,-0.14679404326397819,0.1649241193771479,-62.88206900766671,-0.8240766404590604,0.06874974780672465,0.8269394398465826,175.23106277204514,-0.00017993025297289488,-0.00015174405210267497,0.00023537449582193326,-139.85741413566615,-0.00018757803412869644,-0.00013073347554878707,0.0002286411172922572,-145.12523291598382
a +0.5%,572.9,70.5,0.07444116753646883,-0.14676450674131755,0.16456399321605825,-63.10519034901611,-0.8242070193372899,0.06897769559533215,0.8270883466803907,175.21607745497113,-0.00015508983327906857,-0.00013149312264933464,0.00020333051342728234,-139.70701052331506,-0.00016674281975352003,-9.77622241154326e-05,0.00019328895572005904,-149.6166715906194
a +0.5%,573.85,70.5,0.07340189108026447,-0.14662197990118284,0.16396902940586638,-63.40653857011894,-0.8241315034591516,0.0693736156856389,0.8270462100433932,175.18830830837973,-0.00013018742653899242,-0.00012558358392898052,0.00018088671200862944,-136.0312047024777,-0.0001434212516012546,-8.074355232179978e-05,0.000164587899471418,-150.62128134892572
a +0.5%,574.8,70.5,0.07234336810624503,-0.14635839395401812,0.16326157658725227,-63.69731178520615,-0.8239780445257195,0.06975193151134679,0.8269251174139,175.1612961413367,-0.00012674838244204945,-0.00011397508184715174,0.00017045665646650755,-138.0373877582706,-0.0001235889322447274,-7.488643008579632e-05,0.0001445067527293679,-148.78700659676323
a +0.5%,575.75,70.5,0.07139685922016711,-0.1459605514119096,0.1624869043183883,-63.93435041511594,-0.8238110733902714,0.07008607620880682,0.8267869996067777,175.13724664086908,-0.00012256880083992162,-0.000106602200811086,0.00016244118984144225,-138.98542087689194,-0.00010839774080194489,-7.462934455420519e-05,0.00013160398656406996,-145.4534852297545
a +0.5%,576.7,70.5,0.0706358688235317,-0.14545019634235978,0.16169472960021358,-64.09711584384812,-0.8236656987676901,0.07036704706885835,0.8266660175909363,175.11698867395,-0.0001166050153024187,-0.00010466346872798061,0.00015668813381954064,-138.08917518014323,-9.928061189302405e-05,-7.664336505234024e-05,0.0001254226666292802,-142.33231769000236
a +0.5%,577.65,70.5,0.07012107852614445,-0.14486879223315968,0.16094698697634605,-64.1715493048726,-0.8235339592878533,0.07063872087600954,0.826557929601626,175.0974476659708,-0.00013043417731787676,-0.00011229766792167302,0.00017211577740938703,-139.2731027147882,-0.00010549931838161609,-9.291282645268069e-05,0.00014058058008989562,-138.62975691992315
a +0.5%,578.6,70.5,0.0697173689565074,-0.14437616766629752,0.16032775593834223,-64.22470911569698,-0.82340204531789,0.07090030218227508,0.8264488980470738,175.07859762029938,-0.0001543927728037621,-0.00012150599168596833,0.0001964709502945021,-141.79751120371364,-0.00012424311446738697,-0.00010682364014252119,0.00016385249948003565,-139.3112131992907
a +0.5%,579.55,70.5,0.06929208715962076,-0.14393759290356167,0.15974800153306434,-64.29366502580865,-0.823275936932951,0.07115352905959328,0.8263450205758263,175.06035438167785,-0.00018180754695624272,-0.00012340951893512723,0.0002197359631331338,-145.83165075716502,-0.0001445744749560136,-0.00011904892947906142,0.0001872816766769177,-140.53046919942835
a +0.5%,580.5,70.5,0.06854979731477352,-0.1435153206403061,0.15904628876646698,-64.46862250378668,-0.8231683681267814,0.0713991342129133,0.8262590384684829,175.04274420437682,-0.0002026393420812568,-0.00011553976022206567,0.00023326409743313917,-150.30931947657467,-0.00015816813706124065,-0.00012266418443401442,0.00020015909103581907,-142.2053376397762
a +0.5%,581.45,70.5,0.06802891353530376,-0.14296263909826323,0.15832324293903943,-64.55251268992187,-0.8230564311121364,0.07166627164788182,0.8261706502212209,175.02361643240124,-0.0002140608559846712,-0.00010410271656060119,0.0002380324046431221,-154.06527968422554,-0.00016674599660642127,-0.00012419041303072297,0.0002079122076093903,-143.3217023103889
a +0.5%,582.4,70.5,0.06777695555619466,-0.1423895509330082,0.15769749496859525,-64.54570621115707,-0.8229428960742514,0.07194152268498814,0.8260814686732241,175.00391430817166,-0.00022295366368736187,-0.00010032972860877396,0.0002444880172816809,-155.77213074171232,-0.0001718426780455498,-0.00011966402994745342,0.0002094024499883693,-145.14826593362335
a +0.5%,583.35,70.5,0.06778400142170371,-0.1418698405836783,0.1572314297968947,-64.46199209304869,-0.8228270392085962,0.0722156523403849,0.8259899738469785,174.98427133873756,-0.00023744146701011872,-0.00010661953913490597,0.0002602809566242929,-155.8182488403481,-0.0001781835400286978,-0.00010295067764349268,0.0002057868216490378,-149.98158728633572
a +0.5%,584.3,70.5,0.0671367690838446,-0.14161342565074997,0.1567217537151686,-64.63508218281005,-0.8226644081039131,0.07252803587749852,0.8258553410550841,174.96169547989516,-0.00023985543005329007,-8.40707410154882e-05,0.000254162382781052,-160.68413569929004,-0.0001878604755286426,-0.00010558798603424498,0.00021550030408474055,-150.66160308990123
a +0.5%,585.25,70.5,0.06638293743752013,-0.14133579688376008,0.15614897330306465,-64.84138160821969,-0.8225085211915008,0.07282739164855193,0.8257264052983658,174.94005399498695,-0.00023077456367566484,-5.661844747580632e-05,0.0002376184921976068,-166.2152727126391,-0.00018859063367334474,-0.00010284695339284126,0.00021481136592718498,-151.39437919459755
a +0.5%,586.2,70.5,0.06583650815057257,-0.14090542661333727,0.15552744148396122,-64.95618528372941,-0.8223789168316361,0.07310031524184792,0.8256214259196721,174.9203944156342,-0.00020535940559395684,-3.2657680753972015e-05,0.00020793991819304832,-170.96409113180277,-0.00016099217587355746,-8.156271743424996e-05,0.00018047425735478664,-153.13207065121952
a +0.5%,587.15,70.5,0.06529681365911731,-0.14053482945220122,0.1549635833452259,-65.07896648760062,-0.8222701720605672,0.07338172509449335,0.8255380750991189,174.9002718654621,-0.00015904288213057093,-5.97861201304589e-06,0.0001591552140459156,-177.84719683208397,-0.00012098669835369441,-5.4701135383367904e-05,0.00013277799287064626,-155.6710753112091
a +0.5%,588.1,70.5,0.06471715536665593,-0.1401652944387171,0.15438464937889432,-65.21627321963261,-0.8221687294348667,0.07368521042829862,0.8254640694157473,174.8786643303191,-0.00012155422261456163,-2.736816651089325e-07,0.00012155453071393193,-179.8709976707798,-8.87017303092249e-05,-5.242862811249691e-05,0.000103037653339005,-149.4140855750217
a +0.5%,589.05,70.5,0.06411050851187919,-0.13978671288410552,0.15378713340392,-65.36234639671157,-0.8220617075782831,0.07402682895692268,0.8253880435721976,174.85438177949942,-9.047443617306806e-05,-2.5256004189932967e-05,9.393343040939406e-05,-164.40288592522987,-6.109939036668974e-05,-7.882315674059227e-05,9.97307652719717e-05,-127.78088094391991
a +0.5%,590.0,70.5,0.06358547665349915,-0.13938745734798558,0.15320566604140065,-65.47857678100755,-0.8219227586716948,0.07443930854025617,0.8252867573628215,174.82499549113126,-0.00021063456285437524,-0.00011155534392306864,0.0002383516600039695,-152.09360894160915,-0.00019456652759921987,-0.0001512649671368576,0.0002464492319828419,-142.13686288473292
a +0.5%,590.95,70.5,0.06296605846502155,-0.13903886443021432,0.1526320095545624,-65.63581556229646,-0.8216597743595458,0.0749755812883244,0.8250734043647886,174.7862595216166,-0.00021891442282102031,-9.665749578566985e-05,0.00023930356455894518,-156.17705698341072,-0.00020733006858213607,-0.0001267413903250404,0.0002430002826331638,-148.56245077836357
a +0.5%,591.9,70.5,0.0622431317498031,-0.1387096458587681,0.15203477662787618,-65.8328117776286,-0.8212699015151967,0.07558827411072583,0.8247410734999314,174.74140984875493,-0.00017498058380859083,-2.708597372745137e-05,0.00017706454948057633,-171.20078404177244,-0.0001586039575577836,-5.674336317117802e-05,0.00016844887834879585,-160.31443442204346
a +0.5%,592.85,70.5,0.061473214277940114,-0.13827615603482657,0.15132498604470196,-66.0315789819204,-0.8208908076904103,0.07607413048650928,0.8244082674742489,174.70537059269574,-0.00016869063345088093,-4.331837140216732e-05,0.00017416374799307567,-165.59809505864382,-0.0001538787191932185,-7.024971790837122e-05,0.00016915579530938667,-155.46204430918283
a +0.5%,593.8,70.5,0.060956484341990434,-0.137771392023527,0.15065407211036708,-66.1331684632358,-0.8205364132512236,0.07654018780164619,0.8240985413285805,174.6708323639542,-0.00016978220964714727,-5.5215478568586444e-05,0.0001785350043723244,-161.98477143459013,-0.00015525575295566085,-8.01282730125388e-05,0.00017471373432504137,-152.7015143334934
a +0.5%,594.75,70.5,0.06052178215590756,-0.13725469662289322,0.1500057927560452,-66.20515547583726,-0.8201719324966376,0.0770109383656433,0.8237795114490442,174.63587760214426,-0.00017640919458414007,-6.528053681904398e-05,0.00018810037857805486,-159.6929167019459,-0.00016128182150131304,-8.848314805267175e-05,0.00018395948857314326,-151.24975128342106
a +0.5%,595.7,70.5,0.059835958457582265,-0.13681933451465692,0.1493314173962435,-66.37853145199536,-0.819711613986231,0.07755460781055011,0.8233722410286614,174.59521658637436,-0.00017790562563627292,-7.543491810606955e-05,0.00019323777711074795,-157.02225489117666,-0.00016398643375448944,-9.665795593370633e-05,0.00019035312159457188,-149.4837740512614
a +0.5%,596.65,70.5,0.0592559811792916,-0.13628754780937616,0.14861213609060855,-66.5012484860635,-0.8192795198519071,0.078016736426242,0.8229857488507155,174.56035302304943,-0.00019253885616118672,-8.561573381754457e-05,0.00021071607676913215,-156.026849274027,-0.00017680509205571934,-0.00010576980636985724,0.0002060274071970729,-149.11094298743163
a +0.5%,597.6,70.5,0.05878987156341915,-0.13565372833203304,0.14784513184012635,-66.56896411524579,-0.8188797242275527,0.0784301507086805,0.8226270669575486,174.52904879544116,-0.00021491268180982403,-9.79454378341927e-05,0.0002361795283152678,-155.4990979910432,-0.0001967134842186694,-0.00011826069045160311,0.00022952513104132754,-148.98645456571987
a +0.5%,598.55,70.5,0.05839271835669041,-0.1349463069889245,0.14703814242240965,-66.6013458254605,-0.8184594805213512,0.07886121469054443,0.8222499695577666,174.4963564493203,-0.00022462997093476597,-9.728354321906829e-05,0.00024479115920190037,-156.5833577220561,-0.0002051221602683024,-0.00012661203508296695,0.00024105125608672026,-148.31496366217755
a +0.5%,599.5,70.5,0.05819602911945313,-0.1341714440881915,0.1462489460269131,-66.55151118922723,-0.8180795351436878,0.07923661312803257,0.821907882113874,174.46776752328518,-0.0002365821235336525,-0.00010067271217685896,0.00025711105801333613,-156.94880814625765,-0.00021877695064820825,-0.00013342624267449602,0.0002562536172801509,-148.62209578088954
a +0.5%,600.45,70.5,0.058213318469851984,-0.13334215741951183,0.14549543426706654,-66.41531413126539,-0.8177341262074008,0.07957793542818721,0.8215970721534942,174.44175337055313,-0.00025121969373881434,-0.00010725090865563559,0.00027315580156695037,-156.88135674685654,-0.00023728570217816864,-0.00013607416050780288,0.0002735336937492159,-150.16739878213977
a +0.5%,601.4,70.5,0.05843785065248312,-0.1324735709705263,0.14479029454547357,-66.19636338673533,-0.8174264038853786,0.07995101162911795,0.8213270298909573,174.41377072330474,-0.00026219511285273503,-0.0001089751414006218,0.0002839398856221929,-157.43095263749518,-0.00024900828380175873,-0.00013453254082388633,0.0002830267300846828,-151.61882899514762
a +0.5%,602.35,70.5,0.05886867163334173,-0.1316215533540572,0.14418652436066673,-65.90308124410498,-0.8170357154800415,0.08040243850093283,0.820982285123668,174.37976141657583,-0.0002746570867117787,-0.0001102397179025839,0.00029595491326254883,-158.13084586666224,-0.00026099756692950205,-0.00013548478694720608,0.0002940677769447882,-152.5660095759033
a +0.5%,603.3,70.5,0.059505779160958845,-0.13077797579218667,0.14367956258930692,-65.53381148147984,-0.8165435100449508,0.08094957600302372,0.8205462434571242,174.33837453117377,-0.00028897783754767715,-0.00011127260832819972,0.00030966075624446284,-158.94050732588613,-0.00027441640592287445,-0.0001387495954848778,0.00030749929119730507,-153.1780641398249
a +0.5%,604.25,70.5,0.06020215043011723,-0.12991767279138877,0.14318833967869318,-65.1376105582491,-0.8159804447496789,0.08146150166135108,0.820036622637554,174.29889973279452,-0.0003041185531210179,-0.00011042779475153038,0.0003235465842905894,-160.04364960798884,-0.0002901939861778169,-0.00013814354128677996,0.00032139724269667164,-154.54374836043954
a +0.5%,605.2,70.5,0.06109340740335596,-0.12905952156161674,0.14278923115510442,-64.66834765218346,-0.8154091613251118,0.08190198944989648,0.8195120720579857,174.26428788250414,-0.0003146543735783076,-0.00010677013021667579,0.00033227584251408203,-161.25663533814458,-0.0003019442454678336,-0.00013313781671713958,0.0003299939478404809,-156.2056337468703
a +0.5%,606.15,70.5,0.062244124044080806,-0.12820335420709994,0.1425146694483275,-64.10292215155576,-0.8148630949581899,0.08226128247989319,0.8190047509752778,174.23546050182497,-0.00032166841924924925,-0.00010188522655814977,0.0003374183921085457,-162.42492717044104,-0.00031041827932180323,-0.0001259927204586992,0.0003350129456389603,-157.9087266850944
a +0.5%,607.1,70.5,0.06352371235576247,-0.12742616508861856,0.14238219544820033,-63.5031078927115,-0.8143691802760653,0.08254436886937448,0.8185418343710685,174.21227289795723,-0.0003297943517336765,-9.847266651648898e-05,0.00034418190028864614,-163.37500138428157,-0.0003186067573521071,-0.00012114115807740224,0.0003408598627159828,-159.18211716832664
a +0.5%,608.05,70.5,0.0649240627456557,-0.12672902892055393,0.1423916454520715,-62.873656775163994,-0.8139204708580062,0.0827710585516692,0.8181183172472564,174.1933089597048,-0.00034069225894108686,-9.582216326606681e-05,0.0003539111502557801,-164.29097794081005,-0.0003291530599826553,-0.00011740163637430836,0.0003494637050099921,-160.3698037318145
a +0.5%,609.0,70.5,0.06641862258218267,-0.12609390340493523,0.14251703723277284,-62.222458081373645,-0.813515915044225,0.08295693840483023,0.8177346743655582,174.17748402755905,-0.00035739628481799434,-9.415305544341476e-05,0.0003695901814862452,-165.2412349534941,-0.00034603502524580237,-0.00011541542076344455,0.0003647752157793427,-161.55455895693115
a +0.5%,609.95,70.5,0.06805018609579819,-0.125630005438235,0.1428766114312756,-61.556859874264866,-0.8131544301649658,0.08309946490115376,0.8173895328200431,174.16497448691356,-0.0003708556768193501,-8.729395323936142e-05,0.0003809910330982792,-166.75453303455325,-0.00035764453391095885,-0.00010136969540791125,0.00037173300604530625,-164.17530768404748
a +0.5%,610.9,70.5,0.06982827985076376,-0.1251463097597094,0.14330941181021473,-60.83965620266143,-0.8128394414731049,0.08320282475264477,0.8170866953152086,174.1555187080407,-0.00038058104292650594,-7.66106045084775e-05,0.00038821529459589983,-168.6185177439376,-0.00036752927581107354,-8.436431339577146e-05,0.0003770876634854979,-167.07202649556044
a +0.5%,611.85,70.5,0.07190431828175044,-0.12477755797816655,0.14401274236177153,-60.04687204757755,-0.8125743860553428,0.08326138475544397,0.816828985201071,174.14953921075005,-0.0003758595336305894,-5.893257490346573e-05,0.0003804516229506148,-171.0889090860005,-0.0003502692796996343,-5.804766721976935e-05,0.00035504661661668835,-170.5902940178034
a +0.5%,612.8,70.5,0.0744358963597366,-0.12460961141658802,0.14514908860985148,-59.14789960682133,-0.8123663823278382,0.08335305966016462,0.8166314172814626,174.1416531191052,-0.0003652978842263927,-3.541858334793954e-05,0.00036701092663114803,-174.46202158099453,-0.00033438260530690886,-5.2568395010492966e-05,0.00033848953142721444,-171.0656379810091
a +0.5%,613.75,70.5,0.07688910270428756,-0.12516136382771734,0.14689214107597695,-58.436770688811016,-0.8121746244898347,0.08346940878657261,0.8164525478362988,174.13215725162115,-0.000351295082526755,-1.305208001819424e-05,0.00035153746855816234,-177.87220114509765,-0.00032179690759123617,-6.139727064762479e-05,0.0003276017011223542,-169.19807115483297
a +0.5%,614.7,70.5,0.07794194895848443,-0.1270792751416601,0.14907746167002153,-58.477824870248995,-0.8118758061001502,0.0836241073331558,0.8161711314779737,174.11920961439748,-0.00033988571573604677,-1.4497072552559059e-05,0.00034019474551203605,-177.55765577083838,-0.00033071941390494324,-5.711877535273358e-05,0.0003356156808485343,-170.20107440289624
a +0.5%,615.65,70.5,0.07822333028978815,-0.12896399114360965,0.1508330216276075,-58.76102217692897,-0.8115953058065538,0.08376074106133749,0.8159061233686006,174.10764700372007,-0.0003399147492030207,-1.6284692106121504e-05,0.00034030461049292833,-177.25716146948875,-0.00034063269610303275,-5.734284287880191e-05,0.00034542558574003173,-170.44429926393593
a +0.5%,616.6,70.5,0.07580145829641781,-0.1309185476053281,0.15127963242602133,-59.9292834844065,-0.811376965242312,0.08386172865437713,0.8156993130184212,174.09901653802507,-0.00036518981096383843,-1.1304579888713286e-05,0.0003653647377050286,-178.22695504638384,-0.00034923448824807367,-6.221379432659343e-05,0.00035473269370951075,-169.89910042282085
a +0.5%,617.55,70.5,0.07361540874598449,-0.13233334301997987,0.1514309812412309,-60.91335141205867,-0.8111535389477237,0.08393876794867615,0.8154849971104055,174.09201856499828,-0.0003747799665171479,-8.590076577386218e-06,0.0003748783972412919,-178.68699232056673,-0.0003596001972872939,-6.124973739962808e-05,0.00036477915540856235,-170.33372845790697
a +0.5%,618.5,70.5,0.07141136906298483,-0.1335033784679502,0.15140256171480912,-61.85753608453311,-0.8109801305401455,0.08395909226084614,0.8153146026560403,174.08934353476963,-0.00038074444148643695,-6.6714413247500635e-06,0.0003808028858243703,-178.99616047605477,-0.0003727515879164492,-5.315426555245241e-05,0.0003765224060273903,-171.8843534061881
a +0.5%,619.45,70.5,0.06909042693451532,-0.13461178069257623,0.15130703418949115,-62.830524379686345,-0.8108736136572754,0.08391813640629778,0.8152044350612393,174.091435836606,-0.00038683363001754036,-4.931720924156476e-06,0.0003868650658612394,-179.2695787925301,-0.0003854201562570066,-4.437270309326349e-05,0.0003879660212299246,-173.43255803637578
a +0.5%,620.4,70.5,0.06668802604839279,-0.1353796097433447,0.1509136559509822,-63.77513251017586,-0.8108706730184887,0.08387492099190737,0.8151970625148593,174.0944358013702,-0.0003931554588575516,-1.5310128749041238e-06,0.0003931584398558869,-179.77688181423898,-0.0003940387481843985,-3.3425632905870764e-05,0.0003954539265273337,-175.15130495196033
a +0.5%,621.35,70.5,0.06432697407015699,-0.13595922856275486,0.15040901377378307,-64.67956320155615,-0.8109515344754734,0.08377648604030188,0.8152673738604935,174.10190164998934,-0.00040049184732679054,4.39667352179459e-06,0.0004005159803469552,179.37102161013925,-0.00039996193235997053,-2.272725936046021e-05,0.00040060713380462817,-176.74774745849177
a +0.5%,622.3,70.5,0.06237288620013892,-0.1363318485013638,0.14992247946433612,-65.4155350115048,-0.8110436131478629,0.08383479545433549,0.8153649583817117,174.0984908251408,-0.000413054567367332,1.2025494151792415e-05,0.0004132295828381707,178.33238621121464,-0.00040441936127325637,-1.936740065129591e-05,0.0004048828422897869,-177.2582341869968
a +0.5%,623.25,70.5,0.06055926576272285,-0.13658292840604122,0.14940656277985206,-66.08806432220335,-0.8111744233940011,0.08398483306818537,0.815510513331423,174.0889503621587,-0.00042377703433444785,2.1615726950978962e-05,0.0004243279562801856,177.08002694794598,-0.00041108755837761414,-1.7277034959977415e-05,0.0004114504545991857,-177.593410565403
a +0.5%,624.2,70.5,0.05875901638358014,-0.13679541859030875,0.14888118938826228,-66.75457319644828,-0.8109552589797697,0.08452174953852784,0.8153479982265235,174.04983494492404,-0.00042904248181759605,3.1939267387656714e-05,0.0004302296689042522,175.7425755334182,-0.00042699216520436083,-1.4339305320371099e-05,0.00042723286954889013,-178.07660865242855
a +0.5%,625.15,70.5,0.05703949974187694,-0.13691801702413756,0.14832413126873725,-67.38358454769421,-0.8106117834788247,0.08504616889129933,0.8150609267765253,174.01066584579556,-0.0004362584764576362,3.802715235919413e-05,0.00043791268832689385,175.0183152754214,-0.0004427129008796913,-5.755539168081223e-06,0.00044275031206813024,-179.25516169577858
a +0.5%,626.1,70.5,0.055398987578829995,-0.13694509391097226,0.14772612013805944,-67.97497903671594,-0.8102108404360611,0.08555788241191645,0.8147157523964537,173.9719333240618,-0.00044662927715993046,4.078787828223979e-05,0.00044848786185488766,174.78200622948222,-0.00045854075477467983,8.452619594627676e-06,0.00045861865484010195,178.9439442855832
a +0.5%,627.05,70.5,0.05385127889326315,-0.1368992123074375,0.14711000839112498,-68.52708932704826,-0.8097719432406674,0.08602928757780591,0.8143289497377036,173.93570594377965,-0.00045772553510231996,4.792483751512499e-05,0.0004602276127478188,174.0227882775578,-0.00047182434647715965,2.395784526658445e-05,0.0004724322091881717,177.0931862284903
a +0.5%,628.0,70.5,0.05240319660273383,-0.13679067390706523,0.1464847551185236,-69.03864237780624,-0.8093448513445622,0.08645174187218728,0.8139490107314381,173.90295871266835,-0.00046771488907018367,5.843679104930481e-05,0.0004713513296958802,172.87830909251514,-0.00048350629916008237,3.946501360869908e-05,0.00048511424286101296,175.3337170683115
a +0.5%,628.95,70.5,0.051061026333852205,-0.13662898898241657,0.14585852405884153,-69.50826374647806,-0.8089396947498528,0.0867946893035336,0.8135826619546916,173.8759130406956,-0.00047194892464831134,7.415234340249034e-05,0.0004777387963194724,171.07072014475213,-0.00048615493080399197,5.875248586224407e-05,0.0004896922210327906,173.1091444059627
a +0.5%,629.9,70.5,0.04979868922399173,-0.13645907033500887,0.14526178893681094,-69.95120491439107,-0.8085694726668842,0.08709513319591268,0.8132466749733546,173.85208400125475,-0.0004731673717834431,9.239398873745414e-05,0.0004821037345585158,168.9510523455137,-0.00048536818313257195,7.737739548020436e-05,0.0004914972375595959,170.94212809887438
a +0.5%,630.85,70.5,0.048581939798074944,-0.13628868821620174,0.14468867063539156,-70.38070558788081,-0.8082288607979838,0.08736234746568305,0.8129366956790187,173.83078808227353,-0.00047002373437767073,0.0001135034351032341,0.0004835342187049074,166.4238719584842,-0.00048164629589382736,9.625741888274123e-05,0.0004911706882929923,168.69828506237144
a +0.5%,631.8,70.5,0.047271141733205006,-0.13614543421375117,0.14411849325472287,-70.85245536334011,-0.8079010925382535,0.08760853354610802,0.8126373302246231,173.81104753687205,-0.0004642741544403259,0.00013456459843836518,0.00048338196246256235,163.8363683747471,-0.00047709835383782234,0.00011929970857774011,0.0004917878197978206,165.96091729226862
a +0.5%,632.75,70.5,0.045919660134399895,-0.1359860794919866,0.1435298888819318,-71.34124820408321,-0.8075980671034183,0.08783229554167524,0.8123602342121982,173.7930534731275,-0.0004559453277363952,0.00015586058865759423,0.00048184921394699875,161.1274930368981,-0.0004700932071514241,0.00014413830592119032,0.0004916944932005466,162.95359943552901
a +0.5%,633.7,70.5,0.044549162743990955,-0.13576922173879274,0.14289125051152735,-71.83408657552235,-0.8073251861658914,0.08803292236974075,0.8121106769638902,173.7769003405754,-0.00044570304945717017,0.00017680067086430398,0.0004794889837248491,158.36285298798174,-0.000459298364990259,0.00016929324991612745,0.0004895050485438221,159.766566808554
a +0.5%,634.65,70.5,0.043194734517697043,-0.13552606794736177,0.14224310241037083,-72.32193074874958,-0.8070835473853023,0.08822515884315466,0.8118913296205,173.7615655021232,-0.0004328343970923774,0.00019931270644828314,0.00047651985295269844,155.27475234140917,-0.00044766324805480657,0.00019345375480705,0.00048767482906945844,156.62883574612675
a +0.5%,635.6,70.5,0.04186558673731094,-0.13525569652130093,0.14158683128851202,-72.80117724154313,-0.8068691760651334,0.0884112523985917,0.8116984765506923,173.746863076342,-0.00041707891379383377,0.00022356856205133432,0.0004732205852128007,151.80716943582036,-0.00043538435892606723,0.00021669659475237444,0.0004863300876716732,153.5398583545819
a +0.5%,636.55,70.5,0.040600077738701376,-0.13491065390582246,0.1408873693759849,-73.25133199137694,-0.806697463130031,0.08860969465965633,0.8115494285674195,173.73161585752027,-0.0004001590773878206,0.00024642292896193526,0.00046994845157107473,148.37472258461938,-0.0004195135723232128,0.0002431299291024324,0.0004848750352294262,149.90547786705247
a +0.5%,637.5,70.5,0.039377279626893316,-0.13452460328864638,0.14016932275209948,-73.68449008955935,-0.8065310739970044,0.08881273241372899,0.8114062328831064,173.7160816320663,-0.00038256059622166644,0.00026870351621970383,0.0004674977961555643,144.9165020206635,-0.0003993955397719808,0.00026810007649132804,0.0004810347681866747,146.1279373255693
a +0.5%,638.45,70.5,0.03818737479775812,-0.1341507926438031,0.13948014468341044,-74.11046279229747,-0.8064000213246826,0.0890608613568923,0.811303168623222,173.69765054717737,-0.00036501443757215807,0.0002906422156246094,0.0004665923672107173,141.47149424358687,-0.00037526451718526113,0.000287622650264369,0.0004728110053746493,142.53152811327013
a +0.5%,639.4,70.5,0.03699229460198275,-0.13375409188311205,0.13877531104413302,-74.54018218187191,-0.8062454551195288,0.0894303423669927,0.8111901873400428,173.67051273085474,-0.0003485630091616401,0.0003125974758211752,0.00046820225677113926,138.11368319606652,-0.00035381852175368766,0.00030462051659820233,0.00046688457403144134,139.27315147276238
a +0.5%,640.35,70.5,0.035770007761227615,-0.13332460955774988,0.1380396499885621,-74.98164315212588,-0.8060130626899664,0.09004767496491284,0.8110275217237984,173.6253565756738,-0.0003341998205873501,0.0003350484162481637,0.0004732303469886729,134.9273499411065,-0.00033677078162918023,0.00031878250439863976,0.0004637206534863395,136.57179260633035
a +0.5%,641.3,70.5,0.03463330440017976,-0.13284363634262733,0.13728400303898386,-75.38783163243046,-0.8055463168048753,0.09065552773659795,0.8106314163829956,173.5789960802804,-0.00031641711536018586,0.000354545875643772,0.0004752079216815206,131.74755534399975,-0.0003206245417155865,0.00033607440489471683,0.00046448477087593295,133.6522763714318
a +0.5%,642.25,70.5,0.03356155755780579,-0.13232449764440807,0.13651428797950368,-75.76813625858576,-0.80496952270219,0.09133622805075493,0.8101347042522812,173.5265943559331,-0.0002964742372149528,0.00037319768510756603,0.0004766271976102855,128.46419338126242,-0.00030560956866355015,0.0003577153194529496,0.00047048640599920306,130.50850304651206
a +0.5%,643.2,70.5,0.032473453837757175,-0.13183792224817245,0.1357783596412481,-76.16272700309703,-0.8045256954355252,0.09193549992479338,0.8097615270945127,173.4809218924499,-0.0002736109875723161,0.00039373399033060355,0.0004794678588414013,124.79595087244576,-0.0002843764861173999,0.0003808157137593723,0.00047527949009245067,126.75076356462513
a +0.5%,644.15,70.5,0.03140832387509011,-0.13133097408617297,0.13503446805562494,-76.55010940969694,-0.8040741691571262,0.0925579453639724,0.8093838661325804,173.43351534729447,-0.0002503999716376525,0.00041299602727935206,0.00048297604945241794,121.22848199360644,-0.0002610482279027826,0.00040189606336844347,0.0004792354567874074,123.0054017394775
a +0.5%,645.1,70.5,0.03038688839299932,-0.13074330595372552,0.13422807097592546,-76.91581161644126,-0.8033882973895723,0.09331294549197909,0.8087892569630886,173.3748245815809,-0.00022857356629540665,0.00042634692681833256,0.000483753632768207,118.19669631277785,-0.0002406049489880927,0.00041770298403932517,0.00048204411038090634,119.94276960665168
a +0.5%,646.05,70.5,0.029441383736887358,-0.1301175851312916,0.13340682530043793,-77.25051097865722,-0.8026673627917481,0.09404454497389775,0.8081579497415138,173.3174059377074,-0.00020991779474646238,0.00043879331856204565,0.00048642065844895074,115.56635376831214,-0.0002222927203010185,0.0004313701860554006,0.0004852775400905113,117.26285558397463
a +0.5%,647.0,70.5,0.028577727666291915,-0.12946678295435668,0.1325833111938273,-77.5524711844168,-0.801944502275224,0.09467415949994097,0.8075135795802303,173.26706769773017,-0.00019430279133415116,0.00045128515711296294,0.0004913368170112172,113.29450539502585,-0.00020454300974818388,0.00044214596956340663,0.00048716619467899306,114.82593189927258
a +0.5%,647.95,70.5,0.027777941989040617,-0.1288041187379402,0.13176537885576736,-77.82996085486133,-0.8012320108593445,0.09525458148187381,0.8068743213902619,173.22020475276437,-0.00018171301737290928,0.00046092719597222827,0.0004954528238587284,111.51602826473207,-0.00019183522209414617,0.00045023063480143237,0.0004893959306631096,113.07798673591269
a +0.5%,648.9,70.5,0.027033085078526184,-0.12813336768350192,0.130953990404181,-78.08666423315498,-0.8005240948397717,0.09578761027425477,0.8062345147046784,173.17665033557154,-0.00017091710136030177,0.00046798838415423844,0.0004982226241758825,110.06302994772261,-0.00018251157386005223,0.0004568790061882387,0.000491984655135123,111.77545543767441
a +0.5%,649.85,70.5,0.026330274545097794,-0.12745959471983795,0.13015080346953517,-78.32816612253202,-0.7997992306550372,0.09628812168222707,0.8055744607008596,173.13517881522134,-0.0001610441559063831,0.0004744229815445636,0.0005010113627146921,108.7499192492793,-0.0001740705431159463,0.0004658062303853876,0.0004972685373583626,110.49058144188089
a +0.5%,650.8,70.5,0.025668567673553078,-0.12678858808387244,0.1293608187772235,-78.55506106282623,-0.7990697568839216,0.09674263207634887,0.80490472307447,173.09685058921215,-0.00015189098113135193,0.00048079627556292943,0.0005042181360723045,107.53213254278165,-0.00016581722771859462,0.00047519703355498557,0.0005032967054409738,109.23613502049344
a +0.5%,651.75,70.5,0.02506498980337587,-0.1261352311942201,0.1286015173404369,-78.76086638563116,-0.7983642562922326,0.09713336389890256,0.8042514383620127,173.06317530408964,-0.00014308253373355195,0.0004881764856200867,0.0005087129766105753,106.33564541108287,-0.00015668647165317977,0.00048346742506256735,0.0005082237710848951,107.95693877622229
a +0.5%,652.7,70.5,0.024453696149147653,-0.12548497146528942,0.12784545873436154,-78.97277332526475,-0.7976739187996671,0.09747431635575911,0.8036074433964885,173.03309942663586,-0.00013385446429890673,0.0004958569301535703,0.0005136059898346884,105.10667727390219,-0.00014725551073929547,0.0004917606599831454,0.0005133349122650334,106.67009189258644
a +0.5%,653.65,70.5,0.023765916615743843,-0.12483348529214033,0.12707563827409843,-79.22096845280454,-0.7969963544438371,0.0977698667984241,0.8029708188038641,173.0063018639569,-0.00012316627824013522,0.0005044057693310305,0.0005192254926618638,103.72202137367293,-0.00013677445705351197,0.0005003695531467962,0.0005187262686799345,105.28815672233651
a +0.5%,654.6,70.5,0.02311324122393632,-0.12416215195765619,0.1262951380641075,-79.45488164055347,-0.7963414888761056,0.09803876797810533,0.8023536420631973,172.98154864352654,-0.00011416293078162549,0.0005111742290833839,0.0005237673789418753,102.58953280394128,-0.00012797267673451946,0.0005072442183244808,0.0005231383211104032,104.15966952362753
a +0.5%,655.55,70.5,0.022516499329539228,-0.12346627422267015,0.12550264384659282,-79.66457164828364,-0.7957137627509565,0.09828797542527569,0.8017611354664711,172.95839187132938,-0.00010632039537793379,0.0005149987683094619,0.000525859066512676,101.66471432190808,-0.00012029605751526759,0.0005114995878764587,0.0005254550122051399,103.23449247848426
a +0.5%,656.5,70.5,0.02195505520176802,-0.12276041434589285,0.12470823460897831,-79.8601530205448,-0.7950704584083906,0.09851738154675903,0.801150864881614,172.93646920243407,-9.949911520520793e-05,0.0005163957649767918,0.0005258941528602359,100.90609431063706,-0.00011448309961775813,0.0005134909192800411,0.0005260981888213941,102.568569688249
a +0.5%,657.45,70.5,0.021424224914125958,-0.12204415587449957,0.12391034418598879,-80.04346646802337,-0.7944119762730599,0.0987236511107727,0.8005227962617368,172.91602242038493,-9.30611975418432e-05,0.0005157308551032037,0.0005240598261586206,100.22868368898972,-0.00010968463302595388,0.0005141052209360132,0.0005256756575262975,102.04351878931031
a +0.5%,658.4,70.5,0.02086478405496118,-0.12126442546241574,0.12304633312858188,-80.23726740416318,-0.7937783017274993,0.09888064823782955,0.7999133546136896,172.89926546109191,-9.063200592581767e-05,0.0005167829432236924,0.0005246701543875729,99.94722042137413,-0.00010823730824520181,0.0005171317062078006,0.0005283375024182533,101.82153499191908
a +0.5%,659.3499999999999,70.5,0.020391252250151957,-0.12049271407062263,0.12220596267136129,-80.39471376316429,-0.7931645164592497,0.09899745066214988,0.7993187383063406,172.88551858349263,-8.920107098333305e-05,0.0005180512727974593,0.0005256747590589082,99.76972041349894,-0.00010812274158318171,0.0005208937418455443,0.0005319970089589941,101.72645333409105
a +0.5%,660.3,70.5,0.02043499207566277,-0.11991922617816693,0.1216478923298828,-80.329330596668,-0.7925773437120346,0.09908331712525457,0.7987467367684005,172.87419007415556,-8.843222099386143e-05,0.0005174587682480932,0.0005249607933424562,99.69799615695179,-0.00010849222153413152,0.0005226610801627131,0.0005338025541810989,101.72672981042965
a +0.5%,661.25,70.5,0.02055406717775469,-0.11941540778211539,0.12117140460239188,-80.2338071029292,-0.7920104484936044,0.09914386070185459,0.7981917411486472,172.86482981680345,-8.926051170485031e-05,0.0005162605500244134,0.0005239202176489485,99.8093572129699,-0.0001097148473729917,0.000523685915215207,0.0005350554041675196,101.83261603126435
a +0.5%,662.2,70.5,0.019941018064430698,-0.11905560950714249,0.12071405202611313,-80.4916009116834,-0.7914587368709999,0.09918715209334043,0.7976496870868979,172.85682179666188,-9.522270991308289e-05,0.0005140429043810886,0.0005227881712775607,100.4946646238746,-0.00011565384560752817,0.0005228507888609349,0.0005354892710562107,102.4729045747724
a +0.5%,663.15,70.5,0.019129272832298205,-0.1186527728754491,0.1201848975126468,-80.84154576633843,-0.7909250958926319,0.09921005903706846,0.7971230413975672,172.85041838123655,-0.00010323525698788179,0.0005110648022909112,0.000521387332437222,101.42009214787876,-0.0001239027145547146,0.0005216125005065778,0.000536126368833647,103.36227155455882
a +0.5%,664.0999999999999,70.5,0.018485095051020355,-0.11795348256505088,0.11939314380762833,-81.09332798288939,-0.7904100131279118,0.0992118388344271,0.7966121878415959,172.84568049405493,-0.00011169418685742209,0.0005109870709948378,0.0005230519841293254,102.33007322590633,-0.00013222784193947187,0.0005229568075589924,0.0005394145203424385,104.18964360506071
a +0.5%,665.05,70.5,0.01798915435244896,-0.11719359803526243,0.11856622240236424,-81.27324339486209,-0.7899124414881165,0.09919789352974193,0.796116754815809,172.8422164833757,-0.00011918414827987838,0.0005132229885948458,0.0005268801545165895,103.07388313734796,-0.00013924217617708419,0.0005263614748274787,0.0005444674331942074,104.8174461851649
a +0.5%,666.0,70.5,0.017605344182669295,-0.11646476814982631,0.11778790414971754,-81.40399005551237,-0.7894300606915088,0.09917231826763562,0.7956349473433004,172.83971550162818,-0.00012596368197402994,0.0005172674828842481,0.0005323837882823447,103.68614190993186,-0.00014523366080893774,0.0005312279557590182,0.0005507231220966402,105.29058087669114
a +0.5%,666.95,70.5,0.017390657436922734,-0.11573512011125447,0.11703440944121903,-81.4545214377993,-0.7889727054822702,0.09912346120240452,0.7951750691242512,172.83910079025176,-0.00012992564731561962,0.0005233019637630008,0.0005391897802338206,103.94347855419143,-0.00014875827746384064,0.0005377382900362197,0.0005579350264010018,105.4634105280806
a +0.5%,667.9,70.5,0.017267804623276237,-0.1150179373045169,0.1163069343517119,-81.46187120733578,-0.7885410243848885,0.09904918882463697,0.7947374968785529,172.84053411570056,-0.00013289345434925234,0.0005299928827885563,0.0005464001519174397,104.07645043392964,-0.00015097274212172614,0.0005450647411627726,0.000565586722724812,105.48173660476469
a +0.5%,668.8499999999999,70.5,0.017095382605194737,-0.11445277321152829,0.11572246714544035,-81.5047493404815,-0.7881032783305817,0.09902102538775047,0.7942996542768049,172.8386144197606,-0.0001354871053147327,0.000536371727196705,0.0005532191116027554,104.17632415047359,-0.0001528630295824372,0.0005521476948962726,0.000572917256497296,105.47483993262803
a +0.5%,669.8,70.5,0.016712556949045453,-0.11404863502074931,0.11526665046695499,-81.66327713161391,-0.7876536374031204,0.09904205727199276,0.7938561466808927,172.8330626430563,-0.0001374936334832701,0.0005427501069372535,0.00055989479175005,104.21554989626578,-0.00015431747299943506,0.0005592537785780912,0.0005801540065592963,105.42602358919055
a +0.5%,670.75,70.5,0.01625115283681649,-0.11355469638097679,0.11471167786542655,-81.85553202778,-0.7872137690772973,0.09899709673083221,0.7934141058652904,172.8323210733043,-0.00013917108179433508,0.0005497930033278843,0.0005671339669920155,104.20509919724236,-0.00015588638573382869,0.00056888010271677,0.0005898517919988028,105.32421034720973
a +0.5%,671.7,70.5,0.01570092611476655,-0.11298292445568839,0.11406866484456259,-82.08843264853488,-0.786779021519645,0.09890980110710759,0.7929718642287742,172.83465983796657,-0.0001400953269021572,0.0005580603316051899,0.0005753764283763429,104.09229878652266,-0.00015664118986003178,0.0005811610626070817,0.0006019008581580183,105.0845508770954
a +0.5%,672.65,70.5,0.015255865099587566,-0.112409654972386,0.11344016903613852,-82.27122833924713,-0.7863659145090707,0.09890030676665149,0.7925608003050775,172.83161577463162,-0.00014027887976541945,0.0005705792403719851,0.0005875702797552923,103.81242217583822,-0.0001534278919465024,0.0005908965314718797,0.0006104906460648236,104.55557688516951
a +0.5%,673.5999999999999,70.5,0.014855518067164526,-0.11183397392623111,0.112816329231086,-82.43338587571701,-0.7859546292663159,0.09893610573488124,0.7921572017492082,172.82533461890037,-0.00013735434175197452,0.0005880016544296076,0.0006038312353713361,103.14824857601445,-0.00014649731138432115,0.000601086989128994,0.0006186816877385285,103.6971296463399
a +0.5%,674.55,70.5,0.014380254652554625,-0.11127797522709464,0.11220329538170529,-82.63657700252794,-0.7854986046739572,0.098937416289494,0.7917049136431922,172.82111867783263,-0.00013117552992401206,0.0006041992161150112,0.0006182747871333905,102.24918682217576,-0.0001382140350982264,0.0006161891034485147,0.0006314999055477507,102.64245289372715
a +0.5%,675.5,70.5,0.01387734466439253,-0.11072479188155214,0.11159104010693412,-82.85626248474053,-0.7850211234467133,0.09890831037478359,0.7912275387767632,172.81888891939906,-0.00012096728183924184,0.0006205690456794291,0.0006322491785135445,101.03032362195214,-0.00012609697625538404,0.0006333010445757322,0.0006457326540306479,101.26092739465217
a +0.5%,676.45,70.5,0.013449460964616737,-0.11012925395382506,0.11094746764421819,-83.03726978102243,-0.7845727120721498,0.09883578236432775,0.7907735784684623,172.8200413158361,-0.00010378996863073867,0.0006382553663627916,0.0006466392118324337,99.23631194352066,-0.0001054288544593471,0.0006463164461571142,0.0006548589099384477,99.26464047900203
a +0.5%,677.4,70.5,0.013054185339616069,-0.10951539245659389,0.11029067476356662,-83.20244230472126,-0.7841442371460009,0.0987318582084842,0.7903354759053802,172.82363388783673,-8.559972768832688e-05,0.0006536767341901391,0.0006592576023086889,97.46049744331029,-8.578797092426881e-05,0.000657432486637538,0.000663006071195219,97.43448496331762
a +0.5%,678.3499999999999,70.5,0.012661973148738893,-0.10890521674217112,0.10963882431729488,-83.36822464400075,-0.7837487365620548,0.09860228319337266,0.7899268904864318,172.82937505415995,-7.661177072247083e-05,0.0006585336963500962,0.0006629751071056538,96.6357839859218,-7.826847767018844e-05,0.0006612510411574698,0.000665867024283863,96.75036397005735
a +0.5%,679.3,70.5,0.012296479664479153,-0.10830376359397921,0.10899958082836596,-83.52254938456959,-0.783374963068976,0.098461222715539,0.7895384380395666,172.83614579422098,-6.9831607884193e-05,0.0006615431403566642,0.000665218595660591,96.02575095892627,-7.301084846935217e-05,0.0006640209402150071,0.0006680227488927579,96.2746167986471
a +0.5%,680.25,70.5,0.012003688926655065,-0.10773235776107189,0.10839902885454043,-83.64224804735856,-0.7830221937511574,0.09832290506302349,0.7891711788749685,172.84291560965235,-6.45408030161158e-05,0.0006658375963491115,0.0006689583095873221,95.53648354228467,-6.970392486898289e-05,0.0006694133219465423,0.0006730325643991128,95.94460826414416
a +0.5%,681.2,70.5,0.011705602385864216,-0.1071748081167106,0.10781215433368209,-83.76687759242348,-0.7826792945913952,0.09818720481973595,0.7888140499334407,172.84959232830295,-5.9498825706305425e-05,0.000670992957885697,0.0006736257564795352,95.06732381732688,-6.75317576532854e-05,0.0006776565988360164,0.0006810132188421453,95.69101187114228
a +0.5%,682.15,70.5,0.01125348541865542,-0.10663245843235407,0.10722463394852699,-83.97557439581463,-0.7823320317070838,0.09805952446117679,0.788453599251399,172.8556573910607,-5.2760835443255865e-05,0.0006782955489229286,0.0006803444402986823,94.44776393731915,-6.327376621211402e-05,0.0006891679816562326,0.0006920665260152312,95.2457232917732
a +0.5%,683.0999999999999,70.5,0.010752200731135989,-0.10608890615077071,0.10663238639751844,-84.21278551348868,-0.7819846171309786,0.09793642811536786,0.7880935765386492,172.86139594865296,-4.40451372543256e-05,0.0006872681684785796,0.0006886780884561768,93.66691506913864,-5.640680344893257e-05,0.0007031198573319171,0.000705378806918511,94.58665067692924
a +0.5%,684.05,70.5,0.010327871620952498,-0.10551013876873673,0.10601440616829846,-84.40940629643613,-0.7816373951467407,0.09781744694899412,0.7877342638348298,172.86684449029485,-3.102633342188076e-05,0.0006977001505524301,0.0006983896716350332,92.5462335667807,-4.4153883351198675e-05,0.0007188214344087935,0.0007201762423049698,93.51499896607174
a +0.5%,685.0,70.5,0.009927085819384665,-0.10491923405750402,0.1053878204921173,-84.59496733272516,-0.7812896294205376,0.097697691474053,0.7873743226442174,172.87234900473288,-1.6125485553035613e-05,0.0007093903574286524,0.0007095736117536167,91.30219302834885,-2.840517053011047e-05,0.0007346491545750758,0.000735198091694149,92.21423529921475
a +0.5%,685.95,70.5,0.009538458720464988,-0.10432931467463577,0.10476444098663051,-84.77617302736334,-0.7809380479944643,0.09757509271322422,0.7870102499481176,172.87802951156328,-2.9536539992156075e-06,0.0007215950913299661,0.0007216011362958411,90.23452344009328,-1.252062271956376e-05,0.0007478374586478712,0.0007479422641823312,90.95918145363656
a +0.5%,686.9,70.5,0.009168848676850921,-0.10373585616283233,0.10414026906002706,-84.94895282832405,-0.7805908726078115,0.09744043855158356,0.7866490637277523,172.8846263266953,1.0629395178960528e-05,0.00073487383104973,0.0007349507001177546,89.17131759187419,4.6681579270949964e-06,0.0007606378238304416,0.0007606521483174435,89.64837090530064
a +0.5%,687.8499999999999,70.5,0.008816279938237364,-0.10313650397545945,0.1035126332590826,-85.11413886518186,-0.7802497749304496,0.09728665821969654,0.7862915522543614,172.89266698875255,2.602251615449287e-05,0.0007502214782274731,0.0007506726568490594,88.01340955291666,2.4109831991067423e-05,0.0007743790255497489,0.0007747542573035762,88.21670592764515
a +0.5%,688.8,70.5,0.008492474233275727,-0.1025384602084752,0.10288954242549582,-85.26543592671096,-0.7799239313982338,0.09711384146764439,0.7859468410600552,172.9022295227884,4.2781601312416014e-05,0.0007651001268396375,0.0007662952887111364,86.79956228561822,4.457143433613032e-05,0.0007873580177586804,0.0007886185775694474,86.76000960074896
a +0.5%,689.75,70.5,0.008221821370597376,-0.10194468120473171,0.10227568808169608,-85.38908482206648,-0.7796231393116921,0.09691760110045858,0.7856241217995319,172.91372113069363,6.120631700850285e-05,0.0007782855142474791,0.0007806885133836724,85.50337154744207,6.684816031424522e-05,0.0007971425728795099,0.0007999405965659974,85.20640735572937
a +0.5%,690.7,70.5,0.007950547780079273,-0.10136680062639412,0.10167811701263188,-85.5152757499891,-0.7793332650964441,0.0967196024391168,0.7853120523599936,172.9254475981659,7.849481264501698e-05,0.0007892238183941441,0.0007931176905937791,84.32014168695065,8.762905759608864e-05,0.0008036128025546794,0.000808376390158053,83.77683385608815
a +0.5%,691.65,70.5,0.007608119796588881,-0.10082974643561549,0.10111637480205549,-85.6849174209929,-0.7790509167159472,0.09653718989328584,0.7850094011338017,172.93612197041998,9.367840344473757e-05,0.0007957408667885904,0.0008012360266172585,83.28577199735015,0.00010403853835956558,0.0008069912967292617,0.000813670062409064,82.65386208038534
a +0.5%,692.5999999999999,70.5,0.00723501955687285,-0.1003035586422354,0.10056415556392193,-85.87432993495143,-0.7787721773974602,0.09635791218103501,0.784710743859334,172.94660977534699,0.00010551155993026893,0.0008001431698099444,0.0008070698739715319,82.48798435298049,0.00011735422028197956,0.0008085543586496451,0.0008170264156741385,81.7417122331274
a +0.5%,693.55,70.5,0.006872392774954475,-0.0997534192783427,0.09998987168795687,-86.05890305891617,-0.7784906506705644,0.09617386459818311,0.7844087616882084,172.95742638020744,0.0001114543669005429,0.0008044303138392874,0.0008121146506034571,82.1118493923863,0.00012685178808833088,0.0008091002843515141,0.0008189839108791502,81.08962793191463
a +0.5%,694.5,70.5,0.006514156378329031,-0.0991965683562959,0.09941022787916044,-86.2428283380539,-0.7782091894129275,0.09598593333905546,0.7841063970442375,172.96853355319584,0.00011559375606096075,0.0008094826673105195,0.0008176943836889392,81.87313181957902,0.00013459694124391306,0.0008100725784571391,0.0008211783721947475,80.56625014334129
a +0.5%,695.45,70.5,0.0061732155841984215,-0.09864038244087063,0.09883336298401572,-86.41892598292448,-0.7779258418670514,0.0957952202551128,0.7838018497479362,172.9798342687977,0.00011840529198349745,0.0008176921447850859,0.0008262204650170142,81.76059816815616,0.00014129959870379713,0.0008124831034294406,0.000824678343326772,80.13431699002109
a +0.5%,696.4,70.5,0.005840158178202431,-0.09808841947578463,0.09826212639060847,-86.59264719337027,-0.77764750931783,0.09559418825824344,0.7835010514204668,172.99193748078483,0.0001201752415095002,0.0008296245169134134,0.0008382833218761311,81.75775096015974,0.0001481940184360909,0.0008154723836948575,0.0008288284959321858,79.70016529487593
a +0.5%,697.3499999999999,70.5,0.005512101007833991,-0.09755001728551105,0.09770562486328035,-86.76591914312917,-0.7773809733474633,0.09537317979774876,0.7832095640040302,173.0056055992978,0.00012509924299796871,0.0008445253360146843,0.0008537405131358007,81.57406804785639,0.0001570398612282675,0.000821038467833769,0.000835922055982145,79.1718301838431
a +0.5%,698.3,70.5,0.00517746845150466,-0.09702449620018194,0.09716253929609624,-86.94545182334396,-0.7771202344388212,0.09514243478035803,0.7829226920138304,173.02004271256325,0.00013397839896442092,0.0008627387148048232,0.0008730797795231245,81.17280158698189,0.00016816156637157963,0.0008297385379723314,0.0008466075559555355,78.54314979511462
a +0.5%,699.25,70.5,0.004798404196159194,-0.09651980970706778,0.09663901049120015,-87.1539298535933,-0.7768793296925544,0.09489400779434229,0.7826534134716499,173.0359513871226,0.00014819195462380163,0.0008827956885879831,0.0008951475203589374,80.4707950884247,0.0001829154904614797,0.0008419746907336001,0.0008616144477007713,77.74318545170367
a +0.5%,700.2,70.5,0.004382050290322299,-0.09603194095371748,0.09613186801516548,-87.38733862496674,-0.7766595709762532,0.09462715757562136,0.78240295765025,173.0533975736352,0.00016961612549300337,0.0009044641827796559,0.0009202309970646115,79.37856445831888,0.0002026020440636696,0.0008584074416285567,0.0008819925873282955,76.72003274049247
a +0.5%,701.15,70.5,0.003964580000543313,-0.09555043923797532,0.09563265306970586,-87.62404565683758,-0.7764560152127672,0.09435283073416748,0.7821677570877231,173.0715418036597,0.0001986031627655052,0.000922921666124809,0.000944048525269255,77.85573581914882,0.00022860559409649235,0.0008767118503737585,0.0009060265924563085,75.38535798452088
a +0.5%,702.0999999999999,70.5,0.003519357856211797,-0.09507669170838544,0.09514180566886173,-87.88010786674604,-0.7762752372352901,0.09406414086658889,0.78195351942534,173.0909425235361,0.00023295376656324435,0.0009422786345189365,0.0009706474552724454,76.11355830670358,0.0002607990597721969,0.0008970642752800395,0.0009342057929395237,73.78952859075106
a +0.5%,703.05,70.5,0.0028961049999980345,-0.0946222410034268,0.09466655120306008,-88.24689411712836,-0.7761033010298469,0.09378224280454171,0.7817489641405835,173.1099374216564,0.00026579966915376,0.0009587861987032405,0.0009949474553694068,74.50528710177358,0.0002931577393471621,0.0009103550711178093,0.0009563931281899982,72.15010670211812
a +0.5%,704.0,70.5,0.0020619735625834225,-0.0941896624850865,0.09421222985381093,-88.74589724847132,-0.7759412737828518,0.0935034738805747,0.7815547069703374,173.1288014174615,0.0002976105287844128,0.0009727804601491421,0.0010172874964784117,72.9891364420712,0.0003275139758854258,0.0009147142025423923,0.0009715798869537409,70.30006246164679
a +0.5%,704.95,70.5,0.0012972011115918861,-0.09365742468064824,0.09366640768458676,-89.20647618711695,-0.775776455024389,0.0932236232460998,0.7813576339304164,173.1477291219532,0.0003211263369736529,0.0009803746056616513,0.0010316280781969606,71.86354669187389,0.0003496347897860354,0.0009163917899700959,0.0009808253661857046,69.11643757245739
a +0.5%,705.9,70.5,0.0005767707994965425,-0.09301825712821002,0.09302004527909534,-89.64473523728866,-0.7756090417484068,0.0929429044150191,0.7811579668178398,173.16670695981205,0.0003407717366149496,0.000981881297394595,0.0010393345268241894,70.86015687566415,0.00036505619484355226,0.0009166701698533725,0.0009866864880460583,68.2854956550198
a +0.5%,706.8499999999999,70.5,-1.4263693642458849e-05,-0.0923499318311744,0.09234993293270718,-90.00884948611522,-0.7754701649155313,0.0926524458121388,0.7809855647763874,173.18665239660157,0.0003566270728520904,0.0009814034589522964,0.0010441913705516732,70.02962609067389,0.0003759387720647775,0.0009201000891466721,0.000993938697500649,67.77582884834275
a +0.5%,707.8,70.5,-0.0005004535457442638,-0.09166183544197405,0.09166320161516822,-90.31281929894989,-0.7753741817844856,0.09233893072459948,0.7808531231322078,173.20865885057611,0.0003697836563116514,0.000978993438403887,0.001046502797374703,69.30753568644865,0.00038342036372610017,0.0009256223827673237,0.0010018921951985217,67.49920647196413
a +0.5%,708.75,70.5,-0.0009468255917544847,-0.0909622168210792,0.09096714444076073,-90.59637015365635,-0.7752608530337715,0.09205687646486162,0.7807072810926755,173.22822991652262,0.00038050791674419323,0.0009810509063583634,0.0010522581221219308,68.8008453360838,0.00039195770295489206,0.0009296263489121646,0.0010088785801559258,67.13828667915425
a +0.5%,709.7,70.5,-0.0013697237905724517,-0.09025659714931647,0.09026698993672307,-90.86944745106457,-0.7751260664343699,0.0918159613297768,0.7805450593149189,173.24462423441827,0.0003885316093909803,0.0009884076185415946,0.0010620293931370318,68.54078406093974,0.0004026977707085846,0.0009302318920798242,0.0010136552015237103,66.59219358801924
a +0.5%,710.65,70.5,-0.0017550733333290957,-0.08953550235367656,0.08955270215984877,-91.12296704247376,-0.7749853672834326,0.09156650770697423,0.7803760278462482,173.26159699720398,0.0003991482470454508,0.0009949985552111455,0.0010720734340481173,68.14158418946771,0.00041425045871642017,0.0009328035063402787,0.0010206497067983132,66.05438186291777
a +0.5%,711.5999999999999,70.5,-0.002104116191401835,-0.08879456159676444,0.08881948814369801,-91.35745272769584,-0.774835825213329,0.09129031801932562,0.7801951539186143,173.28045104693493,0.0004191827160212833,0.0009980620886909557,0.0010825165505862406,67.21775829399877,0.00042687339655243133,0.0009428154138894286,0.0010349501443797685,65.64066793314983
a +0.5%,712.55,70.5,-0.002427977263211606,-0.08804390565693554,0.08807737732765455,-91.57963916491356,-0.774691155020313,0.09099809829869174,0.7800173328591392,173.3005250297026,0.0004375965539110083,0.0009983643435659054,0.001090056010716225,66.33151278504597,0.00043948689177475886,0.0009527058075510309,0.0010491887741409076,65.23594035356177
a +0.5%,713.5,70.5,-0.0027460701474838396,-0.08729649742035604,0.08733967805709573,-91.8017488455112,-0.7745658756606582,0.0906890923150362,0.7798569145701584,173.321998778444,0.0004490365659220205,0.0009971849316569258,0.0010936231642840548,65.75776190420557,0.00045038469536208423,0.0009575443662637982,0.0010581765387589807,64.80987107264211
a +0.5%,714.45,70.5,-0.0030270457290566648,-0.08653421862706052,0.08658714684779553,-92.00344160332943,-0.7744579097901609,0.09036062231818652,0.7797115467288368,173.34504947436454,0.0004568335909292364,0.000995045335821043,0.0010949028039696094,65.33975108687271,0.00046087800445118623,0.0009617926001327045,0.0010665146696867025,64.39688950792669
a +0.5%,715.4,70.5,-0.0032502345505489123,-0.08572516204441144,0.08578675557552098,-92.17130607782161,-0.7743657181474807,0.09000922081752892,0.7795793258381357,173.36991674633902,0.0004579909660835284,0.0009908355886377998,0.0010915635065012659,65.19234525854588,0.00047481170640526583,0.0009688438859881829,0.0010789368062848555,63.89141677406819
a +0.5%,716.3499999999999,70.5,-0.0034432709145109414,-0.08490247058033301,0.08497226385847931,-92.32239220472091,-0.7742998973244205,0.08963524490075275,0.7794708513632989,173.3966637616337,0.00045679990773665367,0.0009861795863328028,0.001086837767197917,65.14635495098314,0.00048722566872699244,0.000976589164390181,0.0010913822649607134,63.48514068851722
a +0.5%,717.3,70.5,-0.0035753994361268095,-0.08413956810262839,0.0842154997706758,-92.43324434090432,-0.774280138167982,0.08924995872740589,0.7794070101649542,173.42463199740638,0.0004683564700286758,0.0009906675915274702,0.0010958011041792943,64.6966888776467,0.0004837861678360392,0.0009801803817500116,0.0010930702799715481,63.73050446709814
a +0.5%,718.25,70.5,-0.0036888006726319587,-0.08341806973289659,0.08349959046824607,-92.53200664795791,-0.774308381099118,0.08884364133962878,0.7793886460853927,173.45454318141014,0.0005015909350186381,0.0010098680923052625,0.0011275757313587154,63.58688921012705,0.0004709737681696433,0.0009831187611689797,0.0010901095306740246,64.40274061077533
a +0.5%,719.2,70.5,-0.0037951074668247185,-0.08264649835647687,0.08273358768524355,-92.62916157830648,-0.7743633424174134,0.08842310824090793,0.7793954273350926,173.4857169358282,0.0005184119578462841,0.0010219280176987054,0.0011459004456738915,63.101860139582286,0.0004739253116306889,0.000983577886860998,0.0010918015664607703,64.27346061439198
a +0.5%,720.15,70.5,-0.0038541159505999763,-0.08181619053369484,0.08190691816450259,-92.69703895613385,-0.7744511367188256,0.08798182758977033,0.7794327200927077,173.51867804307287,0.000524289645920281,0.00103080635853413,0.001156478007405937,63.04116054669377,0.0005024636227721649,0.0009909233329292715,0.001111034987726752,63.11197926677079
a +0.5%,721.0999999999999,70.5,-0.0038968920201314515,-0.08096315318037949,0.08105688089438279,-92.7556151019764,-0.7745490657065127,0.08755526913784577,0.7794819948790558,173.55064434091426,0.0005339801714751677,0.0010416318915256889,0.0011705263008459203,62.85859511186301,0.0005314441571034232,0.0010005300603549488,0.0011329136303325357,62.024430790832184
a +0.5%,722.05,70.5,-0.0039307139726045695,-0.0800809638688391,0.08017737390621335,-92.8100650286502,-0.77464785734829,0.08715690674545506,0.7795355215047821,173.5805542525908,0.0005546030536127142,0.0010574797031525094,0.0011940887193404293,62.324904061005604,0.000555871422866476,0.0010103431097001675,0.0011531635781961748,61.181251788179615
a +0.5%,723.0,70.5,-0.003907502045860197,-0.07920541063142811,0.0793017379729571,-92.82432737776942,-0.7747661700503816,0.08674702074969298,0.7796073780201701,173.61146135384178,0.0005819129965652641,0.001076023746151671,0.0012232946651783618,61.59550391471907,0.0005839924579055697,0.0010218655060594427,0.0011769691174218248,60.25218912710128
a +0.5%,723.95,70.5,-0.0036931181411278685,-0.0783510192756476,0.07843800955619175,-92.69867048406167,-0.7749108692623004,0.08629844475642949,0.7797014023767256,173.64540308280644,0.0006161040494729935,0.0010988862020828093,0.0012598154963743705,60.72229467031997,0.000620362620002078,0.0010363661102112684,0.0012078511889675307,59.09551049251236
a +0.5%,724.9,70.5,-0.003322893227124741,-0.07748156074134113,0.07755278121584684,-92.45569606768673,-0.7750904442423701,0.08583665756179555,0.7798289097854834,173.68058347287746,0.0006584546696832675,0.0011217463419078925,0.0013007218794236681,59.587462299177204,0.0006628811760183822,0.0010533821739023767,0.001244598512699903,57.81826916339694
a +0.5%,725.8499999999999,70.5,-0.0028681925256559713,-0.07655146884923593,0.07660518201361947,-92.14572620208251,-0.7753209200764765,0.08537978334182839,0.7800078438783367,173.71580289963205,0.000708202172550865,0.0011371213110152878,0.0013396250196121644,58.085239998080326,0.0007092327489019361,0.0010725356974232469,0.0012858242159650623,56.52464080451911
a +0.5%,726.8,70.5,-0.002281130584390973,-0.07560081455612411,0.07563522141365431,-91.72828180765246,-0.7755904446822441,0.08491758357016768,0.7802253096906032,173.7517070462418,0.0007647069375125371,0.0011517006587882985,0.0013824583566000113,56.41660946571036,0.0007615784964828791,0.001094172746283578,0.0013331225768903885,55.16087447220677
a +0.5%,727.75,70.5,-0.0016211858811048514,-0.07474021864161255,0.07475779909987414,-91.24260467642698,-0.7758720384750138,0.08445729300712214,0.7804552866304797,173.787547714002,0.0008246770567398467,0.001175838966532943,0.0014362066436033347,54.95602212739925,0.0008247110842645965,0.001114369621916302,0.0013863506146566129,53.49598207985473
a +0.5%,728.7,70.5,-0.0008673361307164578,-0.07393858580041054,0.07394367276602047,-90.67207696705228,-0.7761699030065631,0.08399619562856483,0.780701658262162,173.82355459925517,0.0008900120591525192,0.0012084011191502272,0.0015007847048129285,53.62759680952065,0.0009037887887937944,0.0011254042682348282,0.0014433880080250506,51.23277598518822
a +0.5%,729.65,70.5,-3.972804762224407e-06,-0.07322046714118852,0.07322046724896697,-90.00310876117524,-0.7765195157809031,0.08351752963138617,0.7809979104609291,173.86122631382733,0.0009617611472940186,0.0012355199618986883,0.0015657247780802483,52.101874050595576,0.0009816615518660966,0.001134656616654714,0.0015003683014948284,49.13489246955782
a +0.5%,730.5999999999999,70.5,0.0010580626753661654,-0.07255519472455135,0.07256290910749491,-89.16452255129575,-0.7769239685763317,0.0830019657225007,0.7813451089385509,173.90198723877575,0.0010517309040506124,0.0012397988826572575,0.0016258041591696408,49.69180261775516,0.0010590785566811905,0.0011430323608835119,0.0015582587613258744,47.18330065639144
a +0.5%,731.55,70.5,0.0019227906502793312,-0.07199350117510239,0.07201917338691323,-88.47011738539483,-0.7773907798120309,0.08250192012275676,0.7817563503807943,173.94206320306742,0.0011348504632528876,0.001232967605483708,0.0016757370587647462,47.372852829569695,0.0011283710422860353,0.0011464207071773213,0.0016085713061330614,45.454612127757485
a +0.5%,732.5,70.5,0.0024878821560446037,-0.07156300862612396,0.07160624107747213,-88.00891878159922,-0.7779146871095244,0.08201037581883033,0.7822256465769036,173.98191619269542,0.0012010841825811133,0.0012204300642213951,0.001712323788102583,45.457735810825184,0.001186080732122606,0.0011437377496420365,0.001647702504419025,43.958799948133915
a +0.5%,733.45,70.5,0.0029176695035322445,-0.07116907200393942,0.07122885374083845,-87.65239894192558,-0.778465360566204,0.08151939436789726,0.7827219999843997,174.02188445900728,0.0012609268598672769,0.0012030991566018552,0.0017428092628141631,43.655584310511514,0.0012381871130963309,0.0011370431081894191,0.001681063460110558,42.561657140346185
a +0.5%,734.4,70.5,0.003227876835150346,-0.07073189588422184,0.07080551026748765,-87.38709827943447,-0.7790373318138684,0.08106044098142585,0.7832432313475646,174.05963288480714,0.0013184235780996493,0.0011863652798214798,0.001773613066160424,41.982027379483064,0.0012888472355605382,0.0011276393986353688,0.0017125121342538795,41.183358600331886
a +0.5%,735.3499999999999,70.5,0.0034665572292719654,-0.07026765972459394,0.07035311664876787,-87.175682227556,-0.779637828810125,0.08063866285536438,0.7837970005421474,174.09484241622533,0.0013714457473998623,0.0011680132301248153,0.0018014212011097715,40.41989573145154,0.0013359611422670253,0.0011151465696550562,0.0017402137930325845,39.85225295409028
a +0.5%,736.3,70.5,0.003714070969665295,-0.06977949557118096,0.06987826790452217,-86.9532600274816,-0.7802379360709898,0.08025353756052496,0.7843544270132582,174.12733591636345,0.00141417210675788,0.0011436101534617244,0.0018187157366209735,38.96171290522648,0.0013734716354358604,0.001098136049709085,0.0017585013838543123,38.64349309814754
a +0.5%,737.25,70.5,0.003960204100439624,-0.06926291508101205,0.06937603780871769,-86.72759650221585,-0.7808677243733232,0.0799274590522855,0.7849476426351805,174.1557160679711,0.0014500940761911652,0.0011145006959963164,0.0018289025756395509,37.54484622135799,0.0014042313076010457,0.0010770890393032727,0.0017697418918684695,37.48932685044232
a +0.5%,738.2,70.5,0.004224843904108565,-0.06874082148323661,0.06887052957691184,-86.48299778419597,-0.7814618038704176,0.07967253698120239,0.7855127395895168,174.17862593664,0.0014803516560167914,0.001088852721223819,0.0018376727875190873,36.335840049200506,0.001430613879322239,0.0010641649818784005,0.0017830039765423078,36.64378836244474
a +0.5%,739.15,70.5,0.004520011301482426,-0.06822118294830377,0.0683707562122247,-86.20939413340734,-0.7820444132618857,0.07948381759628627,0.786073241863509,174.196617666113,0.0015032553029474176,0.0010661752738273308,0.0018429612639337583,35.345955120137866,0.0014511923879617448,0.0010594338051654112,0.001796763572205696,36.131076080070116
a +0.5%,740.0999999999999,70.5,0.004829320191764942,-0.06769097380340276,0.06786302577963606,-85.91922499123622,-0.782561630840873,0.07938031514778096,0.7865773582409349,174.20792785823318,0.0015273460427847915,0.0010494767097943417,0.00185315603736197,34.49390657711653,0.00147580045095364,0.001057458607828691,0.0018155455594134674,35.62281854700271
a +0.5%,741.05,70.5,0.00512742608713599,-0.06714055768792561,0.06733606006386704,-85.63288194485503,-0.7829755341674901,0.07936606196076337,0.7869877120362339,174.21200130810888,0.001566644555205715,0.0010470413558572084,0.0018843223618136612,33.7561418116469,0.0015191901372004109,0.001059074550189401,0.001851911870426313,34.88154849000176
a +0.5%,742.0,70.5,0.00544345520654579,-0.06657525729351248,0.06679742576090082,-85.32566943237056,-0.7833365891472757,0.07940303193834652,0.7873506546500675,174.21197439319712,0.001620575418003452,0.0010536495863263122,0.0019329878779243991,33.030715982770516,0.001578524185039788,0.0010635143708485572,0.0019033658134360112,33.96971252610353
a +0.5%,742.95,70.5,0.005849434255077475,-0.06599740692093617,0.06625612123715141,-84.93503700923112,-0.7836311347473299,0.0794729455576492,0.7876507502827614,174.20907540032422,0.001678291100126164,0.0010546940450349648,0.001982180754975415,32.14662270232411,0.0016412665607333631,0.0010637477787061025,0.00195584131771565,32.948327600025394
a +0.5%,743.9,70.5,0.006362768205506532,-0.06540032567792703,0.06570911213839316,-84.44320755845035,-0.7838818781739977,0.07956154157529609,0.7879091558215526,174.20450544800318,0.0017433399075242613,0.0010498514501832892,0.002035048427094219,31.056644163426206,0.001711219576358794,0.0010582646981305455,0.002012013073969179,31.733773131261504
a +0.5%,744.8499999999999,70.5,0.006982856315917461,-0.06483154241866046,0.06520651175083143,-83.85250254313067,-0.7841230598104343,0.07965840454679057,0.7881588890201126,174.19927035162206,0.0018096776308754632,0.0010377297858330894,0.002086100725299768,29.831403979579274,0.0017822410844454413,0.001043044012827136,0.0020650239939961467,30.338003459464876
a +0.5%,745.8,70.5,0.007777913925390532,-0.06426871186586325,0.06473764955517103,-83.09952094706755,-0.7843764942584267,0.07974078086977096,0.7884193534400715,174.19517601674104,0.0018896525523490128,0.0010170597073973343,0.0021459723243812557,28.290282693732475,0.0018686388682647645,0.0010124095748405447,0.002125272774779424,28.44838524149416
a +0.5%,746.75,70.5,0.008649791439480648,-0.06376766602698673,0.0643516442872739,-82.27523774901908,-0.7845966138042997,0.07986687426117535,0.7886511040995401,174.18767966979118,0.0019490934655944925,0.0009805271460276556,0.0021818338208306077,26.705519237275855,0.001933685787629472,0.0009652057748157819,0.0021611947883099164,26.526231314279002
a +0.5%,747.7,70.5,0.009519111235161266,-0.06335380753663357,0.06406495460153064,-81.45504781194039,-0.7847765408497356,0.08007980843300833,0.788851693784544,174.17361681515473,0.0019427301215765949,0.0009121560753977472,0.0021462127180608245,25.151125564166637,0.0019287543365382697,0.0008916676567019728,0.0021248916444665047,24.811211511615717
a +0.5%,748.65,70.5,0.010388925446910004,-0.06300473073613201,0.0638555077270078,-80.636683759481,-0.784961220216299,0.08031739187508716,0.7890595672578069,174.15781566582962,0.0018929201889334244,0.0008238186724480143,0.002064418573532451,23.51917937484232,0.0018778244106971663,0.0008010246467001486,0.0020415349622358316,23.101669172702625
a +0.5%,749.5999999999999,70.5,0.011173112877151057,-0.06280628714240802,0.06379238321288966,-79.91272495090902,-0.7850954557174827,0.08055869041633425,0.7892176994909812,174.14138077173897,0.001848450701583388,0.0007572669133562679,0.0019975542981977355,22.277762192896084,0.0018319316828145364,0.0007339203924667464,0.0019734773454433783,21.83234784102881
a +0.5%,750.55,70.5,0.011934346427435308,-0.06266841134305952,0.06379465812207907,-79.21790235227857,-0.7850803629017876,0.08090056396743076,0.7892376558833536,174.11657978879083,0.0018073609278887394,0.0007049696136567803,0.0019399834225678927,21.30850358724091,0.0017888353257751058,0.0006823617957576605,0.001914562467784885,20.879647343486642
a +0.5%,751.5,70.5,0.01237304494386199,-0.0625684510693399,0.0637801168891937,-78.8139603411869,-0.785030476325845,0.08124830699176956,0.7892237554391099,174.09109620952682,0.001768756668936576,0.0006601174124153831,0.001887923502709152,20.466069711525105,0.001750835883936701,0.0006365516464519164,0.0018629611619894427,19.979755221200847
a +0.5%,752.45,70.5,0.012526267537130837,-0.062487614487337174,0.06373075664645642,-78.66472710818063,-0.7849830762251249,0.08156352240945136,0.7892091219364468,174.067979216934,0.0017323445470881112,0.000620583792652554,0.0018401472423501717,19.70922352720184,0.0017197221234989417,0.0005953928218793984,0.0018198727412644057,19.09659788067919
a +0.5%,753.4,70.5,0.012620965112923056,-0.06239784483455845,0.06366144673489013,-78.56528109191406,-0.7849329811154042,0.08186867363991847,0.7891908923487871,174.04556779474512,0.0016996060840145221,0.0005859392040363502,0.0017977723970641919,19.02163318670942,0.00169225586421984,0.0005564095354837158,0.0017813819021096071,18.200736884421648
a +0.5%,754.3499999999999,70.5,0.012709247070689662,-0.06227014342909134,0.06355388047777602,-78.46444785154796,-0.7849186044445471,0.08214863997385295,0.7892056858973642,174.02524382132952,0.0016745463949970332,0.0005577126430463871,0.0017649784761325977,18.420490112914532,0.0016693323745149784,0.0005128798411522039,0.0017463436970035786,17.0788688841524
a +0.5%,755.3,70.5,0.012781376605538894,-0.062092776074823657,0.06339460882922782,-78.36851731446865,-0.7849251337398401,0.08241143852564736,0.789239577553212,174.00631862408207,0.001654276762214921,0.000534073442652911,0.0017383515318115076,17.892366131411013,0.0016503125815173624,0.0004667156691520857,0.0017150379390983104,15.791136800550586
a +0.5%,756.25,70.5,0.012784334605869857,-0.06192435386084249,0.06323025235120985,-78.33512233928923,-0.7849133422280576,0.08271018848882898,0.7892591019984994,173.9846602282503,0.0016323963844478721,0.0005025084167615835,0.0017079908269293247,17.11018685613863,0.0016208216068199373,0.00043360005648061367,0.0016778175377895998,14.976983314279998
a +0.5%,757.2,70.5,0.012704754183842407,-0.061775611106334116,0.06306850962590516,-78.37860438322828,-0.784876678984573,0.08306561014542457,0.7892599678196558,173.95872179007125,0.0016119363371946958,0.00045087853090205164,0.0016738070990401028,15.626963356329322,0.0015813509860089297,0.00040901469564932474,0.0016333903275728445,14.501681847851629
a +0.5%,758.15,70.5,0.012572587553599428,-0.06162610490528829,0.06289552260368396,-78.46910006732489,-0.7847946178720311,0.08346399685291249,0.7892203944473116,173.92933336235018,0.0015854452713155811,0.0003962290063459923,0.0016342074941104844,14.031743095007592,0.0015364250330333036,0.00038323192480315874,0.001583498844432708,14.005552009268408
a +0.5%,759.0999999999999,70.5,0.012305869403348811,-0.06148991088821839,0.06270919839077291,-78.68300111351293,-0.7846268097347272,0.08395204030895284,0.7891053007213497,173.8928074069234,0.0015416398453235477,0.0003475194414994226,0.0015803237563579442,12.703391773668264,0.0014838941538540475,0.0003500614634734202,0.0015246261469787838,13.273805097414723
a +0.5%,760.05,70.5,0.011879173755084184,-0.061358413796014005,0.06249775766110623,-79.04292059254813,-0.7843649623220482,0.08451074596555871,0.7889045951838051,173.85043735676157,0.0014860859220293934,0.0002994387939819057,0.0015159534818045342,11.392268134964251,0.0014252666608462739,0.00031286457723838545,0.0014592015961512794,12.38080156602834
a +0.5%,761.0,70.5,0.01155954318856393,-0.06112630118276712,0.06220970772326962,-79.29130418239637,-0.7840428650607001,0.08494234023956672,0.7886307218324464,173.81675468241102,0.001430973770874145,0.00027126935832319054,0.00145645906145516,10.734173324146395,0.0013712655180696915,0.0002819750005803343,0.0013999567929044163,11.61982953009117
a +0.5%,761.95,70.5,0.011278173529161443,-0.06070504301485892,0.06174382111264049,-79.47521970966334,-0.7836941354261939,0.08531574651497184,0.788324346005384,173.78704325763678,0.0013658369001153434,0.0002613160812423481,0.0013906101294153398,10.831113252160417,0.0013142783806285086,0.00025144986248498675,0.0013381160992721123,10.83103395380704
a +0.5%,762.9,70.5,0.011102195682591966,-0.06021813742777243,0.06123302070161695,-79.5538921836631,-0.7833931136941985,0.08563437932075524,0.7880596535194162,173.76164459734545,0.0013252807043752925,0.00026913091198773,0.0013523314657201534,11.479220663425163,0.0012822328423304473,0.0002344557628868149,0.0013034916826361632,10.362040931139825
a +0.5%,763.8499999999999,70.5,0.011077949978614011,-0.05975253896081998,0.060770773304220704,-79.49678183666676,-0.7831776713279628,0.08587943762619091,0.7878721613775177,173.7422264526522,0.0013188731246433511,0.0002954136483942699,0.0013515530113777001,12.625260567536769,0.001275877080536106,0.00024298770314344607,0.0012988092040466391,10.782716025436946
a +0.5%,764.8,70.5,0.011111887094232123,-0.05927331642562482,0.06030588756404475,-79.38208136929448,-0.7830003981973278,0.08608530473841179,0.7877184162307488,173.72593615677326,0.0013194038699206898,0.00032411318765403836,0.0013586301668861009,13.801495412234445,0.0012647520525289767,0.0002652359856340717,0.0012922646332897674,11.84407393115209
a +0.5%,765.75,70.5,0.011186178608583614,-0.058779075413204644,0.05983402291584891,-79.22495429734298,-0.7828321901856056,0.08627203805406489,0.7875716491474246,173.71109536172955,0.001338971770256389,0.00033491463751877596,0.001380222161815938,14.043158062182655,0.0012609884427955463,0.0002906959913293679,0.001294061827054218,12.981616291048606
a +0.5%,766.7,70.5,0.011378504245104022,-0.05825824676184904,0.05935902353156043,-78.94859941173114,-0.7826734599487333,0.08644175492055349,0.787432487202469,173.6975554342174,0.0014015764161968963,0.0003337555401281196,0.001440766882950031,13.39431095723743,0.0012927689746181606,0.0003372585890665737,0.0013360370420143547,14.62147604504358
a +0.5%,767.65,70.5,0.011648164632095259,-0.05772783831986346,0.05889128166698948,-78.59218848738668,-0.782529387878815,0.08659766238511146,0.7873064193975295,173.68512694621012,0.0014681202897519588,0.0003251641199674434,0.0015036984039678892,12.488456366664456,0.0013328647966433455,0.0003790770808929674,0.0013857229158058403,15.87616291331004
a +0.5%,768.5999999999999,70.5,0.012000485477525033,-0.0571866242012946,0.058432196940012296,-78.14857495301852,-0.7823982057211551,0.0867443253340181,0.7871921812958618,173.6734666375189,0.001518973103823414,0.0003109144055679752,0.0015504667225479634,11.567927805973278,0.0013610383524540032,0.000402726457088068,0.0014193709860672139,16.483300081395424
a +0.5%,769.55,70.5,0.012456572498032132,-0.056639915594911765,0.05799350167904556,-77.59664264841217,-0.7822804702374677,0.08688081213574075,0.7870902169588436,173.6626472446556,0.001564760592148654,0.00028952402437353123,0.001591320166223897,10.48275168065721,0.0013872554090805123,0.000421715104756223,0.001449938343379708,16.90887333343405
a +0.5%,770.5,70.5,0.012956953582108395,-0.05612351041713355,0.05759974885076331,-77.0001742163309,-0.7821853981078222,0.0870032891804385,0.787009256197986,173.65302116518504,0.0015957684476519429,0.0002570907819382647,0.0016163454484357978,9.152155467193229,0.0014173193804119153,0.0004362497971805735,0.00148293901143348,17.108324545138938
a +0.5%,771.45,70.5,0.013525719861777277,-0.05562870405362776,0.05724943504057816,-76.33412551195141,-0.7821163631689583,0.08711262444890988,0.786952739924714,173.64455392210232,0.001623841697523874,0.0002150748346543439,0.0016380229067747526,7.544806429402651,0.0014550068233308918,0.0004493476017703413,0.0015228125699363693,17.16217977154151
a +0.5%,772.4,70.5,0.014131632602970819,-0.055157676539448634,0.056939198459899226,-75.62967968964327,-0.7820456552191183,0.08723023134995242,0.786895495036327,173.63547339403044,0.0016449071098803177,0.00017742284106395315,0.0016544480241657712,6.156232208873093,0.001478013579743552,0.0004524331226506639,0.0015457101514765891,17.019816234185928
a +0.5%,773.3499999999999,70.5,0.014755660346438259,-0.05470468908509322,0.056659796329991935,-74.90468392712378,-0.7819533574715943,0.08737429761905048,0.7868197513697285,173.6243021703241,0.0016472497273685707,0.00014806652801265346,0.0016538909761630459,5.136348708257011,0.0014857374779669867,0.0004353838995061305,0.0015482167139599244,16.332815471264773
a +0.5%,774.3,70.5,0.015404512965682618,-0.054275747693061066,0.05641946301898581,-74.15502657762536,-0.7818483136374303,0.08753699066648031,0.7867334429605984,173.61167741366853,0.001634221625281403,0.00011770962897611682,0.0016384553327116016,4.119782700603674,0.0014985990657554282,0.0004056422696795558,0.001552528521745679,15.145935282817566
a +0.5%,775.25,70.5,0.01606134115407239,-0.053905038540423895,0.056246954226091966,-73.4082476279896,-0.7817387804755133,0.08770531909826901,0.7866433397019719,173.59860553458094,0.0016229427952689599,8.6098703587556e-05,0.0016252250008767656,3.0367504276298085,0.0015088606824315578,0.0003802046703236984,0.0015560257550322806,14.143035819525346
a +0.5%,776.2,70.5,0.016755694898431938,-0.053584029203413326,0.05614268872437078,-72.63556652768169,-0.7816277717807928,0.08788482293151706,0.7865530596982706,173.58470968695642,0.0016147941907790292,4.876070488447769e-05,0.0016155302178896347,1.729591263556551,0.0015144867406439077,0.0003591826810134217,0.0015564967992020401,13.342027546442104
a +0.5%,777.15,70.5,0.017382626119630602,-0.05328865090622813,0.056052082978429195,-71.93380194691215,-0.7815004331848187,0.08806167239939332,0.7864463015450179,173.57086959812156,0.0016004300929972706,2.0870461521811353e-05,0.001600566168184054,0.7471251573668045,0.001519110720718288,0.0003352096541317155,0.0015556551333841123,12.44357945804706
a +0.5%,778.0999999999999,70.5,0.017858054701772434,-0.05301073103341108,0.055937891651617944,-71.38255254707569,-0.7813469206658128,0.08823095329862064,0.786312731395042,173.5573597482059,0.0015716903940627429,1.347714987292094e-05,0.0015717481758722664,0.491295795416878,0.0015231980438688436,0.00029811837141009896,0.0015520975627253853,11.07387476785593
a +0.5%,779.05,70.5,0.018256264001035246,-0.052747393622431395,0.0558173692432312,-70.90888373817502,-0.7811816710218494,0.08840434536778419,0.7861680045768814,173.5434514037224,0.001536986606882875,1.3016269920726802e-05,0.0015370417213010136,0.485208849667344,0.0015232755574989066,0.0002501578374238506,0.0015436798138533075,9.326075774008313
a +0.5%,780.0,70.5,0.01863814486736705,-0.05246762603703381,0.05567972904081869,-70.4433674367549,-0.7810178764998407,0.08856624407295258,0.7860234748412481,173.5303823428983,0.001515853036237408,8.360643827613535e-06,0.0015158760925073594,0.3160100197999985,0.0015215600626910602,0.00021415776792541852,0.0015365573773664363,8.011684957893936
b +0.5%,400.0,70.5,0.2657024951480597,-0.05496852262795726,0.27132886762710107,-11.68845777850718,-0.852083981648096,0.028475560302511617,0.8525596573353765,178.0859604260919,-2.495664415258858e-05,5.9205649299308215e-05,6.425062642738676e-05,112.85662527471193,0.00010574985337650041,0.00012302177775111515,0.0001622263520214768,49.317556790771484
b +0.5%,400.95,70.5,0.26655994176077813,-0.05619512540718822,0.2724189690000295,-11.904555471225654,-0.8517949128396678,0.028588811659292952,0.8522745412668548,178.0777020652914,-8.455960212952133e-05,0.00018056324556520536,0.000199382576875071,115.09417015002585,0.0001088909999904756,5.808231085521843e-05,0.0001234131464358963,28.075399836633295
b +0.5%,401.9,70.5,0.2672517135776767,-0.057592694980853426,0.27338689969594765,-12.161249405879072,-0.8517769202263771,0.02860232423318207,0.8522570121635094,178.07675357391008,-7.907900806129036e-05,0.0002568176670357845,0.0002687169581877197,107.11458704592054,8.292092338062608e-05,3.7928044487178854e-05,9.118342005494794e-05,24.57936468714894
b +0.5%,402.85,70.5,0.2671478753990175,-0.059036361367130356,0.2735932734803241,-12.461379024630336,-0.8517866583346962,0.028733023427021137,0.8522711411002055,178.067993957186,-1.75440485861389e-05,0.0002396649095981853,0.0002403061849672187,94.18672139510228,6.969535904042786e-05,0.0001392420858059809,0.0001557106339701123,63.41049017218942
b +0.5%,403.8,70.5,0.2674537754254541,-0.06034868787495679,0.2741778366636483,-12.715366277058267,-0.8517152437263671,0.028986182729425165,0.8522083402461446,178.0508213235606,1.191719250094305e-05,0.00024886705974126944,0.00024915222836926245,87.25844131322238,8.674638750172191e-05,0.00018356131470839774,0.0002030263332724953,64.70577852269274
b +0.5%,404.75,70.5,0.26773567145553484,-0.061903757379484274,0.274798953686953,-13.01871221199765,-0.8512858379877938,0.029334444666654445,0.8517911056136248,178.02642658501802,1.574049368472694e-05,0.00022133757236933194,0.00022189656167635448,85.9322401352594,0.00010732948530242238,0.00022551912899407384,0.00024975687369425617,64.54920157489346
b +0.5%,405.7,70.5,0.26701231890940025,-0.06370229512073992,0.27450603063143275,-13.41847429307635,-0.8506759100894082,0.029596610082641705,0.8511906151590412,178.0073761383076,-8.530668222860933e-06,0.0002792425125035674,0.0002793727851628242,91.74980276440857,0.0001455789461637109,0.0002207745848919444,0.0002644515965169184,56.59910839300144
b +0.5%,406.65,70.5,0.2657802202227338,-0.06531403198242697,0.27368786643811294,-13.806535929844566,-0.8502569231269975,0.02965801682724973,0.8507740201061116,178.00226204827928,2.063847301973619e-05,0.0003182613410633098,0.0003189298163922633,86.28970324608129,0.00016951581211184207,0.00020482551073293642,0.00026587421913932456,50.38847425583012
b +0.5%,407.6,70.5,0.2644394264829475,-0.06667112232735413,0.27271459225904876,-14.150641507654898,-0.8501302746164549,0.029573978049430256,0.8506445226985929,178.00762172710733,3.0046320482094554e-05,0.00032390278848103783,0.0003252934025772805,84.7002161984601,0.0001750763876944209,0.00023239883653972798,0.000290965566267121,53.00765826251305
b +0.5%,408.55,70.5,0.2632560416531373,-0.06784082645173434,0.2718568027483085,-14.450659050470964,-0.8502865412988126,0.02944017449509228,0.8507960544032859,178.01699297878935,3.682442329573097e-05,0.0003765264342876224,0.0003783228698723015,84.41421573991362,0.00021332402205679555,0.00023011141994163156,0.0003137808215523092,47.16804487412042
b +0.5%,409.5,70.5,0.26211019677796055,-0.06896543556123853,0.2710313386992961,-14.741327910372142,-0.8505257223480364,0.029431938617772768,0.851034807388305,178.01810433337212,0.00014998994115164918,0.00044734438738249464,0.00047181986326276537,71.46423085416046,0.0002932257989688353,0.00025466946423766866,0.0003883785591353017,40.97463319431588
b +0.5%,410.45,70.5,0.26093389653406884,-0.06996804309560371,0.2701518562125391,-15.010451218222249,-0.8505950056595769,0.029544390980886695,0.8511079453814582,178.01069997680298,0.0002717721184036834,0.00043791959264039145,0.0005153965987081716,58.176335565043445,0.00038972365996885265,0.000313212992850232,0.0004999869098583655,38.78813324314971
b +0.5%,411.4,70.5,0.26003697118769026,-0.07078281769191896,0.2694984854593344,-15.227150636965357,-0.8505677850249153,0.029664235728294564,0.8510849098671263,178.00257317419624,0.00036946608033493786,0.00043112148812067064,0.000567777176397083,49.40380996390142,0.0004982499232845195,0.0003162568632382525,0.0005901452275485486,32.404741930040664
b +0.5%,412.35,70.5,0.2596479223212797,-0.07158710128457067,0.2693357693216493,-15.413976608820905,-0.8505350948012194,0.02976960159152392,0.8510559186489671,177.99540721233467,0.0004623806321206837,0.0004065954785433492,0.0006157237466041229,41.326856554149245,0.0006065662543212961,0.00028464164575716457,0.0006700324524832468,25.139124998734506
b +0.5%,413.3,70.5,0.25917385816299604,-0.07261319976236706,0.26915379531937167,-15.65137249446881,-0.8504897167607885,0.02989553089789401,0.851014982878394,177.9868271657333,0.0004252934042962692,0.0003415877261429596,0.0005454875382531002,38.77078061140405,0.0005902732233599918,0.0001656406897027283,0.0006130736630299741,15.67502160729129
b +0.5%,414.25,70.5,0.2584069365335382,-0.07366651223668415,0.2687022513373596,-15.911763023798162,-0.8504245165012793,0.030029464743191722,0.8509545387499835,177.97766058907342,0.0003048164770753597,0.00030132129021828014,0.00042861125117691707,44.669617623591805,0.0004665449300593804,9.132424625393148e-05,0.00047539908468355394,11.075373310539328
b +0.5%,415.2,70.5,0.2576409148142591,-0.07465462262826947,0.26823898610399205,-16.15959524032262,-0.8504145628767245,0.030106497026245776,0.8509473132433063,177.97245344990395,0.0002248525711488677,0.00028577173232354955,0.00036362640408454813,51.803418500658594,0.00036732848146489876,8.098296973930377e-05,0.00037614951107652056,12.432813156323313
b +0.5%,416.15,70.5,0.25703847312536254,-0.07560614384598222,0.2679273514478824,-16.390892929509,-0.8505432904282991,0.03015106840655535,0.8510775380766753,177.9697613255985,0.00019332968346329923,0.0003022751886114547,0.00035881284279985017,57.39776212899055,0.0003446288605533217,0.0001129957811052,0.00036268043519585547,18.153113011995327
b +0.5%,417.1,70.5,0.2566917791196935,-0.07652609812712832,0.26785614266280394,-16.60060579362044,-0.8508342031487621,0.030158367108766106,0.8513685267582166,177.969964030228,0.0002319571060917922,0.0003570461115379905,0.00042577696606425073,56.98999513375751,0.000408272655829423,0.00010483542813926418,0.0004215175304671839,14.401162135001298
b +0.5%,418.05,70.5,0.2565642584519158,-0.07766892767804269,0.26806283039921536,-16.84248088683244,-0.851474094947562,0.030176603231796068,0.8520086629544203,177.9702627765733,0.00024857734212185004,0.0003796775989307434,0.00045381248786935966,56.78697572417577,0.0004331923956700506,5.03552638966473e-05,0.00043610928019070935,6.630433803222904
b +0.5%,419.0,70.5,0.2555845252924388,-0.07921802755671124,0.2675797926954447,-17.220741529650432,-0.8518314644714944,0.030522226552008286,0.8523781145579367,177.94789580289188,0.00025263773078668285,0.0003683048013122375,0.00044662540197204547,55.55192586041585,0.00038298234932947407,2.804411740278869e-05,0.00038400775046712883,4.188043849006292
b +0.5%,419.95,70.5,0.25363134673771925,-0.08070569923918446,0.26616211213783764,-17.651112178539417,-0.8518260990157391,0.030997587040035444,0.8523899068892571,177.91595068969843,0.00021328019428282696,0.00030373477978324807,0.00037113778805626706,54.92376860018433,0.00030591263910938595,5.4700182128730535e-05,0.0003107646258694604,10.137907514339453
b +0.5%,420.9,70.5,0.25153654255729013,-0.08173923813231568,0.26448428174870214,-18.00207288871126,-0.8517973324589017,0.03130096986803082,0.8523722463212772,177.89550070884815,0.00020574630715022,0.00031907240338512917,0.0003796560831962465,57.18500901480689,0.00032273027757113,6.049441914217157e-05,0.0003283510420395942,10.61665255228288
b +0.5%,421.85,70.5,0.2500745747278006,-0.08241365697827609,0.2633045836703632,-18.239962487863124,-0.8520210879950572,0.03150374531286906,0.8526033194616469,177.8824353674159,0.00018004428500136444,0.0003460054281204963,0.00039004576763567177,62.5097384578192,0.0003118003445083003,9.260335619874524e-06,0.0003119378281826163,1.7011598556201077
b +0.5%,422.8,70.5,0.24896412646229774,-0.08299602375760831,0.26243375587890455,-18.43660198083923,-0.8524006330702868,0.0317703126317102,0.8529924923604792,177.8654841931189,0.00012454151695767888,0.0003609043560572326,0.00038178861123297736,70.96137858137601,0.00023081948247011632,-3.613645715717438e-05,0.00023363107033022094,-8.897841409601805
b +0.5%,423.75,70.5,0.2481579376546861,-0.08345022311911131,0.261813486588557,-18.58669460265867,-0.8526084915418471,0.03222813437959938,0.8532173770469361,177.83528147999826,0.00010879315518766425,0.0003635523750637527,0.0003794815937963035,73.34017213095103,0.00016197810836128136,-2.4534937834210396e-05,0.00016382573290795184,-8.613158569886078
b +0.5%,424.7,70.5,0.24782354442319965,-0.08380781402772704,0.26161089209469796,-18.68426952191058,-0.8525982111856334,0.03281094262020869,0.8532293171665918,177.79614677945716,0.00010476946265521137,0.0003562182205964624,0.00037130588601579117,73.61054881865904,0.00011012312077592926,1.761680722288637e-05,0.00011152333220523069,9.088809747626504
b +0.5%,425.65,70.5,0.24796410396432336,-0.08417245549071407,0.2618610301632643,-18.74999675846086,-0.8523321055459581,0.033457352021828285,0.8529885184155287,177.75207179849488,0.00010396368036337625,0.0003583821681252514,0.0003731571053388294,73.8229964406636,7.850722807585897e-05,4.0671294172946654e-05,8.841684811085104e-05,27.386774736976843
b +0.5%,426.6,70.5,0.24833864387638288,-0.08476589804495982,0.26240682063111365,-18.846409460094073,-0.8519834139608287,0.034062585327839005,0.8526640589256504,177.71051467688613,7.938985735336527e-05,0.00034929793860284463,0.0003582063642131227,77.19511593067811,1.8239123580992546e-06,6.407074162387547e-05,6.409669717328215e-05,88.3693919798261
b +0.5%,427.55,70.5,0.24838947441875703,-0.0856411794473933,0.2627389248268459,-19.023469522341003,-0.8515896287889465,0.034666158275471724,0.8522949245363812,177.6689141644091,9.048103603189623e-05,0.00031885865031405243,0.00033144781906282696,74.15789542603193,-6.551618052185913e-05,0.00017004862602058052,0.00018223310654669772,111.07063090651558
b +0.5%,428.5,70.5,0.24787747793133827,-0.08664757415245315,0.26258531217892966,-19.2674859561441,-0.8509867862033498,0.03531426006200448,0.8517192068143308,177.62370247727816,8.169714901764892e-05,0.0002825670180315075,0.0002941403471760211,73.8741039326478,-6.260948354421375e-05,0.0002828059599492876,0.0002896535144142243,102.48318157345282
b +0.5%,429.45,70.5,0.2471530580089995,-0.08750604936185226,0.26218684703493195,-19.496819685646223,-0.8502879784237835,0.035838930481640795,0.8510429338112575,177.58645917254373,5.302980833536974e-05,0.00035137614970426854,0.0003553552576691143,81.41767006466532,-4.209903954783679e-06,0.00030490162487701873,0.00030493068744217065,90.79105646667877
b +0.5%,430.4,70.5,0.2467054935916773,-0.08818133829937515,0.2619915055733334,-19.66870072549391,-0.8497065201952988,0.036209713130729085,0.850477697407412,177.55985248516737,3.903534256823196e-05,0.00047383569171840427,0.0004754408698415376,85.2905167733576,2.826924589276506e-05,0.0002593350448552473,0.0002608712627972248,83.77894158015359
b +0.5%,431.35,70.5,0.24667906424513314,-0.08881232967388256,0.2621796915074791,-19.800493858322167,-0.8492439583042258,0.036462728327077386,0.8500263709281518,177.54148607116235,6.129601887923532e-05,0.0005496131223832575,0.0005530206019908455,83.63634165615993,1.2738224095972794e-05,0.000274726162483143,0.00027502132045685747,87.34526877758677
b +0.5%,432.3,70.5,0.24694326334696245,-0.08953672268355059,0.2626743231101173,-19.92963887624977,-0.8489244742309573,0.03663974219439231,0.8497147954792708,177.52863702194122,0.00013821273788447252,0.0006049565357853461,0.0006205442539440106,77.13067283505657,1.8705996062863508e-05,0.0003814616624153335,0.00038192003637066977,87.19259660379038
b +0.5%,433.25,70.5,0.24741108852346427,-0.09040249726416193,0.2634100572035212,-20.071994098685316,-0.8486982022083072,0.03677992369179899,0.8494947917547153,177.518532940299,0.00031250356465203693,0.0006491868142118527,0.0007204873334533817,64.29490876801444,0.00014192298273179484,0.0005369108734843954,0.0005553516175300706,75.19351532882885
b +0.5%,434.2,70.5,0.24770511707405388,-0.091632416596252,0.2641104405280863,-20.30071446319839,-0.8485257848663361,0.03694893821744639,0.8493298720864753,177.50663832445267,0.0004883243493600549,0.0006560746564258384,0.0008178597832038221,53.339241251941985,0.0003117061919096994,0.0006350956185094488,0.0007074653311115291,63.858103861763205
b +0.5%,435.15,70.5,0.2473937094343784,-0.09312600315488684,0.2643408782827689,-20.62775971750464,-0.8482873651320405,0.03715688023462307,0.8491007523206124,177.49192016581182,0.0006490775897336426,0.0006523318880075198,0.0009202383439119945,45.14327325174912,0.0004845601131352618,0.0006461339484105903,0.0008076432272546567,53.13239225635863
b +0.5%,436.1,70.5,0.24664967536417448,-0.0945953997887615,0.2641672803706929,-20.982881852819915,-0.8480396215674196,0.03737060081245213,0.8488626281992251,177.47677670348975,0.0006735410100713484,0.0005694253744954693,0.0008819879530737581,40.21186316203141,0.0004963940819256189,0.0005965545604163074,0.0007760698603375033,50.23609944645268
b +0.5%,437.05,70.5,0.24617337103798106,-0.09590647948380676,0.2641957255808302,-21.285349579942753,-0.8477518664259459,0.03756952156669508,0.8485839357302407,177.4625033889256,0.0006676446904030301,0.0005311661846650411,0.0008531629084500653,38.5051305802077,0.00048074698200313646,0.0005897609579757314,0.0007608782085574382,50.814607329065815
b +0.5%,438.0,70.5,0.24582389348644956,-0.09749328419983115,0.2644509918168324,-21.63318189063734,-0.8475213134377388,0.037706424480297714,0.8483596826690424,177.45257705194655,0.0007072553391090331,0.0004844695569386338,0.0008572752570199082,34.411124065962966,0.0005045252005738448,0.0006370289810700316,0.0008126202069461484,51.62087294301047
b +0.5%,438.95,70.5,0.2447963377436704,-0.09916290095380445,0.26411839750060423,-22.052046066121672,-0.8474321509186555,0.037776717465388264,0.8482737357675756,177.44756620348954,0.0007660460790389266,0.00044771844391647953,0.0008872871013566618,30.304307378374094,0.0005882133593542114,0.0006775984650998552,0.0008972929488346859,49.039227681223366
b +0.5%,439.9,70.5,0.24390522012686286,-0.10105540339338664,0.2640112705172518,-22.505323947203205,-0.847444559668649,0.03785772148470178,0.8482897434178982,177.44213772596325,0.0007930241855764688,0.00045888706258687324,0.0009162230596960713,30.056016191156587,0.0007437538209195164,0.000647655628541325,0.0009862188191844844,41.04912040929814
b +0.5%,440.85,70.5,0.24240032016482116,-0.10310676480186456,0.2634177673656711,-23.04283338407909,-0.8474664947262311,0.038026143439187615,0.84831918949675,177.43083989774652,0.0008629973125496046,0.0004968519815404849,0.0009958043246685296,29.930252349613422,0.000834872151052692,0.0005387997310042378,0.0009936380924328474,32.8369018382988
b +0.5%,441.8,70.5,0.23975777300411716,-0.10534753028147864,0.26188144617803844,-23.72027897663511,-0.8472519643128427,0.03835244210257375,0.848119567541748,177.4081688925706,0.0008925787862621588,0.00040837769678071973,0.0009815646860564789,24.585310350089486,0.0008592146686273084,0.0004685480224712794,0.000978665977821893,28.604573564971478
b +0.5%,442.75,70.5,0.23687134990642167,-0.10709472314613924,0.25995637351724743,-24.32876730005303,-0.8468424457117917,0.038669750851190524,0.847724883137225,177.385493026885,0.0007796971682046426,0.0003178910744535912,0.0008420109318314088,22.18126026981758,0.0007830083998900194,0.00033413502164883783,0.0008513215414815942,23.109511008959178
b +0.5%,443.7,70.5,0.23437620528895947,-0.10854681433039007,0.25829172752321866,-24.850302571925543,-0.8464458972971257,0.03886409608954229,0.8473376393244865,177.37114220710342,0.0006291111110174454,0.00028319285421383604,0.0006899123007189997,24.234777466194014,0.0006501071248308488,0.00024000062629902255,0.000692993199374825,20.262678231855446
b +0.5%,444.65,70.5,0.2319936709066579,-0.10995696208117246,0.25673253952482744,-25.35933080987776,-0.8461589132304782,0.0389553556253627,0.8470551494272864,177.36408545396762,0.0005684086066940793,0.000313662234608178,0.0006492090122474427,28.891023940513843,0.0005789712460566285,0.00021051401342437435,0.0006160550735189207,19.98127231889328
b +0.5%,445.6,70.5,0.2293893556222568,-0.11134760374709883,0.2549858139838668,-25.892342689686078,-0.8459585167688726,0.038960124712608624,0.8468551844391182,177.36313960028664,0.0005763961526588441,0.00033263962737166414,0.0006654935360301234,29.98934927657166,0.0005592479346278554,0.00024120336742005665,0.0006090462353880014,23.3305135313318
b +0.5%,446.55,70.5,0.22696587295425774,-0.112476522586191,0.2533070777119546,-26.361441770688664,-0.8459065588808541,0.038879691387017766,0.8467995847660753,177.3684143468407,0.0006373874368230161,0.00034249138156553367,0.0007235765965441961,28.25075038609191,0.0005894985545849537,0.00028016784020745743,0.0006526887194859898,25.42009002225826
b +0.5%,447.5,70.5,0.22470311851438185,-0.11362414873366354,0.2517974158833605,-26.82405499371213,-0.8459690951260903,0.03875116816007778,0.846856164258268,177.37729493911252,0.0006863921445439242,0.00032885601682374144,0.0007611047601301574,25.59945713726047,0.0006308678868246343,0.000307740831457842,0.0007019250030971567,26.00337510629015
b +0.5%,448.45,70.5,0.22237655957007735,-0.11459979379682683,0.2501688369571626,-27.26391465430132,-0.8461399746799423,0.038602994919590426,0.8470200989162744,177.38783638756317,0.0007261514332243328,0.0003256845533109472,0.0007958431580651452,24.15660458091841,0.0006887452894356968,0.00030663472417543876,0.000753919709113649,23.99899778451754
b +0.5%,449.4,70.5,0.2202408284257316,-0.11548584147673323,0.248682532734492,-27.670792689921388,-0.846388263742277,0.03846400567068765,0.8472618088483046,177.39799094614034,0.0007692686893397027,0.0003322796423656952,0.0008379642457343262,23.361555589419538,0.0007499770346748845,0.00028940907553172407,0.0008038800691271429,21.101131930213842
b +0.5%,450.35,70.5,0.21813307518218647,-0.11627058567801594,0.24718593726655702,-28.058772794560674,-0.8466590819738454,0.038367442883427534,0.8475279710795437,177.405343346797,0.0008118632011046802,0.0003176472276638573,0.0008717921877090163,21.368273741514404,0.0007908414582602755,0.00025771244693262985,0.0008317727558698004,18.04929689854149
b +0.5%,451.3,70.5,0.21627835279049773,-0.11697371775168278,0.24588447801848198,-28.406651156936885,-0.846973006009462,0.03827365949833965,0.847837334587301,177.41263499321573,0.0008396242242041927,0.0002712215207823451,0.0008823434428871678,17.901871428025977,0.0008060432954360333,0.00023007376667560702,0.0008382360838270339,15.93065310001157
b +0.5%,452.25,70.5,0.2143857246449603,-0.11774069922418516,0.2445896792289993,-28.775602754978703,-0.8473529775962163,0.03820176595426874,0.8482136780099685,177.41864502176614,0.0008385075145448743,0.00020930100589534076,0.0008642347846604093,14.015284279412027,0.0007990846996475245,0.0001842338167232754,0.0008200478378943511,12.983019795828705
b +0.5%,453.2,70.5,0.2124416340647292,-0.11849339393773985,0.24325322668153185,-29.15143087005391,-0.8478070935174865,0.038170384002731365,0.8486659213338804,177.42214235405024,0.0007789695066330432,0.00013176941176128314,0.0007900358663630666,9.601185711515912,0.0007297687734008757,0.00013426834293194472,0.0007420178236031186,10.425116595927665
b +0.5%,454.15,70.5,0.21038834238050358,-0.11925874092945138,0.24183858645322504,-29.54675516486464,-0.8482700712134983,0.03826129526483092,0.8491325223025532,177.4174193310201,0.0007028594577629452,8.036991707199352e-05,0.0007074395669857465,6.523271622575046,0.0006650353981328505,0.00010192883400720027,0.0006728012841633006,8.71381546889891
b +0.5%,455.1,70.5,0.2083338101824688,-0.11998321350191257,0.24041411769567625,-29.93841918089164,-0.848472010262256,0.03855666830292524,0.8493476136830524,177.39812794533464,0.0006434863034758821,5.778488492862473e-05,0.0006460756269100928,5.131380921062704,0.0006110836749135599,8.057128206929153e-05,0.0006163724436086924,7.511113718633459
b +0.5%,456.05,70.5,0.20596059770069944,-0.12080770190885388,0.23877660824655303,-30.394067752579126,-0.8485955359589566,0.03884000985594658,0.8494839198095977,177.37941511118834,0.0006101392789774436,4.689500269873181e-05,0.0006119387886294092,4.395084335713597,0.0005844533821485485,7.004110364193816e-05,0.0005886352963459275,6.833756379363584
b +0.5%,457.0,70.5,0.20354628596786684,-0.12130140692124801,0.23694961880616483,-30.7924122773118,-0.8486474682324353,0.03917970157392618,0.8495513959453802,177.35668958483092,0.0005811629190444803,3.0344716544265955e-05,0.0005819545861099928,2.9889153613168506,0.0005601855683731681,5.6612940566826626e-05,0.0005630389827118478,5.77077844353838
b +0.5%,457.95,70.5,0.20149513996808135,-0.12163491206653927,0.2353621534235941,-31.117774807111342,-0.8486391180230226,0.0395245828429632,0.8495590299018685,177.3334289515502,0.0005505103788862745,1.4584965156915616e-05,0.0005507035486267888,1.517612645048113,0.0005315577381620216,4.472862744341315e-05,0.0005334362933967804,4.809898017353141
b +0.5%,458.9,70.5,0.1995419867291559,-0.12192096520271417,0.2338412414946946,-31.425099851616142,-0.8486789240513344,0.03986132809767275,0.8496145253034701,177.31086921103508,0.0005188213136065403,-3.119696666815644e-06,0.0005188306929622697,-0.34451803240353834,0.0004996554099735082,4.286050649790955e-05,0.0005014903306476126,4.902837571659203
b +0.5%,459.85,70.5,0.19772915801599278,-0.12209057042951527,0.2323852992715285,-31.69382294413699,-0.848650382283093,0.040354166749537755,0.8496092808599076,177.2775795496278,0.0004940884812198207,-6.623238858586107e-06,0.0004941328713687109,-0.7680019267439968,0.0004957029027411705,5.170666948943551e-05,0.0004983923629588561,5.954975707456015
b +0.5%,460.8,70.5,0.1960994321718598,-0.12218039869743218,0.23104769447884418,-31.925106218026702,-0.8483160082425644,0.040959471192446,0.8493042612167698,177.2357191513051,0.0004758414410710427,1.0396648098794502e-05,0.0004759550055753766,1.2516549508047627,0.0005050413797852557,4.678938719519054e-05,0.0005072041423820357,5.293039106228684
b +0.5%,461.75,70.5,0.19458250708334426,-0.12224947385905707,0.22979835926667536,-32.13972868176689,-0.8478749260723067,0.04151080998429307,0.8488904744474824,177.1971141323315,0.00048421083304696436,2.638206189704987e-05,0.00048492900926834124,3.1186574287298483,0.0005324791951583463,3.549540396576493e-05,0.0005336609569559806,3.8137310626707634
b +0.5%,462.7,70.5,0.1931562780899538,-0.12227221489623961,0.22860411698216584,-32.3347190949891,-0.8474114801785801,0.04202628432913708,0.848452959988334,177.16081554776255,0.0004924038344162842,4.682042326608247e-05,0.0004946247953577283,5.431662643242411,0.0005673287781334536,1.878310663711107e-05,0.0005676396282795437,1.896254548955741
b +0.5%,463.65,70.5,0.19184535104651218,-0.1222465102238163,0.22748373124261242,-32.50585063803624,-0.8469422920149408,0.04246083566669032,0.8480059955973395,177.12992076245246,0.0004968489597477766,5.92271512218599e-05,0.0005003666098415289,6.797896475194705,0.0005904115641991773,-1.9106929786541738e-05,0.0005907206530213643,-1.8535621009005383
b +0.5%,464.6,70.5,0.19067141795306006,-0.12218784600483473,0.2264629314822444,-32.65294193380417,-0.8465409880662668,0.04283150985672937,0.8476238450591266,177.1035379277257,0.0004876068378159177,5.6699790751317006e-05,0.0004908923451797571,6.632667794775998,0.0005854730738176341,-6.385479655119664e-05,0.0005889449509148232,-6.224379035188291
b +0.5%,465.55,70.5,0.18964591652046833,-0.12211300137685413,0.22555965676102635,-32.77748421342658,-0.8461251615689749,0.04318008232503786,0.8472262440161548,177.0785739578903,0.00046413158871989673,3.651032073470095e-05,0.00046556539300919494,4.497837323623676,0.0005488974250050191,-9.868998620686853e-05,0.0005576989300282479,-10.192694749034299
b +0.5%,466.5,70.5,0.18870186888343185,-0.12205819558102622,0.2247367313738365,-32.896036046150314,-0.8457851439514638,0.04340805675619163,0.8468983227757314,177.06199829259234,0.00042073164757012646,1.586542466053187e-05,0.00042103067699008836,2.1595508107246126,0.000506254125967669,-0.00012820720318640515,0.0005222358921102308,-14.211190749094648
b +0.5%,467.45,70.5,0.1878200267698114,-0.12203471137876687,0.2239840021901377,-33.01350705453091,-0.8456089877032134,0.0435327188844481,0.8467287981980568,177.0529628776416,0.0003752301387602475,1.2334705728231021e-05,0.0003754328195555586,1.8827703599368741,0.00046469373827176666,-0.00015545560077301232,0.0004900068511772946,-18.496812129781567
b +0.5%,468.4,70.5,0.186829749925038,-0.12207105694145093,0.22317414366331778,-33.15984826495697,-0.8455685572766216,0.04362226008210377,0.8466930297513604,177.04677096977636,0.00034716912229342315,1.1080251132494663e-05,0.00034734589595840186,1.8280318058768463,0.0004264658602761006,-0.00017602793235152865,0.0004613664085615563,-22.428863676128753
b +0.5%,469.35,70.5,0.1857746706864601,-0.12205963980330924,0.2222853659996004,-33.30613779512701,-0.8456070880024651,0.04371954690477239,0.8467365269442244,177.04033097145333,0.00033187344850772597,9.224274528801695e-06,0.00033200161605780314,1.592100743809774,0.0003976131983360138,-0.0001776713183826215,0.00043550356240427366,-24.077222831193854
b +0.5%,470.3,70.5,0.18491463333562755,-0.12191595108686393,0.22148796976599922,-33.39723906039856,-0.8456455447625107,0.04384450141534949,0.8467813930885847,177.03202180474952,0.0003295467792051426,1.4116673574237497e-05,0.0003298489959925368,2.4528585499351387,0.00039113458464904935,-0.00017061378000071562,0.0004267262884270395,-23.566937332091147
b +0.5%,471.25,70.5,0.18415465732595912,-0.1217735205358248,0.22077528874067942,-33.47494219736712,-0.845668824950069,0.0439925951814939,0.8468123227275529,177.02209669895913,0.0003249047151259715,1.9656236198044674e-05,0.00032549875811216546,3.4620869463952637,0.00038931182546050294,-0.00018064102441217478,0.0004291793065189293,-24.89134098370028
b +0.5%,472.2,70.5,0.18349409282782833,-0.12155065620924767,0.22010144053959846,-33.521395957440326,-0.8457293328542426,0.04410705297647787,0.8468787023962475,177.01457615623252,0.00030443530717907345,1.3822287974387858e-05,0.0003047489325691949,2.599617149650732,0.0003671878263186022,-0.00020693580505073563,0.00042148467019403684,-29.404275134818025
b +0.5%,473.15,70.5,0.18308733857033446,-0.12120381597333027,0.21957080532544665,-33.50455870481919,-0.8458388476139088,0.04421481357705976,0.8469936870322466,177.00768230554064,0.00027362731501549354,6.663603028317893e-06,0.00027370844182799173,1.3950393824223573,0.0003248207712716138,-0.00022317153330238677,0.00039409905699712655,-34.49142152019118
b +0.5%,474.1,70.5,0.18306425375224067,-0.12078344027340035,0.21931976756813973,-33.41631493095757,-0.8460015602221038,0.04433201087488039,0.847162302682576,177.00034122281252,0.000257120402469294,1.8645535056784718e-05,0.00025779557277720176,4.14764331398904,0.00030134947129296875,-0.00022182171641617294,0.00037418762368946525,-36.3565835984294
b +0.5%,475.05,70.5,0.18342067915712626,-0.12031929831901876,0.21936243773819272,-33.263855449683064,-0.8461782588067651,0.0445470417946937,0.8473500366494988,176.98644650442742,0.0002642026899426953,2.8129017481590202e-05,0.0002656958844194535,6.077248655649009,0.0002867698801696479,-0.0002127912599052443,0.00035709534366129087,-36.57644698277499
b +0.5%,476.0,70.5,0.1841674264021012,-0.11994901131593315,0.21978490908896187,-33.07636558968314,-0.8461491494027724,0.04486453433365973,0.847337718667127,176.9649043152656,0.000271633818113585,2.4656906410652555e-05,0.00027275060802261803,5.186672245182706,0.0002720164825056005,-0.00019617062701722329,0.00033537424119787465,-35.79808123964736
b +0.5%,476.95,70.5,0.18509544298285746,-0.11977948105332178,0.2204709665566496,-32.90782657527553,-0.8461465481220044,0.04510050961333651,0.8473476481740929,176.94896125569986,0.0002671985810235482,3.434241648847424e-05,0.0002693965168135354,7.323941384347255,0.00026638485407212253,-0.00017354999669954798,0.0003179315835733203,-33.08428339708326
b +0.5%,477.9,70.5,0.18575890561600195,-0.1199860322817852,0.22114026987046098,-32.8593651738537,-0.8462061359854569,0.04530532119075273,0.8474180766939273,176.93534756664394,0.00029312133489200673,4.9185421014675e-05,0.0002972193173554889,9.525426338837685,0.0002849822282603645,-0.0001464537745657883,0.0003204115767396822,-27.19885542095518
b +0.5%,478.85,70.5,0.1859951998555791,-0.12037532853095925,0.2215500712892081,-32.91077813556884,-0.8463133315382252,0.045514580604110844,0.847536330894964,176.92160871759918,0.000310790132019557,7.52000656192358e-05,0.0003197585902362453,13.602093349369232,0.00031348318100633756,-0.00014786871712859956,0.000346607648904507,-25.253057562717412
b +0.5%,479.8,70.5,0.1859980824648082,-0.12081294396096681,0.22179056361599628,-33.00528140211801,-0.8464247588725785,0.0457670358914934,0.8476611905748641,176.9049736535137,0.00034135164742172077,8.791350051446695e-05,0.00035249075274428114,14.442397319672454,0.00033625568362068625,-0.0001392676062746041,0.00036395514960592764,-22.497955330561354
b +0.5%,480.75,70.5,0.18576783306107456,-0.12134401182092681,0.22188748726551594,-33.15266963082432,-0.8464995496739457,0.04607832201590774,0.8477527347982987,176.88423883487206,0.00036002915430551416,0.00010714885246323413,0.00037563528659343445,16.57361573208619,0.00035042262597929105,-0.0001428348039222326,0.0003784148490872481,-22.17616545422016
b +0.5%,481.7,70.5,0.18532016479218336,-0.12173475053314044,0.22172711373661078,-33.30046552589503,-0.8465220027555024,0.04642450179895484,0.847794040741304,176.860960307636,0.0004024744973219779,0.00011492605745838687,0.0004185614885264855,15.93662259797842,0.00037945053961895096,-0.00015445085350882467,0.0004096800924705977,-22.14819935222085
b +0.5%,482.65,70.5,0.18524676874923304,-0.12199780107206597,0.22181034420975773,-33.3676661212023,-0.8465627808095672,0.046789830354654574,0.8478548402153783,176.83646031320478,0.00042398891888345547,0.0001147267203277829,0.00043923663746678814,15.141022489056438,0.00038229333045873706,-0.0001844813241004497,0.00042447797287384456,-25.760323149869553
b +0.5%,483.6,70.5,0.18523869984995414,-0.12233198282492827,0.2219875896170323,-33.44084692136839,-0.8464574824190655,0.047225420767494176,0.8477738554059623,176.80667358822154,0.00044675355602362236,9.525151476201889e-05,0.00045679491118467047,12.035716619796904,0.0003406285206607203,-0.00017947189886821933,0.00038501681985450337,-27.78405252337765
b +0.5%,484.55,70.5,0.18515550548740214,-0.12269983855640497,0.22212116421913344,-33.531852550270685,-0.8464183279801265,0.047567508145926314,0.8477538875003086,176.7834419663435,0.0005139061644607488,5.389721416283674e-05,0.0005167247386813146,5.987152915156536,0.00033442467931046795,-0.00010002827577128566,0.00034906377939523557,-16.652215667105125
b +0.5%,485.5,70.5,0.18519321078835743,-0.12300748737990733,0.22232266477716356,-33.592575548051585,-0.8464798375102988,0.04789334035176185,0.8478336436834242,176.76169046506897,0.0005951369337431823,2.0256783564852224e-05,0.000595481575857415,1.949434227456376,0.00040603190199796374,-4.146295834222916e-05,0.000408143458056813,-5.830689754135359
b +0.5%,486.45,70.5,0.1854720434774926,-0.12330562437599213,0.22271990462118596,-33.616776145923055,-0.8464662563312829,0.04833422253973273,0.8478451038816097,176.7318922030118,0.000643534453226813,-1.8250209527432107e-05,0.0006437931831246184,-1.6244348479276505,0.0004662071261982686,-4.154472364091506e-05,0.00046805453590414905,-5.0922997715546146
b +0.5%,487.4,70.5,0.18576183320777404,-0.12375360890268708,0.22320935104325734,-33.671355123312765,-0.8463820718268275,0.04879807313898948,0.8477876287443401,176.7002705616671,0.0006624922335901084,-7.380661868486296e-05,0.0006665908614201844,-6.356967232665166,0.0005055183040198143,-0.00010422712832100264,0.0005161511890687768,-11.64992437608096
b +0.5%,488.35,70.5,0.1859382145270712,-0.12435460749614903,0.22368971372648416,-33.774420372496316,-0.8462689776036701,0.04926356935527142,0.8477016466422505,176.66842005619296,0.0005921108960279478,-0.00017124372301393506,0.0006163762859379752,-16.130338140854256,0.0004367640875192473,-0.00019809277352097815,0.000479586921285135,-24.396496311361858
b +0.5%,489.3,70.5,0.18589990980521046,-0.12501062850139663,0.22402328830704094,-33.91933326201376,-0.8461610716075063,0.049678417883475365,0.8476181359004588,176.64000136922192,0.000471366648355412,-0.00024036936410662198,0.0005291161955401067,-27.018916599859487,0.00031757046111799615,-0.0002763254093264565,0.00042095929686150233,-41.02728486417577
b +0.5%,490.25,70.5,0.1858465147619355,-0.12571123467317916,0.2243707680875863,-34.07540451476453,-0.8461894453550971,0.05004098502833266,0.8476677872922698,176.61564916777382,0.00036972891039872244,-0.0002820569803490033,0.00046503290996253646,-37.3391083216283,0.00020134631622496457,-0.00030606283923076107,0.0003663533821535679,-56.66070566664365
b +0.5%,491.2,70.5,0.18560386660858527,-0.12644313741308066,0.22458108179212405,-34.26475388738598,-0.8462501138932643,0.050471432831356876,0.8477538680515784,176.5868499751634,0.0003250094117166386,-0.00028484599374096196,0.0004321670485526073,-41.23209690011217,0.0001457868043274338,-0.00028782211306588,0.0003226381271420253,-63.13700914796814
b +0.5%,492.15,70.5,0.18546177517180373,-0.12709626259439716,0.22483222637188963,-34.42269547908585,-0.8462403657620142,0.051000061438302824,0.8477757739589745,176.55114747260373,0.00033016678155480873,-0.0002866794281307081,0.00043725873136577913,-40.96734798550652,0.00013136828331425647,-0.0002610397652127502,0.0002922317314790824,-63.286169778534585
b +0.5%,493.1,70.5,0.18556452236466114,-0.12772825522302214,0.22527471927125403,-34.540515269028276,-0.8462060223446227,0.051616456829391484,0.8477787983123478,176.5094251871826,0.00031140188564567257,-0.00035096291740731214,0.0004691972972841301,-48.41804181155026,9.398106918008857e-05,-0.00026122544088751266,0.00027761695252831366,-70.21279209592142
b +0.5%,494.05,70.5,0.18584524309412634,-0.12855536138004078,0.22597551929416557,-34.672903989089555,-0.8458479225957999,0.05249475125716158,0.8474753135455815,176.44868192238508,0.00021951416710382912,-0.0004084181050890999,0.0004636721019469026,-61.74312024559359,3.16140571731522e-05,-0.0002967184708724234,0.0002983978880083043,-83.91832866210208
b +0.5%,495.0,70.5,0.18576379662378606,-0.12965053326117,0.22653354919523308,-34.91242827958349,-0.8453482282246009,0.05332300934153037,0.8470283172879811,176.3906696820466,9.128377968183759e-05,-0.0004552796961336929,0.0004643407478830498,-78.6624998584537,-7.572261030348257e-05,-0.00034866539980294684,0.0003567933221501235,-102.25312777852778
b +0.5%,495.95,70.5,0.18517750028440805,-0.13095200954352554,0.2268019740105221,-35.26681195464539,-0.8448154313421482,0.05409987653309861,0.8465458697995735,176.33592403870693,-1.7332280897845107e-05,-0.0004266248284191979,0.00042697675836611044,-92.32644858522202,-0.0001490489186602207,-0.0003372353615814383,0.00036870485385297614,-113.84413367402493
b +0.5%,496.9,70.5,0.18447738726190996,-0.1322268537273086,0.22697102735284028,-35.63161282991784,-0.8443039301527369,0.05479920361489054,0.8460804212296748,176.2864494358249,-4.848371566709021e-05,-0.0003718797796003392,0.00037502698724289706,-97.42802319943512,-0.00015008236989247264,-0.0003024241626752705,0.0003376167826432499,-116.39357184786044
b +0.5%,497.85,70.5,0.18339615808263432,-0.13354027943616442,0.22686374111205931,-36.06030997180247,-0.8438399439696893,0.055451036247428025,0.8456599011775845,176.2403426309347,-4.767383972566813e-05,-0.0003070317272501927,0.00031071092116696737,-98.82602577420742,-0.00013140894114886242,-0.0002798941961079332,0.0003092071649052967,-115.14982331289734
b +0.5%,498.8,70.5,0.182286756219382,-0.13480019146724284,0.2267146954050172,-36.482749806385335,-0.843424324708629,0.05607938691963323,0.8452866313550031,176.19599574464925,-1.98801642340196e-05,-0.000263174573920186,0.00026392437797225746,-94.319909419596,-9.547727305111188e-05,-0.00024831156486846095,0.0002660348528232729,-111.03204847145574
b +0.5%,499.75,70.5,0.18097445893376424,-0.13616565227751093,0.2264792256400766,-36.95789751407132,-0.8429516305339999,0.056796590363870865,0.8448628907088359,176.1453378067942,-2.5034009432716765e-05,-0.00022684052729585923,0.00022821771721788124,-96.297649836343,-7.236471322005653e-05,-0.0002573628875021909,0.00026734305224352924,-105.70480067179226
b +0.5%,500.7,70.5,0.1794046160400251,-0.13750050738559969,0.22603629307650175,-37.467523170168484,-0.8423498763069011,0.05759194198902498,0.8443163778444184,176.08874170071098,-5.331407618982046e-05,-0.00020216328615512607,0.00020907507022362414,-104.7735662423587,-9.9058981918539e-05,-0.0002848572728062806,0.0003015897010333231,-109.17509480048192
b +0.5%,501.65,70.5,0.1777135131711126,-0.13880244357403237,0.2254954791248411,-37.99147646801776,-0.84158791677971,0.05845815023199512,0.8436157756930335,176.02651858790693,-7.205435754999563e-05,-0.0001839829292651497,0.00019758934359658087,-111.38710457956148,-0.00013996013238911528,-0.00028475621140842706,0.000317293142998804,-116.1745145188414
b +0.5%,502.6,70.5,0.17585751120721668,-0.14005786955498295,0.22481563796203535,-38.534802334672655,-0.8406841997348963,0.059294679781778145,0.8427726755978309,175.965526534867,-6.73557771326128e-05,-0.00015830998473212964,0.0001720431689403137,-113.04818324787297,-0.00016650598337203317,-0.00025032857789339277,0.00030064703459175543,-123.6298536963081
b +0.5%,503.55,70.5,0.17392600432431055,-0.14124574413079108,0.22405493793996373,-39.080137824319536,-0.8397915141690108,0.060012195007828985,0.841933044143023,175.91254457221308,-3.528255699104269e-05,-0.0001411244988006532,0.0001454681511175616,-104.03679076291377,-0.00018218531819604513,-0.0001998367534820632,0.00027041859811863,-132.35451425955932
b +0.5%,504.5,70.5,0.17194233691906505,-0.1423296027845089,0.2232081608140378,-39.61711453226006,-0.8390060330438238,0.060524480489143204,0.8411862672573861,175.87392644763685,-4.8681723056448556e-06,-0.00012739565937535936,0.00012748863921652014,-92.18837974219294,-0.00016925591912806803,-0.00014447160282167042,0.00022253002085505135,-139.516956671
b +0.5%,505.45,70.5,0.16996224445330074,-0.14330284265164353,0.2223125485699025,-40.13575007052549,-0.8383857528846597,0.0608928265120176,0.8405941987431274,175.84584264304715,1.8181812218231004e-05,-0.00011525929238745793,0.00011668454386591453,-81.03563013068033,-0.0001579095746334623,-0.0001067389775258073,0.0001906007426118162,-145.9432727907739
b +0.5%,506.4,70.5,0.16817866241066812,-0.14414773244699702,0.22150086063004926,-40.60023277083577,-0.8378892162759687,0.06117710109740525,0.8401196203221534,175.82405309473933,3.1804024447440473e-05,-0.00011241320437636957,0.00011682561572367947,-74.20269273700231,-0.00015941398223763355,-7.622073831216115e-05,0.000176698666326918,-154.4460992621866
b +0.5%,507.35,70.5,0.16673165561065248,-0.14487386492152748,0.220879790202658,-40.98751924545704,-0.8374779408230444,0.06142009341187186,0.8397271754801852,175.8054739455487,3.553445377178161e-05,-0.00011378458724451362,0.0001192041513507949,-72.65663254778974,-0.0001700404902038912,-4.514920194576567e-05,0.00017593242664477505,-165.1299216556014
b +0.5%,508.3,70.5,0.16560365985967546,-0.14559152593011165,0.2205027541360367,-41.32052744350032,-0.8371393492108754,0.061645229213123306,0.8394059949046984,175.78845745609684,2.861212010332896e-05,-0.00011179798456040673,0.00011540122516063797,-75.64459015983641,-0.0001843498336303267,-2.1470267624985445e-05,0.0001855958877545988,-173.35698566960687
b +0.5%,509.25,70.5,0.16464150339268577,-0.14643334184814658,0.22033962023253992,-41.65012509161291,-0.8368229989335362,0.06187845478226219,0.8391076657440079,175.7709890415144,1.619104072971834e-05,-0.00010785463485375842,0.00010906315628730427,-81.46256073150596,-0.00019988462678132825,1.8798692446975564e-05,0.0002007666677046438,174.62726621863072
b +0.5%,510.2,70.5,0.16337982377034274,-0.1477661139142516,0.22029024317147555,-42.12723264086708,-0.8365184352071805,0.06211392552067703,0.8388213350798,175.75341488170486,3.100583340252765e-05,-7.961658848936238e-05,8.544099055880479e-05,-68.72210311329872,-0.00018993644158282126,8.580406813673877e-05,0.00020841830521803643,155.68885636821582
b +0.5%,511.15,70.5,0.16172992860170354,-0.14903875775942566,0.21992980953018826,-42.661454550982164,-0.836237796083488,0.062364629188988,0.8385600745161013,175.73491233870084,6.909652404834952e-05,-4.550656173822999e-05,8.273558361913863e-05,-33.368663708700325,-0.00014097773640670195,0.00015292690079549801,0.00020799365170426145,132.67183041810907
b +0.5%,512.1,70.5,0.1592346575073657,-0.1510461361248115,0.21947804306974114,-43.48827626238231,-0.8359386947071729,0.06261649161617107,0.8382805773313909,175.71622503183872,9.291253580897441e-05,-1.7818047406040042e-06,9.292961927495233e-05,-1.0986394716374153,-6.827889474165326e-05,0.00018910268398063422,0.00020105181559941553,109.85302031170697
b +0.5%,513.05,70.5,0.15604467982893802,-0.15249579698581942,0.2181854949378075,-44.34100366795742,-0.8356644816724162,0.06286009055959292,0.8380253677031432,175.69821630180323,0.00010951313816231013,5.5665981833422226e-05,0.00012284880529999517,26.94441935761368,1.7577281263848847e-06,0.0001863911827125052,0.00018639947049584873,89.45969859493984
b +0.5%,514.0,70.5,0.15293223116621682,-0.15379890926371426,0.21689253518778692,-45.16189052395045,-0.8354073169145483,0.06308480497716334,0.8377858185558952,175.6815722577946,0.00014348314644073337,9.481216242322176e-05,0.00017197895061867404,33.456310852651114,3.146626904486011e-05,0.00018157322724614243,0.00018427957819623636,80.1684039274777
b +0.5%,514.95,70.5,0.14963254810202614,-0.15486913792258958,0.2153470439369699,-45.98523238738825,-0.8352041129224439,0.06326979776664844,0.8375971451431762,175.66790708995816,0.00018776096352108654,0.00011134897537473655,0.00021829515280777647,30.669458866805893,5.0425402244265686e-05,0.0001977397396731229,0.0002040679441693144,75.69396697694911
b +0.5%,515.9,70.5,0.1465114050125497,-0.1553272095893898,0.21352314590595933,-46.67296302325372,-0.8350659215161167,0.0634559876152558,0.8374734357827648,175.65449113964243,0.00023528790210527504,9.568270524020179e-05,0.0002539991672411247,22.129719078794786,7.568706892764715e-05,0.00023167024229364067,0.00024372040039203239,71.9076953829983
b +0.5%,516.85,70.5,0.1441855973718975,-0.15548767191502935,0.2120516508000981,-47.159866994596634,-0.8349360812860861,0.06375296844222951,0.837366527166307,175.63355584650722,0.00025640369816758694,8.463514292790879e-05,0.00027001104394532195,18.26730753455012,0.00010266378121310582,0.0002513388116050418,0.0002714977903998615,67.7815721730808
b +0.5%,517.8,70.5,0.14212665083067574,-0.1555572682450807,0.21070844449194914,-47.58326416608718,-0.8346019476552043,0.06421118720555989,0.8370683888382167,175.60054138170065,0.0002535110761856715,8.918695550552409e-05,0.0002687418441202666,19.38222576912252,0.0001421239986209996,0.00022097374329490185,0.00026273299414002627,57.25203387480473
b +0.5%,518.75,70.5,0.14023438968128382,-0.1555639425723005,0.20944169660771986,-47.966661854223254,-0.8342133813162915,0.06466028543545872,0.8367155538650847,175.56783801141935,0.00025686089193571786,8.09949633687679e-05,0.0002693282419226038,17.501427376701088,0.00015938170879825666,0.0001825390888550338,0.00024232838888474912,48.87457274441582
b +0.5%,519.7,70.5,0.13852094707766863,-0.15547455963109624,0.20823158135061448,-48.30037649576272,-0.8337107743556064,0.06514094273924999,0.8362517549742918,175.53234308463325,0.00022173836765352614,5.931957571491541e-05,0.0002295358702962304,14.977084672236908,0.00013030472327979278,0.00013729980977878395,0.0001892896158649851,46.49735014854198
b +0.5%,520.65,70.5,0.13708721705296967,-0.1553447530700719,0.20718324590982165,-48.57253601196402,-0.8332057727108568,0.0655361948217682,0.835779188847397,175.5026326604267,0.00019257047145149306,3.073211374473824e-05,0.0001950073057356309,9.067310263025298,9.229447432337755e-05,0.00011106205285780634,0.00014440585021258234,50.27283624793561
b +0.5%,521.6,70.5,0.13575708429998962,-0.15524467905963363,0.20623020223517974,-48.83122180073705,-0.8327267393725969,0.06584299637418008,0.8353257583946799,175.47907719522615,0.00015581094761422622,1.2497889599471396e-05,0.0001563113835934022,4.5859838925755465,5.10323938221138e-05,9.621572946499516e-05,0.00010891176160404558,62.058720313041526
b +0.5%,522.55,70.5,0.13454382869361262,-0.1551599322328558,0.2053695362268722,-49.070460846455944,-0.8323100063687197,0.06607244765706866,0.8349284490547044,175.4611262562494,0.00013010871654152477,7.574827329973335e-06,0.00013032903026249275,3.331954170153598,1.9811506047755848e-05,0.00010012363873288969,0.00010206487547141021,78.80743867487003
b +0.5%,523.5,70.5,0.1334339530522745,-0.1551301654115695,0.20462157278199555,-49.29979610545908,-0.8319583854343108,0.06625325432758226,0.8345922650033731,175.44684231730628,0.0001147588794721263,9.473391728284375e-06,0.00011514923173228529,4.719089569011111,1.9814322192912975e-06,0.00011288979551696161,0.00011290718314394816,88.99445253629442
b +0.5%,524.45,70.5,0.1323104272198767,-0.155194469206231,0.20393962935954862,-49.55088106874744,-0.8316433336869012,0.06642288981806509,0.8342916964453412,175.43351161363742,0.00010210672782445721,1.9740029391803062e-05,0.00010399736836769975,10.941858340351759,-9.18949513429376e-06,0.00012935609642994385,0.00012968209785631994,94.0634824454017
b +0.5%,525.4,70.5,0.13102512371634803,-0.15531460261659993,0.20319992330420958,-49.848649309129165,-0.8313211698116013,0.0666030372740889,0.8339849230957733,175.41941240837082,9.434058478207635e-05,3.374128805231707e-05,0.00010019291619896874,19.679793539412998,-3.983624270536121e-06,0.00015077788739825595,0.00015083050285207548,91.51342995903721
b +0.5%,526.35,70.5,0.12971808155985437,-0.15537528942935025,0.20240617888005147,-50.14252622238318,-0.8309997710344502,0.06676359599516433,0.8336773939657439,175.40664897971104,8.223210421780213e-05,6.277070802983856e-05,0.00010345182816487446,37.355789619189544,1.5953930355554607e-05,0.0001489531250107351,0.00014980507783200663,83.88652454719023
b +0.5%,527.3,70.5,0.1284125032755125,-0.1554245275909968,0.2016099074310785,-50.436316287236146,-0.8306754741210349,0.06692830048890995,0.8333673503998942,175.39357602055503,8.971950622012096e-05,9.027993304501439e-05,0.0001272794410224786,45.178389378141325,2.353057294392685e-05,0.00015779864207669762,0.00015954340884009966,81.51867960797533
b +0.5%,528.25,70.5,0.12724389500887742,-0.15541012133222953,0.20085645279534467,-50.690688020356276,-0.8303703149154309,0.0670611860626217,0.833073863813334,175.38278061766886,9.689028806297173e-05,0.00011813383225528932,0.0001527852422331636,50.642289514150605,3.856634975841212e-05,0.0001681447067689574,0.00017251088588291129,77.08184723383307
b +0.5%,529.2,70.5,0.12630891641253011,-0.15542523490443094,0.2002771729638829,-50.90038757192221,-0.8300907327852051,0.06715148814405532,0.8328024657839577,175.37503972719347,0.00011432771751499689,0.00015605093371558746,0.000193449530642221,53.77234728478899,7.370788335340199e-05,0.00018771535318317495,0.00020166781074113644,68.56216254387616
b +0.5%,530.15,70.5,0.12533666213566177,-0.15560628978278232,0.19980639703290848,-51.149495022406825,-0.8298611859606239,0.06719794716876751,0.8325774150598066,175.3705792040059,0.00015076639073147453,0.00019026773210487188,0.00024275978755660283,51.607020474980985,0.00011791575758598643,0.00020398302654952444,0.00023561239569976176,59.96923108406906
b +0.5%,531.1,70.5,0.12385712860064413,-0.15603519521410666,0.19921739495009183,-51.55826683637026,-0.8296929123856784,0.06722332964200087,0.8324117400128294,175.36790297330796,0.00018205085539468326,0.00020122014676723625,0.00027135228286300444,47.86326135571896,0.00014748179590509978,0.0002004959239922823,0.0002488965561451434,53.662357567841674
b +0.5%,532.05,70.5,0.12227333983063894,-0.1562567657672953,0.19841105433265127,-51.9562694290053,-0.8295364622386632,0.06728226929384062,0.8322605637327567,175.36298880745986,0.0002079203241865224,0.00021506478549748777,0.00029913830107645696,45.96766659042999,0.00017381564119547883,0.00020309911147546643,0.0002673221393867694,49.44253129289625
b +0.5%,533.0,70.5,0.12074020433297329,-0.15641737286942436,0.1975970431907843,-52.33507448088122,-0.8293434712202538,0.067377446973474,0.8320759061626067,175.3553821036504,0.00023248108203246352,0.00021337638840056435,0.00031555813510326984,42.54641518094671,0.00019709341878873084,0.00019858722079367624,0.0002797904572932865,45.21630611945872
b +0.5%,533.95,70.5,0.11925467550458654,-0.156501131033679,0.19675945122032892,-52.69241088055164,-0.8291605381607886,0.06744918298708207,0.8318993871428885,175.34943739745944,0.00024091482249050938,0.00019832948614568942,0.00031204893329483897,39.46240289281016,0.00020017396564657615,0.00018963711750050844,0.00027573874021721774,43.45163469651278
b +0.5%,534.9,70.5,0.11790735198262757,-0.15651561292691132,0.1959573441885809,-53.0083181840671,-0.8290170974828883,0.06750361298559866,0.8317608344260159,175.34489920653468,0.0002341493810695647,0.00018642420140712118,0.0002992990403017409,38.52597438410617,0.0001917220938248672,0.00017668116137244523,0.0002607174601834469,42.66206300159209
b +0.5%,535.85,70.5,0.11671069015495387,-0.15652456250224756,0.19524682804841068,-53.29038233454926,-0.8288909102094311,0.06756704136652321,0.8316402143396172,175.33983817317514,0.00022746041632536328,0.00018029600705619787,0.00029024970483243587,38.40202700143758,0.00018423016809286202,0.0001668334045907166,0.00024854403980553215,42.16305960914089
b +0.5%,536.8,70.5,0.11556864970471367,-0.1565997957147055,0.19462684504573954,-53.57314802878642,-0.8287573168018633,0.06765666339944518,0.8315143499994272,175.33293526239507,0.00023208610873821047,0.00018084952251854762,0.0002942286724036784,37.9269544779839,0.00018399547585797003,0.00016504173557914335,0.00024717020374465993,41.89172462143163
b +0.5%,537.75,70.5,0.1142246255798638,-0.1567809619662233,0.1939781820821982,-53.92434745937696,-0.8286935609648226,0.06771518051424626,0.831455569261903,175.32855873191028,0.00024044917727937721,0.00016968663192918517,0.00029429468209568474,35.21088102466448,0.00017767386414371458,0.0001681211685717712,0.0002446072961334086,43.41758869170206
b +0.5%,538.7,70.5,0.11287335359549742,-0.15690086099574851,0.19328288629131496,-54.26903068355782,-0.8286511612804479,0.06779038185990297,0.8314194386494379,175.32315561686522,0.0002458450623376016,0.00014595718274253052,0.00028590784156772557,30.697426802094586,0.00017206582147079284,0.00018367239314478066,0.00025167875341782354,46.86871054981557
b +0.5%,539.65,70.5,0.11169094140258622,-0.15699434698051862,0.192670940661106,-54.57070203596921,-0.8286899621911751,0.06786535204135664,0.8314642261962377,175.3182246669088,0.00024408076096628652,0.0001274027129922726,0.0002753304726173129,27.563185644816407,0.000175159487541021,0.00019953160657654688,0.00026550651234696855,48.72161271575953
b +0.5%,540.6,70.5,0.11044854924526366,-0.15719049466093934,0.19211385593479258,-54.90653460187077,-0.8287644081912611,0.06803748315121952,0.8315524898634864,175.30682270763597,0.00022938211932747152,0.00012744835244708213,0.00026241044035753996,29.05724602619534,0.0002007745294916823,0.00020459484814200853,0.0002866521647901127,45.53995606756175
b +0.5%,541.55,70.5,0.10884852298099627,-0.15755123678997054,0.19149515181642027,-55.360297776566085,-0.8286444632422147,0.06849857818095162,0.8314708062672977,175.2744794005681,0.0001856829643964159,0.0001805945665390498,0.0002590223170509984,44.204087218132464,0.00026139668500955955,0.000152602516490416,0.0003026809458376833,30.27624079801885
b +0.5%,542.5,70.5,0.1069851571647267,-0.15784656525532903,0.1906865543672813,-55.87138752729219,-0.8282317495204572,0.06912104298182954,0.8311110331938888,175.2293693565494,0.00017505034817273015,0.0002497141068283624,0.00030495861939692874,54.96942750818638,0.00028585628781257436,7.71785103629366e-05,0.0002960917758800931,15.109073080023501
b +0.5%,543.45,70.5,0.1050854784627683,-0.15800786288916843,0.18976154119987323,-56.373516899231646,-0.8277128850481027,0.0696896998766316,0.8306414836399327,175.18730401264648,0.0002112051782070727,0.0002495775267089892,0.000326950407767994,49.760405053594994,0.0002585656580048174,6.647249113321295e-05,0.00026697339114023944,14.41748474002443
b +0.5%,544.4,70.5,0.10327754338526822,-0.158023269314377,0.18877924836300222,-56.833011839949584,-0.8272114555750455,0.07018241058826855,0.8301833309520047,175.15051562564963,0.00023422886730091295,0.00021779634493130758,0.00031984122645854426,42.91803702676518,0.00022196998750897919,7.551640374222165e-05,0.00023446407526291657,18.788816541104154
b +0.5%,545.35,70.5,0.10165338406302492,-0.1578954982318777,0.18778817548865462,-57.2264980638989,-0.8267348847465105,0.07064103271065934,0.8297473863527709,175.1161781728291,0.00024888717471310465,0.00019622478302886597,0.0003169368883727437,38.25254907532992,0.00019893608004157255,0.0001038690039158432,0.00022441999446746365,27.57007453528204
b +0.5%,546.3,70.5,0.1002582497106607,-0.15765469788620462,0.1868334027968116,-57.54626305870592,-0.8262363790202466,0.07109030049346769,0.8292890839995062,175.082318618192,0.0002752033418524665,0.00019969240879654147,0.0003400204957024364,35.96530218838968,0.0002085683262780968,0.00013523111503486144,0.0002485723258933274,32.958487992026924
b +0.5%,547.25,70.5,0.09910617083750481,-0.15736027941226424,0.18596852054791035,-57.79710244119873,-0.8256930933882544,0.07152361433741629,0.8287850818378382,175.04925324093355,0.0003497176604458329,0.00020596500291348007,0.00040586207565237813,30.49581057417646,0.0002358568751413987,0.00016717522249450842,0.00028909517562137515,35.328993149161455
b +0.5%,548.2,70.5,0.09802057108923852,-0.1572161751995219,0.18526996006106125,-58.05743533481129,-0.8251443838943204,0.07190055610407248,0.8282710572272899,175.01999984342638,0.0003803971877789021,0.00013286862983127203,0.0004029343535407932,19.253756866888907,0.00022866372745171574,0.00016688108072918084,0.0002830837249957191,36.12234274707627
b +0.5%,549.15,70.5,0.09681387804352665,-0.15707159727771772,0.18451128326798985,-58.35165576998199,-0.824612733325732,0.07220122479346155,0.8277675862369889,174.99607247019384,0.0003403494442215343,7.555380212865842e-05,0.00034863465289325976,12.516068345393085,0.0001944309070977627,0.0001515298465913991,0.00024650491281690874,37.93109057071943
b +0.5%,550.1,70.5,0.0955583660796084,-0.156862046388129,0.18367662596224918,-58.650757826730235,-0.8241255346378209,0.07240536777204536,0.8273000871052046,174.97904507984728,0.0002989521233093712,4.787567706082008e-05,0.0003027613787873437,9.098375247983723,0.00016423811249638735,0.00014852991399076385,0.0002214391405024859,42.124840699532854
b +0.5%,551.05,70.5,0.09443555654518561,-0.15658617941979736,0.18285870481135952,-58.90624217740549,-0.823708756199695,0.07249887718547368,0.8268931020592704,174.97006316381908,0.00030109616986943746,6.239557603071808e-05,0.0003074932705251454,11.707582475356046,0.0001841824983520176,0.00018790853031900069,0.0002631212809064249,45.5737272716036
b +0.5%,552.0,70.5,0.0934114497146884,-0.15630665966337737,0.1820919295106805,-59.13676120550106,-0.8233964918496016,0.07248144014405959,0.8265805114782152,174.96936942408377,0.0003197192787048095,7.47458662640973e-05,0.0003283403138499657,13.158612322715259,0.00023612386278258445,0.00019092998195096688,0.0003036589148751693,38.95903707196779
b +0.5%,552.95,70.5,0.09223578956209164,-0.15607808542891619,0.1812948141213601,-59.418642710730815,-0.8232106521876019,0.07233489192250576,0.8263825472894363,174.9783610958911,0.0003128088818671661,7.907790543859751e-05,0.00032264951836868196,14.18710396705561,0.0002599229117965866,0.0001585557539902532,0.00030446649602252436,31.38363731879223
b +0.5%,553.9,70.5,0.09097798653406387,-0.15584329823518625,0.1804553341927401,-59.72453062297822,-0.8232803424451239,0.07213769073096193,0.8264347334669305,174.99240326889867,0.00027755610901189704,7.659767123920744e-05,0.00028793158369497045,15.428006011924111,0.0002648832128321547,0.00011577423527436488,0.0002890792105870787,23.609009473026333
b +0.5%,554.85,70.5,0.08972061246352431,-0.15555075721497816,0.179571229240608,-60.023945870600876,-0.8236860676978123,0.07173953575521654,0.8268042689233401,175.0223434276319,0.0002283883898069471,7.115114056629466e-05,0.00023921484360819802,17.30367685614077,0.00024276552278080458,7.779355863070503e-05,0.0002549253553796999,17.767916927670207
b +0.5%,555.8,70.5,0.08844250393984968,-0.15521157831959836,0.17864129015323177,-60.32468851148491,-0.8233773791179106,0.07251669325343696,0.8265645644736367,174.96681898879856,0.000245068046546739,0.00011933567219241837,0.0002725790712726327,25.963726224883462,0.000247238414904992,8.703793863677036e-05,0.000262111496441631,19.394133852230887
b +0.5%,556.75,70.5,0.08725885146417287,-0.15477216518329148,0.17767535077880287,-60.58617238951831,-0.822924490592021,0.07281321088063682,0.8261395044996247,174.94357807253465,0.0002652542841167157,0.0001220861593510567,0.00029200148209788756,24.714763912721683,0.00025694720020684654,8.819406903288183e-05,0.0002716616599866717,18.9441734903617
b +0.5%,557.7,70.5,0.08619862147266585,-0.15424473740482825,0.17669646674699627,-60.801655450049736,-0.822637505885444,0.0727928268206699,0.8258518400572635,174.94323193615122,0.00027391871914993595,0.00011159986235201365,0.00029578031370889083,22.16694627907558,0.00026372438837402094,7.787560420242508e-05,0.00027498211351494154,16.451429411929762
b +0.5%,558.65,70.5,0.08530932873788832,-0.1536411694705533,0.17573642344712828,-60.958755881464576,-0.8224840181668064,0.07268337231833695,0.8256893076402173,174.94985879651927,0.0002700713639248096,9.916040573779063e-05,0.00028770006548190115,20.161403193830495,0.0002631452424157545,5.640278458123119e-05,0.0002691220777167176,12.097779405405843
b +0.5%,559.6,70.5,0.08463513517104423,-0.15297867729277537,0.17483015132312857,-61.0465291673991,-0.8224930892312409,0.07246127100271899,0.8256788223204465,174.96526650588078,0.0002563759633094852,8.34613487984606e-05,0.0002696190484853116,18.032286107132133,0.00025104144487519844,3.153169654263668e-05,0.0002530139421689726,7.159062640811186
b +0.5%,560.55,70.5,0.08414105732355968,-0.1523625512544494,0.17405190189219788,-61.09065960216965,-0.8227071923232351,0.07220604863347138,0.8258697462430984,174.9842081239672,0.0002006481899487192,6.696081708358244e-05,0.00021152646915740424,18.455014715083998,0.00021754253529170458,-1.0324129269242627e-05,0.00021778737866623625,-2.717103302485235
b +0.5%,561.5,70.5,0.08362745414399454,-0.15183556824548428,0.1733424093262668,-61.15506245666313,-0.8228065936052144,0.07216999609401802,0.825965616001312,174.9873023057598,0.00017926344240230008,8.612536262224207e-05,0.00019887925952380114,25.661500616102224,0.00019481915362550866,-2.2214712877487938e-05,0.00019608160568393144,-6.505189305649212
b +0.5%,562.45,70.5,0.08302865042676745,-0.15138786784695618,0.17266164404099082,-61.25744143359754,-0.8228599033184131,0.0722552054177364,0.8260261710134537,174.9817376182608,0.00019537581987422474,0.0001136978135538216,0.00022605066644105495,30.197014394502425,0.00017916052358201557,-4.922137812123647e-06,0.0001792281246089003,-1.573710520076464
b +0.5%,563.4,70.5,0.08241447758087721,-0.150953727507233,0.1719859702512297,-61.36728944762712,-0.8227335924190724,0.07235134743005349,0.8259087610443037,174.9743270324302,0.0002208869750751236,9.367499010593875e-05,0.00023992928026646935,22.98110258032472,0.0001790685828240803,1.6544413106205158e-05,0.00017983124022164025,5.278656587281946
b +0.5%,564.35,70.5,0.08167659945679323,-0.1505947609445066,0.17131797606427215,-61.526359356499015,-0.8227345296739093,0.07232927461160671,0.8259077613653899,174.975858101267,0.0002073894648687737,8.178887997301103e-05,0.00022293454426309964,21.522955241950335,0.000174801124065301,9.935942776217504e-08,0.00017480115230394976,0.03256772679773221
b +0.5%,565.3,70.5,0.08082223484038023,-0.15024103537176184,0.17060071029797197,-61.72194961592912,-0.8227873567128219,0.0722822342353628,0.825956267457623,174.979429634483,0.00018363059099465743,6.933950219372875e-05,0.00019628591521940965,20.686697832527134,0.0001598371796785981,-2.4375716486650323e-05,0.00016168518658753504,-8.6709929313932
b +0.5%,566.25,70.5,0.0798919333875904,-0.14984554466124267,0.1698128625140971,-61.935161379587946,-0.8229010032426533,0.07223012320822064,0.8260649198679484,174.9837200081462,0.00015803868511093987,6.65741259654735e-05,0.00017148860090297996,22.84336053486227,0.0001347882342467365,-4.55635417751471e-05,0.00014228107544732955,-18.677205964091247
b +0.5%,567.2,70.5,0.07896982891004721,-0.14938542581918698,0.16897407885608356,-62.137662990513,-0.823050499213074,0.0722242646559347,0.8262133312044662,174.9850312199245,0.00012110259292357734,6.274741455192546e-05,0.00013639309383456653,27.390225960987326,9.613080453698632e-05,-7.097620866409969e-05,0.00011949373948980796,-36.439545808086066
b +0.5%,568.15,70.5,0.07810343506144656,-0.1488817709734888,0.16812474028708554,-62.31847898273355,-0.8231399150146139,0.07232565990796903,0.826311273535215,174.9785694474434,0.00010568670614700024,6.234075134413665e-05,0.00012270309341803022,30.53481152525733,6.054203870635526e-05,-8.137900277051718e-05,0.00010142918979586528,-53.35253788544337
b +0.5%,569.1,70.5,0.07736017724053962,-0.14832591140337767,0.1672876953524387,-62.45546444983721,-0.8232042738861699,0.07248404578926382,0.8263892626592121,174.9680208428803,0.00010181039453390998,6.025198120056577e-05,0.00011830324456135486,30.617292418018447,2.117719354969273e-05,-7.23077322686117e-05,7.534508393034263e-05,-73.67596295204517
b +0.5%,570.05,70.5,0.07673565241730793,-0.14774138954155924,0.16648086537371387,-62.55300960036976,-0.8231841315442957,0.07274180900562618,0.8263918472515005,174.95009587175528,0.00010766891023449466,4.767255848776407e-05,0.00011775086863311436,23.882323355103537,-2.018999454859232e-05,-4.2557973087579386e-05,4.710431989950942e-05,-115.38020347737341
b +0.5%,571.0,70.5,0.07610570131278484,-0.14724292174218198,0.16574847141221288,-62.666836503884504,-0.8231113122938996,0.07308905882303596,0.8263499518641134,174.92566799358136,0.00012163838765711557,2.7912443705033865e-06,0.00012167040887972141,1.3145394578013982,-3.6416191832637345e-05,2.6636051414246538e-05,4.511782643849134e-05,143.81698247210912
b +0.5%,571.95,70.5,0.07543565364294158,-0.1467109892747773,0.16496864009417567,-62.7887413556519,-0.8228904355786009,0.07350947767337515,0.8261672423151089,174.8952708100627,0.00011804218848879944,6.749409527703964e-06,0.00011823498971200496,3.2724916492300773,-2.076971751232324e-05,4.144407875557854e-05,4.63572306058106e-05,116.61775831800018
b +0.5%,572.9,70.5,0.0748253639114818,-0.14611567498407702,0.16416036537647605,-62.883161214702476,-0.8225644172143314,0.07395823442860967,0.8258825830025415,174.8622492590184,0.0001051665352366598,3.528923042909674e-05,0.00011092939158744852,18.54947136424191,-6.914374264961524e-06,4.1941850763552425e-05,4.250796886406201e-05,99.36136431263174
b +0.5%,573.85,70.5,0.07436642583442189,-0.1454648962987558,0.163371972341018,-62.92239203724801,-0.8222518085016131,0.07433749099035047,0.825605292588967,174.8340924008719,0.00010214615979833146,5.2821721047219404e-05,0.00011499553111289381,27.34434412577435,-1.1763435787190033e-05,5.9244013985640036e-05,6.0400592833597714e-05,101.23052617211114
b +0.5%,574.8,70.5,0.0739895223185842,-0.1448297624155684,0.16263489629929445,-62.93876693979251,-0.8219411579569871,0.07467600876321523,0.8253264647571145,174.80874548943427,0.00012691093262096664,7.593222327709839e-05,0.0001478921476973225,30.89255261357504,1.1826490613450782e-05,7.8238239955413e-05,7.91270375507059e-05,81.4042461308252
b +0.5%,575.75,70.5,0.07362353445564376,-0.14421543098165052,0.16192132459612776,-62.95519771191329,-0.8216680998381993,0.07496874204434256,0.8250810739408754,174.7867850282206,0.00015239222832061169,9.175820360101772e-05,0.00017788467944319225,31.052930468865405,3.108031928157684e-05,9.670613317132033e-05,0.00010157786392513824,72.18314897120844
b +0.5%,576.7,70.5,0.07326330886380256,-0.14360744717475202,0.16121603924461772,-62.97097487143435,-0.8214309265005237,0.07522626830506529,0.824868327949749,174.76747423319247,0.00016884104752442648,9.428992612060869e-05,0.00019338533940548721,29.181341100720402,3.408100746561167e-05,0.00011581155789312447,0.00012072212726548351,73.60190662045139
b +0.5%,577.65,70.5,0.07296267812367782,-0.14294272739520136,0.16048730701883643,-62.95873592316511,-0.821216045241337,0.07551207524633936,0.8246804632521801,174.74633865183046,0.00019190137501743357,0.00010313719234362688,0.0002178610065571808,28.25576020178699,4.601214521515694e-05,0.0001438223579754319,0.0001510032720205558,72.25930695258432
b +0.5%,578.6,70.5,0.07280402835720745,-0.1422945915280054,0.15983797209411463,-62.903763211388515,-0.8209496759995195,0.07585253474797556,0.8244464673654736,174.72108243357764,0.00022954235040476565,0.00011426019958630546,0.00025640804168131423,26.46292516109598,7.043988971281058e-05,0.00017772028717994814,0.00019117080984835567,68.37897478162594
b +0.5%,579.55,70.5,0.07268905007732834,-0.14168493308301452,0.15924295357686208,-62.84067835642449,-0.8206199666684008,0.07622471922756859,0.8241524965175855,174.69320870620223,0.00027671593579780494,0.00011853510987703866,0.0003010353490838186,23.188543001947508,0.00010352197872764389,0.00020902260536242068,0.00023325361654684157,63.65230841274916
b +0.5%,580.5,70.5,0.07236970119976419,-0.1411631006895802,0.15863289270526373,-62.85727073453533,-0.8202604423538965,0.07659026593103137,0.8238284178917331,174.6655819517775,0.00032032858267396435,0.00010491998673228754,0.00033707358913717076,18.135620606034607,0.0001318825167390571,0.0002291291263804961,0.0002643731355060817,60.07605974525856
b +0.5%,581.45,70.5,0.0721207439353562,-0.14056106123065149,0.15798358661606646,-62.83800744516721,-0.8199250968824117,0.07690757219308994,0.8235240974970117,174.6414322497983,0.00033694967477387763,7.185079978494381e-05,0.000344525210630453,12.037403479164043,0.000142237572017149,0.0002367331469580844,0.00027617767788511014,59.00107642873336
b +0.5%,582.4,70.5,0.07191777780750844,-0.13989395857246248,0.15729744565581477,-62.792856800862516,-0.819615117445416,0.07719190719747343,0.8232420854656585,174.61971491372088,0.0003366907441789381,3.7669586528986486e-05,0.00033879146235557935,6.383810132058246,0.000144482075861655,0.00023625358539266144,0.00027693108683602243,58.55191801152559
b +0.5%,583.35,70.5,0.07188375512822841,-0.1391331564746203,0.15660558573028702,-62.67666420810155,-0.8193350632043354,0.07746410227505414,0.8229888413200583,174.59902024933396,0.00030971406633097223,1.159481467358307e-06,0.0003097162367079566,0.21449811734143706,0.00013515542425078224,0.0002147931207805911,0.0002537776062600373,57.820446320466914
b +0.5%,584.3,70.5,0.07209549172398269,-0.1382740536223651,0.15594060995162087,-62.46265916928018,-0.8190583923793537,0.07776997733919047,0.8227422558142918,174.57600012879206,0.0002501695847688972,-3.233405923283882e-05,0.0002522504955989486,-7.36456939944277,9.176446475158129e-05,0.00018592160764825016,0.0002073344187096153,63.73064958067706
b +0.5%,585.25,70.5,0.07258676647463254,-0.13737874921348786,0.15537618672983716,-62.14938488235856,-0.818741507320891,0.07813617001488266,0.822461498718742,174.54851729888748,0.00019485293678266744,-4.9279562282008985e-05,0.00020098791563558392,-14.192866943881741,6.010278932000515e-05,0.00017715201669697266,0.0001870699930610182,71.2593438190949
b +0.5%,586.2,70.5,0.07334791886922258,-0.1364790434026013,0.15494013841008142,-61.745086561244555,-0.8183518730072536,0.0785812674566873,0.8221160524217853,174.51505761725022,0.00014906834801634193,-2.919777218135721e-05,0.0001519008962471113,-11.082131720225572,3.6153608577247195e-05,0.00020131704286421533,0.00020453761307091936,79.81903536383263
b +0.5%,587.15,70.5,0.07428072730065731,-0.13559424909406884,0.15460733111886707,-61.28535785866215,-0.8178374627290622,0.07906061477684088,0.8216499840272635,174.4783558177193,0.00015884069552443337,2.2203840304554198e-05,0.00016038508995213954,7.957632152210944,9.013103641548893e-05,0.0002126343907282525,0.00023094801979169543,67.02898156339259
b +0.5%,588.1,70.5,0.07543200383423179,-0.134735694349618,0.15441403606641865,-60.75764372594128,-0.8173115495884868,0.0794976392075663,0.8211687060101048,174.44447376249613,0.00017214747052813318,5.135727866928623e-05,0.00017964498791101633,16.611580578012266,0.0001217639726964235,0.00021605335822929308,0.00024800306177337933,60.595136809501454
b +0.5%,589.05,70.5,0.07683420627660835,-0.1339165488727839,0.15439280202183364,-60.15508450309384,-0.8168012850821645,0.07986542732440147,0.8206965491541832,174.41546904192055,0.00017894390129867028,6.256077250569797e-05,0.00018956468571044015,19.27019271050392,0.00013259365599883915,0.00021581122224282166,0.0002532894811417937,58.433580544762606
b +0.5%,590.0,70.5,0.07851254508918955,-0.13313822842497405,0.15456392724216925,-59.47184963728391,-0.8163053322511146,0.08016371834570882,0.8202320508250166,174.39136003539184,0.00018399076058528267,6.653899359264356e-05,0.00019565284983631765,19.88217555463913,0.0001457328661943954,0.0002193419351629785,0.00026334189338248827,56.39955911047107
b +0.5%,590.95,70.5,0.08048981790643482,-0.13251994314407559,0.1550488507455636,-58.72638748881609,-0.8158353866532535,0.08040507834860089,0.8197879937763838,174.37136187159152,0.0001889212219049502,7.605456700478659e-05,0.0002036554080999201,21.928380395163387,0.00016790601384474832,0.00022622856818105188,0.00028173000292209144,53.41733082396406
b +0.5%,591.9,70.5,0.08272547159136923,-0.13190212334802848,0.15569737889165944,-57.90516684184968,-0.8153985141413223,0.08059285428806612,0.8193716769733828,174.35529841716505,0.00018958747448799201,9.784785549828364e-05,0.0002133485723138264,27.298678674047352,0.00019747268115169827,0.0002311937209300487,0.00030404933217937106,49.49790943031435
b +0.5%,592.85,70.5,0.08540627269300231,-0.13166724067919688,0.1569410516193422,-57.03044449840996,-0.8150079943357927,0.0807265629340416,0.8189962202564767,174.3433025173802,0.0001828069394312861,0.0001263824309035654,0.00022224062622600845,34.65780044809295,0.0002296556847627518,0.00020739604961427565,0.00030944281368203646,42.08436787197891
b +0.5%,593.8,70.5,0.08791772923885513,-0.131831503001978,0.15845842451027076,-56.30088860835074,-0.8146514462210699,0.0808261680722112,0.8186512372648795,174.33390563045108,0.00018061911276291882,0.00014814989198759762,0.00023360576703326658,39.35975985632092,0.00025238176017518694,0.00018919586911571065,0.00031542293790968133,36.85675348700533
b +0.5%,594.75,70.5,0.08999263085196381,-0.13253938058675818,0.1602041229618619,-55.82397131313696,-0.814333361102975,0.08088461124418504,0.8183404813043231,174.3276349510884,0.00018232647676647554,0.00016969438295238683,0.00024907654995135023,42.94485122678859,0.0002712823274716399,0.00017498089871178949,0.00032281947914030156,32.822582477706646
b +0.5%,595.7,70.5,0.09153844499617461,-0.1338885728905515,0.16218950910273514,-55.63992567754115,-0.8140407342676103,0.08089382068442438,0.8180501985036577,174.32496732219658,0.00018499549997779042,0.00021894631855210218,0.00028663709707494467,49.80434886047344,0.00030037841296530634,0.0001539972049439903,0.0003375534477769668,27.143186109748722
b +0.5%,596.65,70.5,0.09166784218998439,-0.1358226999640051,0.16386213448286346,-55.984266970957705,-0.8139034612763103,0.08082984310116079,0.8179072733588549,174.3284761841614,0.00022908310901201295,0.0002542609435242562,0.0003422392412282011,47.98189450783144,0.00034274806091740613,0.00011732376632962393,0.0003622721344630444,18.896240706379587
b +0.5%,597.6,70.5,0.09012357455649066,-0.13806325003237083,0.1648748607287972,-56.86469512421225,-0.8138209199081284,0.08077761921490736,0.8178199761843318,174.33154555113822,0.0002747396464281423,0.0002776553772254144,0.0003906077083489877,45.30242400868916,0.00037503014124825023,8.668832693923333e-05,0.0003849187873723572,13.015344375591527
b +0.5%,598.55,70.5,0.08769565569906648,-0.13993721843069795,0.1651452485862372,-57.92550949686806,-0.8136743180628341,0.08084905147168764,0.8176811511823479,174.32555005454054,0.0003009344554179699,0.0002018660256125649,0.0003623692022707267,33.853603003033584,0.0002998013183230998,8.607840228631887e-05,0.0003119139653950011,16.019733611521275
b +0.5%,599.5,70.5,0.08522950705301402,-0.1412666177120435,0.16498583621723534,-58.89642123395072,-0.8134693724481233,0.08094152174192455,0.8174863606526057,174.3176805074262,0.00030786118468218283,0.00014836742109645875,0.00034174756864787054,25.730793970719837,0.0002555692732544856,9.209396075882128e-05,0.00027165594239786703,19.816542439860275
b +0.5%,600.45,70.5,0.08295967894429777,-0.1422336990989575,0.1646594470108343,-59.746562134695274,-0.8132363166811989,0.08101149770660282,0.8172613838484418,174.31118105216922,0.00030358367103317283,0.00011568962367928375,0.0003248801845989256,20.860836259319676,0.00023596257868294975,0.00010053326454399396,0.00025648640474415,23.076718624959575
b +0.5%,601.4,70.5,0.08088710045912122,-0.1429470881783005,0.16424552669506343,-60.49649952655007,-0.8130527724264804,0.0810279448932041,0.8170803746290828,174.30875760818319,0.00030750649570170736,8.467839413800829e-05,0.0003189524656316926,15.396015558135318,0.00021738842240597294,0.00011644211255236589,0.0002466099993346084,28.175319315681893
b +0.5%,602.35,70.5,0.07896808876093862,-0.14352579784293268,0.16381579194023346,-61.18034949341106,-0.8129300305087405,0.08099210421402873,0.8169546838399042,174.310405179954,0.00030268760044536026,6.765354840030307e-05,0.0003101560672863296,12.599072200943745,0.00021445155467087143,0.00012009585011228118,0.00024578950855344756,29.24943233374274
b +0.5%,603.3,70.5,0.07715939609761709,-0.1438955708499076,0.1632773949950505,-61.79898935142266,-0.8128492901376816,0.08094451536979747,0.8168696242643524,174.31316520668423,0.00029520133215164097,5.7582201535691203e-05,0.000300764918894808,11.037563726806608,0.00021699779585007266,0.00011951217523015052,0.00024773212030746437,28.843904593142543
b +0.5%,604.25,70.5,0.07549848106327127,-0.1441404638744537,0.16271599174267976,-62.355168348055344,-0.8128224296526818,0.0809099833058724,0.8168394747715401,174.31538878115015,0.00029454944847049513,5.280254838420371e-05,0.0002992448607915248,10.163204392304333,0.00022498045760530044,0.00011975386961196737,0.000254867015502851,28.02573223336104
b +0.5%,605.2,70.5,0.07401230438259132,-0.144267814122576,0.16214506897136122,-62.84125967308248,-0.81280875314176,0.08091881218871022,0.8168267401045918,174.31467750646507,0.00029268317784812703,4.686371767294517e-05,0.00029641128627197694,9.096844626533938,0.00023138060419882557,0.00011458495485268192,0.00025819894631466786,26.345663133472012
b +0.5%,606.15,70.5,0.07269930558729641,-0.14430506617080685,0.16158323290315754,-63.26153701705246,-0.8127377939849545,0.08103922131334029,0.8167680681580315,174.3057793100751,0.00028642428162187916,3.791497000920015e-05,0.0002889228513866774,7.540599914284587,0.00023683514709084172,0.00010138476632540875,0.0002576232864870689,23.1748756441355
b +0.5%,607.1,70.5,0.07159940966323788,-0.14428411557067491,0.1610725968938728,-63.60759816468031,-0.8126073355066235,0.08120260950719024,0.816654483554674,174.2934645576333,0.0002770524708965723,3.33830770748502e-05,0.0002790564485276795,6.8706571104153955,0.0002398775006658475,8.407069955681238e-05,0.00025418319741805413,19.314209883382063
b +0.5%,608.05,70.5,0.0705982901577905,-0.14426310585749055,0.16061121469204168,-63.924179438942566,-0.8124332832841562,0.08141093214424257,0.816502038981207,174.27770409500158,0.00026540310752444686,2.6179224909767993e-05,0.00026669113464925924,5.63340261887029,0.00023788770511266156,6.254309294736038e-05,0.0002459719470167092,14.730286807685044
b +0.5%,609.0,70.5,0.06963996017986789,-0.1442740476203509,0.16020213753446882,-64.23375791260668,-0.8122408486616054,0.0816430461287415,0.8163337449938626,174.2601472827149,0.0002513529785595401,9.378433203262166e-06,0.00025152788084047595,2.136817688235068,0.0002268455435133865,3.5926868849504714e-05,0.0002296728989611383,8.999523076836665
b +0.5%,609.95,70.5,0.06866830588213697,-0.14431017214788028,0.15981477409198927,-64.5531059553671,-0.8119866712446495,0.0819071409835534,0.8161073054587039,174.2399144567716,0.0002260624045732433,-5.176491512931901e-06,0.0002261216637693527,-1.31175856013583,0.0002005413963574454,1.2237907492385176e-05,0.00020091445451431858,3.4921069160986726
b +0.5%,610.9,70.5,0.06767267876930831,-0.1443492102591094,0.15942485990033853,-64.8822407998097,-0.8116965084089233,0.0821837045162022,0.8158464212406914,174.21854466976694,0.000193445444198478,-1.7518699256901552e-05,0.00019423708375282056,-5.174673002085225,0.0001800027941609622,-6.336835721403875e-06,0.00018011430091115414,-2.0162135046046106
b +0.5%,611.85,70.5,0.06663407383216767,-0.14432152430912934,0.15896163742985722,-65.21695945757637,-0.8114036712364167,0.08242220420268774,0.8155791423531897,174.19980256444293,0.00015275852429043717,-2.1970254830047466e-05,0.00015433035618662102,-8.184351855674059,0.00018264412642257725,-1.919258553466006e-05,0.00018364975430468623,-5.998732310270629
b +0.5%,612.8,70.5,0.06555261344133406,-0.1445261093615449,0.15869764149531085,-65.60241245836494,-0.8111092769069578,0.08268152891769022,0.8153125132786169,174.17958114834246,0.00013772715262922304,-3.4970795861612338e-06,0.00013777154327721398,-1.4545051811608387,0.00016459976538525705,-3.59487673133053e-05,0.00016847966238162942,-12.320007452291318
b +0.5%,613.75,70.5,0.06435681952239153,-0.1448408215272505,0.15849499613466195,-66.04308684534112,-0.8108107834430804,0.08295609480558505,0.8150434590946517,174.15825132149513,0.00013519116053534253,1.8605987451554645e-05,0.00013646549987429116,7.836231907447272,0.00012547828550300057,-6.233594971075899e-05,0.00014010913874232044,-26.41757744552781
b +0.5%,614.7,70.5,0.06288015414973687,-0.14500898187568168,0.15805542891820087,-66.55702834696422,-0.8104808568205988,0.08319812016082925,0.81473992566398,174.13895801334357,0.0001471125810582082,6.37480611788226e-06,0.00014725063551186617,2.4812366585778,0.00010717937420173663,-4.246705143530845e-05,0.00011528602999446646,-21.61466445989136
b +0.5%,615.65,70.5,0.061366794170823406,-0.1450623445278696,0.15750862588038328,-67.06982126972464,-0.8101571095645019,0.08340742759261484,0.8144392802140167,174.12198445738508,0.0001549768346357228,-4.650296591765951e-06,0.00015504658826333314,-1.7187242543871257,9.259363035565514e-05,-2.459611862595032e-05,9.580474640591415e-05,-14.876222760561456
b +0.5%,616.6,70.5,0.05993501831274401,-0.14504625608757835,0.15694146305286033,-67.5489431683575,-0.8098577843925794,0.08358854020697878,0.8141601040306454,174.10714857738333,0.00015395058931596086,-9.954919877636008e-06,0.00015427211148001375,-3.6997709013834066,8.667641726896677e-05,-1.9494543822362634e-05,8.884164873203365e-05,-12.675570144744981
b +0.5%,617.55,70.5,0.058524159173212284,-0.14499896236418466,0.15636424237536448,-68.0201210802133,-0.8095778949763963,0.0837515374222665,0.8138984507019327,174.09371183708652,0.00015211875607865058,-1.5409604589665903e-05,0.00015289725917924706,-5.784321178568782,7.946270246343301e-05,-1.6762706672098066e-05,8.121151037732819e-05,-11.911935349289408
b +0.5%,618.5,70.5,0.05713908039533558,-0.1449150645096278,0.15577307350840264,-68.48100036849976,-0.8093186180022931,0.08389434316210059,0.8136552625404335,174.08183041046797,0.00014916053551299366,-2.1427013274165756e-05,0.00015069167943975646,-8.174654743951626,7.097844891731697e-05,-1.483328038822302e-05,7.251183639781727e-05,-11.80395226640559
b +0.5%,619.45,70.5,0.05578446990819441,-0.14479292168528604,0.15516732018405044,-68.92978799074272,-0.8090799076428411,0.08401443812866756,0.813430219973062,174.071682670711,0.0001453801213391769,-2.9080414829750157e-05,0.00014826007624193423,-11.311596276815349,6.131636964207759e-05,-9.945494801025326e-06,6.211771126595953e-05,-9.213120395093467
b +0.5%,620.4,70.5,0.054461540200041396,-0.14463533258129463,0.15454914684935156,-69.36644528295568,-0.8088676987109712,0.08411609753727885,0.813229655068532,174.06301439043446,0.0001392298204666806,-3.382119097942319e-05,0.00014327880466576598,-13.653619049154148,5.4703881313026716e-05,-7.5824684143548575e-06,5.5226881660694934e-05,-7.891447772492321
b +0.5%,621.35,70.5,0.05316858599526464,-0.14444445913656537,0.15391913562644105,-69.79183463870929,-0.808686418267011,0.08420746328293736,0.8130588047380549,174.05528908505306,0.00013158404206697712,-3.578656353599834e-05,0.00013636362512195124,-15.214584985438131,5.0238117636569196e-05,-7.253789260248898e-06,5.075909694131553e-05,-8.216050151909672
b +0.5%,622.3,70.5,0.051901746464831214,-0.14423296422537107,0.1532871137941373,-70.20890316280912,-0.8085742488956885,0.0843005318501268,0.8129568842487535,174.04794628650833,0.00012383892269516588,-3.2270755464556595e-05,0.00012797453040567282,-14.605689632661967,4.622830898834315e-05,-1.2569518190406067e-05,4.790667322472598e-05,-15.211038985319151
b +0.5%,623.25,70.5,0.05065875272774606,-0.14399720271719463,0.1526483004108063,-70.61793790641828,-0.8084545393220326,0.08441882676286405,0.8128500971657803,174.03877793275134,0.00011753332708662267,-3.1133742625449614e-05,0.00012158697671181222,-14.836492617127302,4.009123895964526e-05,-1.8343901016149905e-05,4.4088616964129e-05,-24.58664633480214
b +0.5%,624.2,70.5,0.04943575777770987,-0.14373520943943735,0.15199902821944394,-71.0200459579537,-0.8082587412635233,0.08462708996208386,0.8126770189837692,174.02274060591208,0.00011262833460968957,-3.6069496811814564e-05,0.00011826305575795723,-17.757789901399093,2.6900515689261536e-05,-1.636834802149421e-05,3.148905462698046e-05,-31.31955553633295
b +0.5%,625.15,70.5,0.048250215148938305,-0.1434504754391073,0.15134768635702617,-71.40940175095038,-0.8080759209110885,0.08482988467380408,0.8125163403218884,174.00717551050673,0.00010576344106683897,-4.21124803114231e-05,0.00011383921321003022,-21.711267855098995,1.1627237113083165e-05,-1.2181628130450869e-05,1.683997347956494e-05,-46.33389501076735
b +0.5%,626.1,70.5,0.04709583774786129,-0.14314579519858522,0.15069418242323815,-71.7884798243567,-0.8079071837902948,0.08503051967041717,0.8123695014557023,173.9918597158264,9.830469819574712e-05,-4.8042505062973376e-05,0.0001094161595930087,-26.04522987989546,-3.089358074247373e-06,-4.742715397106339e-06,5.66016630929401e-06,-123.07982460486882
b +0.5%,627.05,70.5,0.04594674297701557,-0.1428317519953933,0.1500400365511468,-72.16782802707226,-0.8077272274994158,0.085265447500886,0.8122151627379407,173.97404958502372,9.359239221956498e-05,-4.743786627146415e-05,0.00010492800883353407,-26.878444835742762,-9.660904231367104e-06,8.101472762925752e-06,1.2608208893259764e-05,140.01736543788383
b +0.5%,628.0,70.5,0.04481665862797677,-0.14249766753381535,0.14937910879086935,-72.54122039121323,-0.8075476832640932,0.08553396787207451,0.8120648498766249,173.95387877667173,9.103904344503568e-05,-4.3294267980848174e-05,0.00010080923108220094,-25.433758221599543,-1.2043459570276999e-05,1.815044765182855e-05,2.1782646037216533e-05,123.56567127001337
b +0.5%,628.95,70.5,0.04370915926389762,-0.14213706452727382,0.14870586981012945,-72.90659610371821,-0.8073915219801423,0.08584205195610921,0.8119420716094505,173.93109864541617,0.00010113468029555937,-3.194573886177499e-05,0.00010606014232457793,-17.529932365910348,-8.717655123853506e-06,2.4800594968198935e-05,2.6288153636859013e-05,109.36708070727941
b +0.5%,629.9,70.5,0.04264647729624958,-0.14175303851087048,0.14802920641834116,-73.25605798705429,-0.8071340712195959,0.08628245440067633,0.8117327582775777,173.89826603431345,0.00010495172694151426,-3.67280488583322e-05,0.00011119269113096511,-19.287587417813658,-1.267898683209064e-05,3.904005934083654e-05,4.104732561841716e-05,107.99217104258668
b +0.5%,630.85,70.5,0.04162435422492238,-0.1413499292213606,0.14735124483873718,-73.59149232004566,-0.8067233203114604,0.08687434643550448,0.8113874953454381,173.85362355272338,0.00010830625000766198,-5.6309264213196676e-05,0.00012206955815007186,-27.47027321461068,-2.3183377164668114e-05,6.172327677371879e-05,6.593354133098229e-05,110.5862714940971
b +0.5%,631.8,70.5,0.04062848613387636,-0.14094364412936417,0.14668259851119161,-73.91981773308997,-0.8062108815816562,0.08744789503097153,0.8109396524563459,173.80945674207084,0.00010298885520226015,-5.044025326766343e-05,0.00011467747575517235,-26.093957980391977,-9.785944796724887e-06,6.906128819854757e-05,6.975117377655657e-05,98.06508611903381
b +0.5%,632.75,70.5,0.0396576853731525,-0.1405298193973153,0.1460183623692514,-74.24086931702011,-0.8056727525351235,0.08802979205992928,0.810467660346566,173.76445720861338,9.454439768390246e-05,-3.727436590255662e-05,0.00010162687384176283,-21.51696269995893,6.534840057135103e-06,7.45617341977671e-05,7.484755400913786e-05,84.99120464333664
b +0.5%,633.7,70.5,0.03870755291222046,-0.14010753225500752,0.14535609807311256,-74.55610401636983,-0.8050749131102642,0.08852579728669518,0.8099274242206795,173.72498283930608,9.000744540388244e-05,-2.261902181684355e-05,9.280603631275135e-05,-14.106415351949328,1.725606325674009e-05,7.165006660205346e-05,7.369873651019609e-05,76.45887305946195
b +0.5%,634.65,70.5,0.03778482753088035,-0.13967348141819663,0.1446940724529436,-74.86252250977513,-0.8045052046080909,0.08894044189648602,0.8094065890800793,173.69139917575518,8.701029416812915e-05,-7.200769293880929e-06,8.730774518705697e-05,-4.7308845777643596,2.7692384541704223e-05,6.683024285796488e-05,7.234051093308772e-05,67.49239607698979
b +0.5%,635.6,70.5,0.036895322309083524,-0.13922777669169834,0.14403346351040988,-75.15778775166918,-0.8039707895514105,0.08927896915024364,0.8089127052930054,173.66340686855082,8.529396635522381e-05,9.051150369405773e-06,8.577286295569039e-05,6.057394070153821,3.800985525633976e-05,6.021029114432222e-05,7.120413089345271e-05,57.73639567528112
b +0.5%,636.55,70.5,0.03610865704878768,-0.1387635797917835,0.143384679064737,-75.41413284915961,-0.803475091532941,0.08954189307009874,0.8084491161034472,173.64100962060206,7.598452031296152e-05,3.3405190482049265e-05,8.30033377541702e-05,23.731804333124234,4.823579762879614e-05,4.126416259389576e-05,6.347773851880391e-05,40.54591658317673
b +0.5%,637.5,70.5,0.03537110162740212,-0.1383132243948813,0.14276436135410264,-75.65508139541996,-0.8030391315768275,0.0897293859480372,0.8080366387400246,173.62437295664802,7.080175695164777e-05,5.2849360548651036e-05,8.835125181819166e-05,36.73918217183934,5.1938254043323856e-05,2.3491353266086637e-05,5.700373594196197e-05,24.336947367386678
b +0.5%,638.45,70.5,0.034640716191401424,-0.1379218010447121,0.1422054936409644,-75.90111201235335,-0.8027066632221955,0.08983734177627022,0.8077182275761378,173.61414354701168,8.866037161695358e-05,5.9420113133592464e-05,0.00010673055485691637,33.829963062103836,3.0736916026103744e-05,2.073613303154337e-05,3.7077556822121077e-05,34.00489561383082
b +0.5%,639.4,70.5,0.03385957769261502,-0.13756372213650755,0.14166950500927322,-76.17223718201629,-0.802406886032526,0.08992680480616884,0.807430270038882,173.605468589293,0.00011124398161302573,6.021304452940209e-05,0.0001264944037363668,28.42535979073857,1.3408486725126817e-05,3.4402795465659515e-05,3.69234322904833e-05,68.7066543942074
b +0.5%,640.35,70.5,0.032987813097739405,-0.1372392196951121,0.1411481464118273,-76.48437279433965,-0.8021173089195078,0.09001524990959264,0.8071523539484721,173.5969399986133,0.00014391829355363882,3.712833031171916e-05,0.00014863037418753772,14.465861798631526,-6.637453747361113e-07,8.01985796397462e-05,8.020132626182187e-05,90.47418471180822
b +0.5%,641.3,70.5,0.03206596197886648,-0.1369145131106077,0.14061937924036247,-76.81866302232042,-0.8019203262010344,0.09007094693901645,0.8069628151636632,173.59145032027345,0.0001783486163518644,8.722481911304265e-06,0.0001785617838321446,2.7999292838352106,-7.056434530541094e-07,0.00011645226945101654,0.0001164544073574504,90.34717998254901
b +0.5%,642.25,70.5,0.031094778853207522,-0.1365854498330572,0.14008022836227985,-77.1747419952758,-0.8017733831767758,0.09012105631434737,0.8068223861308923,173.58674935417906,0.00021110823360042673,-2.2991190921101737e-05,0.00021235649543600708,-6.215422684543712,7.685765735475877e-06,0.00014696575477619764,0.00014716658612564903,87.0063696267741
b +0.5%,643.2,70.5,0.03008676643131262,-0.1362343703581956,0.13951708562461576,-77.54637498817617,-0.8015502737647051,0.09031994653842143,0.806622919408429,173.5709400724003,0.00020037220379283996,-6.996718425369649e-05,0.00021223672379018223,-19.248490720057116,-4.0314256120735015e-06,0.00017816583628308937,0.00017821144074081855,91.29623203213912
b +0.5%,644.15,70.5,0.029056238730090483,-0.13585674136334816,0.13892918765690557,-77.9277930219359,-0.8012548085616704,0.09060449509812256,0.8063612359080667,173.54849791751593,0.00016141503239908505,-0.000114597939980113,0.00019795833029221898,-35.373162855910124,-1.0816195544116358e-05,0.00019839695117862213,0.00019869157084038855,93.12055937819429
b +0.5%,645.1,70.5,0.02802039624206014,-0.1354414077319713,0.13830949907356382,-78.31142754419643,-0.8009172119769931,0.09085287938852393,0.8060537365053184,173.52825775980597,0.00012307161661842476,-0.00010842997845334453,0.00016402342224348718,-41.38106950974411,5.116756010759145e-06,0.00018997449263760989,0.00019004338726983093,88.4571735954485
b +0.5%,646.05,70.5,0.0269991535620576,-0.13499510336592022,0.1376685593221744,-78.69001329345602,-0.8005781201982511,0.09110067742254278,0.8057447858764036,173.50803155561331,9.740932848705112e-05,-8.708111330798036e-05,0.00013065870645026127,-41.79579010638673,2.6290936754006007e-05,0.00017625331618187397,0.00017820338049686594,81.51599408119701
b +0.5%,647.0,70.5,0.025999866313615592,-0.13451980284187048,0.13700938071877264,-79.0608100476276,-0.8002682264153493,0.09134828755448134,0.8054649240340047,173.4880386758843,8.23788851310157e-05,-6.585080508267162e-05,0.0001054637816762944,-38.63761994725634,5.041315471856758e-05,0.00016174795924935514,0.00016942221958766,72.68893298574665
b +0.5%,647.95,70.5,0.02502914984330745,-0.13400974983087655,0.13632707504972316,-79.42069397390678,-0.7998608815774559,0.09167069597849781,0.8050968552783244,173.46195440110856,6.87980589745589e-05,-5.1156662860203646e-05,8.573317370574487e-05,-36.63364828532058,6.15468599672054e-05,0.0001450742053540842,0.00015758978720380892,67.01120708935244
b +0.5%,648.9,70.5,0.024091360769300463,-0.13346455096272364,0.13562145858011573,-79.76786024644228,-0.7993467905006565,0.09206062337548489,0.8046306294567609,173.4302009988184,5.353549167080784e-05,-4.296303802039864e-05,6.864307324397237e-05,-38.74756759836106,6.187661321578468e-05,0.00012689838637939302,0.00014118043677772618,64.00578702600937
b +0.5%,649.85,70.5,0.023229393115672656,-0.1328831977026763,0.13489829107965384,-80.08428352340978,-0.7988744700500663,0.0923178561924498,0.8041909011358833,173.40814426252535,3.861407597863933e-05,-3.83564734215567e-05,5.4426702242766064e-05,-44.80824504539057,5.842666566966037e-05,0.00011327074010123565,0.00012745169996652042,62.71466991698484
b +0.5%,650.8,70.5,0.022433395509734545,-0.13227453030596892,0.13416336534896875,-80.3743843422603,-0.7984609206489294,0.0924638790609555,0.8037968715630429,173.3944203571912,2.3247074526524115e-05,-3.480811435446668e-05,4.185727295172723e-05,-56.2624785350733,5.339107245572649e-05,0.00010077167161377225,0.00011404181872368832,62.08436237554369
b +0.5%,651.75,70.5,0.021707113299969674,-0.1316509933827157,0.1334285682546042,-80.6370975107687,-0.7982042127636608,0.09247386756528825,0.8035430178006265,173.39160725276636,6.602588796463874e-06,-2.619344571064582e-05,2.701278913795723e-05,-75.85217108921564,5.110442481778864e-05,8.746180648238265e-05,0.00010129772864738261,59.702016084666006
b +0.5%,652.7,70.5,0.021041151001586846,-0.13102005449536602,0.13269884971408102,-80.87649236988271,-0.7980005664701859,0.09254974999886097,0.8033494633791631,173.38455969801663,-8.707522653931544e-06,-1.4696086709810006e-05,1.7082034871495414e-05,-120.64700483611959,5.0961869837292935e-05,7.35563956084942e-05,8.948550448104147e-05,55.28473074995532
b +0.5%,653.65,70.5,0.02043355248671865,-0.13038681312069525,0.1319782220784876,-81.09334237093128,-0.7977270481786541,0.09283489575765876,0.8031106780924807,173.36210414405332,-2.1180746683678525e-05,-1.6889491535510855e-06,2.124797824079834e-05,-175.4408908563538,5.434605771372997e-05,5.866566808867214e-05,7.996971052413728e-05,47.18893233753021
b +0.5%,654.6,70.5,0.019859607892607805,-0.12976500929156554,0.13127589901458767,-81.29880444508736,-0.7973851685236834,0.09317212107026715,0.8028101588335036,173.3353775831227,-3.365862719617104e-05,1.1291817722094665e-05,3.550222996094521e-05,161.4543942596718,5.572355173851411e-05,4.111573731044768e-05,6.925040124747725e-05,36.4218375539934
b +0.5%,655.55,70.5,0.019313971474064294,-0.12915803506338272,0.13059413277607448,-81.49515154712462,-0.7969411712396035,0.09350945980225019,0.8024084056696189,173.3077733323643,-4.671659308389226e-05,2.4232056753367472e-05,5.262729941640928e-05,152.58407577207032,5.0188670437359446e-05,1.734187183529366e-05,5.3100312230924116e-05,19.061750846356613
b +0.5%,656.5,70.5,0.018767268651758984,-0.12856977764534477,0.12993228273381752,-81.69521478321208,-0.7964601291352232,0.09388310408425306,0.8019742979264306,173.27725576601014,-5.9530724692678114e-05,3.118952119478117e-05,6.72063495124913e-05,152.3489189823927,3.4915800778513134e-05,-1.1055358897224358e-06,3.4933298636233634e-05,-1.813545274191386
b +0.5%,657.45,70.5,0.018216939141278206,-0.12799943946112965,0.12928926240813826,-81.9000345603985,-0.79594163181679,0.09429289499051896,0.8015074742663774,173.24382428040158,-7.314710286956109e-05,3.340615751395002e-05,8.041436450073452e-05,155.45390061672438,1.2667277264787453e-05,-1.9040764012219044e-05,2.286942516706568e-05,-56.36531000050495
b +0.5%,658.4,70.5,0.017656496404336385,-0.12744130436034123,0.1286586099813824,-82.11210654654096,-0.7953844263880473,0.09467805067748876,0.8009995749191957,173.2117763073235,-7.924645115055297e-05,3.8095933253369245e-05,8.792781215521141e-05,154.32513531465915,-6.768989164901169e-06,-2.7427202608864212e-05,2.8250144375953855e-05,-103.86346505409722
b +0.5%,659.3499999999999,70.5,0.01707877822187597,-0.12689599003512617,0.12804013805267028,-82.33469217444102,-0.7947880918437346,0.09503752974321615,0.8004500252959564,173.18117997237627,-8.265510400700405e-05,4.1697968001449814e-05,9.257746353113477e-05,153.22990201607576,-2.6774018956457384e-05,-2.6868824783722027e-05,3.793127781052326e-05,-134.89873825209236
b +0.5%,660.3,70.5,0.01645057635034252,-0.12637242137031943,0.1274386532620932,-82.5832072809055,-0.7941862045207275,0.09537993804074414,0.7998931553849521,173.1517082104007,-7.86650902749251e-05,3.6826048075125765e-05,8.685824223868216e-05,154.91396192846952,-4.300148696319622e-05,-2.465834971498699e-05,4.956976993806339e-05,-150.16874006021948
b +0.5%,661.25,70.5,0.015795243276182355,-0.12584733904529888,0.12683470524638038,-82.84614973061558,-0.7935761392179156,0.09569454337625385,0.7993250492559346,173.12410377408688,-7.070081461823095e-05,2.6151012705105232e-05,7.538223035426873e-05,159.70143481573973,-6.051710233745551e-05,-2.109210111395347e-05,6.408741221740272e-05,-160.78495768619263
b +0.5%,662.2,70.5,0.015129239655438465,-0.12528355433985955,0.12619375135314836,-83.11430487247613,-0.7929564255331435,0.09597435109584533,0.7987433685875384,173.09885490769892,-7.87470305358818e-05,6.039980046402647e-06,7.897832726248412e-05,175.6139411477873,-8.96382830731482e-05,-2.0037474808329313e-05,9.185054267121277e-05,-167.399424918718
b +0.5%,663.15,70.5,0.014500576490993329,-0.12469690790222729,0.12553718795220684,-83.36706103210399,-0.7923557432023731,0.09620332209027656,0.798174606816698,173.07735659983678,-9.765965556382234e-05,-1.2954434446810305e-05,9.851510390128572e-05,-172.44389683595978,-0.00011992236949574073,-1.89580988013842e-05,0.0001214116313029193,-171.01665787067301
b +0.5%,664.0999999999999,70.5,0.013944202952571705,-0.12409053290477598,0.12487153860097104,-83.58850044564753,-0.7917913922531941,0.09637108936282515,0.7976346254465317,173.06050730288504,-0.00011434819263014205,-2.2575383511834025e-05,0.00011655538210862019,-168.83190727233332,-0.00014344091159083574,-1.5213508104149804e-05,0.0001442454364853356,-173.9457772619392
b +0.5%,665.05,70.5,0.01342650088570419,-0.12348558660158593,0.12421336894381213,-83.79464697003638,-0.7912585122238601,0.09650053450930274,0.7971213121773233,173.0466434016474,-0.00013334729798269125,-3.304372216926826e-05,0.00013738045513858382,-166.08234782059967,-0.0001659861981577296,-1.481159786258767e-05,0.0001666457362493865,-174.90077931792987
b +0.5%,666.0,70.5,0.012940134395327972,-0.12289003340806239,0.12356944359024943,-83.98899211192935,-0.7907539638276928,0.0966030367513597,0.7966329004119731,173.03493229839566,-0.00015724905536356506,-4.5249303633289627e-05,0.00016362996330755315,-163.94652840411356,-0.00018944335150692258,-1.9852657995676404e-05,0.0001904807377654463,-174.01754220813507
b +0.5%,666.95,70.5,0.01247626747057267,-0.1223033243259897,0.12293803476217395,-84.17535657816896,-0.7902856002757289,0.09666674715009675,0.7961757280950921,173.02629406257597,-0.00018479453599038438,-5.738560333335126e-05,0.00019349968475900473,-162.7484801170913,-0.00021416324299741114,-2.1135057684109998e-05,0.0002152035903847304,-174.36391963837815
b +0.5%,667.9,70.5,0.012031457624274943,-0.12172556216070714,0.12231871670314769,-84.35517140514823,-0.7898464996308328,0.09669439964809247,0.7957432374217102,173.02047905374656,-0.00021851941136333893,-6.650203817389137e-05,0.00022841465413554762,-163.0734155435742,-0.00024192605629244532,-1.4751131745939228e-05,0.00024237535477230658,-176.5107829377816
b +0.5%,668.8499999999999,70.5,0.011614190868429537,-0.12115467102065147,0.12171008068213002,-84.5242153144506,-0.7894902293985319,0.09672288923789037,0.795393072397712,173.01532350542115,-0.00025411048597633794,-6.36171185999456e-05,0.00026195281419005633,-165.9447656956102,-0.00025831804643386587,-2.2531233853552935e-05,0.0002592988037233731,-175.0151151728735
b +0.5%,669.8,70.5,0.011221552773761582,-0.12059361463880362,0.12111458681061744,-84.6837858645827,-0.7891991974162388,0.09675298224412253,0.7951078623530061,173.01062082317995,-0.00029870250513260195,-3.78023826235492e-05,0.00030108504895545594,-172.78725981844676,-0.00026663259022580567,-3.9822522913704e-05,0.0002695900063090894,-171.50546184795044
b +0.5%,670.75,70.5,0.010819539448235993,-0.1201524965560651,0.12063865409779391,-84.85448491455561,-0.7888148814167566,0.09688823607194229,0.7947428813356331,172.9975708688925,-0.0003230527188577588,-2.296311401140237e-06,0.0003230608800326049,-179.59273911582613,-0.0002826802782845709,-5.0408440348548995e-05,0.00028713960122110584,-169.88911412848782
b +0.5%,671.7,70.5,0.010387503954961737,-0.11979340715020029,0.12024292343031252,-85.0441749151235,-0.7883080793143438,0.09715845687340667,0.794272871030033,172.97376664975081,-0.0003386333805654607,3.2269795488834884e-05,0.00034016746777739245,174.55648258396715,-0.00030301993204582314,-5.752616250450707e-05,0.0003084320647882613,-169.25072438636238
b +0.5%,672.65,70.5,0.00980763662193302,-0.1193759370001829,0.11977814521347172,-85.30326660378715,-0.7877540172555655,0.0974105200727292,0.7937538668397914,172.95081631076053,-0.0003354831885775003,3.490165994957007e-05,0.00033729378245879666,174.06065637292414,-0.00032531663464293594,-4.932141825333021e-05,0.0003290342156583801,-171.37901131953416
b +0.5%,673.5999999999999,70.5,0.00909544309833227,-0.11892282679897795,0.11927013800199407,-85.62642468596857,-0.7871579941339575,0.09764123362489015,0.7931907199613382,172.92899321280686,-0.0003284790853277176,3.103547761224575e-05,0.00032994198030616566,174.60258251727404,-0.00035544318755534776,-1.9476127409085047e-05,0.00035597637438229105,-176.86367564412743
b +0.5%,674.55,70.5,0.008438972043826563,-0.1184662775305649,0.1187664732199509,-85.92540502004218,-0.7866133371576612,0.09777237426396816,0.7926663733018614,172.91473984880827,-0.00032836478744415447,3.769394722003146e-05,0.0003305212055077121,173.45151477730514,-0.0003702028541127498,2.1619989077414873e-06,0.00037020916713731303,179.6653942477737
b +0.5%,675.5,70.5,0.007799516043399733,-0.11800214302749829,0.11825962205923632,-86.21845608021823,-0.7860891466394143,0.09784798284591857,0.7921555240047865,172.90463635377017,-0.00033124183166035204,5.084581566967919e-05,0.00033512154214974005,171.2731804587104,-0.00038242198761953696,2.090631299437149e-05,0.0003829930163043393,176.87085895113614
b +0.5%,676.45,70.5,0.0071635571904401394,-0.11752874037306141,0.11774685288915021,-86.51204934033942,-0.7855819709593768,0.09792833681113178,0.791662170529206,172.89433133829166,-0.00032114090268014697,6.475439002098905e-05,0.00032760435040031136,168.59982418735328,-0.0003905494510806152,4.973827811179357e-05,0.00039370391165048895,172.74218794977224
b +0.5%,677.4,70.5,0.006527050530895558,-0.11705260991676146,0.11723444833733124,-86.8083961201145,-0.7850817179065951,0.09799843264839618,0.7911744413166497,172.88481273244375,-0.0002995616066274623,8.253696954977472e-05,0.00031072416627563244,164.59574126168832,-0.0003883142275220323,8.674097862823663e-05,0.00039788432573980204,167.40808555821746
b +0.5%,678.3499999999999,70.5,0.00587955328548123,-0.11658989834351176,0.11673805524586753,-87.11305646154074,-0.7845601845204039,0.09805754899917023,0.790664256211456,172.87588060860423,-0.0002671580141093683,9.032484120789933e-05,0.0002820141511380123,161.31985177535256,-0.00037708717572507096,0.00012277814085759022,0.0003965718219550613,161.96494895083674
b +0.5%,679.3,70.5,0.005217277682254649,-0.11612981501425794,0.11624695231127362,-87.42764492214168,-0.7840414734257478,0.0980899583473817,0.7901535749335118,172.8688839581356,-0.00023666375549008338,8.386410697505332e-05,0.00025108349527874817,160.48772271456028,-0.0003688738080281922,0.0001538445101198025,0.0003996698882117861,157.36067058242057
b +0.5%,680.25,70.5,0.004523814071306783,-0.11566259748035651,0.11575103174337033,-87.7601799426019,-0.7835488524420258,0.09807485581029018,0.7896628910525204,172.86553410255036,-0.00023038764246976427,6.723711787737727e-05,0.00023999853296058344,163.73046240367617,-0.0003771962598484487,0.0001715602154443944,0.000414378964194595,155.5425299602357
b +0.5%,681.2,70.5,0.003816769597829387,-0.11518711992624396,0.11525033764404259,-88.10217664187552,-0.7830796604989505,0.09802105554014333,0.7891906499803172,172.86517914583072,-0.0002294602780412063,5.093726659427985e-05,0.00023504600470300373,167.4840198008929,-0.0003867390157239935,0.00018890407495061358,0.0004304088937465283,153.96663600577403
b +0.5%,682.15,70.5,0.0031172378235096,-0.11469635460258594,0.1147387072036741,-88.44318840380845,-0.7826398445748843,0.09793048055465266,0.7887429906743161,172.86773951807177,-0.000236165347494848,3.605250175865609e-05,0.000238901348343663,171.32035837430388,-0.00040316085122508896,0.00020854606815726503,0.00045390542462543117,152.64848803376947
b +0.5%,683.0999999999999,70.5,0.0024153665788399213,-0.11419627697971024,0.11422181784465206,-88.78831707006692,-0.782226692162942,0.09781017848663424,0.7883181013701038,172.87268721523722,-0.0002463035991045303,2.5001281538369552e-05,0.0002475692368013563,174.203989219046,-0.00042125276155132905,0.00023075155086528127,0.0004803125725414164,151.28719280772594
b +0.5%,684.05,70.5,0.0017131102757020496,-0.11369010103496711,0.11370300708493924,-89.13671849993914,-0.7818414583660414,0.09766523931748315,0.7879178669067478,172.8796697040771,-0.00025597546891480567,2.3048553933118498e-05,0.0002570110435848283,174.85484597441885,-0.0004316823383544156,0.0002608889311015186,0.0005043933738843415,148.85316664590928
b +0.5%,685.0,70.5,0.000993033995598015,-0.11318134479390604,0.11318570106631604,-89.49730941029647,-0.7814805632396573,0.09750143920944053,0.7875394601982075,172.88824018793613,-0.0002634185502300911,2.6476471726434575e-05,0.0002647457953592535,174.2604179553209,-0.0004346480405182222,0.0002932142315360668,0.0005243028749698177,145.99633748479923
b +0.5%,685.95,70.5,0.00022845097903640124,-0.11268570342032809,0.11268593499272198,-89.88384277157985,-0.781140307462018,0.09732693125774185,0.7871802280862402,172.8977780761938,-0.0002649102012469514,4.1884907970099017e-05,0.0002682009698721538,171.0153493957359,-0.0004256172640498521,0.00032616451785366863,0.0005362213611597339,142.53586604671617
b +0.5%,686.9,70.5,-0.000557470117409812,-0.11217062265466918,0.11217200791493388,-90.28474854832047,-0.7808255906792114,0.09713469693471907,0.786844172888215,172.90883520352014,-0.0002630088743918845,6.643229391838319e-05,0.000271269087225479,165.82440386023114,-0.0004047928113171256,0.0003589933979357908,0.0005410485004650758,138.43155546017357
b +0.5%,687.8499999999999,70.5,-0.001370658056317263,-0.11160365444024038,0.11161207097766772,-90.70364159700523,-0.7805334718492146,0.09692496636407008,0.7865284163853616,172.92136950255036,-0.00025458905271955273,9.860986665257696e-05,0.000273019214645926,158.82714139381034,-0.00037546448235299055,0.0003902889304874679,0.0005415708880374302,133.89093249778693
b +0.5%,688.8,70.5,-0.002147059402062096,-0.1109920215209859,0.11101278622479026,-91.10820669320464,-0.7802647741029449,0.09670532768422102,0.7862347220190878,172.9348403828219,-0.00023900169553049496,0.00013649759629974023,0.00027523336327934205,150.2686385312928,-0.0003376801055587118,0.00041948195514114123,0.0005385099482638897,128.8338272280848
b +0.5%,689.75,70.5,-0.0028375045158734653,-0.11033147970032126,0.11036796113338328,-91.47320786526575,-0.7800294252981079,0.09647086366730336,0.7859723480298858,172.94969234114615,-0.00021832701594997876,0.00017651421259670235,0.0002807560384787051,141.0449653764886,-0.0002932672419366381,0.0004451235662092916,0.0005330484634514953,123.37867244424561
b +0.5%,690.7,70.5,-0.0034488924532335044,-0.10964086671841425,0.10969509794844548,-91.8017172701055,-0.7798086362956999,0.09624342967752307,0.7857253381414216,172.96417548392859,-0.00018985175244414364,0.00021495790829651837,0.00028679363703772577,131.4510810457752,-0.0002462326065320137,0.00047056864969013766,0.0005310982494706125,117.62153616214931
b +0.5%,691.65,70.5,-0.003970473614042487,-0.10894132547739968,0.10901365537166681,-92.08727710653064,-0.7795966430585737,0.09603799665603605,0.7854897979413239,172.9771533857304,-0.000150197274579841,0.0002509503322109595,0.00029246416964818627,120.9011093124973,-0.00019283526971766637,0.0004886976121883336,0.0005253672976172613,111.53370435273234
b +0.5%,692.5999999999999,70.5,-0.004422962477703118,-0.10823193444686716,0.10832227024573533,-92.34012407531509,-0.7793897953265636,0.09584109264390155,0.785260446029443,172.98956723143263,-0.0001107106457937995,0.0002801825216213315,0.0003012624976895863,111.5608388397974,-0.00014234117723012244,0.000499868631627008,0.0005197399923230023,105.89468320453939
b +0.5%,693.55,70.5,-0.004811376332990148,-0.10751187337829388,0.10761947899673159,-92.56239368139593,-0.7791653589230338,0.09566243980002172,0.7850158972493188,173.00050975539872,-8.160897275177308e-05,0.00029451855742862584,0.00030561610740181616,105.4876697555887,-0.00010816242818318414,0.0005101725442721677,0.0005215123544074669,101.97011497846763
b +0.5%,694.5,70.5,-0.005153251144332476,-0.10679651096351653,0.10692076856877278,-92.76255003382188,-0.7789218443927345,0.09550309699375899,0.7847547904967377,173.00989024981826,-5.793304814513067e-05,0.0003031059260974179,0.00030859267733172055,100.82051774166072,-8.018900974811849e-05,0.0005177413262484437,0.0005239144569391851,98.80415194710191
b +0.5%,695.45,70.5,-0.005445423638244802,-0.10610398104825358,0.10624362302222243,-92.93793216121395,-0.7786612422548593,0.0953546299730619,0.7844780657527528,173.0183368647192,-3.646071976752379e-05,0.0003092295700186428,0.00031137166065632984,96.72459763337096,-5.147326335785997e-05,0.0005218304239921767,0.0005243629356128849,95.63342229140646
b +0.5%,696.4,70.5,-0.005720050109999841,-0.10542867401973084,0.10558373112757276,-93.1055471758082,-0.7783874048271446,0.09521110592273316,0.7841888208107579,173.02631355878444,-2.18838259129246e-05,0.00031151131717723217,0.00031227904599265277,94.0184553221641,-2.939546312383511e-05,0.0005216966340038431,0.0005225241345461515,93.22497184663344
b +0.5%,697.3499999999999,70.5,-0.00602951040829619,-0.10477351393133634,0.10494686378012295,-93.29362711784434,-0.778116145212598,0.09504694453773722,0.7838996473442711,173.03581625296425,-2.0013952206571584e-05,0.00030967630893330975,0.00031032237205442603,93.69780442884242,-2.0932876559290182e-05,0.0005164276849267213,0.0005168517573539046,92.32115610243092
b +0.5%,698.3,70.5,-0.006344760109287911,-0.1041282853810985,0.10432140622735059,-93.48684395566971,-0.7778495822701152,0.09486574207183666,0.7836130943626664,173.04660437408182,-1.9172728310134558e-05,0.00030847205929096386,0.0003090673144705893,93.55657859539683,-1.568713644253609e-05,0.0005125352199768979,0.0005127752314284825,91.75310138806611
b +0.5%,699.25,70.5,-0.006623871195055078,-0.10346698956871621,0.10367880014748197,-93.66302967460283,-0.7776024211816814,0.0946614944241913,0.7833430435985465,173.05924514801836,-1.937964545730247e-05,0.0003080898732586995,0.00030869878629922125,93.59930972888199,-1.552435227325562e-05,0.0005139818001467275,0.000514216196162251,91.73004088016378
b +0.5%,700.2,70.5,-0.0068814605963648,-0.10280155830438764,0.10303162082462711,-93.8296240898106,-0.7773610203328927,0.0944471916218627,0.7830775363514476,173.0726758162872,-1.9849005255762252e-05,0.00030769861691516876,0.0003083381615388388,93.69091898213712,-1.7310946796161422e-05,0.000518370740218729,0.0005186597084735737,91.91267687798398
b +0.5%,701.15,70.5,-0.007117148180162667,-0.10214644412658988,0.10239409087405846,-93.98569504640193,-0.7771352037936311,0.09421423518621826,0.7828252979350454,173.08760825102456,-1.968163146728965e-05,0.0003092692310731514,0.0003098948594375075,93.64134434953864,-1.8990361068259855e-05,0.0005260313147664303,0.000526373990550827,92.06754842885236
b +0.5%,702.0999999999999,70.5,-0.007334878056329218,-0.10150158411820101,0.10176626167156508,-94.13321929113248,-0.7769295297434724,0.09395938742672023,0.7825904808218777,173.10431853995226,-1.92331542140667e-05,0.0003131359238884995,0.0003137260286468533,93.51475461722877,-1.986525507867708e-05,0.0005399362132945769,0.0005403015295057267,92.10706763972493
b +0.5%,703.05,70.5,-0.007527236482176255,-0.10087361332836992,0.10115406642829587,-94.26752891004392,-0.7767363162682125,0.09369974378361196,0.7823675268024786,173.12149684752532,-1.34067404753083e-05,0.0003162278386423444,0.0003165119059728731,92.42764811483865,-1.771118354777178e-05,0.0005593825196387352,0.0005596628353750523,91.81349458876342
b +0.5%,704.0,70.5,-0.007702431812611957,-0.10026392617282812,0.10055934738958018,-94.39292337001797,-0.7765623144779354,0.09342681149409988,0.7821621298511466,173.13981953676353,1.433945033587326e-06,0.0003222231847665747,0.0003222263753938735,89.74502624264244,-7.218850257486062e-06,0.0005876856373530423,0.0005877299721386443,90.70375865223915
b +0.5%,704.95,70.5,-0.007904104208961461,-0.09970892572678874,0.1000217213056064,-94.53246037502493,-0.7763950201630462,0.09314633664925347,0.7819625741460732,173.1587591187961,1.2394532869436802e-05,0.0003253078218472166,0.0003255438578748368,87.81803253883457,8.528824440538986e-06,0.0006115436867887872,0.0006116031570369464,89.20098273139585
b +0.5%,705.9,70.5,-0.008165993963016113,-0.09921007082282624,0.09954557554243289,-94.70541593780914,-0.7762374668722598,0.09285566183726594,0.7817715644045256,173.17853543334505,2.1009784192649146e-05,0.0003258937978915277,0.0003265703270904838,86.31134918150293,2.9556972743651687e-05,0.0006342422610525061,0.0006349305949021234,87.33183115094441
b +0.5%,706.8499999999999,70.5,-0.008526380954352257,-0.09873947134630186,0.09910692394543333,-94.93537968201288,-0.7760977609186572,0.09254976712186819,0.7815965672245915,173.19958421900895,2.830814662851744e-05,0.00033002086476329546,0.0003312327313908681,85.09734965778989,5.6499577208865423e-05,0.0006500525093761053,0.0006525032315406201,85.03259740868693
b +0.5%,707.8,70.5,-0.009122786150640723,-0.09833197989652305,0.0987542581234882,-95.300464576865,-0.7759830361433984,0.09222100926744047,0.78144378360355,173.22252326047922,3.1646551659796784e-05,0.00034389947957294797,0.0003453525101725781,84.74229651603386,8.93616963595098e-05,0.000661460708979082,0.0006674696864273007,82.3060652513037
b +0.5%,708.75,70.5,-0.009833998685983279,-0.09787625523093166,0.09836904425776635,-95.73746948375761,-0.7758908701766012,0.09187979705228744,0.7813120628339056,173.24657281546206,3.089780745631715e-05,0.0003602428558017202,0.0003615654707819687,85.09777374546084,0.00011833683722868658,0.0006657946287027752,0.0006762293210551839,79.92162535778844
b +0.5%,709.7,70.5,-0.010708215339109192,-0.09733947271244132,0.0979267012805233,-96.27780640749329,-0.7758243383994167,0.09152207564480228,0.781204003051204,173.27205327525405,2.576584794002884e-05,0.00038161844229988944,0.00038248727354444457,86.13740570796384,0.0001513136438380492,0.0006543462918017325,0.0006716136451906156,76.97955985523505
b +0.5%,710.65,70.5,-0.011547115729903154,-0.0967237597464139,0.09741058249061943,-96.80788799205266,-0.7757879616062568,0.0911543745668128,0.78112488206167,173.2985259453509,1.7311571741997476e-05,0.0004031138684910431,0.00040348541669556323,87.54096548436988,0.00017314004390935888,0.0006338749787080545,0.0006570958555926763,74.7225845108205
b +0.5%,711.5999999999999,70.5,-0.01229931734436578,-0.0960108566260416,0.0967954430601138,-97.30002521775769,-0.7757892446347947,0.09076377358430632,0.7810806710489567,173.32699350511186,6.206987919619625e-06,0.00042396076963146346,0.000424006203829068,89.16122238018073,0.00018471539653378897,0.0006094486675661467,0.0006368260799580891,73.13867522586605
b +0.5%,712.55,70.5,-0.012933384530565075,-0.09522971197146254,0.09610395661773337,-97.73416198788452,-0.7758175651457679,0.0903881364721456,0.7810652402991796,173.35460345799115,-3.8175583853110015e-06,0.0004411514878767483,0.00044116800542185066,90.49580366359648,0.00019157392994847096,0.0005896593827551069,0.0006199989986338972,72.00158355941075
b +0.5%,713.5,70.5,-0.013437302612970816,-0.09440607588465796,0.09535758105914993,-98.10079017318296,-0.7758889997252332,0.0900415484403601,0.7810961658721418,173.38046232414112,-1.0586522424999167e-05,0.00045135345843152753,0.00045147759511979734,91.34362958463144,0.00019190665079530525,0.0005763748291893044,0.000607483420631766,71.5845832266801
b +0.5%,714.45,70.5,-0.013839655165966329,-0.09354756959913689,0.094565764592786,-98.41543527401409,-0.7759336994894961,0.08974049515540852,0.7811059226981918,173.402775976842,-1.76542521625698e-05,0.00045935998512082596,0.00045969910653559577,92.20092432365422,0.00018718071503828884,0.000565587380429327,0.0005957564141351341,71.68807749588368
b +0.5%,715.4,70.5,-0.014128689302479335,-0.09267670608629543,0.09374748909923711,-98.6680775553235,-0.7758674077074743,0.08952214080113335,0.7810150114026837,173.41812979804928,-3.192399256106921e-05,0.00046524136132466704,0.00046633535742882353,93.92537619665578,0.00017652925218888924,0.0005572023657845218,0.0005844972654463291,72.42109344375925
b +0.5%,716.3499999999999,70.5,-0.014367325044599161,-0.09179572215143,0.09291326403824,-98.89542987265537,-0.7757699972814012,0.08931504634856004,0.7808945294892459,173.43240534844037,-5.274860664965791e-05,0.00046894579405633557,0.00047190313970835944,96.41784621684766,0.00016218031710082032,0.0005480934789681064,0.0005715845667460631,73.51656667774284
b +0.5%,717.3,70.5,-0.014516586404840562,-0.09088575272912211,0.092037771213716,-99.07482687759433,-0.7756836714800943,0.08904762143612163,0.7807782252882504,173.4511764353888,-6.877266384210822e-05,0.0004795857825568552,0.0004844916945857904,98.16058872040747,0.00014895887151508173,0.0005414881957843674,0.0005616032510383607,74.61886786161811
b +0.5%,718.25,70.5,-0.014587271318705103,-0.0899534328041422,0.09112852768356813,-99.21116814424852,-0.7756152834791666,0.08871713881004344,0.7806726578311223,173.4747007917104,-8.388047014951753e-05,0.0004953759848289767,0.0005024274073115266,99.61055751856571,0.00013583578162585681,0.0005380492628943551,0.0005549309586525753,75.83119047075162
b +0.5%,719.2,70.5,-0.014594370443638845,-0.08902535974171338,0.09021369256264618,-99.30997099490487,-0.7755998078929889,0.08834987803209544,0.7806156307376425,173.50135335896783,-0.00010096287710019888,0.0005093690181102395,0.0005192786334550454,101.2113751120276,0.00012999494521426854,0.000539421736861018,0.0005548643942256685,76.45067528201872
b +0.5%,720.15,70.5,-0.014442063766123378,-0.08808236160271014,0.08925847652371936,-99.31141761306871,-0.7756681935191456,0.08791406641962234,0.7806343763322805,173.53370292599948,-0.00012090028913727642,0.0005206262935032707,0.0005344797633217097,103.07355889289916,0.00012620141081114567,0.000544079693067739,0.0005585244027787941,76.94095496244253
b +0.5%,721.0999999999999,70.5,-0.014198471361617452,-0.08715395597632306,0.08830293670841037,-99.25291281177648,-0.7757918505431085,0.08745242525622741,0.7807054002966144,173.5683891602878,-0.00013464698011077592,0.00054172200296242,0.0005582047453637132,103.95822180384731,0.00012286365170921908,0.0005471913820787823,0.0005608153756207226,77.3449743203961
b +0.5%,722.05,70.5,-0.013813153829846268,-0.08622858816176976,0.08732796021377745,-99.10101823966872,-0.7759791964228124,0.08695388665217917,0.7808358929281579,173.6062803383404,-0.00014339703929717822,0.0005829498939654219,0.000600327651998051,103.81953928966237,0.00011964040950026169,0.0005472152740853867,0.0005601413962364639,77.66720118576798
b +0.5%,723.0,70.5,-0.013368502194103037,-0.08533911412616557,0.0863798660033254,-98.90311507004593,-0.7762235313012056,0.08644326614312417,0.7810220283751315,173.6455025355161,-0.00014186697032443155,0.0006197736044094227,0.0006358030811435886,102.89296091909053,0.0001171514106233923,0.000549466133085394,0.0005618162372331959,77.96421019569142
b +0.5%,723.95,70.5,-0.012928590787096943,-0.08450738373674817,0.08549062150768479,-98.69810787718829,-0.7765164996422279,0.08593163156813231,0.7812567564639549,173.68517227528292,-0.00011427227883805908,0.0006484684985649593,0.0006584599815796976,99.99398319498172,0.00012728781026651235,0.0005803939028431538,0.0005941879072313336,77.63014299255522
b +0.5%,724.9,70.5,-0.012449091431385879,-0.0837094940505042,0.08463013217323014,-98.45890382061103,-0.7768625370681012,0.08540919051641052,0.7815434289433667,173.72603090510978,-6.980386895883532e-05,0.0006826202265357305,0.0006861799718713118,95.83869792311302,0.00015536256737097391,0.0006252073755115621,0.0006442218482278879,76.04479968308812
b +0.5%,725.8499999999999,70.5,-0.011891691825842845,-0.08291115824724293,0.08375961136717491,-98.16209254878379,-0.7772526750744629,0.0848679321151139,0.7818722957183636,173.76858121869685,-2.4200871774841178e-05,0.0007287569817782842,0.0007291587074740703,91.90200364194358,0.00020697315158017644,0.0006628237155513436,0.0006943868974659006,72.65851813117513
b +0.5%,726.8,70.5,-0.011283887811659442,-0.08214658357796444,0.08291795533946561,-97.82136335935667,-0.77770256209508,0.08431353611530559,0.7822595780567463,173.81252416084024,3.3195980196319974e-05,0.0007816800081699055,0.0007823845654623421,87.56825379508159,0.00028235700605289734,0.0007055993649566968,0.0007599973307153452,68.19038261996752
b +0.5%,727.75,70.5,-0.010682780619456584,-0.0815175213015072,0.08221452475630518,-97.46600235127461,-0.7782619641185398,0.08377048937485784,0.7827574207145854,173.85645552025576,0.00011509130267012614,0.0008245087623660079,0.0008325026769738538,82.05355843012426,0.0003580783126608323,0.000734687669296314,0.0008173041351994244,64.01592893097391
b +0.5%,728.7,70.5,-0.010083064032072549,-0.0809821040613137,0.08160740994831485,-97.09735931107505,-0.7788950202271361,0.08319149403905658,0.7833251414419692,173.90351801038327,0.0002195155872532656,0.0008725308201066224,0.0008997205816713771,75.8783215242456,0.00043875083867155604,0.0007512034710914465,0.0008699476728026989,59.71234109005933
b +0.5%,729.65,70.5,-0.009685706417735378,-0.08045422910560869,0.08103515218587753,-96.86467543416386,-0.7795179113172759,0.08265623725766041,0.7838878922537603,173.94725487291265,0.0003178651592266281,0.0009117546251635925,0.0009655748318785928,70.7799044723092,0.0005196643027862265,0.0007735082823586139,0.0009318616047824205,56.10570004302488
b +0.5%,730.5999999999999,70.5,-0.00946338575834847,-0.07991667983673183,0.08047503579457428,-96.75326888821776,-0.7801782073431489,0.08223425015504948,0.7845001638697934,173.98298777697553,0.0004192979951927561,0.0009187599207250693,0.0010099161354802687,65.46928431019128,0.0006018238133789279,0.0008031707624496036,0.0010036309959361718,53.155415778376835
b +0.5%,731.55,70.5,-0.009239747491732885,-0.07936847709624532,0.07990449355504484,-96.64024599770606,-0.7808543686348741,0.08185599645145179,0.7851330773641039,174.01561147183605,0.0005165356770473206,0.000916052620053194,0.0010516470455286104,60.582601402876286,0.0006816526852798734,0.0008299304728855626,0.0010739808998177368,50.60246896900745
b +0.5%,732.5,70.5,-0.008944467434916815,-0.0787949553460123,0.07930099927286137,-96.47625031902764,-0.7815419426061129,0.08148661650921533,0.785778516328015,174.0476253394275,0.0005988441223183877,0.0009148876433940448,0.0010934503568385669,56.79305378407373,0.0007569630151803759,0.0008462279229623942,0.0011353830648517767,48.18691106583271
b +0.5%,733.45,70.5,-0.008628396272313604,-0.07822439208582005,0.07869882298629492,-96.29445906347651,-0.7822343257363424,0.08117204486648086,0.7864346388785252,174.07565102154695,0.000683365466822073,0.0009101848800529005,0.0011381673326545014,53.10083216741318,0.0008335446561964297,0.0008567711531354467,0.0011953466035918901,45.7872472667235
b +0.5%,734.4,70.5,-0.008305798065264132,-0.07768901646089028,0.07813174489387413,-96.10236055492753,-0.7829764608235595,0.08090974962598094,0.7871458097381488,174.100216967934,0.0008063678273207561,0.0009067911369298118,0.0012134657963669424,48.35477040468195,0.0009224314324620816,0.0008676031267353703,0.0012663391856509215,43.24559328090539
b +0.5%,735.3499999999999,70.5,-0.0079859338077475,-0.07717575877949683,0.07758783978158437,-95.9077825420077,-0.783713519817597,0.08075559192926278,0.7878631523130984,174.11687799455564,0.0009414404177618458,0.0008946238355566247,0.0012987154681998847,43.539369490624026,0.0010146550936101645,0.0008733525767595545,0.0013387567674232707,40.71984142604132
b +0.5%,736.3,70.5,-0.007737469143834381,-0.07668232716177584,0.07707170510438584,-95.76180866945182,-0.7841705669607464,0.0808856397295974,0.7883311263688658,174.1108807642228,0.0010016138501502824,0.0008469450544281904,0.00131169593657724,40.21720623053158,0.001080028081216578,0.0008673806870094094,0.001385211143621534,38.768274447304215
b +0.5%,737.25,70.5,-0.007540712274997049,-0.07620860863542495,0.07658077024790007,-95.65092559206482,-0.7845657193767556,0.08113898303770652,0.7887502155876467,174.0955198937013,0.0010429019431322899,0.0007844020587898568,0.001304964004416548,36.94807151642374,0.0011312302318459398,0.0008538558311338582,0.0014173043490385226,37.045610063853545
b +0.5%,738.2,70.5,-0.00736910899622456,-0.0757225636491924,0.07608028925420982,-95.55836269744714,-0.7848441604564583,0.08141342200063555,0.7890554489289434,174.0777776263473,0.0010665025991373335,0.0007384648615549428,0.0012972116811523278,34.699399047388304,0.0011708292359179095,0.0008296741471740127,0.0014349913902769735,35.322186105596714
b +0.5%,739.15,70.5,-0.007232087375806568,-0.07521200568557908,0.0755589100441429,-95.49244815917041,-0.7848869154916608,0.08179967604537043,0.7891379202085913,174.05020341126686,0.001077083352314201,0.0007096792146093485,0.0012898655493813838,33.380478980915136,0.001203774475672034,0.0007938512612627537,0.001441968381514638,33.4035905990496
b +0.5%,740.0999999999999,70.5,-0.007083268700716043,-0.07469283553412046,0.07502794396499021,-95.41727101932085,-0.7848226086219424,0.08221827808586918,0.7891174641683936,174.01948953411573,0.0010849003252068879,0.0006890055080271955,0.001285199325289982,32.41907752218663,0.0012384648294076282,0.000754605796206579,0.0014502499927075438,31.354261119364647
b +0.5%,741.05,70.5,-0.006871494639397603,-0.07416593428313992,0.07448357702655195,-95.29335838390487,-0.7847635927760808,0.08257078429944094,0.7890955778400023,173.99358709727778,0.0010984988980630662,0.0006778031857182676,0.0012907815413986997,31.67569514183999,0.0012829148980293367,0.0007202873136194155,0.0014712866647076965,29.311853956985555
b +0.5%,742.0,70.5,-0.006609813870492578,-0.0736384287398459,0.0739344833394805,-95.12914576981254,-0.7846755740713669,0.0829071847589528,0.7890433180940601,173.96862493966907,0.001118856426362998,0.0006730910853015265,0.001305714866242307,31.03062916727516,0.0013315542201872278,0.0006851834063410515,0.001497502234263289,27.229180305803194
b +0.5%,742.95,70.5,-0.0062881127312437385,-0.07313167388437719,0.07340151283762295,-94.91440090743934,-0.7845751391212009,0.08322723960828478,0.7889771367662479,173.9447447462726,0.0011379022999054474,0.0006648870663541614,0.00131791367514536,30.298147600943683,0.0013721964698065903,0.0006378705152105945,0.0015132091547187712,24.931532025471366
b +0.5%,743.9,70.5,-0.00588725054969268,-0.0726323897169944,0.07287059595636783,-94.63400408370482,-0.7844629966675182,0.08353477142604163,0.7888981247143281,173.9216749063561,0.0011574350943883147,0.0006548399094458033,0.0013298388265969205,29.49979902459328,0.001412106376980415,0.0005807218154141913,0.0015268537083842407,22.3546746745077
b +0.5%,744.8499999999999,70.5,-0.00564168983729539,-0.07224221461175667,0.07246217107036851,-94.46539865254933,-0.7843344298754301,0.08383077047514223,0.7888016835469306,173.8993066004014,0.0011704950979344237,0.0006363239598311084,0.0013322788582514015,28.530121092824768,0.0014436532795615467,0.0005197560793373441,0.0015343667011496753,19.800313300957228
b +0.5%,745.8,70.5,-0.005503902514501443,-0.07197777486330502,0.0721879007671075,-94.37270947388323,-0.7841848966934953,0.08412750973695621,0.7886845948138772,173.8767168939624,0.001152774729147714,0.0005899642371828685,0.0012949700295050652,27.10234768373196,0.0014319638303667982,0.00042569122953828553,0.0014938987363220337,16.556051312642257
b +0.5%,746.75,70.5,-0.005451922555390732,-0.07172061752974511,0.07192753602340317,-94.34704224968011,-0.7840340617667729,0.08439954561814586,0.788563690079028,173.85589494867003,0.0011125663089521759,0.0005314313100836712,0.0012329732475413711,25.532061156465655,0.0013806810927750957,0.00034096053354928696,0.0014221583475073536,13.87170553292201
b +0.5%,747.7,70.5,-0.005644600437794376,-0.07138422564672893,0.0716070470364856,-94.52117032779384,-0.7838927130302508,0.0846286233440489,0.7884477087486753,173.8382443272202,0.001051585472337542,0.0004678558178374159,0.001150965278327582,23.98452879110135,0.0012984059105963434,0.00029206586838797615,0.001330849495678885,12.67721395913444
b +0.5%,748.65,70.5,-0.006000659804207532,-0.07098469261897683,0.07123787268227805,-94.83198546330102,-0.7837629469981372,0.08482951849329953,0.7883402845821149,173.82271550928175,0.0009671956609523628,0.0003985836538368124,0.0010461053367950008,22.396676614946816,0.0011989624610318015,0.0002397528069783795,0.001222698814679006,11.308108933780717
b +0.5%,749.5999999999999,70.5,-0.006157471713902928,-0.07052866860529396,0.0707969459309008,-94.98952945489606,-0.7836686270890758,0.08499570321347479,0.7882644141710509,173.80996863135198,0.0008924408534143778,0.0003608886134369295,0.0009626480499909676,22.017609731621057,0.0011248732187565185,0.00019946654651001165,0.0011424214027460624,10.055369691146709
b +0.5%,750.55,70.5,-0.006252568746025314,-0.0700192829466846,0.07029789897494554,-95.10285290219926,-0.7835941498023233,0.08513851262206591,0.7882057840030887,173.79906438316115,0.0008172842680001947,0.00034504334488381005,0.0008871349866673177,22.888633707201606,0.0010672405754434755,0.0001666370814210894,0.0010801714506398785,8.87440912938052
b +0.5%,751.5,70.5,-0.006331755351433216,-0.06950118611169175,0.06978901057302946,-95.20543865772004,-0.7835553843963795,0.08525565969665595,0.7881799083501622,173.79029395531327,0.0007751801459393353,0.00034880959088586243,0.0008500425809055049,24.22642533515972,0.001020583130456326,0.0001420753301415436,0.0010304248277321654,7.92520942177872
b +0.5%,752.45,70.5,-0.00631177597496764,-0.06896958456113367,0.06925779458294601,-95.228878636516,-0.7835545425023018,0.08534636390299104,0.7881888878355576,173.78373246532593,0.0007571943770922588,0.0003691835891760411,0.0008424012388506072,25.992371763377374,0.0009748712133681965,0.0001256541363608796,0.0009829358293594645,7.34453451940776
b +0.5%,753.4,70.5,-0.006215150938594016,-0.06843936117327175,0.06872098848965316,-95.18894117690972,-0.7835693940514178,0.08544164956682017,0.7882139752470806,173.7769637119984,0.0007443777815122732,0.00038646004160868783,0.0008387190503197852,27.437072052801543,0.0009400058704309589,0.00012132983199087633,0.0009478037584730285,7.3547026958502455
b +0.5%,754.3499999999999,70.5,-0.006107895119919248,-0.06795682594278873,0.06823075974232162,-95.13589037699181,-0.7835976787659873,0.08558580708846901,0.7882577323074148,173.76676999459673,0.0007501382418503967,0.00036951571308581354,0.0008362112437080248,26.2247105880968,0.0009255671660330132,0.0001381902906602868,0.0009358264450586753,8.491725582795404
b +0.5%,755.3,70.5,-0.005970625778060403,-0.06750455920156448,0.06776808898869115,-95.05452912703792,-0.7836474245732007,0.08578479336861299,0.7883288126242157,173.7527857194233,0.0007785961607356532,0.0003070164030970187,0.0008369414873710887,21.5203326661148,0.0009054758951685277,0.00017559470873059946,0.0009223448912773522,10.974878390243129
b +0.5%,756.25,70.5,-0.005903636759456264,-0.06704586859072083,0.067305285246196,-95.03212667366986,-0.7836542687267931,0.08598672873299504,0.7883576158139951,173.73825086293127,0.0008029678757733168,0.000251046898015426,0.0008412977799370924,17.36178850178588,0.0008867246399567903,0.00021733668222896366,0.0009129708760682309,13.771734524711562
b +0.5%,757.2,70.5,-0.005907716038786078,-0.06657302499814309,0.06683463747338138,-95.0711659502454,-0.7835792116623462,0.08622172333461811,0.7883086746472955,173.72067789243962,0.000821350702478114,0.00019780064909331643,0.0008448325711305339,13.540344756299508,0.0008816504145687283,0.00028062622217768117,0.0009252343109088248,17.65608961669128
b +0.5%,758.15,70.5,-0.0059077175921986155,-0.06608649084781362,0.06635002185174717,-95.1083048097382,-0.7834851926638114,0.08645245670565462,0.788240492739299,173.7032594403621,0.0008279085689180236,0.0001630398296946689,0.0008438095665224213,11.140686677087853,0.0008939771384041442,0.00033056377657052834,0.000953135632724867,20.292760432520215
b +0.5%,759.0999999999999,70.5,-0.005832449384211951,-0.06555853808068028,0.06581747018152095,-95.08396400991235,-0.7833980773048197,0.08664487127891614,0.7881750321114138,173.6886618281511,0.0008121994782894519,0.00016864611238904588,0.0008295236607581465,11.730279538034544,0.0009329514618911163,0.0003281426452311468,0.000988977262561716,19.378063985355006
b +0.5%,760.05,70.5,-0.005664415554876901,-0.06500931993723646,0.06525563027264622,-94.97973983419227,-0.7833223043267304,0.08681266038879049,0.7881181830534799,173.67593200597497,0.0007821512191558415,0.00019893259803007248,0.0008070531012182306,14.270057508245458,0.0009906359982211567,0.0002883154162040082,0.001031739046558052,16.227146901160978
b +0.5%,761.0,70.5,-0.005411037464131367,-0.064542780944572,0.06476920486232049,-94.79226801080516,-0.7833823565266553,0.0869047624341208,0.7881880196063542,173.66975842464416,0.00074625304064841,0.00025312506949862017,0.0007880138967592378,18.7366634406303,0.0010288943815689945,0.00021385549989493555,0.0010508843053636098,11.741734832874817
b +0.5%,761.95,70.5,-0.004944372846312202,-0.06413270152624694,0.06432301476064399,-94.40855300939408,-0.7836216300130424,0.08693477028926051,0.7884291428591057,173.6695082294457,0.0006766850172538018,0.00038241349559673906,0.0007772661668889848,29.47199725212554,0.0010503471542845624,5.156026624515323e-05,0.001051611908247976,2.810324329605101
b +0.5%,762.9,70.5,-0.004663888279223401,-0.06377199562598428,0.06394231212586572,-94.18281127286531,-0.7838587570123554,0.08701282520386212,0.7886734322233206,173.6657717408646,0.0006305024043392427,0.00047035832201410834,0.0007866194969395899,36.723144605330525,0.001042373881760492,-6.405284257683648e-05,0.001044340019351269,-3.516347461336725
b +0.5%,763.8499999999999,70.5,-0.004886153251341073,-0.06349354837550937,0.06368127808790225,-94.40053014029755,-0.7838322879772474,0.08737781896347549,0.7886874786139694,173.63920576115626,0.0007103610870526174,0.0004556203208109866,0.0008439210571697346,32.67581071117719,0.00097718620752397,-1.9602211156811152e-05,0.0009773827964811512,-1.149190756716844
b +0.5%,764.8,70.5,-0.0053130297244371235,-0.0632426489935163,0.06346543103587858,-94.80215559132861,-0.7835815767898517,0.08798307102107437,0.7885056171459844,173.59347830084994,0.0008699931292023912,0.0004001333797009749,0.0009575984369297462,24.69898071460946,0.0008827568738308389,0.00010548646672081431,0.0008890371718645049,6.814339851928155
b +0.5%,765.75,70.5,-0.005608079707058269,-0.0628861167398922,0.06313568116860757,-95.09606194440235,-0.783398982187667,0.08844213356934978,0.7883755299874364,173.5588432124206,0.0009536021363166143,0.000290521818201072,0.000996875098113333,16.943738155257954,0.0008402174121172584,0.00022923966258423973,0.0008709283107849686,15.260796588556294
b +0.5%,766.7,70.5,-0.005838069257384538,-0.06239505577569184,0.06266758362906387,-95.34538655217544,-0.7832846225993106,0.08879044613830774,0.7883010486647751,173.53275429290446,0.0010263814184764619,0.00011375570387107057,0.0010326660526796436,6.324383284782056,0.0009030167921655345,0.00040506661738386407,0.0009897061641981108,24.159593151041744
b +0.5%,767.65,70.5,-0.006018874645981801,-0.061833463250174935,0.06212571150107479,-95.55966083468506,-0.7831065507523618,0.08912957206068371,0.7881623883737298,173.5068002155284,0.001060898275752496,6.7170605792916155e-06,0.0010609195400205639,0.36276247039044124,0.0009596122702173859,0.0005098277569117079,0.001086637037317148,27.981045401179447
b +0.5%,768.5999999999999,70.5,-0.006160182277863912,-0.06121579620437134,0.06152496688850497,-95.74636386623362,-0.7827690782173081,0.08956174717358519,0.7878760920157176,173.4727979644557,0.001013730431239708,6.055421830443515e-05,0.0010155373949667758,3.4184466324246183,0.0009908699163618231,0.00044540997069220616,0.0010863761931959473,24.204587979643968
b +0.5%,769.55,70.5,-0.006285887273752462,-0.060542818397384866,0.06086826133804914,-95.92752374440578,-0.7823550267976831,0.09004088471593105,0.7875193641276582,173.43474001901404,0.0009410521341951463,0.00016468766425058114,0.0009553539375695019,9.92645467948406,0.0010500548173116762,0.0003191958606837543,0.0010974976614267114,16.90823268687898
b +0.5%,770.5,70.5,-0.006335939020539373,-0.05986679538936607,0.060201140466474685,-96.04134922344551,-0.7820025964181954,0.09040035024829447,0.7872104446269836,173.40581568996438,0.0009172332360825611,0.00019918583164764387,0.0009386116368891081,12.25208631919576,0.0010830054364732841,0.00025447621440344276,0.0011125011996073514,13.223043945487412
b +0.5%,771.45,70.5,-0.006114481299205459,-0.059156105076865625,0.05947126742741826,-95.90123863592967,-0.7816920533683847,0.09067260122455688,0.7869332798351516,173.38352803488894,0.0009123167223853611,0.00020631895431016926,0.000935355180052802,12.742995240239944,0.0011017705410676078,0.0002233415418404558,0.0011241795984076926,11.459235640999951
b +0.5%,772.4,70.5,-0.005781541237994066,-0.0584409302848444,0.05872621690220365,-95.64986782652527,-0.7814132557257556,0.09090074378443011,0.7866826688344466,173.36468294622404,0.0009083130871049449,0.00021161578204277658,0.0009326381417332722,13.114642033382747,0.001116745211988338,0.0001986767463031488,0.001134280528802502,10.087772690699348
b +0.5%,773.3499999999999,70.5,-0.005435527328203511,-0.057743026072899405,0.05799829322825964,-95.37758036641726,-0.7811680071018707,0.0910966231903854,0.7864617282971876,173.3484436872281,0.0009019267277535927,0.0002177095670608276,0.000927830414367904,13.570621405798171,0.0011292222168268063,0.0001760093898160598,0.0011428569990504798,8.859281702061432
b +0.5%,774.3,70.5,-0.005009644851980948,-0.057049598896301845,0.05726913021665253,-95.01839002945157,-0.7809450241800264,0.09126442071753647,0.7862597060007905,173.33441622112198,0.0008955008006919096,0.0002233090557104284,0.0009229239504976206,14.002146203611664,0.0011400345842391762,0.00015576886327075686,0.0011506271298844187,7.780441352001111
b +0.5%,775.25,70.5,-0.0045390535817613886,-0.05636678157405918,0.05654924466724377,-94.6039286770268,-0.7807366009359102,0.09142067051805378,0.786070848612852,173.32134097282577,0.0008924329669636005,0.00022854984831890423,0.0009212337562693028,14.3645789639395,0.0011520426276938433,0.00013203769765534666,0.001159584481452671,6.538244430923166
b +0.5%,776.2,70.5,-0.004006735943858669,-0.05568970613149785,0.05583365742933557,-94.11519800859003,-0.7805410026109921,0.0915684392712566,0.7858937815172904,173.3089824952023,0.0008912441150348731,0.00023257866041801012,0.0009210911495971124,14.625700955513683,0.0011652692666304274,0.00010350748020591588,0.001169857368319742,5.076094889435453
b +0.5%,777.15,70.5,-0.0034293444308722866,-0.05502851460218239,0.055135268409142214,-93.56602733805042,-0.7803583133002966,0.09170073959682133,0.7857277663284453,173.2978485860228,0.0008897361966788995,0.00023690791690488236,0.0009207365859858313,14.910067929981228,0.0011780991481744058,7.348777644061646e-05,0.001180388942770749,3.5693863461986752
b +0.5%,778.0999999999999,70.5,-0.0028187333681995693,-0.05439100193782335,0.054463991311703416,-92.96661528581579,-0.7801836172333866,0.09181298972073089,0.7855673756469463,173.28823046927883,0.0008829683619910063,0.00024394008188965475,0.0009160457913387366,15.444024342396322,0.0011850462053644795,4.007192273736883e-05,0.0011857235208262598,1.9366987987997812
b +0.5%,779.05,70.5,-0.0021689695808618805,-0.05377187943494901,0.05381560598013736,-92.30985919090115,-0.7800172562798127,0.09190972011110234,0.7854134686553244,173.27980397164723,0.0008710291887655468,0.00025166021190582406,0.0009066557836015004,16.115212719768042,0.0011821711424032622,1.8036325689045932e-06,0.001182172518299033,0.08741581493617337
b +0.5%,780.0,70.5,-0.0015097644452197064,-0.05317277524236107,0.053194204718697465,-91.62639424974795,-0.7798754965514885,0.0919961563615112,0.7852828044129849,173.2723303877678,0.000866816585939113,0.00025379357731594715,0.0009032066062346783,16.3194025339427,0.0011776388119065422,-2.8192633099762767e-05,0.0011779762289069122,-1.3713970600657701
