case_label,path,strain_percent,k1_centered,k2_centered,k3_centered,omega3_reduced,num_occupied,slice_mode
Strain_a_Tension_0.5pct,a,0.5,-0.1551334299999998,-0.1314928899999999,0.0,-16.84862801717323,56,fixed_k3
Strain_a_Tension_0.5pct,a,0.5,-0.1512548059999998,-0.1314928899999999,0.0,-17.611553789244535,56,fixed_k3
Strain_a_Tension_0.5pct,a,0.5,-0.1473761819999998,-0.1314928899999999,0.0,-18.981489932825802,56,fixed_k3
Strain_a_Tension_0.5pct,a,0.5,-0.1434975579999998,-0.1314928899999999,0.0,-21.661335932713172,56,fixed_k3
Strain_a_Tension_0.5pct,a,0.5,-0.1396189339999998,-0.1314928899999999,0.0,-26.820300037017574,56,fixed_k3
Strain_a_Tension_0.5pct,a,0.5,-0.1357403099999998,-0.1314928899999999,0.0,-35.297528429496815,56,fixed_k3
Strain_a_Tension_0.5pct,a,0.5,-0.1318616859999998,-0.1314928899999999,0.0,-43.774580192376355,56,fixed_k3
Strain_a_Tension_0.5pct,a,0.5,-0.12798306199999981,-0.1314928899999999,0.0,-42.001235935569625,56,fixed_k3
Strain_a_Tension_0.5pct,a,0.5,-0.12410443799999982,-0.1314928899999999,0.0,-26.493710396482587,56,fixed_k3
Strain_a_Tension_0.5pct,a,0.5,-0.12022581399999982,-0.1314928899999999,0.0,-11.29867897496466,56,fixed_k3
Strain_a_Tension_0.5pct,a,0.5,-0.11634718999999982,-0.1314928899999999,0.0,-5.088051828934614,56,fixed_k3
Strain_a_Tension_0.5pct,a,0.5,-0.11246856599999983,-0.1314928899999999,0.0,-3.6264983209323205,56,fixed_k3
Strain_a_Tension_0.5pct,a,0.5,-0.10858994199999983,-0.1314928899999999,0.0,-3.4630112798472954,56,fixed_k3
Strain_a_Tension_0.5pct,a,0.5,-0.10471131799999983,-0.1314928899999999,0.0,-3.6459397534822715,56,fixed_k3
Strain_a_Tension_0.5pct,a,0.5,-0.10083269399999983,-0.1314928899999999,0.0,-3.9401040872459596,56,fixed_k3
Strain_a_Tension_0.5pct,a,0.5,-0.09695406999999984,-0.1314928899999999,0.0,-4.248745904203663,56,fixed_k3
Strain_a_Tension_0.5pct,a,0.5,-0.09307544599999984,-0.1314928899999999,0.0,-4.502160987885196,56,fixed_k3
Strain_a_Tension_0.5pct,a,0.5,-0.08919682199999984,-0.1314928899999999,0.0,-4.645387121142717,56,fixed_k3
Strain_a_Tension_0.5pct,a,0.5,-0.08531819799999985,-0.1314928899999999,0.0,-4.645917000365651,56,fixed_k3
Strain_a_Tension_0.5pct,a,0.5,-0.08143957399999985,-0.1314928899999999,0.0,-4.49998985698685,56,fixed_k3
Strain_a_Tension_0.5pct,a,0.5,-0.07756094999999985,-0.1314928899999999,0.0,-4.229995632535308,56,fixed_k3
Strain_a_Tension_0.5pct,a,0.5,-0.07368232599999985,-0.1314928899999999,0.0,-3.873978002162964,56,fixed_k3
Strain_a_Tension_0.5pct,a,0.5,-0.06980370199999986,-0.1314928899999999,0.0,-3.4729523530795383,56,fixed_k3
Strain_a_Tension_0.5pct,a,0.5,-0.06592507799999986,-0.1314928899999999,0.0,-3.061430011244153,56,fixed_k3
Strain_a_Tension_0.5pct,a,0.5,-0.06204645399999986,-0.1314928899999999,0.0,-2.6632224631475063,56,fixed_k3
Strain_a_Tension_0.5pct,a,0.5,-0.058167829999999865,-0.1314928899999999,0.0,-2.2915855919273187,56,fixed_k3
Strain_a_Tension_0.5pct,a,0.5,-0.05428920599999987,-0.1314928899999999,0.0,-1.9516173768699194,56,fixed_k3
Strain_a_Tension_0.5pct,a,0.5,-0.05041058199999987,-0.1314928899999999,0.0,-1.6431523667114252,56,fixed_k3
Strain_a_Tension_0.5pct,a,0.5,-0.04653195799999987,-0.1314928899999999,0.0,-1.3632115222992018,56,fixed_k3
Strain_a_Tension_0.5pct,a,0.5,-0.042653333999999876,-0.1314928899999999,0.0,-1.1077290810745577,56,fixed_k3
Strain_a_Tension_0.5pct,a,0.5,-0.03877470999999988,-0.1314928899999999,0.0,-0.8726256204497256,56,fixed_k3
Strain_a_Tension_0.5pct,a,0.5,-0.03489608599999988,-0.1314928899999999,0.0,-0.6544058222268951,56,fixed_k3
Strain_a_Tension_0.5pct,a,0.5,-0.031017461999999885,-0.1314928899999999,0.0,-0.45044916763897414,56,fixed_k3
Strain_a_Tension_0.5pct,a,0.5,-0.027138837999999887,-0.1314928899999999,0.0,-0.2591134212904569,56,fixed_k3
Strain_a_Tension_0.5pct,a,0.5,-0.02326021399999989,-0.1314928899999999,0.0,-0.07972326748084813,56,fixed_k3
Strain_a_Tension_0.5pct,a,0.5,-0.019381589999999893,-0.1314928899999999,0.0,0.0875175483045747,56,fixed_k3
Strain_a_Tension_0.5pct,a,0.5,-0.015502965999999896,-0.1314928899999999,0.0,0.24167201201349853,56,fixed_k3
Strain_a_Tension_0.5pct,a,0.5,-0.011624341999999899,-0.1314928899999999,0.0,0.3812636598095467,56,fixed_k3
Strain_a_Tension_0.5pct,a,0.5,-0.0077457179999999015,-0.1314928899999999,0.0,0.504509626736489,56,fixed_k3
Strain_a_Tension_0.5pct,a,0.5,-0.0038670939999999043,-0.1314928899999999,0.0,0.6095809069961122,56,fixed_k3
Strain_a_Tension_0.5pct,a,0.5,1.1530000000092855e-05,-0.1314928899999999,0.0,0.694872988268437,56,fixed_k3
Strain_a_Tension_0.5pct,a,0.5,0.00389015400000009,-0.1314928899999999,0.0,0.7592658761262396,56,fixed_k3
Strain_a_Tension_0.5pct,a,0.5,0.007768778000000087,-0.1314928899999999,0.0,0.8023507204738558,56,fixed_k3
Strain_a_Tension_0.5pct,a,0.5,0.011647402000000084,-0.1314928899999999,0.0,0.8246016344751754,56,fixed_k3
Strain_a_Tension_0.5pct,a,0.5,0.015526026000000082,-0.1314928899999999,0.0,0.8274757050546504,56,fixed_k3
Strain_a_Tension_0.5pct,a,0.5,0.01940465000000008,-0.1314928899999999,0.0,0.8134305227402829,56,fixed_k3
Strain_a_Tension_0.5pct,a,0.5,0.023283274000000076,-0.1314928899999999,0.0,0.7858550164888372,56,fixed_k3
Strain_a_Tension_0.5pct,a,0.5,0.027161898000000073,-0.1314928899999999,0.0,0.7489139359810815,56,fixed_k3
Strain_a_Tension_0.5pct,a,0.5,0.03104052200000007,-0.1314928899999999,0.0,0.7073071812493255,56,fixed_k3
Strain_a_Tension_0.5pct,a,0.5,0.03491914600000007,-0.1314928899999999,0.0,0.6659411632246726,56,fixed_k3
Strain_a_Tension_0.5pct,a,0.5,0.038797770000000065,-0.1314928899999999,0.0,0.6295002682818267,56,fixed_k3
Strain_a_Tension_0.5pct,a,0.5,0.04267639400000006,-0.1314928899999999,0.0,0.6018934829777218,56,fixed_k3
Strain_a_Tension_0.5pct,a,0.5,0.04655501800000006,-0.1314928899999999,0.0,0.5855378512396654,56,fixed_k3
Strain_a_Tension_0.5pct,a,0.5,0.050433642000000056,-0.1314928899999999,0.0,0.5804344380720363,56,fixed_k3
Strain_a_Tension_0.5pct,a,0.5,0.05431226600000005,-0.1314928899999999,0.0,0.5830087392094803,56,fixed_k3
Strain_a_Tension_0.5pct,a,0.5,0.05819089000000005,-0.1314928899999999,0.0,0.5847507962719964,56,fixed_k3
Strain_a_Tension_0.5pct,a,0.5,0.06206951400000005,-0.1314928899999999,0.0,0.5708334639681936,56,fixed_k3
Strain_a_Tension_0.5pct,a,0.5,0.06594813800000005,-0.1314928899999999,0.0,0.519134033574844,56,fixed_k3
Strain_a_Tension_0.5pct,a,0.5,0.06982676200000004,-0.1314928899999999,0.0,0.40040177987272996,56,fixed_k3
Strain_a_Tension_0.5pct,a,0.5,0.07370538600000004,-0.1314928899999999,0.0,0.1805318277240504,56,fixed_k3
Strain_a_Tension_0.5pct,a,0.5,0.07758401000000004,-0.1314928899999999,0.0,-0.17434190774043445,56,fixed_k3
Strain_a_Tension_0.5pct,a,0.5,0.08146263400000003,-0.1314928899999999,0.0,-0.6903828693889076,56,fixed_k3
Strain_a_Tension_0.5pct,a,0.5,0.08534125800000003,-0.1314928899999999,0.0,-1.3788429772318405,56,fixed_k3
Strain_a_Tension_0.5pct,a,0.5,0.08921988200000003,-0.1314928899999999,0.0,-2.234203307601545,56,fixed_k3
Strain_a_Tension_0.5pct,a,0.5,0.09309850600000003,-0.1314928899999999,0.0,-3.2443598934385838,56,fixed_k3
Strain_a_Tension_0.5pct,a,0.5,0.09697713000000002,-0.1314928899999999,0.0,-4.4208698201166765,56,fixed_k3
Strain_a_Tension_0.5pct,a,0.5,0.10085575400000002,-0.1314928899999999,0.0,-5.86404487142419,56,fixed_k3
Strain_a_Tension_0.5pct,a,0.5,0.10473437800000002,-0.1314928899999999,0.0,-7.904088029572385,56,fixed_k3
Strain_a_Tension_0.5pct,a,0.5,0.10861300200000001,-0.1314928899999999,0.0,-11.428592330393958,56,fixed_k3
Strain_a_Tension_0.5pct,a,0.5,0.11249162600000001,-0.1314928899999999,0.0,-18.594597606376524,56,fixed_k3
Strain_a_Tension_0.5pct,a,0.5,0.11637025000000001,-0.1314928899999999,0.0,-33.62936123670119,56,fixed_k3
Strain_a_Tension_0.5pct,a,0.5,0.120248874,-0.1314928899999999,0.0,-59.685943502037425,56,fixed_k3
Strain_a_Tension_0.5pct,a,0.5,0.124127498,-0.1314928899999999,0.0,-86.66487300072515,56,fixed_k3
Strain_a_Tension_0.5pct,a,0.5,0.128006122,-0.1314928899999999,0.0,-94.12436243690806,56,fixed_k3
Strain_a_Tension_0.5pct,a,0.5,0.131884746,-0.1314928899999999,0.0,-75.5349431698834,56,fixed_k3
Strain_a_Tension_0.5pct,a,0.5,0.13576337,-0.1314928899999999,0.0,-46.87703414730976,56,fixed_k3
Strain_a_Tension_0.5pct,a,0.5,0.139641994,-0.1314928899999999,0.0,-25.576922636749746,56,fixed_k3
Strain_a_Tension_0.5pct,a,0.5,0.143520618,-0.1314928899999999,0.0,-14.184218198374477,56,fixed_k3
Strain_a_Tension_0.5pct,a,0.5,0.14739924199999999,-0.1314928899999999,0.0,-8.88505465912861,56,fixed_k3
Strain_a_Tension_0.5pct,a,0.5,0.15127786599999998,-0.1314928899999999,0.0,-6.558182929254638,56,fixed_k3
Strain_a_Tension_0.5pct,a,0.5,0.15515649,-0.1314928899999999,0.0,-5.642337618284829,56,fixed_k3
Strain_a_Tension_0.5pct,a,0.5,-0.1551334299999998,-0.1282062518749999,0.0,-15.59539778020122,56,fixed_k3
Strain_a_Tension_0.5pct,a,0.5,-0.1512548059999998,-0.1282062518749999,0.0,-16.577695181010537,56,fixed_k3
Strain_a_Tension_0.5pct,a,0.5,-0.1473761819999998,-0.1282062518749999,0.0,-18.317797306189227,56,fixed_k3
Strain_a_Tension_0.5pct,a,0.5,-0.1434975579999998,-0.1282062518749999,0.0,-21.739012958358085,56,fixed_k3
Strain_a_Tension_0.5pct,a,0.5,-0.1396189339999998,-0.1282062518749999,0.0,-28.804419850143546,56,fixed_k3
Strain_a_Tension_0.5pct,a,0.5,-0.1357403099999998,-0.1282062518749999,0.0,-42.66862327668824,56,fixed_k3
Strain_a_Tension_0.5pct,a,0.5,-0.1318616859999998,-0.1282062518749999,0.0,-62.94379588560136,56,fixed_k3
Strain_a_Tension_0.5pct,a,0.5,-0.12798306199999981,-0.1282062518749999,0.0,-72.03824468631502,56,fixed_k3
Strain_a_Tension_0.5pct,a,0.5,-0.12410443799999982,-0.1282062518749999,0.0,-50.377352860121725,56,fixed_k3
Strain_a_Tension_0.5pct,a,0.5,-0.12022581399999982,-0.1282062518749999,0.0,-21.34784624150314,56,fixed_k3
Strain_a_Tension_0.5pct,a,0.5,-0.11634718999999982,-0.1282062518749999,0.0,-8.013795764649968,56,fixed_k3
Strain_a_Tension_0.5pct,a,0.5,-0.11246856599999983,-0.1282062518749999,0.0,-4.232436181829014,56,fixed_k3
Strain_a_Tension_0.5pct,a,0.5,-0.10858994199999983,-0.1282062518749999,0.0,-3.373224684528502,56,fixed_k3
Strain_a_Tension_0.5pct,a,0.5,-0.10471131799999983,-0.1282062518749999,0.0,-3.3681931597116477,56,fixed_k3
Strain_a_Tension_0.5pct,a,0.5,-0.10083269399999983,-0.1282062518749999,0.0,-3.6425140572105077,56,fixed_k3
Strain_a_Tension_0.5pct,a,0.5,-0.09695406999999984,-0.1282062518749999,0.0,-3.988575308782711,56,fixed_k3
Strain_a_Tension_0.5pct,a,0.5,-0.09307544599999984,-0.1282062518749999,0.0,-4.294834736796964,56,fixed_k3
Strain_a_Tension_0.5pct,a,0.5,-0.08919682199999984,-0.1282062518749999,0.0,-4.488118027443077,56,fixed_k3
Strain_a_Tension_0.5pct,a,0.5,-0.08531819799999985,-0.1282062518749999,0.0,-4.528509600624007,56,fixed_k3
Strain_a_Tension_0.5pct,a,0.5,-0.08143957399999985,-0.1282062518749999,0.0,-4.41120870199103,56,fixed_k3
Strain_a_Tension_0.5pct,a,0.5,-0.07756094999999985,-0.1282062518749999,0.0,-4.161006216570348,56,fixed_k3
Strain_a_Tension_0.5pct,a,0.5,-0.07368232599999985,-0.1282062518749999,0.0,-3.8192950548314006,56,fixed_k3
Strain_a_Tension_0.5pct,a,0.5,-0.06980370199999986,-0.1282062518749999,0.0,-3.4297874430796185,56,fixed_k3
Strain_a_Tension_0.5pct,a,0.5,-0.06592507799999986,-0.1282062518749999,0.0,-3.02851810005825,56,fixed_k3
Strain_a_Tension_0.5pct,a,0.5,-0.06204645399999986,-0.1282062518749999,0.0,-2.639853801730917,56,fixed_k3
Strain_a_Tension_0.5pct,a,0.5,-0.058167829999999865,-0.1282062518749999,0.0,-2.277075752093668,56,fixed_k3
Strain_a_Tension_0.5pct,a,0.5,-0.05428920599999987,-0.1282062518749999,0.0,-1.9451374737395426,56,fixed_k3
Strain_a_Tension_0.5pct,a,0.5,-0.05041058199999987,-0.1282062518749999,0.0,-1.643753687003747,56,fixed_k3
Strain_a_Tension_0.5pct,a,0.5,-0.04653195799999987,-0.1282062518749999,0.0,-1.3699127151167652,56,fixed_k3
Strain_a_Tension_0.5pct,a,0.5,-0.042653333999999876,-0.1282062518749999,0.0,-1.119595660376401,56,fixed_k3
Strain_a_Tension_0.5pct,a,0.5,-0.03877470999999988,-0.1282062518749999,0.0,-0.8888178760111534,56,fixed_k3
Strain_a_Tension_0.5pct,a,0.5,-0.03489608599999988,-0.1282062518749999,0.0,-0.6741955178431014,56,fixed_k3
Strain_a_Tension_0.5pct,a,0.5,-0.031017461999999885,-0.1282062518749999,0.0,-0.47321420666962277,56,fixed_k3
Strain_a_Tension_0.5pct,a,0.5,-0.027138837999999887,-0.1282062518749999,0.0,-0.28432056328034205,56,fixed_k3
Strain_a_Tension_0.5pct,a,0.5,-0.02326021399999989,-0.1282062518749999,0.0,-0.10690689703306289,56,fixed_k3
Strain_a_Tension_0.5pct,a,0.5,-0.019381589999999893,-0.1282062518749999,0.0,0.05877527100078472,56,fixed_k3
Strain_a_Tension_0.5pct,a,0.5,-0.015502965999999896,-0.1282062518749999,0.0,0.21175665391525422,56,fixed_k3
Strain_a_Tension_0.5pct,a,0.5,-0.011624341999999899,-0.1282062518749999,0.0,0.35053855161084213,56,fixed_k3
Strain_a_Tension_0.5pct,a,0.5,-0.0077457179999999015,-0.1282062518749999,0.0,0.4733206606737106,56,fixed_k3
Strain_a_Tension_0.5pct,a,0.5,-0.0038670939999999043,-0.1282062518749999,0.0,0.578257227251493,56,fixed_k3
Strain_a_Tension_0.5pct,a,0.5,1.1530000000092855e-05,-0.1282062518749999,0.0,0.6637252090275707,56,fixed_k3
Strain_a_Tension_0.5pct,a,0.5,0.00389015400000009,-0.1282062518749999,0.0,0.7285836076195311,56,fixed_k3
Strain_a_Tension_0.5pct,a,0.5,0.007768778000000087,-0.1282062518749999,0.0,0.7724010394625025,56,fixed_k3
Strain_a_Tension_0.5pct,a,0.5,0.011647402000000084,-0.1282062518749999,0.0,0.7956298145756926,56,fixed_k3
Strain_a_Tension_0.5pct,a,0.5,0.015526026000000082,-0.1282062518749999,0.0,0.7997091696940295,56,fixed_k3
Strain_a_Tension_0.5pct,a,0.5,0.01940465000000008,-0.1282062518749999,0.0,0.7870867491426203,56,fixed_k3
Strain_a_Tension_0.5pct,a,0.5,0.023283274000000076,-0.1282062518749999,0.0,0.7611541164889561,56,fixed_k3
Strain_a_Tension_0.5pct,a,0.5,0.027161898000000073,-0.1282062518749999,0.0,0.7260969083983508,56,fixed_k3
Strain_a_Tension_0.5pct,a,0.5,0.03104052200000007,-0.1282062518749999,0.0,0.6866613046191166,56,fixed_k3
Strain_a_Tension_0.5pct,a,0.5,0.03491914600000007,-0.1282062518749999,0.0,0.6478344690632807,56,fixed_k3
Strain_a_Tension_0.5pct,a,0.5,0.038797770000000065,-0.1282062518749999,0.0,0.6144270933759266,56,fixed_k3
Strain_a_Tension_0.5pct,a,0.5,0.04267639400000006,-0.1282062518749999,0.0,0.5905320177518893,56,fixed_k3
Strain_a_Tension_0.5pct,a,0.5,0.04655501800000006,-0.1282062518749999,0.0,0.5788171588264692,56,fixed_k3
Strain_a_Tension_0.5pct,a,0.5,0.050433642000000056,-0.1282062518749999,0.0,0.5796007139544006,56,fixed_k3
Strain_a_Tension_0.5pct,a,0.5,0.05431226600000005,-0.1282062518749999,0.0,0.5896660819394834,56,fixed_k3
Strain_a_Tension_0.5pct,a,0.5,0.05819089000000005,-0.1282062518749999,0.0,0.6008282129457929,56,fixed_k3
Strain_a_Tension_0.5pct,a,0.5,0.06206951400000005,-0.1282062518749999,0.0,0.5983981997788637,56,fixed_k3
Strain_a_Tension_0.5pct,a,0.5,0.06594813800000005,-0.1282062518749999,0.0,0.5599419064819209,56,fixed_k3
Strain_a_Tension_0.5pct,a,0.5,0.06982676200000004,-0.1282062518749999,0.0,0.4550756859465568,56,fixed_k3
Strain_a_Tension_0.5pct,a,0.5,0.07370538600000004,-0.1282062518749999,0.0,0.24733533422723575,56,fixed_k3
Strain_a_Tension_0.5pct,a,0.5,0.07758401000000004,-0.1282062518749999,0.0,-0.10098350396304578,56,fixed_k3
Strain_a_Tension_0.5pct,a,0.5,0.08146263400000003,-0.1282062518749999,0.0,-0.62121705955221,56,fixed_k3
Strain_a_Tension_0.5pct,a,0.5,0.08534125800000003,-0.1282062518749999,0.0,-1.3304934359938438,56,fixed_k3
Strain_a_Tension_0.5pct,a,0.5,0.08921988200000003,-0.1282062518749999,0.0,-2.22915422810826,56,fixed_k3
Strain_a_Tension_0.5pct,a,0.5,0.09309850600000003,-0.1282062518749999,0.0,-3.3112672842580313,56,fixed_k3
Strain_a_Tension_0.5pct,a,0.5,0.09697713000000002,-0.1282062518749999,0.0,-4.59833938342835,56,fixed_k3
Strain_a_Tension_0.5pct,a,0.5,0.10085575400000002,-0.1282062518749999,0.0,-6.215811835545493,56,fixed_k3
Strain_a_Tension_0.5pct,a,0.5,0.10473437800000002,-0.1282062518749999,0.0,-8.570302573672473,56,fixed_k3
Strain_a_Tension_0.5pct,a,0.5,0.10861300200000001,-0.1282062518749999,0.0,-12.805974739936685,56,fixed_k3
Strain_a_Tension_0.5pct,a,0.5,0.11249162600000001,-0.1282062518749999,0.0,-22.005293428618284,56,fixed_k3
Strain_a_Tension_0.5pct,a,0.5,0.11637025000000001,-0.1282062518749999,0.0,-43.56053934372519,56,fixed_k3
Strain_a_Tension_0.5pct,a,0.5,0.120248874,-0.1282062518749999,0.0,-87.14746232067849,56,fixed_k3
Strain_a_Tension_0.5pct,a,0.5,0.124127498,-0.1282062518749999,0.0,-137.87847762922436,56,fixed_k3
Strain_a_Tension_0.5pct,a,0.5,0.128006122,-0.1282062518749999,0.0,-146.9390762258678,56,fixed_k3
Strain_a_Tension_0.5pct,a,0.5,0.131884746,-0.1282062518749999,0.0,-105.22353635553962,56,fixed_k3
Strain_a_Tension_0.5pct,a,0.5,0.13576337,-0.1282062518749999,0.0,-57.67145191059878,56,fixed_k3
Strain_a_Tension_0.5pct,a,0.5,0.139641994,-0.1282062518749999,0.0,-29.366972527865745,56,fixed_k3
Strain_a_Tension_0.5pct,a,0.5,0.143520618,-0.1282062518749999,0.0,-16.087249010939214,56,fixed_k3
Strain_a_Tension_0.5pct,a,0.5,0.14739924199999999,-0.1282062518749999,0.0,-10.148002923477598,56,fixed_k3
Strain_a_Tension_0.5pct,a,0.5,0.15127786599999998,-0.1282062518749999,0.0,-7.375456742086375,56,fixed_k3
Strain_a_Tension_0.5pct,a,0.5,0.15515649,-0.1282062518749999,0.0,-5.990326748561383,56,fixed_k3
Strain_a_Tension_0.5pct,a,0.5,-0.1551334299999998,-0.1249196137499999,0.0,-14.443321337041313,56,fixed_k3
Strain_a_Tension_0.5pct,a,0.5,-0.1512548059999998,-0.1249196137499999,0.0,-15.55944915104329,56,fixed_k3
Strain_a_Tension_0.5pct,a,0.5,-0.1473761819999998,-0.1249196137499999,0.0,-17.518049780460522,56,fixed_k3
Strain_a_Tension_0.5pct,a,0.5,-0.1434975579999998,-0.1249196137499999,0.0,-21.398568197869636,56,fixed_k3
Strain_a_Tension_0.5pct,a,0.5,-0.1396189339999998,-0.1249196137499999,0.0,-29.88688171874733,56,fixed_k3
Strain_a_Tension_0.5pct,a,0.5,-0.1357403099999998,-0.1249196137499999,0.0,-49.18559324735716,56,fixed_k3
Strain_a_Tension_0.5pct,a,0.5,-0.1318616859999998,-0.1249196137499999,0.0,-87.36673497166451,56,fixed_k3
Strain_a_Tension_0.5pct,a,0.5,-0.12798306199999981,-0.1249196137499999,0.0,-124.50457207430635,56,fixed_k3
Strain_a_Tension_0.5pct,a,0.5,-0.12410443799999982,-0.1249196137499999,0.0,-96.51561967539577,56,fixed_k3
Strain_a_Tension_0.5pct,a,0.5,-0.12022581399999982,-0.1249196137499999,0.0,-38.321104322836106,56,fixed_k3
Strain_a_Tension_0.5pct,a,0.5,-0.11634718999999982,-0.1249196137499999,0.0,-12.034143627413187,56,fixed_k3
Strain_a_Tension_0.5pct,a,0.5,-0.11246856599999983,-0.1249196137499999,0.0,-4.917594134180494,56,fixed_k3
Strain_a_Tension_0.5pct,a,0.5,-0.10858994199999983,-0.1249196137499999,0.0,-3.231040598632532,56,fixed_k3
Strain_a_Tension_0.5pct,a,0.5,-0.10471131799999983,-0.1249196137499999,0.0,-3.035592537975603,56,fixed_k3
Strain_a_Tension_0.5pct,a,0.5,-0.10083269399999983,-0.1249196137499999,0.0,-3.3032798705114517,56,fixed_k3
Strain_a_Tension_0.5pct,a,0.5,-0.09695406999999984,-0.1249196137499999,0.0,-3.699553487306069,56,fixed_k3
Strain_a_Tension_0.5pct,a,0.5,-0.09307544599999984,-0.1249196137499999,0.0,-4.068846183125449,56,fixed_k3
Strain_a_Tension_0.5pct,a,0.5,-0.08919682199999984,-0.1249196137499999,0.0,-4.319504812377998,56,fixed_k3
Strain_a_Tension_0.5pct,a,0.5,-0.08531819799999985,-0.1249196137499999,0.0,-4.40447481082132,56,fixed_k3
Strain_a_Tension_0.5pct,a,0.5,-0.08143957399999985,-0.1249196137499999,0.0,-4.318542134714809,56,fixed_k3
Strain_a_Tension_0.5pct,a,0.5,-0.07756094999999985,-0.1249196137499999,0.0,-4.0896268829808395,56,fixed_k3
Strain_a_Tension_0.5pct,a,0.5,-0.07368232599999985,-0.1249196137499999,0.0,-3.7630528301795323,56,fixed_k3
Strain_a_Tension_0.5pct,a,0.5,-0.06980370199999986,-0.1249196137499999,0.0,-3.385574644326163,56,fixed_k3
Strain_a_Tension_0.5pct,a,0.5,-0.06592507799999986,-0.1249196137499999,0.0,-2.994908587052919,56,fixed_k3
Strain_a_Tension_0.5pct,a,0.5,-0.06204645399999986,-0.1249196137499999,0.0,-2.6160359904531814,56,fixed_k3
Strain_a_Tension_0.5pct,a,0.5,-0.058167829999999865,-0.1249196137499999,0.0,-2.2622879465334083,56,fixed_k3
Strain_a_Tension_0.5pct,a,0.5,-0.05428920599999987,-0.1249196137499999,0.0,-1.9384920683988047,56,fixed_k3
Strain_a_Tension_0.5pct,a,0.5,-0.05041058199999987,-0.1249196137499999,0.0,-1.644262415040517,56,fixed_k3
Strain_a_Tension_0.5pct,a,0.5,-0.04653195799999987,-0.1249196137499999,0.0,-1.3765730005966532,56,fixed_k3
Strain_a_Tension_0.5pct,a,0.5,-0.042653333999999876,-0.1249196137499999,0.0,-1.1314669495491794,56,fixed_k3
Strain_a_Tension_0.5pct,a,0.5,-0.03877470999999988,-0.1249196137499999,0.0,-0.9050652866121265,56,fixed_k3
Strain_a_Tension_0.5pct,a,0.5,-0.03489608599999988,-0.1249196137499999,0.0,-0.6941023488113611,56,fixed_k3
Strain_a_Tension_0.5pct,a,0.5,-0.031017461999999885,-0.1249196137499999,0.0,-0.49617309418551203,56,fixed_k3
Strain_a_Tension_0.5pct,a,0.5,-0.027138837999999887,-0.1249196137499999,0.0,-0.309813545186433,56,fixed_k3
Strain_a_Tension_0.5pct,a,0.5,-0.02326021399999989,-0.1249196137499999,0.0,-0.13448235016133836,56,fixed_k3
Strain_a_Tension_0.5pct,a,0.5,-0.019381589999999893,-0.1249196137499999,0.0,0.0295236018821603,56,fixed_k3
Strain_a_Tension_0.5pct,a,0.5,-0.015502965999999896,-0.1249196137499999,0.0,0.18120569031388056,56,fixed_k3
Strain_a_Tension_0.5pct,a,0.5,-0.011624341999999899,-0.1249196137499999,0.0,0.31904596947738595,56,fixed_k3
Strain_a_Tension_0.5pct,a,0.5,-0.0077457179999999015,-0.1249196137499999,0.0,0.44122936098075405,56,fixed_k3
Strain_a_Tension_0.5pct,a,0.5,-0.0038670939999999043,-0.1249196137499999,0.0,0.5458954163629826,56,fixed_k3
Strain_a_Tension_0.5pct,a,0.5,1.1530000000092855e-05,-0.1249196137499999,0.0,0.6314038149028507,56,fixed_k3
Strain_a_Tension_0.5pct,a,0.5,0.00389015400000009,-0.1249196137499999,0.0,0.6965928928214979,56,fixed_k3
Strain_a_Tension_0.5pct,a,0.5,0.007768778000000087,-0.1249196137499999,0.0,0.7410081091619545,56,fixed_k3
Strain_a_Tension_0.5pct,a,0.5,0.011647402000000084,-0.1249196137499999,0.0,0.7650783696827448,56,fixed_k3
Strain_a_Tension_0.5pct,a,0.5,0.015526026000000082,-0.1249196137499999,0.0,0.7702224720324624,56,fixed_k3
Strain_a_Tension_0.5pct,a,0.5,0.01940465000000008,-0.1249196137499999,0.0,0.7588745037745421,56,fixed_k3
Strain_a_Tension_0.5pct,a,0.5,0.023283274000000076,-0.1249196137499999,0.0,0.7344239579540637,56,fixed_k3
Strain_a_Tension_0.5pct,a,0.5,0.027161898000000073,-0.1249196137499999,0.0,0.7010714518468566,56,fixed_k3
Strain_a_Tension_0.5pct,a,0.5,0.03104052200000007,-0.1249196137499999,0.0,0.6636022355228581,56,fixed_k3
Strain_a_Tension_0.5pct,a,0.5,0.03491914600000007,-0.1249196137499999,0.0,0.6270757063389794,56,fixed_k3
Strain_a_Tension_0.5pct,a,0.5,0.038797770000000065,-0.1249196137499999,0.0,0.596419285730208,56,fixed_k3
Strain_a_Tension_0.5pct,a,0.5,0.04267639400000006,-0.1249196137499999,0.0,0.5758998248277267,56,fixed_k3
Strain_a_Tension_0.5pct,a,0.5,0.04655501800000006,-0.1249196137499999,0.0,0.5684277191221603,56,fixed_k3
Strain_a_Tension_0.5pct,a,0.5,0.050433642000000056,-0.1249196137499999,0.0,0.5746344465451965,56,fixed_k3
Strain_a_Tension_0.5pct,a,0.5,0.05431226600000005,-0.1249196137499999,0.0,0.591666709198222,56,fixed_k3
Strain_a_Tension_0.5pct,a,0.5,0.05819089000000005,-0.1249196137499999,0.0,0.6116846841656249,56,fixed_k3
Strain_a_Tension_0.5pct,a,0.5,0.06206951400000005,-0.1249196137499999,0.0,0.6201766707635681,56,fixed_k3
Strain_a_Tension_0.5pct,a,0.5,0.06594813800000005,-0.1249196137499999,0.0,0.5944496323995376,56,fixed_k3
Strain_a_Tension_0.5pct,a,0.5,0.06982676200000004,-0.1249196137499999,0.0,0.5030276502078848,56,fixed_k3
Strain_a_Tension_0.5pct,a,0.5,0.07370538600000004,-0.1249196137499999,0.0,0.3070584076366947,56,fixed_k3
Strain_a_Tension_0.5pct,a,0.5,0.07758401000000004,-0.1249196137499999,0.0,-0.03518724693270814,56,fixed_k3
Strain_a_Tension_0.5pct,a,0.5,0.08146263400000003,-0.1249196137499999,0.0,-0.5606499582592193,56,fixed_k3
Strain_a_Tension_0.5pct,a,0.5,0.08534125800000003,-0.1249196137499999,0.0,-1.2930407850078451,56,fixed_k3
Strain_a_Tension_0.5pct,a,0.5,0.08921988200000003,-0.1249196137499999,0.0,-2.239498293153032,56,fixed_k3
Strain_a_Tension_0.5pct,a,0.5,0.09309850600000003,-0.1249196137499999,0.0,-3.4014330022835253,56,fixed_k3
Strain_a_Tension_0.5pct,a,0.5,0.09697713000000002,-0.1249196137499999,0.0,-4.8121170663062856,56,fixed_k3
Strain_a_Tension_0.5pct,a,0.5,0.10085575400000002,-0.1249196137499999,0.0,-6.626242361671473,56,fixed_k3
Strain_a_Tension_0.5pct,a,0.5,0.10473437800000002,-0.1249196137499999,0.0,-9.339712781505215,56,fixed_k3
Strain_a_Tension_0.5pct,a,0.5,0.10861300200000001,-0.1249196137499999,0.0,-14.408232791544803,56,fixed_k3
Strain_a_Tension_0.5pct,a,0.5,0.11249162600000001,-0.1249196137499999,0.0,-26.153884180231394,56,fixed_k3
Strain_a_Tension_0.5pct,a,0.5,0.11637025000000001,-0.1249196137499999,0.0,-57.140325161130804,56,fixed_k3
Strain_a_Tension_0.5pct,a,0.5,0.120248874,-0.1249196137499999,0.0,-132.46354889170465,56,fixed_k3
Strain_a_Tension_0.5pct,a,0.5,0.124127498,-0.1249196137499999,0.0,-233.77553844889152,56,fixed_k3
Strain_a_Tension_0.5pct,a,0.5,0.128006122,-0.1249196137499999,0.0,-235.7846204509072,56,fixed_k3
Strain_a_Tension_0.5pct,a,0.5,0.131884746,-0.1249196137499999,0.0,-141.8127885450409,56,fixed_k3
Strain_a_Tension_0.5pct,a,0.5,0.13576337,-0.1249196137499999,0.0,-67.12241541798718,56,fixed_k3
Strain_a_Tension_0.5pct,a,0.5,0.139641994,-0.1249196137499999,0.0,-32.03526716454606,56,fixed_k3
Strain_a_Tension_0.5pct,a,0.5,0.143520618,-0.1249196137499999,0.0,-17.446554886557937,56,fixed_k3
Strain_a_Tension_0.5pct,a,0.5,0.14739924199999999,-0.1249196137499999,0.0,-11.142383764795554,56,fixed_k3
Strain_a_Tension_0.5pct,a,0.5,0.15127786599999998,-0.1249196137499999,0.0,-8.097087258260244,56,fixed_k3
Strain_a_Tension_0.5pct,a,0.5,0.15515649,-0.1249196137499999,0.0,-6.40608899777787,56,fixed_k3
Strain_a_Tension_0.5pct,a,0.5,-0.1551334299999998,-0.12163297562499989,0.0,-13.399590723232974,56,fixed_k3
Strain_a_Tension_0.5pct,a,0.5,-0.1512548059999998,-0.12163297562499989,0.0,-14.584731019614875,56,fixed_k3
Strain_a_Tension_0.5pct,a,0.5,-0.1473761819999998,-0.12163297562499989,0.0,-16.640822897568306,56,fixed_k3
Strain_a_Tension_0.5pct,a,0.5,-0.1434975579999998,-0.12163297562499989,0.0,-20.721950980027515,56,fixed_k3
Strain_a_Tension_0.5pct,a,0.5,-0.1396189339999998,-0.12163297562499989,0.0,-30.01510339278794,56,fixed_k3
Strain_a_Tension_0.5pct,a,0.5,-0.1357403099999998,-0.12163297562499989,0.0,-53.76291308553582,56,fixed_k3
Strain_a_Tension_0.5pct,a,0.5,-0.1318616859999998,-0.12163297562499989,0.0,-115.16386518701663,56,fixed_k3
Strain_a_Tension_0.5pct,a,0.5,-0.12798306199999981,-0.12163297562499989,0.0,-219.34570411252494,56,fixed_k3
Strain_a_Tension_0.5pct,a,0.5,-0.12410443799999982,-0.12163297562499989,0.0,-196.64422958541613,56,fixed_k3
Strain_a_Tension_0.5pct,a,0.5,-0.12022581399999982,-0.12163297562499989,0.0,-68.63722507459178,56,fixed_k3
Strain_a_Tension_0.5pct,a,0.5,-0.11634718999999982,-0.12163297562499989,0.0,-17.617086943585072,56,fixed_k3
Strain_a_Tension_0.5pct,a,0.5,-0.11246856599999983,-0.12163297562499989,0.0,-5.712333856670122,56,fixed_k3
Strain_a_Tension_0.5pct,a,0.5,-0.10858994199999983,-0.12163297562499989,0.0,-3.045477747276629,56,fixed_k3
Strain_a_Tension_0.5pct,a,0.5,-0.10471131799999983,-0.12163297562499989,0.0,-2.654673691077034,56,fixed_k3
Strain_a_Tension_0.5pct,a,0.5,-0.10083269399999983,-0.12163297562499989,0.0,-2.927017229520216,56,fixed_k3
Strain_a_Tension_0.5pct,a,0.5,-0.09695406999999984,-0.12163297562499989,0.0,-3.3850293433369893,56,fixed_k3
Strain_a_Tension_0.5pct,a,0.5,-0.09307544599999984,-0.12163297562499989,0.0,-3.826804752991455,56,fixed_k3
Strain_a_Tension_0.5pct,a,0.5,-0.08919682199999984,-0.12163297562499989,0.0,-4.14165728275826,56,fixed_k3
Strain_a_Tension_0.5pct,a,0.5,-0.08531819799999985,-0.12163297562499989,0.0,-4.275494697958367,56,fixed_k3
Strain_a_Tension_0.5pct,a,0.5,-0.08143957399999985,-0.12163297562499989,0.0,-4.223278332769132,56,fixed_k3
Strain_a_Tension_0.5pct,a,0.5,-0.07756094999999985,-0.12163297562499989,0.0,-4.016801944278587,56,fixed_k3
Strain_a_Tension_0.5pct,a,0.5,-0.07368232599999985,-0.12163297562499989,0.0,-3.7059157653941073,56,fixed_k3
Strain_a_Tension_0.5pct,a,0.5,-0.06980370199999986,-0.12163297562499989,0.0,-3.34076040423299,56,fixed_k3
Strain_a_Tension_0.5pct,a,0.5,-0.06592507799999986,-0.12163297562499989,0.0,-2.9608812071064494,56,fixed_k3
Strain_a_Tension_0.5pct,a,0.5,-0.06204645399999986,-0.12163297562499989,0.0,-2.591922319484542,56,fixed_k3
Strain_a_Tension_0.5pct,a,0.5,-0.058167829999999865,-0.12163297562499989,0.0,-2.2472806749097747,56,fixed_k3
Strain_a_Tension_0.5pct,a,0.5,-0.05428920599999987,-0.12163297562499989,0.0,-1.9316699932623973,56,fixed_k3
Strain_a_Tension_0.5pct,a,0.5,-0.05041058199999987,-0.12163297562499989,0.0,-1.644617536683542,56,fixed_k3
Strain_a_Tension_0.5pct,a,0.5,-0.04653195799999987,-0.12163297562499989,0.0,-1.3830967899330169,56,fixed_k3
Strain_a_Tension_0.5pct,a,0.5,-0.042653333999999876,-0.12163297562499989,0.0,-1.1432241333988888,56,fixed_k3
Strain_a_Tension_0.5pct,a,0.5,-0.03877470999999988,-0.12163297562499989,0.0,-0.9212338591027507,56,fixed_k3
Strain_a_Tension_0.5pct,a,0.5,-0.03489608599999988,-0.12163297562499989,0.0,-0.7139825123812833,56,fixed_k3
Strain_a_Tension_0.5pct,a,0.5,-0.031017461999999885,-0.12163297562499989,0.0,-0.5191754846731418,56,fixed_k3
Strain_a_Tension_0.5pct,a,0.5,-0.027138837999999887,-0.12163297562499989,0.0,-0.3354371530178577,56,fixed_k3
Strain_a_Tension_0.5pct,a,0.5,-0.02326021399999989,-0.12163297562499989,0.0,-0.16229005452982115,56,fixed_k3
Strain_a_Tension_0.5pct,a,0.5,-0.019381589999999893,-0.12163297562499989,0.0,-7.32238455309897e-05,56,fixed_k3
Strain_a_Tension_0.5pct,a,0.5,-0.015502965999999896,-0.12163297562499989,0.0,0.1501888602448469,56,fixed_k3
Strain_a_Tension_0.5pct,a,0.5,-0.011624341999999899,-0.12163297562499989,0.0,0.2869623178136411,56,fixed_k3
Strain_a_Tension_0.5pct,a,0.5,-0.0077457179999999015,-0.12163297562499989,0.0,0.4084201181434053,56,fixed_k3
Strain_a_Tension_0.5pct,a,0.5,-0.0038670939999999043,-0.12163297562499989,0.0,0.5126892174187465,56,fixed_k3
Strain_a_Tension_0.5pct,a,0.5,1.1530000000092855e-05,-0.12163297562499989,0.0,0.5981132432103049,56,fixed_k3
Strain_a_Tension_0.5pct,a,0.5,0.00389015400000009,-0.12163297562499989,0.0,0.6635101467778779,56,fixed_k3
Strain_a_Tension_0.5pct,a,0.5,0.007768778000000087,-0.12163297562499989,0.0,0.708401546173294,56,fixed_k3
Strain_a_Tension_0.5pct,a,0.5,0.011647402000000084,-0.12163297562499989,0.0,0.7331913053636963,56,fixed_k3
Strain_a_Tension_0.5pct,a,0.5,0.015526026000000082,-0.12163297562499989,0.0,0.7392751973489338,56,fixed_k3
Strain_a_Tension_0.5pct,a,0.5,0.01940465000000008,-0.12163297562499989,0.0,0.7290701919817075,56,fixed_k3
Strain_a_Tension_0.5pct,a,0.5,0.023283274000000076,-0.12163297562499989,0.0,0.7059590965813225,56,fixed_k3
Strain_a_Tension_0.5pct,a,0.5,0.027161898000000073,-0.12163297562499989,0.0,0.674151710500591,56,fixed_k3
Strain_a_Tension_0.5pct,a,0.5,0.03104052200000007,-0.12163297562499989,0.0,0.6384652247658473,56,fixed_k3
Strain_a_Tension_0.5pct,a,0.5,0.03491914600000007,-0.12163297562499989,0.0,0.6040227231798783,56,fixed_k3
Strain_a_Tension_0.5pct,a,0.5,0.038797770000000065,-0.12163297562499989,0.0,0.5758585180757576,56,fixed_k3
Strain_a_Tension_0.5pct,a,0.5,0.04267639400000006,-0.12163297562499989,0.0,0.5584029358861256,56,fixed_k3
Strain_a_Tension_0.5pct,a,0.5,0.04655501800000006,-0.12163297562499989,0.0,0.554799066594422,56,fixed_k3
Strain_a_Tension_0.5pct,a,0.5,0.050433642000000056,-0.12163297562499989,0.0,0.5659854033051066,56,fixed_k3
Strain_a_Tension_0.5pct,a,0.5,0.05431226600000005,-0.12163297562499989,0.0,0.5894736077411902,56,fixed_k3
Strain_a_Tension_0.5pct,a,0.5,0.05819089000000005,-0.12163297562499989,0.0,0.6177842050965618,56,fixed_k3
Strain_a_Tension_0.5pct,a,0.5,0.06206951400000005,-0.12163297562499989,0.0,0.6366153036611735,56,fixed_k3
Strain_a_Tension_0.5pct,a,0.5,0.06594813800000005,-0.12163297562499989,0.0,0.6230606924569155,56,fixed_k3
Strain_a_Tension_0.5pct,a,0.5,0.06982676200000004,-0.12163297562499989,0.0,0.5445860444686104,56,fixed_k3
Strain_a_Tension_0.5pct,a,0.5,0.07370538600000004,-0.12163297562499989,0.0,0.35991330923664355,56,fixed_k3
Strain_a_Tension_0.5pct,a,0.5,0.07758401000000004,-0.12163297562499989,0.0,0.023083378875849325,56,fixed_k3
Strain_a_Tension_0.5pct,a,0.5,0.08146263400000003,-0.12163297562499989,0.0,-0.5089224356023427,56,fixed_k3
Strain_a_Tension_0.5pct,a,0.5,0.08534125800000003,-0.12163297562499989,0.0,-1.26718096803692,56,fixed_k3
Strain_a_Tension_0.5pct,a,0.5,0.08921988200000003,-0.12163297562499989,0.0,-2.2666679237961147,56,fixed_k3
Strain_a_Tension_0.5pct,a,0.5,0.09309850600000003,-0.12163297562499989,0.0,-3.5174206950912343,56,fixed_k3
Strain_a_Tension_0.5pct,a,0.5,0.09697713000000002,-0.12163297562499989,0.0,-5.066442070134795,56,fixed_k3
Strain_a_Tension_0.5pct,a,0.5,0.10085575400000002,-0.12163297562499989,0.0,-7.102165799991502,56,fixed_k3
Strain_a_Tension_0.5pct,a,0.5,0.10473437800000002,-0.12163297562499989,0.0,-10.223879991532351,56,fixed_k3
Strain_a_Tension_0.5pct,a,0.5,0.10861300200000001,-0.12163297562499989,0.0,-16.260147255741078,56,fixed_k3
Strain_a_Tension_0.5pct,a,0.5,0.11249162600000001,-0.12163297562499989,0.0,-31.159294394018794,56,fixed_k3
Strain_a_Tension_0.5pct,a,0.5,0.11637025000000001,-0.12163297562499989,0.0,-75.792792998589,56,fixed_k3
Strain_a_Tension_0.5pct,a,0.5,0.120248874,-0.12163297562499989,0.0,-211.94132894532098,56,fixed_k3
Strain_a_Tension_0.5pct,a,0.5,0.124127498,-0.12163297562499989,0.0,-435.20366258526866,56,fixed_k3
Strain_a_Tension_0.5pct,a,0.5,0.128006122,-0.12163297562499989,0.0,-388.1084325157365,56,fixed_k3
Strain_a_Tension_0.5pct,a,0.5,0.131884746,-0.12163297562499989,0.0,-181.66494005125122,56,fixed_k3
Strain_a_Tension_0.5pct,a,0.5,0.13576337,-0.12163297562499989,0.0,-73.7138470707111,56,fixed_k3
Strain_a_Tension_0.5pct,a,0.5,0.139641994,-0.12163297562499989,0.0,-33.439324690262694,56,fixed_k3
Strain_a_Tension_0.5pct,a,0.5,0.143520618,-0.12163297562499989,0.0,-18.273001436642,56,fixed_k3
Strain_a_Tension_0.5pct,a,0.5,0.14739924199999999,-0.12163297562499989,0.0,-11.866824386234127,56,fixed_k3
Strain_a_Tension_0.5pct,a,0.5,0.15127786599999998,-0.12163297562499989,0.0,-8.693270829811212,56,fixed_k3
Strain_a_Tension_0.5pct,a,0.5,0.15515649,-0.12163297562499989,0.0,-6.822765076784601,56,fixed_k3
Strain_a_Tension_0.5pct,a,0.5,-0.1551334299999998,-0.1183463374999999,0.0,-12.465617939792505,56,fixed_k3
Strain_a_Tension_0.5pct,a,0.5,-0.1512548059999998,-0.1183463374999999,0.0,-13.673482134836178,56,fixed_k3
Strain_a_Tension_0.5pct,a,0.5,-0.1473761819999998,-0.1183463374999999,0.0,-15.73839262554657,56,fixed_k3
Strain_a_Tension_0.5pct,a,0.5,-0.1434975579999998,-0.1183463374999999,0.0,-19.811680368882868,56,fixed_k3
Strain_a_Tension_0.5pct,a,0.5,-0.1396189339999998,-0.1183463374999999,0.0,-29.28870402911593,56,fixed_k3
Strain_a_Tension_0.5pct,a,0.5,-0.1357403099999998,-0.1183463374999999,0.0,-55.588251905256726,56,fixed_k3
Strain_a_Tension_0.5pct,a,0.5,-0.1318616859999998,-0.1183463374999999,0.0,-140.6426647588754,56,fixed_k3
Strain_a_Tension_0.5pct,a,0.5,-0.12798306199999981,-0.1183463374999999,0.0,-389.37141096459675,56,fixed_k3
Strain_a_Tension_0.5pct,a,0.5,-0.12410443799999982,-0.1183463374999999,0.0,-454.22299794743543,56,fixed_k3
Strain_a_Tension_0.5pct,a,0.5,-0.12022581399999982,-0.1183463374999999,0.0,-126.25099838545086,56,fixed_k3
Strain_a_Tension_0.5pct,a,0.5,-0.11634718999999982,-0.1183463374999999,0.0,-25.348726749695036,56,fixed_k3
Strain_a_Tension_0.5pct,a,0.5,-0.11246856599999983,-0.1183463374999999,0.0,-6.646988274223652,56,fixed_k3
Strain_a_Tension_0.5pct,a,0.5,-0.10858994199999983,-0.1183463374999999,0.0,-2.8290244379696654,56,fixed_k3
Strain_a_Tension_0.5pct,a,0.5,-0.10471131799999983,-0.1183463374999999,0.0,-2.2340359090860793,56,fixed_k3
Strain_a_Tension_0.5pct,a,0.5,-0.10083269399999983,-0.1183463374999999,0.0,-2.5192666480664574,56,fixed_k3
Strain_a_Tension_0.5pct,a,0.5,-0.09695406999999984,-0.1183463374999999,0.0,-3.0487186270812545,56,fixed_k3
Strain_a_Tension_0.5pct,a,0.5,-0.09307544599999984,-0.1183463374999999,0.0,-3.5714408303244185,56,fixed_k3
Strain_a_Tension_0.5pct,a,0.5,-0.08919682199999984,-0.1183463374999999,0.0,-3.9566982912925255,56,fixed_k3
Strain_a_Tension_0.5pct,a,0.5,-0.08531819799999985,-0.1183463374999999,0.0,-4.143214098475934,56,fixed_k3
Strain_a_Tension_0.5pct,a,0.5,-0.08143957399999985,-0.1183463374999999,0.0,-4.1266454814897635,56,fixed_k3
Strain_a_Tension_0.5pct,a,0.5,-0.07756094999999985,-0.1183463374999999,0.0,-3.9434092527054454,56,fixed_k3
Strain_a_Tension_0.5pct,a,0.5,-0.07368232599999985,-0.1183463374999999,0.0,-3.6484850641267785,56,fixed_k3
Strain_a_Tension_0.5pct,a,0.5,-0.06980370199999986,-0.1183463374999999,0.0,-3.295735825323073,56,fixed_k3
Strain_a_Tension_0.5pct,a,0.5,-0.06592507799999986,-0.1183463374999999,0.0,-2.926669604961324,56,fixed_k3
Strain_a_Tension_0.5pct,a,0.5,-0.06204645399999986,-0.1183463374999999,0.0,-2.5676288945609693,56,fixed_k3
Strain_a_Tension_0.5pct,a,0.5,-0.058167829999999865,-0.1183463374999999,0.0,-2.2320830937055565,56,fixed_k3
Strain_a_Tension_0.5pct,a,0.5,-0.05428920599999987,-0.1183463374999999,0.0,-1.9246373041297828,56,fixed_k3
Strain_a_Tension_0.5pct,a,0.5,-0.05041058199999987,-0.1183463374999999,0.0,-1.64474057641111,56,fixed_k3
Strain_a_Tension_0.5pct,a,0.5,-0.04653195799999987,-0.1183463374999999,0.0,-1.389375227196555,56,fixed_k3
Strain_a_Tension_0.5pct,a,0.5,-0.042653333999999876,-0.1183463374999999,0.0,-1.1547383779070555,56,fixed_k3
Strain_a_Tension_0.5pct,a,0.5,-0.03877470999999988,-0.1183463374999999,0.0,-0.9371820680555083,56,fixed_k3
Strain_a_Tension_0.5pct,a,0.5,-0.03489608599999988,-0.1183463374999999,0.0,-0.7336865709362597,56,fixed_k3
Strain_a_Tension_0.5pct,a,0.5,-0.031017461999999885,-0.1183463374999999,0.0,-0.5420668562611146,56,fixed_k3
Strain_a_Tension_0.5pct,a,0.5,-0.027138837999999887,-0.1183463374999999,0.0,-0.36103313979177054,56,fixed_k3
Strain_a_Tension_0.5pct,a,0.5,-0.02326021399999989,-0.1183463374999999,0.0,-0.19016833018237955,56,fixed_k3
Strain_a_Tension_0.5pct,a,0.5,-0.019381589999999893,-0.1183463374999999,0.0,-0.02984964310087479,56,fixed_k3
Strain_a_Tension_0.5pct,a,0.5,-0.015502965999999896,-0.1183463374999999,0.0,0.118876546306387,56,fixed_k3
Strain_a_Tension_0.5pct,a,0.5,-0.011624341999999899,-0.1183463374999999,0.0,0.25446402480072594,56,fixed_k3
Strain_a_Tension_0.5pct,a,0.5,-0.0077457179999999015,-0.1183463374999999,0.0,0.3750767765720142,56,fixed_k3
Strain_a_Tension_0.5pct,a,0.5,-0.0038670939999999043,-0.1183463374999999,0.0,0.4788313061591962,56,fixed_k3
Strain_a_Tension_0.5pct,a,0.5,1.1530000000092855e-05,-0.1183463374999999,0.0,0.5640563999537167,56,fixed_k3
Strain_a_Tension_0.5pct,a,0.5,0.00389015400000009,-0.1183463374999999,0.0,0.629549862199001,56,fixed_k3
Strain_a_Tension_0.5pct,a,0.5,0.007768778000000087,-0.1183463374999999,0.0,0.6748087462649246,56,fixed_k3
Strain_a_Tension_0.5pct,a,0.5,0.011647402000000084,-0.1183463374999999,0.0,0.700210221427815,56,fixed_k3
Strain_a_Tension_0.5pct,a,0.5,0.015526026000000082,-0.1183463374999999,0.0,0.7071244748358465,56,fixed_k3
Strain_a_Tension_0.5pct,a,0.5,0.01940465000000008,-0.1183463374999999,0.0,0.6979478682166715,56,fixed_k3
Strain_a_Tension_0.5pct,a,0.5,0.023283274000000076,-0.1183463374999999,0.0,0.676052020782357,56,fixed_k3
Strain_a_Tension_0.5pct,a,0.5,0.027161898000000073,-0.1183463374999999,0.0,0.6456502528729517,56,fixed_k3
Strain_a_Tension_0.5pct,a,0.5,0.03104052200000007,-0.1183463374999999,0.0,0.6115846916227885,56,fixed_k3
Strain_a_Tension_0.5pct,a,0.5,0.03491914600000007,-0.1183463374999999,0.0,0.5790336041821722,56,fixed_k3
Strain_a_Tension_0.5pct,a,0.5,0.038797770000000065,-0.1183463374999999,0.0,0.5531282054769724,56,fixed_k3
Strain_a_Tension_0.5pct,a,0.5,0.04267639400000006,-0.1183463374999999,0.0,0.538451243229439,56,fixed_k3
Strain_a_Tension_0.5pct,a,0.5,0.04655501800000006,-0.1183463374999999,0.0,0.5383675777285921,56,fixed_k3
Strain_a_Tension_0.5pct,a,0.5,0.050433642000000056,-0.1183463374999999,0.0,0.5541143690530617,56,fixed_k3
Strain_a_Tension_0.5pct,a,0.5,0.05431226600000005,-0.1183463374999999,0.0,0.5835665394745573,56,fixed_k3
Strain_a_Tension_0.5pct,a,0.5,0.05819089000000005,-0.1183463374999999,0.0,0.6196152672603388,56,fixed_k3
Strain_a_Tension_0.5pct,a,0.5,0.06206951400000005,-0.1183463374999999,0.0,0.6481949685445798,56,fixed_k3
Strain_a_Tension_0.5pct,a,0.5,0.06594813800000005,-0.1183463374999999,0.0,0.646225203078155,56,fixed_k3
Strain_a_Tension_0.5pct,a,0.5,0.06982676200000004,-0.1183463374999999,0.0,0.5801400119821909,56,fixed_k3
Strain_a_Tension_0.5pct,a,0.5,0.07370538600000004,-0.1183463374999999,0.0,0.4061884806554339,56,fixed_k3
Strain_a_Tension_0.5pct,a,0.5,0.07758401000000004,-0.1183463374999999,0.0,0.07395640889428456,56,fixed_k3
Strain_a_Tension_0.5pct,a,0.5,0.08146263400000003,-0.1183463374999999,0.0,-0.46617132129003314,56,fixed_k3
Strain_a_Tension_0.5pct,a,0.5,0.08534125800000003,-0.1183463374999999,0.0,-1.2534997891569946,56,fixed_k3
Strain_a_Tension_0.5pct,a,0.5,0.08921988200000003,-0.1183463374999999,0.0,-2.3119823044841192,56,fixed_k3
Strain_a_Tension_0.5pct,a,0.5,0.09309850600000003,-0.1183463374999999,0.0,-3.661646326715398,56,fixed_k3
Strain_a_Tension_0.5pct,a,0.5,0.09697713000000002,-0.1183463374999999,0.0,-5.365228014686608,56,fixed_k3
Strain_a_Tension_0.5pct,a,0.5,0.10085575400000002,-0.1183463374999999,0.0,-7.649478981456937,56,fixed_k3
Strain_a_Tension_0.5pct,a,0.5,0.10473437800000002,-0.1183463374999999,0.0,-11.23157046099508,56,fixed_k3
Strain_a_Tension_0.5pct,a,0.5,0.10861300200000001,-0.1183463374999999,0.0,-18.376937501841006,56,fixed_k3
Strain_a_Tension_0.5pct,a,0.5,0.11249162600000001,-0.1183463374999999,0.0,-37.10354208050195,56,fixed_k3
Strain_a_Tension_0.5pct,a,0.5,0.11637025000000001,-0.1183463374999999,0.0,-101.24019255281415,56,fixed_k3
Strain_a_Tension_0.5pct,a,0.5,0.120248874,-0.1183463374999999,0.0,-361.4653600383905,56,fixed_k3
Strain_a_Tension_0.5pct,a,0.5,0.124127498,-0.1183463374999999,0.0,-934.1582908337487,56,fixed_k3
Strain_a_Tension_0.5pct,a,0.5,0.128006122,-0.1183463374999999,0.0,-641.2064503013784,56,fixed_k3
Strain_a_Tension_0.5pct,a,0.5,0.131884746,-0.1183463374999999,0.0,-216.09158894802295,56,fixed_k3
Strain_a_Tension_0.5pct,a,0.5,0.13576337,-0.1183463374999999,0.0,-76.3811481973967,56,fixed_k3
Strain_a_Tension_0.5pct,a,0.5,0.139641994,-0.1183463374999999,0.0,-33.64413723027933,56,fixed_k3
Strain_a_Tension_0.5pct,a,0.5,0.143520618,-0.1183463374999999,0.0,-18.634860267885475,56,fixed_k3
Strain_a_Tension_0.5pct,a,0.5,0.14739924199999999,-0.1183463374999999,0.0,-12.348732676438637,56,fixed_k3
Strain_a_Tension_0.5pct,a,0.5,0.15127786599999998,-0.1183463374999999,0.0,-9.159777263065536,56,fixed_k3
Strain_a_Tension_0.5pct,a,0.5,0.15515649,-0.1183463374999999,0.0,-7.203350694083456,56,fixed_k3
Strain_a_Tension_0.5pct,a,0.5,-0.1551334299999998,-0.11505969937499991,0.0,-11.63766636330723,56,fixed_k3
Strain_a_Tension_0.5pct,a,0.5,-0.1512548059999998,-0.11505969937499991,0.0,-12.836680371173795,56,fixed_k3
Strain_a_Tension_0.5pct,a,0.5,-0.1473761819999998,-0.11505969937499991,0.0,-14.850004324204209,56,fixed_k3
Strain_a_Tension_0.5pct,a,0.5,-0.1434975579999998,-0.11505969937499991,0.0,-18.765246882218072,56,fixed_k3
Strain_a_Tension_0.5pct,a,0.5,-0.1396189339999998,-0.11505969937499991,0.0,-27.906189633719933,56,fixed_k3
Strain_a_Tension_0.5pct,a,0.5,-0.1357403099999998,-0.11505969937499991,0.0,-54.47769317471619,56,fixed_k3
Strain_a_Tension_0.5pct,a,0.5,-0.1318616859999998,-0.11505969937499991,0.0,-155.19800291263743,56,fixed_k3
Strain_a_Tension_0.5pct,a,0.5,-0.12798306199999981,-0.11505969937499991,0.0,-654.8945190990638,56,fixed_k3
Strain_a_Tension_0.5pct,a,0.5,-0.12410443799999982,-0.11505969937499991,0.0,-1325.046123572614,56,fixed_k3
Strain_a_Tension_0.5pct,a,0.5,-0.12022581399999982,-0.11505969937499991,0.0,-242.69013739688504,56,fixed_k3
Strain_a_Tension_0.5pct,a,0.5,-0.11634718999999982,-0.11505969937499991,0.0,-35.810657277431865,56,fixed_k3
Strain_a_Tension_0.5pct,a,0.5,-0.11246856599999983,-0.11505969937499991,0.0,-7.7419525384767045,56,fixed_k3
Strain_a_Tension_0.5pct,a,0.5,-0.10858994199999983,-0.11505969937499991,0.0,-2.597040844459708,56,fixed_k3
Strain_a_Tension_0.5pct,a,0.5,-0.10471131799999983,-0.11505969937499991,0.0,-1.7842681002806828,56,fixed_k3
Strain_a_Tension_0.5pct,a,0.5,-0.10083269399999983,-0.11505969937499991,0.0,-2.086449822853746,56,fixed_k3
Strain_a_Tension_0.5pct,a,0.5,-0.09695406999999984,-0.11505969937499991,0.0,-2.694655236486037,56,fixed_k3
Strain_a_Tension_0.5pct,a,0.5,-0.09307544599999984,-0.11505969937499991,0.0,-3.30555844067238,56,fixed_k3
Strain_a_Tension_0.5pct,a,0.5,-0.08919682199999984,-0.11505969937499991,0.0,-3.7667243251501628,56,fixed_k3
Strain_a_Tension_0.5pct,a,0.5,-0.08531819799999985,-0.11505969937499991,0.0,-4.009210971977659,56,fixed_k3
Strain_a_Tension_0.5pct,a,0.5,-0.08143957399999985,-0.11505969937499991,0.0,-4.029791233156889,56,fixed_k3
Strain_a_Tension_0.5pct,a,0.5,-0.07756094999999985,-0.11505969937499991,0.0,-3.8702471439835104,56,fixed_k3
Strain_a_Tension_0.5pct,a,0.5,-0.07368232599999985,-0.11505969937499991,0.0,-3.591291202949362,56,fixed_k3
Strain_a_Tension_0.5pct,a,0.5,-0.06980370199999986,-0.11505969937499991,0.0,-3.250832941213163,56,fixed_k3
Strain_a_Tension_0.5pct,a,0.5,-0.06592507799999986,-0.11505969937499991,0.0,-2.8924599711546075,56,fixed_k3
Strain_a_Tension_0.5pct,a,0.5,-0.06204645399999986,-0.11505969937499991,0.0,-2.5432346504229537,56,fixed_k3
Strain_a_Tension_0.5pct,a,0.5,-0.058167829999999865,-0.11505969937499991,0.0,-2.216695773091993,56,fixed_k3
Strain_a_Tension_0.5pct,a,0.5,-0.05428920599999987,-0.11505969937499991,0.0,-1.9173383912030886,56,fixed_k3
Strain_a_Tension_0.5pct,a,0.5,-0.05041058199999987,-0.11505969937499991,0.0,-1.6445368332268813,56,fixed_k3
Strain_a_Tension_0.5pct,a,0.5,-0.04653195799999987,-0.11505969937499991,0.0,-1.3952874216651407,56,fixed_k3
Strain_a_Tension_0.5pct,a,0.5,-0.042653333999999876,-0.11505969937499991,0.0,-1.1658719923123484,56,fixed_k3
Strain_a_Tension_0.5pct,a,0.5,-0.03877470999999988,-0.11505969937499991,0.0,-0.9527619178596636,56,fixed_k3
Strain_a_Tension_0.5pct,a,0.5,-0.03489608599999988,-0.11505969937499991,0.0,-0.7530604058387773,56,fixed_k3
Strain_a_Tension_0.5pct,a,0.5,-0.031017461999999885,-0.11505969937499991,0.0,-0.5646893601669287,56,fixed_k3
Strain_a_Tension_0.5pct,a,0.5,-0.027138837999999887,-0.11505969937499991,0.0,-0.3864409810278344,56,fixed_k3
Strain_a_Tension_0.5pct,a,0.5,-0.02326021399999989,-0.11505969937499991,0.0,-0.21795406498432568,56,fixed_k3
Strain_a_Tension_0.5pct,a,0.5,-0.019381589999999893,-0.11505969937499991,0.0,-0.05963937591878654,56,fixed_k3
Strain_a_Tension_0.5pct,a,0.5,-0.015502965999999896,-0.11505969937499991,0.0,0.08743921169726265,56,fixed_k3
Strain_a_Tension_0.5pct,a,0.5,-0.011624341999999899,-0.11505969937499991,0.0,0.22172701059015187,56,fixed_k3
Strain_a_Tension_0.5pct,a,0.5,-0.0077457179999999015,-0.11505969937499991,0.0,0.34138211664713847,56,fixed_k3
Strain_a_Tension_0.5pct,a,0.5,-0.0038670939999999043,-0.11505969937499991,0.0,0.44451276891778413,56,fixed_k3
Strain_a_Tension_0.5pct,a,0.5,1.1530000000092855e-05,-0.11505969937499991,0.0,0.5294341146081769,56,fixed_k3
Strain_a_Tension_0.5pct,a,0.5,0.00389015400000009,-0.11505969937499991,0.0,0.5949240203300885,56,fixed_k3
Strain_a_Tension_0.5pct,a,0.5,0.007768778000000087,-0.11505969937499991,0.0,0.6404542280619467,56,fixed_k3
Strain_a_Tension_0.5pct,a,0.5,0.011647402000000084,-0.11505969937499991,0.0,0.6663735617235735,56,fixed_k3
Strain_a_Tension_0.5pct,a,0.5,0.015526026000000082,-0.11505969937499991,0.0,0.6740241021718245,56,fixed_k3
Strain_a_Tension_0.5pct,a,0.5,0.01940465000000008,-0.11505969937499991,0.0,0.6657781980901869,56,fixed_k3
Strain_a_Tension_0.5pct,a,0.5,0.023283274000000076,-0.11505969937499991,0.0,0.6449919062398646,56,fixed_k3
Strain_a_Tension_0.5pct,a,0.5,0.027161898000000073,-0.11505969937499991,0.0,0.6158765641849473,56,fixed_k3
Strain_a_Tension_0.5pct,a,0.5,0.03104052200000007,-0.11505969937499991,0.0,0.5832923871265376,56,fixed_k3
Strain_a_Tension_0.5pct,a,0.5,0.03491914600000007,-0.11505969937499991,0.0,0.5524644228831637,56,fixed_k3
Strain_a_Tension_0.5pct,a,0.5,0.038797770000000065,-0.11505969937499991,0.0,0.5286107481809785,56,fixed_k3
Strain_a_Tension_0.5pct,a,0.5,0.04267639400000006,-0.11505969937499991,0.0,0.5164551167992188,56,fixed_k3
Strain_a_Tension_0.5pct,a,0.5,0.04655501800000006,-0.11505969937499991,0.0,0.519572333152079,56,fixed_k3
Strain_a_Tension_0.5pct,a,0.5,0.050433642000000056,-0.11505969937499991,0.0,0.5394881254510189,56,fixed_k3
Strain_a_Tension_0.5pct,a,0.5,0.05431226600000005,-0.11505969937499991,0.0,0.5744360427286201,56,fixed_k3
Strain_a_Tension_0.5pct,a,0.5,0.05819089000000005,-0.11505969937499991,0.0,0.6176838739140944,56,fixed_k3
Strain_a_Tension_0.5pct,a,0.5,0.06206951400000005,-0.11505969937499991,0.0,0.6554231759382785,56,fixed_k3
Strain_a_Tension_0.5pct,a,0.5,0.06594813800000005,-0.11505969937499991,0.0,0.6644317606512384,56,fixed_k3
Strain_a_Tension_0.5pct,a,0.5,0.06982676200000004,-0.11505969937499991,0.0,0.6101318870134551,56,fixed_k3
Strain_a_Tension_0.5pct,a,0.5,0.07370538600000004,-0.11505969937499991,0.0,0.4462431496774677,56,fixed_k3
Strain_a_Tension_0.5pct,a,0.5,0.07758401000000004,-0.11505969937499991,0.0,0.11765080212386092,56,fixed_k3
Strain_a_Tension_0.5pct,a,0.5,0.08146263400000003,-0.11505969937499991,0.0,-0.432421102427083,56,fixed_k3
Strain_a_Tension_0.5pct,a,0.5,0.08534125800000003,-0.11505969937499991,0.0,-1.2524489155176783,56,fixed_k3
Strain_a_Tension_0.5pct,a,0.5,0.08921988200000003,-0.11505969937499991,0.0,-2.3765936038898605,56,fixed_k3
Strain_a_Tension_0.5pct,a,0.5,0.09309850600000003,-0.11505969937499991,0.0,-3.8362570497149178,56,fixed_k3
Strain_a_Tension_0.5pct,a,0.5,0.09697713000000002,-0.11505969937499991,0.0,-5.711764958077261,56,fixed_k3
Strain_a_Tension_0.5pct,a,0.5,0.10085575400000002,-0.11505969937499991,0.0,-8.272346267656161,56,fixed_k3
Strain_a_Tension_0.5pct,a,0.5,0.10473437800000002,-0.11505969937499991,0.0,-12.366390213149518,56,fixed_k3
Strain_a_Tension_0.5pct,a,0.5,0.10861300200000001,-0.11505969937499991,0.0,-20.755568839499425,56,fixed_k3
Strain_a_Tension_0.5pct,a,0.5,0.11249162600000001,-0.11505969937499991,0.0,-43.97714102745536,56,fixed_k3
Strain_a_Tension_0.5pct,a,0.5,0.11637025000000001,-0.11505969937499991,0.0,-135.04159598028488,56,fixed_k3
Strain_a_Tension_0.5pct,a,0.5,0.120248874,-0.11505969937499991,0.0,-663.9501498796008,56,fixed_k3
Strain_a_Tension_0.5pct,a,0.5,0.124127498,-0.11505969937499991,0.0,-2527.998394755266,56,fixed_k3
Strain_a_Tension_0.5pct,a,0.5,0.128006122,-0.11505969937499991,0.0,-996.9008603584872,56,fixed_k3
Strain_a_Tension_0.5pct,a,0.5,0.131884746,-0.11505969937499991,0.0,-233.5843229065093,56,fixed_k3
Strain_a_Tension_0.5pct,a,0.5,0.13576337,-0.11505969937499991,0.0,-74.9626340802789,56,fixed_k3
Strain_a_Tension_0.5pct,a,0.5,0.139641994,-0.11505969937499991,0.0,-32.86482376023545,56,fixed_k3
Strain_a_Tension_0.5pct,a,0.5,0.143520618,-0.11505969937499991,0.0,-18.626132720635205,56,fixed_k3
Strain_a_Tension_0.5pct,a,0.5,0.14739924199999999,-0.11505969937499991,0.0,-12.62751458033146,56,fixed_k3
Strain_a_Tension_0.5pct,a,0.5,0.15127786599999998,-0.11505969937499991,0.0,-9.505873147753162,56,fixed_k3
Strain_a_Tension_0.5pct,a,0.5,0.15515649,-0.11505969937499991,0.0,-7.530290434024552,56,fixed_k3
Strain_a_Tension_0.5pct,a,0.5,-0.1551334299999998,-0.1117730612499999,0.0,-10.908239741296978,56,fixed_k3
Strain_a_Tension_0.5pct,a,0.5,-0.1512548059999998,-0.1117730612499999,0.0,-12.07755320438433,56,fixed_k3
Strain_a_Tension_0.5pct,a,0.5,-0.1473761819999998,-0.1117730612499999,0.0,-14.000702545576742,56,fixed_k3
Strain_a_Tension_0.5pct,a,0.5,-0.1434975579999998,-0.1117730612499999,0.0,-17.66052190393272,56,fixed_k3
Strain_a_Tension_0.5pct,a,0.5,-0.1396189339999998,-0.1117730612499999,0.0,-26.095156427536306,56,fixed_k3
Strain_a_Tension_0.5pct,a,0.5,-0.1357403099999998,-0.1117730612499999,0.0,-50.91320174288136,56,fixed_k3
Strain_a_Tension_0.5pct,a,0.5,-0.1318616859999998,-0.1117730612499999,0.0,-152.78511349509714,56,fixed_k3
Strain_a_Tension_0.5pct,a,0.5,-0.12798306199999981,-0.1117730612499999,0.0,-905.3470342738459,56,fixed_k3
Strain_a_Tension_0.5pct,a,0.5,-0.12410443799999982,-0.1117730612499999,0.0,-6224.730406978478,56,fixed_k3
Strain_a_Tension_0.5pct,a,0.5,-0.12022581399999982,-0.1117730612499999,0.0,-486.1165701703715,56,fixed_k3
Strain_a_Tension_0.5pct,a,0.5,-0.11634718999999982,-0.1117730612499999,0.0,-49.20937856283416,56,fixed_k3
Strain_a_Tension_0.5pct,a,0.5,-0.11246856599999983,-0.1117730612499999,0.0,-8.991324020434245,56,fixed_k3
Strain_a_Tension_0.5pct,a,0.5,-0.10858994199999983,-0.1117730612499999,0.0,-2.366440103277034,56,fixed_k3
Strain_a_Tension_0.5pct,a,0.5,-0.10471131799999983,-0.1117730612499999,0.0,-1.317740828176492,56,fixed_k3
Strain_a_Tension_0.5pct,a,0.5,-0.10083269399999983,-0.1117730612499999,0.0,-1.6358023124291228,56,fixed_k3
Strain_a_Tension_0.5pct,a,0.5,-0.09695406999999984,-0.1117730612499999,0.0,-2.327137392373317,56,fixed_k3
Strain_a_Tension_0.5pct,a,0.5,-0.09307544599999984,-0.1117730612499999,0.0,-3.031986008697623,56,fixed_k3
Strain_a_Tension_0.5pct,a,0.5,-0.08919682199999984,-0.1117730612499999,0.0,-3.5737656875047614,56,fixed_k3
Strain_a_Tension_0.5pct,a,0.5,-0.08531819799999985,-0.1117730612499999,0.0,-3.8749675586862056,56,fixed_k3
Strain_a_Tension_0.5pct,a,0.5,-0.08143957399999985,-0.1117730612499999,0.0,-3.933763720485813,56,fixed_k3
Strain_a_Tension_0.5pct,a,0.5,-0.07756094999999985,-0.1117730612499999,0.0,-3.7980231978678853,56,fixed_k3
Strain_a_Tension_0.5pct,a,0.5,-0.07368232599999985,-0.1117730612499999,0.0,-3.5347881608166474,56,fixed_k3
Strain_a_Tension_0.5pct,a,0.5,-0.06980370199999986,-0.1117730612499999,0.0,-3.206322442807106,56,fixed_k3
Strain_a_Tension_0.5pct,a,0.5,-0.06592507799999986,-0.1117730612499999,0.0,-2.8583908142312437,56,fixed_k3
Strain_a_Tension_0.5pct,a,0.5,-0.06204645399999986,-0.1117730612499999,0.0,-2.5187822190728326,56,fixed_k3
Strain_a_Tension_0.5pct,a,0.5,-0.058167829999999865,-0.1117730612499999,0.0,-2.201092084333184,56,fixed_k3
Strain_a_Tension_0.5pct,a,0.5,-0.05428920599999987,-0.1117730612499999,0.0,-1.9096975527721805,56,fixed_k3
Strain_a_Tension_0.5pct,a,0.5,-0.05041058199999987,-0.1117730612499999,0.0,-1.6438969576056468,56,fixed_k3
Strain_a_Tension_0.5pct,a,0.5,-0.04653195799999987,-0.1117730612499999,0.0,-1.400701934127938,56,fixed_k3
Strain_a_Tension_0.5pct,a,0.5,-0.042653333999999876,-0.1117730612499999,0.0,-1.1764797826528293,56,fixed_k3
Strain_a_Tension_0.5pct,a,0.5,-0.03877470999999988,-0.1117730612499999,0.0,-0.96782015067599,56,fixed_k3
Strain_a_Tension_0.5pct,a,0.5,-0.03489608599999988,-0.1117730612499999,0.0,-0.7719462829805308,56,fixed_k3
Strain_a_Tension_0.5pct,a,0.5,-0.031017461999999885,-0.1117730612499999,0.0,-0.5868827553813936,56,fixed_k3
Strain_a_Tension_0.5pct,a,0.5,-0.027138837999999887,-0.1117730612499999,0.0,-0.4114986941797545,56,fixed_k3
Strain_a_Tension_0.5pct,a,0.5,-0.02326021399999989,-0.1117730612499999,0.0,-0.24548343617114998,56,fixed_k3
Strain_a_Tension_0.5pct,a,0.5,-0.019381589999999893,-0.1117730612499999,0.0,-0.08927606708979985,56,fixed_k3
Strain_a_Tension_0.5pct,a,0.5,-0.015502965999999896,-0.1117730612499999,0.0,0.05604682040522002,56,fixed_k3
Strain_a_Tension_0.5pct,a,0.5,-0.011624341999999899,-0.1117730612499999,0.0,0.1889261512572462,56,fixed_k3
Strain_a_Tension_0.5pct,a,0.5,-0.0077457179999999015,-0.1117730612499999,0.0,0.30751734424438526,56,fixed_k3
Strain_a_Tension_0.5pct,a,0.5,-0.0038670939999999043,-0.1117730612499999,0.0,0.4099225990445543,56,fixed_k3
Strain_a_Tension_0.5pct,a,0.5,1.1530000000092855e-05,-0.1117730612499999,0.0,0.49444462379881626,56,fixed_k3
Strain_a_Tension_0.5pct,a,0.5,0.00389015400000009,-0.1117730612499999,0.0,0.559841540637124,56,fixed_k3
Strain_a_Tension_0.5pct,a,0.5,0.007768778000000087,-0.1117730612499999,0.0,0.6055590251422331,56,fixed_k3
Strain_a_Tension_0.5pct,a,0.5,0.011647402000000084,-0.1117730612499999,0.0,0.6319159218173169,56,fixed_k3
Strain_a_Tension_0.5pct,a,0.5,0.015526026000000082,-0.1117730612499999,0.0,0.6402237377533813,56,fixed_k3
Strain_a_Tension_0.5pct,a,0.5,0.01940465000000008,-0.1117730612499999,0.0,0.6328274987031928,56,fixed_k3
Strain_a_Tension_0.5pct,a,0.5,0.023283274000000076,-0.1117730612499999,0.0,0.6130634610114729,56,fixed_k3
Strain_a_Tension_0.5pct,a,0.5,0.027161898000000073,-0.1117730612499999,0.0,0.585135644117778,56,fixed_k3
Strain_a_Tension_0.5pct,a,0.5,0.03104052200000007,-0.1117730612499999,0.0,0.5539156811506283,56,fixed_k3
Strain_a_Tension_0.5pct,a,0.5,0.03491914600000007,-0.1117730612499999,0.0,0.5246671407370052,56,fixed_k3
Strain_a_Tension_0.5pct,a,0.5,0.038797770000000065,-0.1117730612499999,0.0,0.5026849479026123,56,fixed_k3
Strain_a_Tension_0.5pct,a,0.5,0.04267639400000006,-0.1117730612499999,0.0,0.4928222240583766,56,fixed_k3
Strain_a_Tension_0.5pct,a,0.5,0.04655501800000006,-0.1117730612499999,0.0,0.49885120965213314,56,fixed_k3
Strain_a_Tension_0.5pct,a,0.5,0.050433642000000056,-0.1117730612499999,0.0,0.5225746751987432,56,fixed_k3
Strain_a_Tension_0.5pct,a,0.5,0.05431226600000005,-0.1117730612499999,0.0,0.5625776641878057,56,fixed_k3
Strain_a_Tension_0.5pct,a,0.5,0.05819089000000005,-0.1117730612499999,0.0,0.6125067187887101,56,fixed_k3
Strain_a_Tension_0.5pct,a,0.5,0.06206951400000005,-0.1117730612499999,0.0,0.6588262871629964,56,fixed_k3
Strain_a_Tension_0.5pct,a,0.5,0.06594813800000005,-0.1117730612499999,0.0,0.6781990409309535,56,fixed_k3
Strain_a_Tension_0.5pct,a,0.5,0.06982676200000004,-0.1117730612499999,0.0,0.6350490014301879,56,fixed_k3
Strain_a_Tension_0.5pct,a,0.5,0.07370538600000004,-0.1117730612499999,0.0,0.4805009081496414,56,fixed_k3
Strain_a_Tension_0.5pct,a,0.5,0.07758401000000004,-0.1117730612499999,0.0,0.15447454301156172,56,fixed_k3
Strain_a_Tension_0.5pct,a,0.5,0.08146263400000003,-0.1117730612499999,0.0,-0.40757665245949304,56,fixed_k3
Strain_a_Tension_0.5pct,a,0.5,0.08534125800000003,-0.1117730612499999,0.0,-1.264321333905923,56,fixed_k3
Strain_a_Tension_0.5pct,a,0.5,0.08921988200000003,-0.1117730612499999,0.0,-2.4614281514747507,56,fixed_k3
Strain_a_Tension_0.5pct,a,0.5,0.09309850600000003,-0.1117730612499999,0.0,-4.042993232451927,56,fixed_k3
Strain_a_Tension_0.5pct,a,0.5,0.09697713000000002,-0.1117730612499999,0.0,-6.108372205777857,56,fixed_k3
Strain_a_Tension_0.5pct,a,0.5,0.10085575400000002,-0.1117730612499999,0.0,-8.972253944985836,56,fixed_k3
Strain_a_Tension_0.5pct,a,0.5,0.10473437800000002,-0.1117730612499999,0.0,-13.62393854716442,56,fixed_k3
Strain_a_Tension_0.5pct,a,0.5,0.10861300200000001,-0.1117730612499999,0.0,-23.363980657518606,56,fixed_k3
Strain_a_Tension_0.5pct,a,0.5,0.11249162600000001,-0.1117730612499999,0.0,-51.60310788340094,56,fixed_k3
Strain_a_Tension_0.5pct,a,0.5,0.11637025000000001,-0.1117730612499999,0.0,-177.30205076662827,56,fixed_k3
Strain_a_Tension_0.5pct,a,0.5,0.120248874,-0.1117730612499999,0.0,-1303.9116186126732,56,fixed_k3
Strain_a_Tension_0.5pct,a,0.5,0.124127498,-0.1117730612499999,0.0,-10289.365001199183,56,fixed_k3
Strain_a_Tension_0.5pct,a,0.5,0.128006122,-0.1117730612499999,0.0,-1290.4846553206419,56,fixed_k3
Strain_a_Tension_0.5pct,a,0.5,0.131884746,-0.1117730612499999,0.0,-227.31032006258476,56,fixed_k3
Strain_a_Tension_0.5pct,a,0.5,0.13576337,-0.1117730612499999,0.0,-70.19926478048578,56,fixed_k3
Strain_a_Tension_0.5pct,a,0.5,0.139641994,-0.1117730612499999,0.0,-31.379631233991816,56,fixed_k3
Strain_a_Tension_0.5pct,a,0.5,0.143520618,-0.1117730612499999,0.0,-18.34152245381359,56,fixed_k3
Strain_a_Tension_0.5pct,a,0.5,0.14739924199999999,-0.1117730612499999,0.0,-12.743171623797593,56,fixed_k3
Strain_a_Tension_0.5pct,a,0.5,0.15127786599999998,-0.1117730612499999,0.0,-9.745944315819633,56,fixed_k3
Strain_a_Tension_0.5pct,a,0.5,0.15515649,-0.1117730612499999,0.0,-7.797326942333342,56,fixed_k3
Strain_a_Tension_0.5pct,a,0.5,-0.1551334299999998,-0.1084864231249999,0.0,-10.267584946409412,56,fixed_k3
Strain_a_Tension_0.5pct,a,0.5,-0.1512548059999998,-0.1084864231249999,0.0,-11.393645682174267,56,fixed_k3
Strain_a_Tension_0.5pct,a,0.5,-0.1473761819999998,-0.1084864231249999,0.0,-13.203331214511504,56,fixed_k3
Strain_a_Tension_0.5pct,a,0.5,-0.1434975579999998,-0.1084864231249999,0.0,-16.551438509764164,56,fixed_k3
Strain_a_Tension_0.5pct,a,0.5,-0.1396189339999998,-0.1084864231249999,0.0,-24.057939719881652,56,fixed_k3
Strain_a_Tension_0.5pct,a,0.5,-0.1357403099999998,-0.1084864231249999,0.0,-45.75316808761149,56,fixed_k3
Strain_a_Tension_0.5pct,a,0.5,-0.1318616859999998,-0.1084864231249999,0.0,-135.1396422282232,56,fixed_k3
Strain_a_Tension_0.5pct,a,0.5,-0.12798306199999981,-0.1084864231249999,0.0,-882.1189452391159,56,fixed_k3
Strain_a_Tension_0.5pct,a,0.5,-0.12410443799999982,-0.1084864231249999,0.0,-87104.93642475031,56,fixed_k3
Strain_a_Tension_0.5pct,a,0.5,-0.12022581399999982,-0.1084864231249999,0.0,-953.9693190596768,56,fixed_k3
Strain_a_Tension_0.5pct,a,0.5,-0.11634718999999982,-0.1084864231249999,0.0,-64.65691771987227,56,fixed_k3
Strain_a_Tension_0.5pct,a,0.5,-0.11246856599999983,-0.1084864231249999,0.0,-10.341880316801042,56,fixed_k3
Strain_a_Tension_0.5pct,a,0.5,-0.10858994199999983,-0.1084864231249999,0.0,-2.153633957252472,56,fixed_k3
Strain_a_Tension_0.5pct,a,0.5,-0.10471131799999983,-0.1084864231249999,0.0,-0.8482493802450919,56,fixed_k3
Strain_a_Tension_0.5pct,a,0.5,-0.10083269399999983,-0.1084864231249999,0.0,-1.1752794929197665,56,fixed_k3
Strain_a_Tension_0.5pct,a,0.5,-0.09695406999999984,-0.1084864231249999,0.0,-1.9506685247080702,56,fixed_k3
Strain_a_Tension_0.5pct,a,0.5,-0.09307544599999984,-0.1084864231249999,0.0,-2.7535255411035595,56,fixed_k3
Strain_a_Tension_0.5pct,a,0.5,-0.08919682199999984,-0.1084864231249999,0.0,-3.3797466733262636,56,fixed_k3
Strain_a_Tension_0.5pct,a,0.5,-0.08531819799999985,-0.1084864231249999,0.0,-3.7418426821631785,56,fixed_k3
Strain_a_Tension_0.5pct,a,0.5,-0.08143957399999985,-0.1084864231249999,0.0,-3.8394943578349303,56,fixed_k3
Strain_a_Tension_0.5pct,a,0.5,-0.07756094999999985,-0.1084864231249999,0.0,-3.727344930565179,56,fixed_k3
Strain_a_Tension_0.5pct,a,0.5,-0.07368232599999985,-0.1084864231249999,0.0,-3.479349391176168,56,fixed_k3
Strain_a_Tension_0.5pct,a,0.5,-0.06980370199999986,-0.1084864231249999,0.0,-3.1624128163303165,56,fixed_k3
Strain_a_Tension_0.5pct,a,0.5,-0.06592507799999986,-0.1084864231249999,0.0,-2.8245538064595497,56,fixed_k3
Strain_a_Tension_0.5pct,a,0.5,-0.06204645399999986,-0.1084864231249999,0.0,-2.4942795873609604,56,fixed_k3
Strain_a_Tension_0.5pct,a,0.5,-0.058167829999999865,-0.1084864231249999,0.0,-2.1852201602845693,56,fixed_k3
Strain_a_Tension_0.5pct,a,0.5,-0.05428920599999987,-0.1084864231249999,0.0,-1.9016209858451174,56,fixed_k3
Strain_a_Tension_0.5pct,a,0.5,-0.05041058199999987,-0.1084864231249999,0.0,-1.6426988354732541,56,fixed_k3
Strain_a_Tension_0.5pct,a,0.5,-0.04653195799999987,-0.1084864231249999,0.0,-1.4054784934541353,56,fixed_k3
Strain_a_Tension_0.5pct,a,0.5,-0.042653333999999876,-0.1084864231249999,0.0,-1.1864105815788597,56,fixed_k3
Strain_a_Tension_0.5pct,a,0.5,-0.03877470999999988,-0.1084864231249999,0.0,-0.9821995919348776,56,fixed_k3
Strain_a_Tension_0.5pct,a,0.5,-0.03489608599999988,-0.1084864231249999,0.0,-0.7901840272357554,56,fixed_k3
Strain_a_Tension_0.5pct,a,0.5,-0.031017461999999885,-0.1084864231249999,0.0,-0.6084854302173235,56,fixed_k3
Strain_a_Tension_0.5pct,a,0.5,-0.027138837999999887,-0.1084864231249999,0.0,-0.4360437271923354,56,fixed_k3
Strain_a_Tension_0.5pct,a,0.5,-0.02326021399999989,-0.1084864231249999,0.0,-0.27259268609264264,56,fixed_k3
Strain_a_Tension_0.5pct,a,0.5,-0.019381589999999893,-0.1084864231249999,0.0,-0.11859396890636242,56,fixed_k3
Strain_a_Tension_0.5pct,a,0.5,-0.015502965999999896,-0.1084864231249999,0.0,0.024868228184323993,56,fixed_k3
Strain_a_Tension_0.5pct,a,0.5,-0.011624341999999899,-0.1084864231249999,0.0,0.1562347246269904,56,fixed_k3
Strain_a_Tension_0.5pct,a,0.5,-0.0077457179999999015,-0.1084864231249999,0.0,0.27366157264477575,56,fixed_k3
Strain_a_Tension_0.5pct,a,0.5,-0.0038670939999999043,-0.1084864231249999,0.0,0.3752471958210055,56,fixed_k3
Strain_a_Tension_0.5pct,a,0.5,1.1530000000092855e-05,-0.1084864231249999,0.0,0.45928306729590407,56,fixed_k3
Strain_a_Tension_0.5pct,a,0.5,0.00389015400000009,-0.1084864231249999,0.0,0.5245077524810173,56,fixed_k3
Strain_a_Tension_0.5pct,a,0.5,0.007768778000000087,-0.1084864231249999,0.0,0.5703401098257985,56,fixed_k3
Strain_a_Tension_0.5pct,a,0.5,0.011647402000000084,-0.1084864231249999,0.0,0.5970673984225456,56,fixed_k3
Strain_a_Tension_0.5pct,a,0.5,0.015526026000000082,-0.1084864231249999,0.0,0.6059681455147916,56,fixed_k3
Strain_a_Tension_0.5pct,a,0.5,0.01940465000000008,-0.1084864231249999,0.0,0.5993568438737529,56,fixed_k3
Strain_a_Tension_0.5pct,a,0.5,0.023283274000000076,-0.1084864231249999,0.0,0.5805458501707452,56,fixed_k3
Strain_a_Tension_0.5pct,a,0.5,0.027161898000000073,-0.1084864231249999,0.0,0.5537267022175274,56,fixed_k3
Strain_a_Tension_0.5pct,a,0.5,0.03104052200000007,-0.1084864231249999,0.0,0.5237759699564126,56,fixed_k3
Strain_a_Tension_0.5pct,a,0.5,0.03491914600000007,-0.1084864231249999,0.0,0.4959876552113509,56,fixed_k3
Strain_a_Tension_0.5pct,a,0.5,0.038797770000000065,-0.1084864231249999,0.0,0.47572360833931304,56,fixed_k3
Strain_a_Tension_0.5pct,a,0.5,0.04267639400000006,-0.1084864231249999,0.0,0.46795457484915026,56,fixed_k3
Strain_a_Tension_0.5pct,a,0.5,0.04655501800000006,-0.1084864231249999,0.0,0.47663724007132346,56,fixed_k3
Strain_a_Tension_0.5pct,a,0.5,0.050433642000000056,-0.1084864231249999,0.0,0.5038387710066488,56,fixed_k3
Strain_a_Tension_0.5pct,a,0.5,0.05431226600000005,-0.1084864231249999,0.0,0.5484865112699793,56,fixed_k3
Strain_a_Tension_0.5pct,a,0.5,0.05819089000000005,-0.1084864231249999,0.0,0.6046046554151205,56,fixed_k3
Strain_a_Tension_0.5pct,a,0.5,0.06206951400000005,-0.1084864231249999,0.0,0.6589419067152766,56,fixed_k3
Strain_a_Tension_0.5pct,a,0.5,0.06594813800000005,-0.1084864231249999,0.0,0.688067357106732,56,fixed_k3
Strain_a_Tension_0.5pct,a,0.5,0.06982676200000004,-0.1084864231249999,0.0,0.6554150898417266,56,fixed_k3
Strain_a_Tension_0.5pct,a,0.5,0.07370538600000004,-0.1084864231249999,0.0,0.5094424212505428,56,fixed_k3
Strain_a_Tension_0.5pct,a,0.5,0.07758401000000004,-0.1084864231249999,0.0,0.18482145019606566,56,fixed_k3
Strain_a_Tension_0.5pct,a,0.5,0.08146263400000003,-0.1084864231249999,0.0,-0.39141726454198356,56,fixed_k3
Strain_a_Tension_0.5pct,a,0.5,0.08534125800000003,-0.1084864231249999,0.0,-1.2892269912052123,56,fixed_k3
Strain_a_Tension_0.5pct,a,0.5,0.08921988200000003,-0.1084864231249999,0.0,-2.5671241542440097,56,fixed_k3
Strain_a_Tension_0.5pct,a,0.5,0.09309850600000003,-0.1084864231249999,0.0,-4.28303767224239,56,fixed_k3
Strain_a_Tension_0.5pct,a,0.5,0.09697713000000002,-0.1084864231249999,0.0,-6.556015881972071,56,fixed_k3
Strain_a_Tension_0.5pct,a,0.5,0.10085575400000002,-0.1084864231249999,0.0,-9.746979033141535,56,fixed_k3
Strain_a_Tension_0.5pct,a,0.5,0.10473437800000002,-0.1084864231249999,0.0,-14.98877186278286,56,fixed_k3
Strain_a_Tension_0.5pct,a,0.5,0.10861300200000001,-0.1084864231249999,0.0,-26.130024327542763,56,fixed_k3
Strain_a_Tension_0.5pct,a,0.5,0.11249162600000001,-0.1084864231249999,0.0,-59.558062710930884,56,fixed_k3
Strain_a_Tension_0.5pct,a,0.5,0.11637025000000001,-0.1084864231249999,0.0,-224.35193830066612,56,fixed_k3
Strain_a_Tension_0.5pct,a,0.5,0.120248874,-0.1084864231249999,0.0,-2539.4692533908,56,fixed_k3
Strain_a_Tension_0.5pct,a,0.5,0.124127498,-0.1084864231249999,0.0,-68968.38657331243,56,fixed_k3
Strain_a_Tension_0.5pct,a,0.5,0.128006122,-0.1084864231249999,0.0,-1240.256137881623,56,fixed_k3
Strain_a_Tension_0.5pct,a,0.5,0.131884746,-0.1084864231249999,0.0,-200.84354063513172,56,fixed_k3
Strain_a_Tension_0.5pct,a,0.5,0.13576337,-0.1084864231249999,0.0,-63.31496979678342,56,fixed_k3
Strain_a_Tension_0.5pct,a,0.5,0.139641994,-0.1084864231249999,0.0,-29.455669653476978,56,fixed_k3
Strain_a_Tension_0.5pct,a,0.5,0.143520618,-0.1084864231249999,0.0,-17.862108010123332,56,fixed_k3
Strain_a_Tension_0.5pct,a,0.5,0.14739924199999999,-0.1084864231249999,0.0,-12.730377303644435,56,fixed_k3
Strain_a_Tension_0.5pct,a,0.5,0.15127786599999998,-0.1084864231249999,0.0,-9.894721793707436,56,fixed_k3
Strain_a_Tension_0.5pct,a,0.5,0.15515649,-0.1084864231249999,0.0,-8.004080014995102,56,fixed_k3
Strain_a_Tension_0.5pct,a,0.5,-0.1551334299999998,-0.1051997849999999,0.0,-9.704960754960435,56,fixed_k3
Strain_a_Tension_0.5pct,a,0.5,-0.1512548059999998,-0.1051997849999999,0.0,-10.778896944582286,56,fixed_k3
Strain_a_Tension_0.5pct,a,0.5,-0.1473761819999998,-0.1051997849999999,0.0,-12.461696128264293,56,fixed_k3
Strain_a_Tension_0.5pct,a,0.5,-0.1434975579999998,-0.1051997849999999,0.0,-15.470199768706049,56,fixed_k3
Strain_a_Tension_0.5pct,a,0.5,-0.1396189339999998,-0.1051997849999999,0.0,-21.945093689087795,56,fixed_k3
Strain_a_Tension_0.5pct,a,0.5,-0.1357403099999998,-0.1051997849999999,0.0,-39.861394510374524,56,fixed_k3
Strain_a_Tension_0.5pct,a,0.5,-0.1318616859999998,-0.1051997849999999,0.0,-109.7399807912091,56,fixed_k3
Strain_a_Tension_0.5pct,a,0.5,-0.12798306199999981,-0.1051997849999999,0.0,-618.4993201062321,56,fixed_k3
Strain_a_Tension_0.5pct,a,0.5,-0.12410443799999982,-0.1051997849999999,0.0,-50991.713758823214,56,fixed_k3
Strain_a_Tension_0.5pct,a,0.5,-0.12022581399999982,-0.1051997849999999,0.0,-1522.3723652351832,56,fixed_k3
Strain_a_Tension_0.5pct,a,0.5,-0.11634718999999982,-0.1051997849999999,0.0,-79.40562603564102,56,fixed_k3
Strain_a_Tension_0.5pct,a,0.5,-0.11246856599999983,-0.1051997849999999,0.0,-11.675605088465044,56,fixed_k3
Strain_a_Tension_0.5pct,a,0.5,-0.10858994199999983,-0.1051997849999999,0.0,-1.9720515288892408,56,fixed_k3
Strain_a_Tension_0.5pct,a,0.5,-0.10471131799999983,-0.1051997849999999,0.0,-0.39051641523145797,56,fixed_k3
Strain_a_Tension_0.5pct,a,0.5,-0.10083269399999983,-0.1051997849999999,0.0,-0.7134336090866285,56,fixed_k3
Strain_a_Tension_0.5pct,a,0.5,-0.09695406999999984,-0.1051997849999999,0.0,-1.5698927686011226,56,fixed_k3
Strain_a_Tension_0.5pct,a,0.5,-0.09307544599999984,-0.1051997849999999,0.0,-2.4729007845694717,56,fixed_k3
Strain_a_Tension_0.5pct,a,0.5,-0.08919682199999984,-0.1051997849999999,0.0,-3.186446291373733,56,fixed_k3
Strain_a_Tension_0.5pct,a,0.5,-0.08531819799999985,-0.1051997849999999,0.0,-3.6110456085829283,56,fixed_k3
Strain_a_Tension_0.5pct,a,0.5,-0.08143957399999985,-0.1051997849999999,0.0,-3.7477826749662317,56,fixed_k3
Strain_a_Tension_0.5pct,a,0.5,-0.07756094999999985,-0.1051997849999999,0.0,-3.658712515372822,56,fixed_k3
Strain_a_Tension_0.5pct,a,0.5,-0.07368232599999985,-0.1051997849999999,0.0,-3.425265528339689,56,fixed_k3
Strain_a_Tension_0.5pct,a,0.5,-0.06980370199999986,-0.1051997849999999,0.0,-3.1192508288551872,56,fixed_k3
Strain_a_Tension_0.5pct,a,0.5,-0.06592507799999986,-0.1051997849999999,0.0,-2.790995619928908,56,fixed_k3
Strain_a_Tension_0.5pct,a,0.5,-0.06204645399999986,-0.1051997849999999,0.0,-2.4697024635653415,56,fixed_k3
Strain_a_Tension_0.5pct,a,0.5,-0.058167829999999865,-0.1051997849999999,0.0,-2.1690053607635744,56,fixed_k3
Strain_a_Tension_0.5pct,a,0.5,-0.05428920599999987,-0.1051997849999999,0.0,-1.89299913988673,56,fixed_k3
Strain_a_Tension_0.5pct,a,0.5,-0.05041058199999987,-0.1051997849999999,0.0,-1.6408097388339127,56,fixed_k3
Strain_a_Tension_0.5pct,a,0.5,-0.04653195799999987,-0.1051997849999999,0.0,-1.409469914441265,56,fixed_k3
Strain_a_Tension_0.5pct,a,0.5,-0.042653333999999876,-0.1051997849999999,0.0,-1.1955089347476164,56,fixed_k3
Strain_a_Tension_0.5pct,a,0.5,-0.03877470999999988,-0.1051997849999999,0.0,-0.9957406211590851,56,fixed_k3
Strain_a_Tension_0.5pct,a,0.5,-0.03489608599999988,-0.1051997849999999,0.0,-0.8076122995850143,56,fixed_k3
Strain_a_Tension_0.5pct,a,0.5,-0.031017461999999885,-0.1051997849999999,0.0,-0.6293355093214159,56,fixed_k3
Strain_a_Tension_0.5pct,a,0.5,-0.027138837999999887,-0.1051997849999999,0.0,-0.45991391871451937,56,fixed_k3
Strain_a_Tension_0.5pct,a,0.5,-0.02326021399999989,-0.1051997849999999,0.0,-0.2991189578976021,56,fixed_k3
Strain_a_Tension_0.5pct,a,0.5,-0.019381589999999893,-0.1051997849999999,0.0,-0.1474286733770218,56,fixed_k3
Strain_a_Tension_0.5pct,a,0.5,-0.015502965999999896,-0.1051997849999999,0.0,-0.005929466208770773,56,fixed_k3
Strain_a_Tension_0.5pct,a,0.5,-0.011624341999999899,-0.1051997849999999,0.0,0.1238238256746711,56,fixed_k3
Strain_a_Tension_0.5pct,a,0.5,-0.0077457179999999015,-0.1051997849999999,0.0,0.23999128311722417,56,fixed_k3
Strain_a_Tension_0.5pct,a,0.5,-0.0038670939999999043,-0.1051997849999999,0.0,0.34066985106725856,56,fixed_k3
Strain_a_Tension_0.5pct,a,0.5,1.1530000000092855e-05,-0.1051997849999999,0.0,0.42414098074879547,56,fixed_k3
Strain_a_Tension_0.5pct,a,0.5,0.00389015400000009,-0.1051997849999999,0.0,0.4891238727683187,56,fixed_k3
Strain_a_Tension_0.5pct,a,0.5,0.007768778000000087,-0.1051997849999999,0.0,0.5350098325866175,56,fixed_k3
Strain_a_Tension_0.5pct,a,0.5,0.011647402000000084,-0.1051997849999999,0.0,0.5620529648345389,56,fixed_k3
Strain_a_Tension_0.5pct,a,0.5,0.015526026000000082,-0.1051997849999999,0.0,0.5714964774037554,56,fixed_k3
Strain_a_Tension_0.5pct,a,0.5,0.01940465000000008,-0.1051997849999999,0.0,0.565621220639323,56,fixed_k3
Strain_a_Tension_0.5pct,a,0.5,0.023283274000000076,-0.1051997849999999,0.0,0.5477116883143944,56,fixed_k3
Strain_a_Tension_0.5pct,a,0.5,0.027161898000000073,-0.1051997849999999,0.0,0.5219419419166922,56,fixed_k3
Strain_a_Tension_0.5pct,a,0.5,0.03104052200000007,-0.1051997849999999,0.0,0.4931871987092755,56,fixed_k3
Strain_a_Tension_0.5pct,a,0.5,0.03491914600000007,-0.1051997849999999,0.0,0.46676399625747633,56,fixed_k3
Strain_a_Tension_0.5pct,a,0.5,0.038797770000000065,-0.1051997849999999,0.0,0.44809132563376597,56,fixed_k3
Strain_a_Tension_0.5pct,a,0.5,0.04267639400000006,-0.1051997849999999,0.0,0.442245806042493,56,fixed_k3
Strain_a_Tension_0.5pct,a,0.5,0.04655501800000006,-0.1051997849999999,0.0,0.45335526892765055,56,fixed_k3
Strain_a_Tension_0.5pct,a,0.5,0.050433642000000056,-0.1051997849999999,0.0,0.48373779591663446,56,fixed_k3
Strain_a_Tension_0.5pct,a,0.5,0.05431226600000005,-0.1051997849999999,0.0,0.5326521978822654,56,fixed_k3
Strain_a_Tension_0.5pct,a,0.5,0.05819089000000005,-0.1051997849999999,0.0,0.5944965650628893,56,fixed_k3
Strain_a_Tension_0.5pct,a,0.5,0.06206951400000005,-0.1051997849999999,0.0,0.6563116066893984,56,fixed_k3
Strain_a_Tension_0.5pct,a,0.5,0.06594813800000005,-0.1051997849999999,0.0,0.6945903670008899,56,fixed_k3
Strain_a_Tension_0.5pct,a,0.5,0.06982676200000004,-0.1051997849999999,0.0,0.6717815028790208,56,fixed_k3
Strain_a_Tension_0.5pct,a,0.5,0.07370538600000004,-0.1051997849999999,0.0,0.5335974397512455,56,fixed_k3
Strain_a_Tension_0.5pct,a,0.5,0.07758401000000004,-0.1051997849999999,0.0,0.20916671803930553,56,fixed_k3
Strain_a_Tension_0.5pct,a,0.5,0.08146263400000003,-0.1051997849999999,0.0,-0.3835922786983996,56,fixed_k3
Strain_a_Tension_0.5pct,a,0.5,0.08534125800000003,-0.1051997849999999,0.0,-1.3270695024091042,56,fixed_k3
Strain_a_Tension_0.5pct,a,0.5,0.08921988200000003,-0.1051997849999999,0.0,-2.6939681412010312,56,fixed_k3
Strain_a_Tension_0.5pct,a,0.5,0.09309850600000003,-0.1051997849999999,0.0,-4.556858276678575,56,fixed_k3
Strain_a_Tension_0.5pct,a,0.5,0.09697713000000002,-0.1051997849999999,0.0,-7.053914557555926,56,fixed_k3
Strain_a_Tension_0.5pct,a,0.5,0.10085575400000002,-0.1051997849999999,0.0,-10.589576132928247,56,fixed_k3
Strain_a_Tension_0.5pct,a,0.5,0.10473437800000002,-0.1051997849999999,0.0,-16.431703667057807,56,fixed_k3
Strain_a_Tension_0.5pct,a,0.5,0.10861300200000001,-0.1051997849999999,0.0,-28.933566519518685,56,fixed_k3
Strain_a_Tension_0.5pct,a,0.5,0.11249162600000001,-0.1051997849999999,0.0,-67.13526295861426,56,fixed_k3
Strain_a_Tension_0.5pct,a,0.5,0.11637025000000001,-0.1051997849999999,0.0,-266.79707768944365,56,fixed_k3
Strain_a_Tension_0.5pct,a,0.5,0.120248874,-0.1051997849999999,0.0,-3898.942346963148,56,fixed_k3
Strain_a_Tension_0.5pct,a,0.5,0.124127498,-0.1051997849999999,0.0,-44690.886876074444,56,fixed_k3
Strain_a_Tension_0.5pct,a,0.5,0.128006122,-0.1051997849999999,0.0,-904.6911052642868,56,fixed_k3
Strain_a_Tension_0.5pct,a,0.5,0.131884746,-0.1051997849999999,0.0,-164.6527641547361,56,fixed_k3
Strain_a_Tension_0.5pct,a,0.5,0.13576337,-0.1051997849999999,0.0,-55.51699583261614,56,fixed_k3
Strain_a_Tension_0.5pct,a,0.5,0.139641994,-0.1051997849999999,0.0,-27.307181152818956,56,fixed_k3
Strain_a_Tension_0.5pct,a,0.5,0.143520618,-0.1051997849999999,0.0,-17.250241157577694,56,fixed_k3
Strain_a_Tension_0.5pct,a,0.5,0.14739924199999999,-0.1051997849999999,0.0,-12.616505331405476,56,fixed_k3
Strain_a_Tension_0.5pct,a,0.5,0.15127786599999998,-0.1051997849999999,0.0,-9.965100372052667,56,fixed_k3
Strain_a_Tension_0.5pct,a,0.5,0.15515649,-0.1051997849999999,0.0,-8.152831096464963,56,fixed_k3
Strain_a_Tension_0.5pct,a,0.5,-0.1551334299999998,-0.10191314687499992,0.0,-9.2095597479152,56,fixed_k3
Strain_a_Tension_0.5pct,a,0.5,-0.1512548059999998,-0.10191314687499992,0.0,-10.225340278084545,56,fixed_k3
Strain_a_Tension_0.5pct,a,0.5,-0.1473761819999998,-0.10191314687499992,0.0,-11.773683009900232,56,fixed_k3
Strain_a_Tension_0.5pct,a,0.5,-0.1434975579999998,-0.10191314687499992,0.0,-14.432291395796149,56,fixed_k3
Strain_a_Tension_0.5pct,a,0.5,-0.1396189339999998,-0.10191314687499992,0.0,-19.852177640124125,56,fixed_k3
Strain_a_Tension_0.5pct,a,0.5,-0.1357403099999998,-0.10191314687499992,0.0,-33.87624134072474,56,fixed_k3
Strain_a_Tension_0.5pct,a,0.5,-0.1318616859999998,-0.10191314687499992,0.0,-83.67219263401101,56,fixed_k3
Strain_a_Tension_0.5pct,a,0.5,-0.12798306199999981,-0.10191314687499992,0.0,-367.14671518696014,56,fixed_k3
Strain_a_Tension_0.5pct,a,0.5,-0.12410443799999982,-0.10191314687499992,0.0,-4946.443234257722,56,fixed_k3
Strain_a_Tension_0.5pct,a,0.5,-0.12022581399999982,-0.10191314687499992,0.0,-1563.8953714120228,56,fixed_k3
Strain_a_Tension_0.5pct,a,0.5,-0.11634718999999982,-0.10191314687499992,0.0,-89.11972340660586,56,fixed_k3
Strain_a_Tension_0.5pct,a,0.5,-0.11246856599999983,-0.10191314687499992,0.0,-12.811131696166756,56,fixed_k3
Strain_a_Tension_0.5pct,a,0.5,-0.10858994199999983,-0.10191314687499992,0.0,-1.8299520958109605,56,fixed_k3
Strain_a_Tension_0.5pct,a,0.5,-0.10471131799999983,-0.10191314687499992,0.0,0.040407880301685184,56,fixed_k3
Strain_a_Tension_0.5pct,a,0.5,-0.10083269399999983,-0.10191314687499992,0.0,-0.2592605232499232,56,fixed_k3
Strain_a_Tension_0.5pct,a,0.5,-0.09695406999999984,-0.10191314687499992,0.0,-1.1895249527045602,56,fixed_k3
Strain_a_Tension_0.5pct,a,0.5,-0.09307544599999984,-0.10191314687499992,0.0,-2.1927051133041227,56,fixed_k3
Strain_a_Tension_0.5pct,a,0.5,-0.08919682199999984,-0.10191314687499992,0.0,-2.9954602452706984,56,fixed_k3
Strain_a_Tension_0.5pct,a,0.5,-0.08531819799999985,-0.10191314687499992,0.0,-3.483611945109493,56,fixed_k3
Strain_a_Tension_0.5pct,a,0.5,-0.08143957399999985,-0.10191314687499992,0.0,-3.6592834384289397,56,fixed_k3
Strain_a_Tension_0.5pct,a,0.5,-0.07756094999999985,-0.10191314687499992,0.0,-3.59251360916857,56,fixed_k3
Strain_a_Tension_0.5pct,a,0.5,-0.07368232599999985,-0.10191314687499992,0.0,-3.3727437939181404,56,fixed_k3
Strain_a_Tension_0.5pct,a,0.5,-0.06980370199999986,-0.10191314687499992,0.0,-3.076923274372346,56,fixed_k3
Strain_a_Tension_0.5pct,a,0.5,-0.06592507799999986,-0.10191314687499992,0.0,-2.757720653343703,56,fixed_k3
Strain_a_Tension_0.5pct,a,0.5,-0.06204645399999986,-0.10191314687499992,0.0,-2.4449972611490516,56,fixed_k3
Strain_a_Tension_0.5pct,a,0.5,-0.058167829999999865,-0.10191314687499992,0.0,-2.1523531665206335,56,fixed_k3
Strain_a_Tension_0.5pct,a,0.5,-0.05428920599999987,-0.10191314687499992,0.0,-1.8837093738516786,56,fixed_k3
Strain_a_Tension_0.5pct,a,0.5,-0.05041058199999987,-0.10191314687499992,0.0,-1.6380886978337577,56,fixed_k3
Strain_a_Tension_0.5pct,a,0.5,-0.04653195799999987,-0.10191314687499992,0.0,-1.41252418383515,56,fixed_k3
Strain_a_Tension_0.5pct,a,0.5,-0.042653333999999876,-0.10191314687499992,0.0,-1.2036169204256548,56,fixed_k3
Strain_a_Tension_0.5pct,a,0.5,-0.03877470999999988,-0.10191314687499992,0.0,-1.008282752522941,56,fixed_k3
Strain_a_Tension_0.5pct,a,0.5,-0.03489608599999988,-0.10191314687499992,0.0,-0.8240699675928722,56,fixed_k3
Strain_a_Tension_0.5pct,a,0.5,-0.031017461999999885,-0.10191314687499992,0.0,-0.6492720419179081,56,fixed_k3
Strain_a_Tension_0.5pct,a,0.5,-0.027138837999999887,-0.10191314687499992,0.0,-0.482948529899077,56,fixed_k3
Strain_a_Tension_0.5pct,a,0.5,-0.02326021399999989,-0.10191314687499992,0.0,-0.3249011945094611,56,fixed_k3
Strain_a_Tension_0.5pct,a,0.5,-0.019381589999999893,-0.10191314687499992,0.0,-0.1756179001119733,56,fixed_k3
Strain_a_Tension_0.5pct,a,0.5,-0.015502965999999896,-0.10191314687499992,0.0,-0.036181618076893685,56,fixed_k3
Strain_a_Tension_0.5pct,a,0.5,-0.011624341999999899,-0.10191314687499992,0.0,0.09186174099167888,56,fixed_k3
Strain_a_Tension_0.5pct,a,0.5,-0.0077457179999999015,-0.10191314687499992,0.0,0.2066797520800847,56,fixed_k3
Strain_a_Tension_0.5pct,a,0.5,-0.0038670939999999043,-0.10191314687499992,0.0,0.3063702100832444,56,fixed_k3
Strain_a_Tension_0.5pct,a,0.5,1.1530000000092855e-05,-0.10191314687499992,0.0,0.38920577087744324,56,fixed_k3
Strain_a_Tension_0.5pct,a,0.5,0.00389015400000009,-0.10191314687499992,0.0,0.45388647468840615,56,fixed_k3
Strain_a_Tension_0.5pct,a,0.5,0.007768778000000087,-0.10191314687499992,0.0,0.49977536193501226,56,fixed_k3
Strain_a_Tension_0.5pct,a,0.5,0.011647402000000084,-0.10191314687499992,0.0,0.5270918573525307,56,fixed_k3
Strain_a_Tension_0.5pct,a,0.5,0.015526026000000082,-0.10191314687499992,0.0,0.5370415790304404,56,fixed_k3
Strain_a_Tension_0.5pct,a,0.5,0.01940465000000008,-0.10191314687499992,0.0,0.5318687235597643,56,fixed_k3
Strain_a_Tension_0.5pct,a,0.5,0.023283274000000076,-0.10191314687499992,0.0,0.5148260879161741,56,fixed_k3
Strain_a_Tension_0.5pct,a,0.5,0.027161898000000073,-0.10191314687499992,0.0,0.490065423182263,56,fixed_k3
Strain_a_Tension_0.5pct,a,0.5,0.03104052200000007,-0.10191314687499992,0.0,0.4624544916361626,56,fixed_k3
Strain_a_Tension_0.5pct,a,0.5,0.03491914600000007,-0.10191314687499992,0.0,0.4373246673591553,56,fixed_k3
Strain_a_Tension_0.5pct,a,0.5,0.038797770000000065,-0.10191314687499992,0.0,0.42014246980690517,56,fixed_k3
Strain_a_Tension_0.5pct,a,0.5,0.04267639400000006,-0.10191314687499992,0.0,0.4160787138422437,56,fixed_k3
Strain_a_Tension_0.5pct,a,0.5,0.04655501800000006,-0.10191314687499992,0.0,0.42941892169425744,56,fixed_k3
Strain_a_Tension_0.5pct,a,0.5,0.050433642000000056,-0.10191314687499992,0.0,0.4627180280190908,56,fixed_k3
Strain_a_Tension_0.5pct,a,0.5,0.05431226600000005,-0.10191314687499992,0.0,0.5155542389745733,56,fixed_k3
Strain_a_Tension_0.5pct,a,0.5,0.05819089000000005,-0.10191314687499992,0.0,0.5826937103133587,56,fixed_k3
Strain_a_Tension_0.5pct,a,0.5,0.06206951400000005,-0.10191314687499992,0.0,0.6514741109488491,56,fixed_k3
Strain_a_Tension_0.5pct,a,0.5,0.06594813800000005,-0.10191314687499992,0.0,0.6983271009470462,56,fixed_k3
Strain_a_Tension_0.5pct,a,0.5,0.06982676200000004,-0.10191314687499992,0.0,0.6847184292991026,56,fixed_k3
Strain_a_Tension_0.5pct,a,0.5,0.07370538600000004,-0.10191314687499992,0.0,0.553536293643953,56,fixed_k3
Strain_a_Tension_0.5pct,a,0.5,0.07758401000000004,-0.10191314687499992,0.0,0.22806123410825774,56,fixed_k3
Strain_a_Tension_0.5pct,a,0.5,0.08146263400000003,-0.10191314687499992,0.0,-0.38361859893294725,56,fixed_k3
Strain_a_Tension_0.5pct,a,0.5,0.08534125800000003,-0.10191314687499992,0.0,-1.377524947133968,56,fixed_k3
Strain_a_Tension_0.5pct,a,0.5,0.08921988200000003,-0.10191314687499992,0.0,-2.8418329299773997,56,fixed_k3
Strain_a_Tension_0.5pct,a,0.5,0.09309850600000003,-0.10191314687499992,0.0,-4.864052874843249,56,fixed_k3
Strain_a_Tension_0.5pct,a,0.5,0.09697713000000002,-0.10191314687499992,0.0,-7.59916608978453,56,fixed_k3
Strain_a_Tension_0.5pct,a,0.5,0.10085575400000002,-0.10191314687499992,0.0,-11.487530031962061,56,fixed_k3
Strain_a_Tension_0.5pct,a,0.5,0.10473437800000002,-0.10191314687499992,0.0,-17.908183332712927,56,fixed_k3
Strain_a_Tension_0.5pct,a,0.5,0.10861300200000001,-0.10191314687499992,0.0,-31.606495888720882,56,fixed_k3
Strain_a_Tension_0.5pct,a,0.5,0.11249162600000001,-0.10191314687499992,0.0,-73.40992936282383,56,fixed_k3
Strain_a_Tension_0.5pct,a,0.5,0.11637025000000001,-0.10191314687499992,0.0,-291.72816735969366,56,fixed_k3
Strain_a_Tension_0.5pct,a,0.5,0.120248874,-0.10191314687499992,0.0,-3644.734107048992,56,fixed_k3
Strain_a_Tension_0.5pct,a,0.5,0.124127498,-0.10191314687499992,0.0,-7411.322787114095,56,fixed_k3
Strain_a_Tension_0.5pct,a,0.5,0.128006122,-0.10191314687499992,0.0,-570.4992451698457,56,fixed_k3
Strain_a_Tension_0.5pct,a,0.5,0.131884746,-0.10191314687499992,0.0,-128.30359411312222,56,fixed_k3
Strain_a_Tension_0.5pct,a,0.5,0.13576337,-0.10191314687499992,0.0,-47.695974288623276,56,fixed_k3
Strain_a_Tension_0.5pct,a,0.5,0.139641994,-0.10191314687499992,0.0,-25.08405416159513,56,fixed_k3
Strain_a_Tension_0.5pct,a,0.5,0.143520618,-0.10191314687499992,0.0,-16.55023049086863,56,fixed_k3
Strain_a_Tension_0.5pct,a,0.5,0.14739924199999999,-0.10191314687499992,0.0,-12.421916108964615,56,fixed_k3
Strain_a_Tension_0.5pct,a,0.5,0.15127786599999998,-0.10191314687499992,0.0,-9.96750948410926,56,fixed_k3
Strain_a_Tension_0.5pct,a,0.5,0.15515649,-0.10191314687499992,0.0,-8.246802353733957,56,fixed_k3
Strain_a_Tension_0.5pct,a,0.5,-0.1551334299999998,-0.09862650874999991,0.0,-8.771100750017686,56,fixed_k3
Strain_a_Tension_0.5pct,a,0.5,-0.1512548059999998,-0.09862650874999991,0.0,-9.724332939449244,56,fixed_k3
Strain_a_Tension_0.5pct,a,0.5,-0.1473761819999998,-0.09862650874999991,0.0,-11.133799577875141,56,fixed_k3
Strain_a_Tension_0.5pct,a,0.5,-0.1434975579999998,-0.09862650874999991,0.0,-13.441836408715789,56,fixed_k3
Strain_a_Tension_0.5pct,a,0.5,-0.1396189339999998,-0.09862650874999991,0.0,-17.82922083934955,56,fixed_k3
Strain_a_Tension_0.5pct,a,0.5,-0.1357403099999998,-0.09862650874999991,0.0,-28.1594533348244,56,fixed_k3
Strain_a_Tension_0.5pct,a,0.5,-0.1318616859999998,-0.09862650874999991,0.0,-60.56849578561106,56,fixed_k3
Strain_a_Tension_0.5pct,a,0.5,-0.12798306199999981,-0.09862650874999991,0.0,-206.4629369387583,56,fixed_k3
Strain_a_Tension_0.5pct,a,0.5,-0.12410443799999982,-0.09862650874999991,0.0,-1297.9425441422845,56,fixed_k3
Strain_a_Tension_0.5pct,a,0.5,-0.12022581399999982,-0.09862650874999991,0.0,-1070.589797789253,56,fixed_k3
Strain_a_Tension_0.5pct,a,0.5,-0.11634718999999982,-0.09862650874999991,0.0,-90.0862784378193,56,fixed_k3
Strain_a_Tension_0.5pct,a,0.5,-0.11246856599999983,-0.09862650874999991,0.0,-13.539047174630952,56,fixed_k3
Strain_a_Tension_0.5pct,a,0.5,-0.10858994199999983,-0.09862650874999991,0.0,-1.7295282375059369,56,fixed_k3
Strain_a_Tension_0.5pct,a,0.5,-0.10471131799999983,-0.09862650874999991,0.0,0.4297844763376715,56,fixed_k3
Strain_a_Tension_0.5pct,a,0.5,-0.10083269399999983,-0.09862650874999991,0.0,0.17798484095253508,56,fixed_k3
Strain_a_Tension_0.5pct,a,0.5,-0.09695406999999984,-0.09862650874999991,0.0,-0.814274840246656,56,fixed_k3
Strain_a_Tension_0.5pct,a,0.5,-0.09307544599999984,-0.09862650874999991,0.0,-1.9153500907056111,56,fixed_k3
Strain_a_Tension_0.5pct,a,0.5,-0.08919682199999984,-0.09862650874999991,0.0,-2.8081650439333923,56,fixed_k3
Strain_a_Tension_0.5pct,a,0.5,-0.08531819799999985,-0.09862650874999991,0.0,-3.360382126022364,56,fixed_k3
Strain_a_Tension_0.5pct,a,0.5,-0.08143957399999985,-0.09862650874999991,0.0,-3.574496321131239,56,fixed_k3
Strain_a_Tension_0.5pct,a,0.5,-0.07756094999999985,-0.09862650874999991,0.0,-3.5290203423100017,56,fixed_k3
Strain_a_Tension_0.5pct,a,0.5,-0.07368232599999985,-0.09862650874999991,0.0,-3.321909045007962,56,fixed_k3
Strain_a_Tension_0.5pct,a,0.5,-0.06980370199999986,-0.09862650874999991,0.0,-3.0354598744006074,56,fixed_k3
Strain_a_Tension_0.5pct,a,0.5,-0.06592507799999986,-0.09862650874999991,0.0,-2.7246945369900235,56,fixed_k3
Strain_a_Tension_0.5pct,a,0.5,-0.06204645399999986,-0.09862650874999991,0.0,-2.420084599756578,56,fixed_k3
Strain_a_Tension_0.5pct,a,0.5,-0.058167829999999865,-0.09862650874999991,0.0,-2.1351524201723464,56,fixed_k3
Strain_a_Tension_0.5pct,a,0.5,-0.05428920599999987,-0.09862650874999991,0.0,-1.8736188527193514,56,fixed_k3
Strain_a_Tension_0.5pct,a,0.5,-0.05041058199999987,-0.09862650874999991,0.0,-1.6343890457404797,56,fixed_k3
Strain_a_Tension_0.5pct,a,0.5,-0.04653195799999987,-0.09862650874999991,0.0,-1.4144866783761223,56,fixed_k3
Strain_a_Tension_0.5pct,a,0.5,-0.042653333999999876,-0.09862650874999991,0.0,-1.2105760760259379,56,fixed_k3
Strain_a_Tension_0.5pct,a,0.5,-0.03877470999999988,-0.09862650874999991,0.0,-1.0196663067659588,56,fixed_k3
Strain_a_Tension_0.5pct,a,0.5,-0.03489608599999988,-0.09862650874999991,0.0,-0.839397557207993,56,fixed_k3
Strain_a_Tension_0.5pct,a,0.5,-0.031017461999999885,-0.09862650874999991,0.0,-0.668136264434728,56,fixed_k3
Strain_a_Tension_0.5pct,a,0.5,-0.027138837999999887,-0.09862650874999991,0.0,-0.504989345211023,56,fixed_k3
Strain_a_Tension_0.5pct,a,0.5,-0.02326021399999989,-0.09862650874999991,0.0,-0.34978110188068534,56,fixed_k3
Strain_a_Tension_0.5pct,a,0.5,-0.019381589999999893,-0.09862650874999991,0.0,-0.20300234383687377,56,fixed_k3
Strain_a_Tension_0.5pct,a,0.5,-0.015502965999999896,-0.09862650874999991,0.0,-0.06572678858986425,56,fixed_k3
Strain_a_Tension_0.5pct,a,0.5,-0.011624341999999899,-0.09862650874999991,0.0,0.06051327379934435,56,fixed_k3
Strain_a_Tension_0.5pct,a,0.5,-0.0077457179999999015,-0.09862650874999991,0.0,0.1738964346029146,56,fixed_k3
Strain_a_Tension_0.5pct,a,0.5,-0.0038670939999999043,-0.09862650874999991,0.0,0.272523695306675,56,fixed_k3
Strain_a_Tension_0.5pct,a,0.5,1.1530000000092855e-05,-0.09862650874999991,0.0,0.35466016042714,56,fixed_k3
Strain_a_Tension_0.5pct,a,0.5,0.00389015400000009,-0.09862650874999991,0.0,0.4189869340946153,56,fixed_k3
Strain_a_Tension_0.5pct,a,0.5,0.007768778000000087,-0.09862650874999991,0.0,0.4648381109132669,56,fixed_k3
Strain_a_Tension_0.5pct,a,0.5,0.011647402000000084,-0.09862650874999991,0.0,0.49239695875965683,56,fixed_k3
Strain_a_Tension_0.5pct,a,0.5,0.015526026000000082,-0.09862650874999991,0.0,0.5028293048490253,56,fixed_k3
Strain_a_Tension_0.5pct,a,0.5,0.01940465000000008,-0.09862650874999991,0.0,0.4983397738198474,56,fixed_k3
Strain_a_Tension_0.5pct,a,0.5,0.023283274000000076,-0.09862650874999991,0.0,0.4821457515713221,56,fixed_k3
Strain_a_Tension_0.5pct,a,0.5,0.027161898000000073,-0.09862650874999991,0.0,0.45837199323024347,56,fixed_k3
Strain_a_Tension_0.5pct,a,0.5,0.03104052200000007,-0.09862650874999991,0.0,0.43187288110578015,56,fixed_k3
Strain_a_Tension_0.5pct,a,0.5,0.03491914600000007,-0.09862650874999991,0.0,0.40798712481104493,56,fixed_k3
Strain_a_Tension_0.5pct,a,0.5,0.038797770000000065,-0.09862650874999991,0.0,0.39221935402390384,56,fixed_k3
Strain_a_Tension_0.5pct,a,0.5,0.04267639400000006,-0.09862650874999991,0.0,0.3898230352397891,56,fixed_k3
Strain_a_Tension_0.5pct,a,0.5,0.04655501800000006,-0.09862650874999991,0.0,0.40522789638248646,56,fixed_k3
Strain_a_Tension_0.5pct,a,0.5,0.050433642000000056,-0.09862650874999991,0.0,0.4412113095826693,56,fixed_k3
Strain_a_Tension_0.5pct,a,0.5,0.05431226600000005,-0.09862650874999991,0.0,0.49765793191189234,56,fixed_k3
Strain_a_Tension_0.5pct,a,0.5,0.05819089000000005,-0.09862650874999991,0.0,0.569694639562691,56,fixed_k3
Strain_a_Tension_0.5pct,a,0.5,0.06206951400000005,-0.09862650874999991,0.0,0.6449590423069211,56,fixed_k3
Strain_a_Tension_0.5pct,a,0.5,0.06594813800000005,-0.09862650874999991,0.0,0.6998344587825698,56,fixed_k3
Strain_a_Tension_0.5pct,a,0.5,0.06982676200000004,-0.09862650874999991,0.0,0.6948063130020254,56,fixed_k3
Strain_a_Tension_0.5pct,a,0.5,0.07370538600000004,-0.09862650874999991,0.0,0.5698610469560137,56,fixed_k3
Strain_a_Tension_0.5pct,a,0.5,0.07758401000000004,-0.09862650874999991,0.0,0.24212473295791126,56,fixed_k3
Strain_a_Tension_0.5pct,a,0.5,0.08146263400000003,-0.09862650874999991,0.0,-0.3908803911553955,56,fixed_k3
Strain_a_Tension_0.5pct,a,0.5,0.08534125800000003,-0.09862650874999991,0.0,-1.4400238829006429,56,fixed_k3
Strain_a_Tension_0.5pct,a,0.5,0.08921988200000003,-0.09862650874999991,0.0,-3.0101204636397787,56,fixed_k3
Strain_a_Tension_0.5pct,a,0.5,0.09309850600000003,-0.09862650874999991,0.0,-5.203207068892183,56,fixed_k3
Strain_a_Tension_0.5pct,a,0.5,0.09697713000000002,-0.09862650874999991,0.0,-8.186437656511625,56,fixed_k3
Strain_a_Tension_0.5pct,a,0.5,0.10085575400000002,-0.09862650874999991,0.0,-12.422254691043703,56,fixed_k3
Strain_a_Tension_0.5pct,a,0.5,0.10473437800000002,-0.09862650874999991,0.0,-19.358591802091635,56,fixed_k3
Strain_a_Tension_0.5pct,a,0.5,0.10861300200000001,-0.09862650874999991,0.0,-33.94503082612061,56,fixed_k3
Strain_a_Tension_0.5pct,a,0.5,0.11249162600000001,-0.09862650874999991,0.0,-77.43752836720905,56,fixed_k3
Strain_a_Tension_0.5pct,a,0.5,0.11637025000000001,-0.09862650874999991,0.0,-290.56012555608095,56,fixed_k3
Strain_a_Tension_0.5pct,a,0.5,0.120248874,-0.09862650874999991,0.0,-2318.669425138024,56,fixed_k3
Strain_a_Tension_0.5pct,a,0.5,0.124127498,-0.09862650874999991,0.0,-2209.493866604291,56,fixed_k3
Strain_a_Tension_0.5pct,a,0.5,0.128006122,-0.09862650874999991,0.0,-345.55407008825733,56,fixed_k3
Strain_a_Tension_0.5pct,a,0.5,0.131884746,-0.09862650874999991,0.0,-96.75696884211966,56,fixed_k3
Strain_a_Tension_0.5pct,a,0.5,0.13576337,-0.09862650874999991,0.0,-40.365008414128845,56,fixed_k3
Strain_a_Tension_0.5pct,a,0.5,0.139641994,-0.09862650874999991,0.0,-22.878705532580422,56,fixed_k3
Strain_a_Tension_0.5pct,a,0.5,0.143520618,-0.09862650874999991,0.0,-15.791681105306644,56,fixed_k3
Strain_a_Tension_0.5pct,a,0.5,0.14739924199999999,-0.09862650874999991,0.0,-12.161236663600528,56,fixed_k3
Strain_a_Tension_0.5pct,a,0.5,0.15127786599999998,-0.09862650874999991,0.0,-9.910070913861974,56,fixed_k3
Strain_a_Tension_0.5pct,a,0.5,0.15515649,-0.09862650874999991,0.0,-8.289342603666384,56,fixed_k3
Strain_a_Tension_0.5pct,a,0.5,-0.1551334299999998,-0.0953398706249999,0.0,-8.380160676474986,56,fixed_k3
Strain_a_Tension_0.5pct,a,0.5,-0.1512548059999998,-0.0953398706249999,0.0,-9.26736318618605,56,fixed_k3
Strain_a_Tension_0.5pct,a,0.5,-0.1473761819999998,-0.0953398706249999,0.0,-10.535022110530207,56,fixed_k3
Strain_a_Tension_0.5pct,a,0.5,-0.1434975579999998,-0.0953398706249999,0.0,-12.49610344673983,56,fixed_k3
Strain_a_Tension_0.5pct,a,0.5,-0.1396189339999998,-0.0953398706249999,0.0,-15.893904376850251,56,fixed_k3
Strain_a_Tension_0.5pct,a,0.5,-0.1357403099999998,-0.0953398706249999,0.0,-22.849354172180924,56,fixed_k3
Strain_a_Tension_0.5pct,a,0.5,-0.1318616859999998,-0.0953398706249999,0.0,-41.184645836249246,56,fixed_k3
Strain_a_Tension_0.5pct,a,0.5,-0.12798306199999981,-0.0953398706249999,0.0,-110.6745482190672,56,fixed_k3
Strain_a_Tension_0.5pct,a,0.5,-0.12410443799999982,-0.0953398706249999,0.0,-511.46566938802454,56,fixed_k3
Strain_a_Tension_0.5pct,a,0.5,-0.12022581399999982,-0.0953398706249999,0.0,-613.8524230572361,56,fixed_k3
Strain_a_Tension_0.5pct,a,0.5,-0.11634718999999982,-0.0953398706249999,0.0,-81.85169102506295,56,fixed_k3
Strain_a_Tension_0.5pct,a,0.5,-0.11246856599999983,-0.0953398706249999,0.0,-13.689370078503984,56,fixed_k3
Strain_a_Tension_0.5pct,a,0.5,-0.10858994199999983,-0.0953398706249999,0.0,-1.6681118470191667,56,fixed_k3
Strain_a_Tension_0.5pct,a,0.5,-0.10471131799999983,-0.0953398706249999,0.0,0.7637907391563319,56,fixed_k3
Strain_a_Tension_0.5pct,a,0.5,-0.10083269399999983,-0.0953398706249999,0.0,0.5890055728727817,56,fixed_k3
Strain_a_Tension_0.5pct,a,0.5,-0.09695406999999984,-0.0953398706249999,0.0,-0.4487651637903589,56,fixed_k3
Strain_a_Tension_0.5pct,a,0.5,-0.09307544599999984,-0.0953398706249999,0.0,-1.6430158027982882,56,fixed_k3
Strain_a_Tension_0.5pct,a,0.5,-0.08919682199999984,-0.0953398706249999,0.0,-2.6256852493774367,56,fixed_k3
Strain_a_Tension_0.5pct,a,0.5,-0.08531819799999985,-0.0953398706249999,0.0,-3.2419830875251985,56,fixed_k3
Strain_a_Tension_0.5pct,a,0.5,-0.08143957399999985,-0.0953398706249999,0.0,-3.4937583784740327,56,fixed_k3
Strain_a_Tension_0.5pct,a,0.5,-0.07756094999999985,-0.0953398706249999,0.0,-3.468388507042788,56,fixed_k3
Strain_a_Tension_0.5pct,a,0.5,-0.07368232599999985,-0.0953398706249999,0.0,-3.2728063832886387,56,fixed_k3
Strain_a_Tension_0.5pct,a,0.5,-0.06980370199999986,-0.0953398706249999,0.0,-2.994837211342657,56,fixed_k3
Strain_a_Tension_0.5pct,a,0.5,-0.06592507799999986,-0.0953398706249999,0.0,-2.6918482941746795,56,fixed_k3
Strain_a_Tension_0.5pct,a,0.5,-0.06204645399999986,-0.0953398706249999,0.0,-2.3948632184991614,56,fixed_k3
Strain_a_Tension_0.5pct,a,0.5,-0.058167829999999865,-0.0953398706249999,0.0,-2.1172788295869625,56,fixed_k3
Strain_a_Tension_0.5pct,a,0.5,-0.05428920599999987,-0.0953398706249999,0.0,-1.8625876176996072,56,fixed_k3
Strain_a_Tension_0.5pct,a,0.5,-0.05041058199999987,-0.0953398706249999,0.0,-1.629561086445682,56,fixed_k3
Strain_a_Tension_0.5pct,a,0.5,-0.04653195799999987,-0.0953398706249999,0.0,-1.4152024767755365,56,fixed_k3
Strain_a_Tension_0.5pct,a,0.5,-0.042653333999999876,-0.0953398706249999,0.0,-1.2162294032144543,56,fixed_k3
Strain_a_Tension_0.5pct,a,0.5,-0.03877470999999988,-0.0953398706249999,0.0,-1.0297341538352942,56,fixed_k3
Strain_a_Tension_0.5pct,a,0.5,-0.03489608599999988,-0.0953398706249999,0.0,-0.8534387715229221,56,fixed_k3
Strain_a_Tension_0.5pct,a,0.5,-0.031017461999999885,-0.0953398706249999,0.0,-0.6857729282849334,56,fixed_k3
Strain_a_Tension_0.5pct,a,0.5,-0.027138837999999887,-0.0953398706249999,0.0,-0.525881837289639,56,fixed_k3
Strain_a_Tension_0.5pct,a,0.5,-0.02326021399999989,-0.0953398706249999,0.0,-0.37360417514983224,56,fixed_k3
Strain_a_Tension_0.5pct,a,0.5,-0.019381589999999893,-0.0953398706249999,0.0,-0.2294265831841198,56,fixed_k3
Strain_a_Tension_0.5pct,a,0.5,-0.015502965999999896,-0.0953398706249999,0.0,-0.09440755554175295,56,fixed_k3
Strain_a_Tension_0.5pct,a,0.5,-0.011624341999999899,-0.0953398706249999,0.0,0.02993901314431291,56,fixed_k3
Strain_a_Tension_0.5pct,a,0.5,-0.0077457179999999015,-0.0953398706249999,0.0,0.1418062960821942,56,fixed_k3
Strain_a_Tension_0.5pct,a,0.5,-0.0038670939999999043,-0.0953398706249999,0.0,0.23930088303745833,56,fixed_k3
Strain_a_Tension_0.5pct,a,0.5,1.1530000000092855e-05,-0.0953398706249999,0.0,0.3206815920635653,56,fixed_k3
Strain_a_Tension_0.5pct,a,0.5,0.00389015400000009,-0.0953398706249999,0.0,0.38461084183942784,56,fixed_k3
Strain_a_Tension_0.5pct,a,0.5,0.007768778000000087,-0.0953398706249999,0.0,0.430393137949026,56,fixed_k3
Strain_a_Tension_0.5pct,a,0.5,0.011647402000000084,-0.0953398706249999,0.0,0.4581741663418857,56,fixed_k3
Strain_a_Tension_0.5pct,a,0.5,0.015526026000000082,-0.0953398706249999,0.0,0.4690778304055776,56,fixed_k3
Strain_a_Tension_0.5pct,a,0.5,0.01940465000000008,-0.0953398706249999,0.0,0.46526635101260094,56,fixed_k3
Strain_a_Tension_0.5pct,a,0.5,0.023283274000000076,-0.0953398706249999,0.0,0.4499180966062979,56,fixed_k3
Strain_a_Tension_0.5pct,a,0.5,0.027161898000000073,-0.0953398706249999,0.0,0.42712627461971353,56,fixed_k3
Strain_a_Tension_0.5pct,a,0.5,0.03104052200000007,-0.0953398706249999,0.0,0.4017261259628224,56,fixed_k3
Strain_a_Tension_0.5pct,a,0.5,0.03491914600000007,-0.0953398706249999,0.0,0.3790563868324268,56,fixed_k3
Strain_a_Tension_0.5pct,a,0.5,0.038797770000000065,-0.0953398706249999,0.0,0.3646505849875541,56,fixed_k3
Strain_a_Tension_0.5pct,a,0.5,0.04267639400000006,-0.0953398706249999,0.0,0.36383347447596126,56,fixed_k3
Strain_a_Tension_0.5pct,a,0.5,0.04655501800000006,-0.0953398706249999,0.0,0.38116557762337555,56,fixed_k3
Strain_a_Tension_0.5pct,a,0.5,0.050433642000000056,-0.0953398706249999,0.0,0.4196321284787432,56,fixed_k3
Strain_a_Tension_0.5pct,a,0.5,0.05431226600000005,-0.0953398706249999,0.0,0.4794107460240302,56,fixed_k3
Strain_a_Tension_0.5pct,a,0.5,0.05819089000000005,-0.0953398706249999,0.0,0.5559806861948355,56,fixed_k3
Strain_a_Tension_0.5pct,a,0.5,0.06206951400000005,-0.0953398706249999,0.0,0.637281310345641,56,fixed_k3
Strain_a_Tension_0.5pct,a,0.5,0.06594813800000005,-0.0953398706249999,0.0,0.699660298212389,56,fixed_k3
Strain_a_Tension_0.5pct,a,0.5,0.06982676200000004,-0.0953398706249999,0.0,0.7026276312680619,56,fixed_k3
Strain_a_Tension_0.5pct,a,0.5,0.07370538600000004,-0.0953398706249999,0.0,0.5831964898690196,56,fixed_k3
Strain_a_Tension_0.5pct,a,0.5,0.07758401000000004,-0.0953398706249999,0.0,0.2520378639038925,56,fixed_k3
Strain_a_Tension_0.5pct,a,0.5,0.08146263400000003,-0.0953398706249999,0.0,-0.40463123271869605,56,fixed_k3
Strain_a_Tension_0.5pct,a,0.5,0.08534125800000003,-0.0953398706249999,0.0,-1.5137377655548458,56,fixed_k3
Strain_a_Tension_0.5pct,a,0.5,0.08921988200000003,-0.0953398706249999,0.0,-3.1977132985180385,56,fixed_k3
Strain_a_Tension_0.5pct,a,0.5,0.09309850600000003,-0.0953398706249999,0.0,-5.571777809093236,56,fixed_k3
Strain_a_Tension_0.5pct,a,0.5,0.09697713000000002,-0.0953398706249999,0.0,-8.807766645115528,56,fixed_k3
Strain_a_Tension_0.5pct,a,0.5,0.10085575400000002,-0.0953398706249999,0.0,-13.369125843410158,56,fixed_k3
Strain_a_Tension_0.5pct,a,0.5,0.10473437800000002,-0.0953398706249999,0.0,-20.711148094729335,56,fixed_k3
Strain_a_Tension_0.5pct,a,0.5,0.10861300200000001,-0.0953398706249999,0.0,-35.73570693969204,56,fixed_k3
Strain_a_Tension_0.5pct,a,0.5,0.11249162600000001,-0.0953398706249999,0.0,-78.53090830261795,56,fixed_k3
Strain_a_Tension_0.5pct,a,0.5,0.11637025000000001,-0.0953398706249999,0.0,-265.2802112627464,56,fixed_k3
Strain_a_Tension_0.5pct,a,0.5,0.120248874,-0.0953398706249999,0.0,-1332.9913908934168,56,fixed_k3
Strain_a_Tension_0.5pct,a,0.5,0.124127498,-0.0953398706249999,0.0,-957.724914170165,56,fixed_k3
Strain_a_Tension_0.5pct,a,0.5,0.128006122,-0.0953398706249999,0.0,-209.2771803318957,56,fixed_k3
Strain_a_Tension_0.5pct,a,0.5,0.131884746,-0.0953398706249999,0.0,-71.15699286188399,56,fixed_k3
Strain_a_Tension_0.5pct,a,0.5,0.13576337,-0.0953398706249999,0.0,-33.735086207046315,56,fixed_k3
Strain_a_Tension_0.5pct,a,0.5,0.139641994,-0.0953398706249999,0.0,-20.74004165381919,56,fixed_k3
Strain_a_Tension_0.5pct,a,0.5,0.143520618,-0.0953398706249999,0.0,-14.99344491671756,56,fixed_k3
Strain_a_Tension_0.5pct,a,0.5,0.14739924199999999,-0.0953398706249999,0.0,-11.844873681706915,56,fixed_k3
Strain_a_Tension_0.5pct,a,0.5,0.15127786599999998,-0.0953398706249999,0.0,-9.799070480413517,56,fixed_k3
Strain_a_Tension_0.5pct,a,0.5,0.15515649,-0.0953398706249999,0.0,-8.283616226960993,56,fixed_k3
Strain_a_Tension_0.5pct,a,0.5,-0.1551334299999998,-0.09205323249999992,0.0,-8.028322201707226,56,fixed_k3
Strain_a_Tension_0.5pct,a,0.5,-0.1512548059999998,-0.09205323249999992,0.0,-8.84652950181939,56,fixed_k3
Strain_a_Tension_0.5pct,a,0.5,-0.1473761819999998,-0.09205323249999992,0.0,-9.970022409512236,56,fixed_k3
Strain_a_Tension_0.5pct,a,0.5,-0.1434975579999998,-0.09205323249999992,0.0,-11.588827916527714,56,fixed_k3
Strain_a_Tension_0.5pct,a,0.5,-0.1396189339999998,-0.09205323249999992,0.0,-14.043485265258862,56,fixed_k3
Strain_a_Tension_0.5pct,a,0.5,-0.1357403099999998,-0.09205323249999992,0.0,-17.939453794334547,56,fixed_k3
Strain_a_Tension_0.5pct,a,0.5,-0.1318616859999998,-0.09205323249999992,0.0,-24.859163658412335,56,fixed_k3
Strain_a_Tension_0.5pct,a,0.5,-0.12798306199999981,-0.09205323249999992,0.0,-49.241578900479894,56,fixed_k3
Strain_a_Tension_0.5pct,a,0.5,-0.12410443799999982,-0.09205323249999992,0.0,-230.23793562178378,56,fixed_k3
Strain_a_Tension_0.5pct,a,0.5,-0.12022581399999982,-0.09205323249999992,0.0,-335.0460907712994,56,fixed_k3
Strain_a_Tension_0.5pct,a,0.5,-0.11634718999999982,-0.09205323249999992,0.0,-67.38603125373058,56,fixed_k3
Strain_a_Tension_0.5pct,a,0.5,-0.11246856599999983,-0.09205323249999992,0.0,-13.202474880236368,56,fixed_k3
Strain_a_Tension_0.5pct,a,0.5,-0.10858994199999983,-0.09205323249999992,0.0,-1.6414759729340098,56,fixed_k3
Strain_a_Tension_0.5pct,a,0.5,-0.10471131799999983,-0.09205323249999992,0.0,1.0300391946069785,56,fixed_k3
Strain_a_Tension_0.5pct,a,0.5,-0.10083269399999983,-0.09205323249999992,0.0,0.9647142442504701,56,fixed_k3
Strain_a_Tension_0.5pct,a,0.5,-0.09695406999999984,-0.09205323249999992,0.0,-0.09744275022160198,56,fixed_k3
Strain_a_Tension_0.5pct,a,0.5,-0.09307544599999984,-0.09205323249999992,0.0,-1.377604159873905,56,fixed_k3
Strain_a_Tension_0.5pct,a,0.5,-0.08919682199999984,-0.09205323249999992,0.0,-2.4488649734178476,56,fixed_k3
Strain_a_Tension_0.5pct,a,0.5,-0.08531819799999985,-0.09205323249999992,0.0,-3.128813763984679,56,fixed_k3
Strain_a_Tension_0.5pct,a,0.5,-0.08143957399999985,-0.09205323249999992,0.0,-3.4172395762291465,56,fixed_k3
Strain_a_Tension_0.5pct,a,0.5,-0.07756094999999985,-0.09205323249999992,0.0,-3.4106589539774435,56,fixed_k3
Strain_a_Tension_0.5pct,a,0.5,-0.07368232599999985,-0.09205323249999992,0.0,-3.2254052231174692,56,fixed_k3
Strain_a_Tension_0.5pct,a,0.5,-0.06980370199999986,-0.09205323249999992,0.0,-2.954983560356254,56,fixed_k3
Strain_a_Tension_0.5pct,a,0.5,-0.06592507799999986,-0.09205323249999992,0.0,-2.659083031704061,56,fixed_k3
Strain_a_Tension_0.5pct,a,0.5,-0.06204645399999986,-0.09205323249999992,0.0,-2.369214194583245,56,fixed_k3
Strain_a_Tension_0.5pct,a,0.5,-0.058167829999999865,-0.09205323249999992,0.0,-2.098598648668104,56,fixed_k3
Strain_a_Tension_0.5pct,a,0.5,-0.05428920599999987,-0.09205323249999992,0.0,-1.8504717640162778,56,fixed_k3
Strain_a_Tension_0.5pct,a,0.5,-0.05041058199999987,-0.09205323249999992,0.0,-1.6234548335748256,56,fixed_k3
Strain_a_Tension_0.5pct,a,0.5,-0.04653195799999987,-0.09205323249999992,0.0,-1.414518726584523,56,fixed_k3
Strain_a_Tension_0.5pct,a,0.5,-0.042653333999999876,-0.09205323249999992,0.0,-1.2204234218493761,56,fixed_k3
Strain_a_Tension_0.5pct,a,0.5,-0.03877470999999988,-0.09205323249999992,0.0,-1.0383335039339956,56,fixed_k3
Strain_a_Tension_0.5pct,a,0.5,-0.03489608599999988,-0.09205323249999992,0.0,-0.8660420601712391,56,fixed_k3
Strain_a_Tension_0.5pct,a,0.5,-0.031017461999999885,-0.09205323249999992,0.0,-0.7020316814393812,56,fixed_k3
Strain_a_Tension_0.5pct,a,0.5,-0.027138837999999887,-0.09205323249999992,0.0,-0.5454763886507976,56,fixed_k3
Strain_a_Tension_0.5pct,a,0.5,-0.02326021399999989,-0.09205323249999992,0.0,-0.3962207839994507,56,fixed_k3
Strain_a_Tension_0.5pct,a,0.5,-0.019381589999999893,-0.09205323249999992,0.0,-0.2547400500523942,56,fixed_k3
Strain_a_Tension_0.5pct,a,0.5,-0.015502965999999896,-0.09205323249999992,0.0,-0.12207138491220615,56,fixed_k3
Strain_a_Tension_0.5pct,a,0.5,-0.011624341999999899,-0.09205323249999992,0.0,0.0002945432444931839,56,fixed_k3
Strain_a_Tension_0.5pct,a,0.5,-0.0077457179999999015,-0.09205323249999992,0.0,0.1105690862120845,56,fixed_k3
Strain_a_Tension_0.5pct,a,0.5,-0.0038670939999999043,-0.09205323249999992,0.0,0.20686682581545046,56,fixed_k3
Strain_a_Tension_0.5pct,a,0.5,1.1530000000092855e-05,-0.09205323249999992,0.0,0.28744158255858343,56,fixed_k3
Strain_a_Tension_0.5pct,a,0.5,0.00389015400000009,-0.09205323249999992,0.0,0.3509373724501659,56,fixed_k3
Strain_a_Tension_0.5pct,a,0.5,0.007768778000000087,-0.09205323249999992,0.0,0.39662851176481384,56,fixed_k3
Strain_a_Tension_0.5pct,a,0.5,0.011647402000000084,-0.09205323249999992,0.0,0.4246217337378666,56,fixed_k3
Strain_a_Tension_0.5pct,a,0.5,0.015526026000000082,-0.09205323249999992,0.0,0.4359969507627204,56,fixed_k3
Strain_a_Tension_0.5pct,a,0.5,0.01940465000000008,-0.09205323249999992,0.0,0.43287122675535317,56,fixed_k3
Strain_a_Tension_0.5pct,a,0.5,0.023283274000000076,-0.09205323249999992,0.0,0.41838040139949983,56,fixed_k3
Strain_a_Tension_0.5pct,a,0.5,0.027161898000000073,-0.09205323249999992,0.0,0.3965817003446914,56,fixed_k3
Strain_a_Tension_0.5pct,a,0.5,0.03104052200000007,-0.09205323249999992,0.0,0.37228560902800956,56,fixed_k3
Strain_a_Tension_0.5pct,a,0.5,0.03491914600000007,-0.09205323249999992,0.0,0.35082376268646787,56,fixed_k3
Strain_a_Tension_0.5pct,a,0.5,0.038797770000000065,-0.09205323249999992,0.0,0.3377495849302079,56,fixed_k3
Strain_a_Tension_0.5pct,a,0.5,0.04267639400000006,-0.09205323249999992,0.0,0.33844796562793933,56,fixed_k3
Strain_a_Tension_0.5pct,a,0.5,0.04655501800000006,-0.09205323249999992,0.0,0.3575969660670939,56,fixed_k3
Strain_a_Tension_0.5pct,a,0.5,0.050433642000000056,-0.09205323249999992,0.0,0.39837510890035777,56,fixed_k3
Strain_a_Tension_0.5pct,a,0.5,0.05431226600000005,-0.09205323249999992,0.0,0.46123922629504577,56,fixed_k3
Strain_a_Tension_0.5pct,a,0.5,0.05819089000000005,-0.09205323249999992,0.0,0.5420120854796546,56,fixed_k3
Strain_a_Tension_0.5pct,a,0.5,0.06206951400000005,-0.09205323249999992,0.0,0.6289361919501166,56,fixed_k3
Strain_a_Tension_0.5pct,a,0.5,0.06594813800000005,-0.09205323249999992,0.0,0.698337208952557,56,fixed_k3
Strain_a_Tension_0.5pct,a,0.5,0.06982676200000004,-0.09205323249999992,0.0,0.7087591771226727,56,fixed_k3
Strain_a_Tension_0.5pct,a,0.5,0.07370538600000004,-0.09205323249999992,0.0,0.5941811360966502,56,fixed_k3
Strain_a_Tension_0.5pct,a,0.5,0.07758401000000004,-0.09205323249999992,0.0,0.2585332677333696,56,fixed_k3
Strain_a_Tension_0.5pct,a,0.5,0.08146263400000003,-0.09205323249999992,0.0,-0.423998947862831,56,fixed_k3
Strain_a_Tension_0.5pct,a,0.5,0.08534125800000003,-0.09205323249999992,0.0,-1.5975709693157039,56,fixed_k3
Strain_a_Tension_0.5pct,a,0.5,0.08921988200000003,-0.09205323249999992,0.0,-3.4029387589143547,56,fixed_k3
Strain_a_Tension_0.5pct,a,0.5,0.09309850600000003,-0.09205323249999992,0.0,-5.966016271383673,56,fixed_k3
Strain_a_Tension_0.5pct,a,0.5,0.09697713000000002,-0.09205323249999992,0.0,-9.452520205879246,56,fixed_k3
Strain_a_Tension_0.5pct,a,0.5,0.10085575400000002,-0.09205323249999992,0.0,-14.29820020077856,56,fixed_k3
Strain_a_Tension_0.5pct,a,0.5,0.10473437800000002,-0.09205323249999992,0.0,-21.887662637757177,56,fixed_k3
Strain_a_Tension_0.5pct,a,0.5,0.10861300200000001,-0.09205323249999992,0.0,-36.791039792460715,56,fixed_k3
Strain_a_Tension_0.5pct,a,0.5,0.11249162600000001,-0.09205323249999992,0.0,-76.48221178160135,56,fixed_k3
Strain_a_Tension_0.5pct,a,0.5,0.11637025000000001,-0.09205323249999992,0.0,-225.68114742514456,56,fixed_k3
Strain_a_Tension_0.5pct,a,0.5,0.120248874,-0.09205323249999992,0.0,-788.9250846344023,56,fixed_k3
Strain_a_Tension_0.5pct,a,0.5,0.124127498,-0.09205323249999992,0.0,-512.9760930331202,56,fixed_k3
Strain_a_Tension_0.5pct,a,0.5,0.128006122,-0.09205323249999992,0.0,-125.37931025028392,56,fixed_k3
Strain_a_Tension_0.5pct,a,0.5,0.131884746,-0.09205323249999992,0.0,-50.74662016031078,56,fixed_k3
Strain_a_Tension_0.5pct,a,0.5,0.13576337,-0.09205323249999992,0.0,-27.823301680396952,56,fixed_k3
Strain_a_Tension_0.5pct,a,0.5,0.139641994,-0.09205323249999992,0.0,-18.687557475389738,56,fixed_k3
Strain_a_Tension_0.5pct,a,0.5,0.143520618,-0.09205323249999992,0.0,-14.167143904432933,56,fixed_k3
Strain_a_Tension_0.5pct,a,0.5,0.14739924199999999,-0.09205323249999992,0.0,-11.480382003827524,56,fixed_k3
Strain_a_Tension_0.5pct,a,0.5,0.15127786599999998,-0.09205323249999992,0.0,-9.639488187059804,56,fixed_k3
Strain_a_Tension_0.5pct,a,0.5,0.15515649,-0.09205323249999992,0.0,-8.232545276855223,56,fixed_k3
Strain_a_Tension_0.5pct,a,0.5,-0.1551334299999998,-0.08876659437499992,0.0,-7.708202364437578,56,fixed_k3
Strain_a_Tension_0.5pct,a,0.5,-0.1512548059999998,-0.08876659437499992,0.0,-8.45478793973204,56,fixed_k3
Strain_a_Tension_0.5pct,a,0.5,-0.1473761819999998,-0.08876659437499992,0.0,-9.431915041383672,56,fixed_k3
Strain_a_Tension_0.5pct,a,0.5,-0.1434975579999998,-0.08876659437499992,0.0,-10.712434420075166,56,fixed_k3
Strain_a_Tension_0.5pct,a,0.5,-0.1396189339999998,-0.08876659437499992,0.0,-12.263707364063023,56,fixed_k3
Strain_a_Tension_0.5pct,a,0.5,-0.1357403099999998,-0.08876659437499992,0.0,-13.342356307531514,56,fixed_k3
Strain_a_Tension_0.5pct,a,0.5,-0.1318616859999998,-0.08876659437499992,0.0,-10.455434220835105,56,fixed_k3
Strain_a_Tension_0.5pct,a,0.5,-0.12798306199999981,-0.08876659437499992,0.0,-3.10356797320134,56,fixed_k3
Strain_a_Tension_0.5pct,a,0.5,-0.12410443799999982,-0.08876659437499992,0.0,-87.55439148931691,56,fixed_k3
Strain_a_Tension_0.5pct,a,0.5,-0.12022581399999982,-0.08876659437499992,0.0,-175.05078026936843,56,fixed_k3
Strain_a_Tension_0.5pct,a,0.5,-0.11634718999999982,-0.08876659437499992,0.0,-50.81690383819683,56,fixed_k3
Strain_a_Tension_0.5pct,a,0.5,-0.11246856599999983,-0.08876659437499992,0.0,-12.162035818036504,56,fixed_k3
Strain_a_Tension_0.5pct,a,0.5,-0.10858994199999983,-0.08876659437499992,0.0,-1.648040296738501,56,fixed_k3
Strain_a_Tension_0.5pct,a,0.5,-0.10471131799999983,-0.08876659437499992,0.0,1.2180028187953265,56,fixed_k3
Strain_a_Tension_0.5pct,a,0.5,-0.10083269399999983,-0.08876659437499992,0.0,1.2965210459757393,56,fixed_k3
Strain_a_Tension_0.5pct,a,0.5,-0.09695406999999984,-0.08876659437499992,0.0,0.2355180945991726,56,fixed_k3
Strain_a_Tension_0.5pct,a,0.5,-0.09307544599999984,-0.08876659437499992,0.0,-1.1206963987855385,56,fixed_k3
Strain_a_Tension_0.5pct,a,0.5,-0.08919682199999984,-0.08876659437499992,0.0,-2.2782447874128304,56,fixed_k3
Strain_a_Tension_0.5pct,a,0.5,-0.08531819799999985,-0.08876659437499992,0.0,-3.021035041543244,56,fixed_k3
Strain_a_Tension_0.5pct,a,0.5,-0.08143957399999985,-0.08876659437499992,0.0,-3.344941589211361,56,fixed_k3
Strain_a_Tension_0.5pct,a,0.5,-0.07756094999999985,-0.08876659437499992,0.0,-3.35576117693317,56,fixed_k3
Strain_a_Tension_0.5pct,a,0.5,-0.07368232599999985,-0.08876659437499992,0.0,-3.1796046969753347,56,fixed_k3
Strain_a_Tension_0.5pct,a,0.5,-0.06980370199999986,-0.08876659437499992,0.0,-2.915784476210116,56,fixed_k3
Strain_a_Tension_0.5pct,a,0.5,-0.06592507799999986,-0.08876659437499992,0.0,-2.6262750294530397,56,fixed_k3
Strain_a_Tension_0.5pct,a,0.5,-0.06204645399999986,-0.08876659437499992,0.0,-2.3430053609888777,56,fixed_k3
Strain_a_Tension_0.5pct,a,0.5,-0.058167829999999865,-0.08876659437499992,0.0,-2.0789724520284896,56,fixed_k3
Strain_a_Tension_0.5pct,a,0.5,-0.05428920599999987,-0.08876659437499992,0.0,-1.8371266614542205,56,fixed_k3
Strain_a_Tension_0.5pct,a,0.5,-0.05041058199999987,-0.08876659437499992,0.0,-1.6159227709355926,56,fixed_k3
Strain_a_Tension_0.5pct,a,0.5,-0.04653195799999987,-0.08876659437499992,0.0,-1.412287026863096,56,fixed_k3
Strain_a_Tension_0.5pct,a,0.5,-0.042653333999999876,-0.08876659437499992,0.0,-1.223010242351696,56,fixed_k3
Strain_a_Tension_0.5pct,a,0.5,-0.03877470999999988,-0.08876659437499992,0.0,-1.04531772345681,56,fixed_k3
Strain_a_Tension_0.5pct,a,0.5,-0.03489608599999988,-0.08876659437499992,0.0,-0.8770622214451587,56,fixed_k3
Strain_a_Tension_0.5pct,a,0.5,-0.031017461999999885,-0.08876659437499992,0.0,-0.7167684905171874,56,fixed_k3
Strain_a_Tension_0.5pct,a,0.5,-0.027138837999999887,-0.08876659437499992,0.0,-0.563629560882867,56,fixed_k3
Strain_a_Tension_0.5pct,a,0.5,-0.02326021399999989,-0.08876659437499992,0.0,-0.4174873112305124,56,fixed_k3
Strain_a_Tension_0.5pct,a,0.5,-0.019381589999999893,-0.08876659437499992,0.0,-0.27879805644723143,56,fixed_k3
Strain_a_Tension_0.5pct,a,0.5,-0.015502965999999896,-0.08876659437499992,0.0,-0.1485715626328985,56,fixed_k3
Strain_a_Tension_0.5pct,a,0.5,-0.011624341999999899,-0.08876659437499992,0.0,-0.02827040856994323,56,fixed_k3
Strain_a_Tension_0.5pct,a,0.5,-0.0077457179999999015,-0.08876659437499992,0.0,0.08033855186451344,56,fixed_k3
Strain_a_Tension_0.5pct,a,0.5,-0.0038670939999999043,-0.08876659437499992,0.0,0.17538031551658317,56,fixed_k3
Strain_a_Tension_0.5pct,a,0.5,1.1530000000092855e-05,-0.08876659437499992,0.0,0.25510502104436794,56,fixed_k3
Strain_a_Tension_0.5pct,a,0.5,0.00389015400000009,-0.08876659437499992,0.0,0.31813860189818755,56,fixed_k3
Strain_a_Tension_0.5pct,a,0.5,0.007768778000000087,-0.08876659437499992,0.0,0.36372463232192365,56,fixed_k3
Strain_a_Tension_0.5pct,a,0.5,0.011647402000000084,-0.08876659437499992,0.0,0.39192957802257844,56,fixed_k3
Strain_a_Tension_0.5pct,a,0.5,0.015526026000000082,-0.08876659437499992,0.0,0.40378735614468964,56,fixed_k3
Strain_a_Tension_0.5pct,a,0.5,0.01940465000000008,-0.08876659437499992,0.0,0.4013671909363259,56,fixed_k3
Strain_a_Tension_0.5pct,a,0.5,0.023283274000000076,-0.08876659437499992,0.0,0.38775896403341026,56,fixed_k3
Strain_a_Tension_0.5pct,a,0.5,0.027161898000000073,-0.08876659437499992,0.0,0.3669795863104013,56,fixed_k3
Strain_a_Tension_0.5pct,a,0.5,0.03104052200000007,-0.08876659437499992,0.0,0.3438093037541461,56,fixed_k3
Strain_a_Tension_0.5pct,a,0.5,0.03491914600000007,-0.08876659437499992,0.0,0.3235656911384077,56,fixed_k3
Strain_a_Tension_0.5pct,a,0.5,0.038797770000000065,-0.08876659437499992,0.0,0.31181327359740285,56,fixed_k3
Strain_a_Tension_0.5pct,a,0.5,0.04267639400000006,-0.08876659437499992,0.0,0.31398615865311674,56,fixed_k3
Strain_a_Tension_0.5pct,a,0.5,0.04655501800000006,-0.08876659437499992,0.0,0.33486690977405376,56,fixed_k3
Strain_a_Tension_0.5pct,a,0.5,0.050433642000000056,-0.08876659437499992,0.0,0.3778128989519951,56,fixed_k3
Strain_a_Tension_0.5pct,a,0.5,0.05431226600000005,-0.08876659437499992,0.0,0.44354640343117335,56,fixed_k3
Strain_a_Tension_0.5pct,a,0.5,0.05819089000000005,-0.08876659437499992,0.0,0.5282247132534481,56,fixed_k3
Strain_a_Tension_0.5pct,a,0.5,0.06206951400000005,-0.08876659437499992,0.0,0.6203951319478695,56,fixed_k3
Strain_a_Tension_0.5pct,a,0.5,0.06594813800000005,-0.08876659437499992,0.0,0.6963770386258434,56,fixed_k3
Strain_a_Tension_0.5pct,a,0.5,0.06982676200000004,-0.08876659437499992,0.0,0.713764962485818,56,fixed_k3
Strain_a_Tension_0.5pct,a,0.5,0.07370538600000004,-0.08876659437499992,0.0,0.6034583813297056,56,fixed_k3
Strain_a_Tension_0.5pct,a,0.5,0.07758401000000004,-0.08876659437499992,0.0,0.26238577458285595,56,fixed_k3
Strain_a_Tension_0.5pct,a,0.5,0.08146263400000003,-0.08876659437499992,0.0,-0.44799330931886394,56,fixed_k3
Strain_a_Tension_0.5pct,a,0.5,0.08534125800000003,-0.08876659437499992,0.0,-1.6901595285514992,56,fixed_k3
Strain_a_Tension_0.5pct,a,0.5,0.08921988200000003,-0.08876659437499992,0.0,-3.623549738019443,56,fixed_k3
Strain_a_Tension_0.5pct,a,0.5,0.09309850600000003,-0.08876659437499992,0.0,-6.3809432364482195,56,fixed_k3
Strain_a_Tension_0.5pct,a,0.5,0.09697713000000002,-0.08876659437499992,0.0,-10.107553810166642,56,fixed_k3
Strain_a_Tension_0.5pct,a,0.5,0.10085575400000002,-0.08876659437499992,0.0,-15.17569142006278,56,fixed_k3
Strain_a_Tension_0.5pct,a,0.5,0.10473437800000002,-0.08876659437499992,0.0,-22.81164842813942,56,fixed_k3
Strain_a_Tension_0.5pct,a,0.5,0.10861300200000001,-0.08876659437499992,0.0,-36.9854923137874,56,fixed_k3
Strain_a_Tension_0.5pct,a,0.5,0.11249162600000001,-0.08876659437499992,0.0,-71.60967038358288,56,fixed_k3
Strain_a_Tension_0.5pct,a,0.5,0.11637025000000001,-0.08876659437499992,0.0,-182.03690164331954,56,fixed_k3
Strain_a_Tension_0.5pct,a,0.5,0.120248874,-0.08876659437499992,0.0,-488.79724428543966,56,fixed_k3
Strain_a_Tension_0.5pct,a,0.5,0.124127498,-0.08876659437499992,0.0,-307.238649614601,56,fixed_k3
Strain_a_Tension_0.5pct,a,0.5,0.128006122,-0.08876659437499992,0.0,-69.17228464551357,56,fixed_k3
Strain_a_Tension_0.5pct,a,0.5,0.131884746,-0.08876659437499992,0.0,-34.15939164287823,56,fixed_k3
Strain_a_Tension_0.5pct,a,0.5,0.13576337,-0.08876659437499992,0.0,-22.541485156302784,56,fixed_k3
Strain_a_Tension_0.5pct,a,0.5,0.139641994,-0.08876659437499992,0.0,-16.722621067818952,56,fixed_k3
Strain_a_Tension_0.5pct,a,0.5,0.143520618,-0.08876659437499992,0.0,-13.319898371343493,56,fixed_k3
Strain_a_Tension_0.5pct,a,0.5,0.14739924199999999,-0.08876659437499992,0.0,-11.073547273601976,56,fixed_k3
Strain_a_Tension_0.5pct,a,0.5,0.15127786599999998,-0.08876659437499992,0.0,-9.435467767105541,56,fixed_k3
Strain_a_Tension_0.5pct,a,0.5,0.15515649,-0.08876659437499992,0.0,-8.13886157416719,56,fixed_k3
Strain_a_Tension_0.5pct,a,0.5,-0.1551334299999998,-0.08547995624999992,0.0,-7.413410924051895,56,fixed_k3
Strain_a_Tension_0.5pct,a,0.5,-0.1512548059999998,-0.08547995624999992,0.0,-8.086046595327772,56,fixed_k3
Strain_a_Tension_0.5pct,a,0.5,-0.1473761819999998,-0.08547995624999992,0.0,-8.914664434098055,56,fixed_k3
Strain_a_Tension_0.5pct,a,0.5,-0.1434975579999998,-0.08547995624999992,0.0,-9.859404552296006,56,fixed_k3
Strain_a_Tension_0.5pct,a,0.5,-0.1396189339999998,-0.08547995624999992,0.0,-10.534706777832838,56,fixed_k3
Strain_a_Tension_0.5pct,a,0.5,-0.1357403099999998,-0.08547995624999992,0.0,-8.929669041372808,56,fixed_k3
Strain_a_Tension_0.5pct,a,0.5,-0.1318616859999998,-0.08547995624999992,0.0,3.2761098942529916,56,fixed_k3
Strain_a_Tension_0.5pct,a,0.5,-0.12798306199999981,-0.08547995624999992,0.0,39.7711179947115,56,fixed_k3
Strain_a_Tension_0.5pct,a,0.5,-0.12410443799999982,-0.08547995624999992,0.0,10.840355019310259,56,fixed_k3
Strain_a_Tension_0.5pct,a,0.5,-0.12022581399999982,-0.08547995624999992,0.0,-80.15722532319667,56,fixed_k3
Strain_a_Tension_0.5pct,a,0.5,-0.11634718999999982,-0.08547995624999992,0.0,-35.34212311364118,56,fixed_k3
Strain_a_Tension_0.5pct,a,0.5,-0.11246856599999983,-0.08547995624999992,0.0,-10.768760542648662,56,fixed_k3
Strain_a_Tension_0.5pct,a,0.5,-0.10858994199999983,-0.08547995624999992,0.0,-1.6919700644210522,56,fixed_k3
Strain_a_Tension_0.5pct,a,0.5,-0.10471131799999983,-0.08547995624999992,0.0,1.3193934277525838,56,fixed_k3
Strain_a_Tension_0.5pct,a,0.5,-0.10083269399999983,-0.08547995624999992,0.0,1.5766596470215077,56,fixed_k3
Strain_a_Tension_0.5pct,a,0.5,-0.09695406999999984,-0.08547995624999992,0.0,0.546320577976438,56,fixed_k3
Strain_a_Tension_0.5pct,a,0.5,-0.09307544599999984,-0.08547995624999992,0.0,-0.8735159900346472,56,fixed_k3
Strain_a_Tension_0.5pct,a,0.5,-0.08919682199999984,-0.08547995624999992,0.0,-2.1140451989725717,56,fixed_k3
Strain_a_Tension_0.5pct,a,0.5,-0.08531819799999985,-0.08547995624999992,0.0,-2.9185647743236425,56,fixed_k3
Strain_a_Tension_0.5pct,a,0.5,-0.08143957399999985,-0.08547995624999992,0.0,-3.276700048555681,56,fixed_k3
Strain_a_Tension_0.5pct,a,0.5,-0.07756094999999985,-0.08547995624999992,0.0,-3.3035190334058964,56,fixed_k3
Strain_a_Tension_0.5pct,a,0.5,-0.07368232599999985,-0.08547995624999992,0.0,-3.135240258305367,56,fixed_k3
Strain_a_Tension_0.5pct,a,0.5,-0.06980370199999986,-0.08547995624999992,0.0,-2.877088985272515,56,fixed_k3
Strain_a_Tension_0.5pct,a,0.5,-0.06592507799999986,-0.08547995624999992,0.0,-2.593281099508168,56,fixed_k3
Strain_a_Tension_0.5pct,a,0.5,-0.06204645399999986,-0.08547995624999992,0.0,-2.3160958198981847,56,fixed_k3
Strain_a_Tension_0.5pct,a,0.5,-0.058167829999999865,-0.08547995624999992,0.0,-2.058258923360214,56,fixed_k3
Strain_a_Tension_0.5pct,a,0.5,-0.05428920599999987,-0.08547995624999992,0.0,-1.8224101555331622,56,fixed_k3
Strain_a_Tension_0.5pct,a,0.5,-0.05041058199999987,-0.08547995624999992,0.0,-1.6068225857487737,56,fixed_k3
Strain_a_Tension_0.5pct,a,0.5,-0.04653195799999987,-0.08547995624999992,0.0,-1.4083657883288194,56,fixed_k3
Strain_a_Tension_0.5pct,a,0.5,-0.042653333999999876,-0.08547995624999992,0.0,-1.2238496260459741,56,fixed_k3
Strain_a_Tension_0.5pct,a,0.5,-0.03877470999999988,-0.08547995624999992,0.0,-1.050548151572658,56,fixed_k3
Strain_a_Tension_0.5pct,a,0.5,-0.03489608599999988,-0.08547995624999992,0.0,-0.8863620179507452,56,fixed_k3
Strain_a_Tension_0.5pct,a,0.5,-0.031017461999999885,-0.08547995624999992,0.0,-0.7298470884452457,56,fixed_k3
Strain_a_Tension_0.5pct,a,0.5,-0.027138837999999887,-0.08547995624999992,0.0,-0.5802053999929528,56,fixed_k3
Strain_a_Tension_0.5pct,a,0.5,-0.02326021399999989,-0.08547995624999992,0.0,-0.43726733633328596,56,fixed_k3
Strain_a_Tension_0.5pct,a,0.5,-0.019381589999999893,-0.08547995624999992,0.0,-0.30146287329250443,56,fixed_k3
Strain_a_Tension_0.5pct,a,0.5,-0.015502965999999896,-0.08547995624999992,0.0,-0.17376818342832667,56,fixed_k3
Strain_a_Tension_0.5pct,a,0.5,-0.011624341999999899,-0.08547995624999992,0.0,-0.055612884247694616,56,fixed_k3
Strain_a_Tension_0.5pct,a,0.5,-0.0077457179999999015,-0.08547995624999992,0.0,0.05126158815806825,56,fixed_k3
Strain_a_Tension_0.5pct,a,0.5,-0.0038670939999999043,-0.08547995624999992,0.0,0.14499308492023877,56,fixed_k3
Strain_a_Tension_0.5pct,a,0.5,1.1530000000092855e-05,-0.08547995624999992,0.0,0.22382940780843352,56,fixed_k3
Strain_a_Tension_0.5pct,a,0.5,0.00389015400000009,-0.08547995624999992,0.0,0.2863787698777571,56,fixed_k3
Strain_a_Tension_0.5pct,a,0.5,0.007768778000000087,-0.08547995624999992,0.0,0.33185350235097166,56,fixed_k3
Strain_a_Tension_0.5pct,a,0.5,0.011647402000000084,-0.08547995624999992,0.0,0.3602785459092468,56,fixed_k3
Strain_a_Tension_0.5pct,a,0.5,0.015526026000000082,-0.08547995624999992,0.0,0.3726398781236937,56,fixed_k3
Strain_a_Tension_0.5pct,a,0.5,0.01940465000000008,-0.08547995624999992,0.0,0.37095626342612853,56,fixed_k3
Strain_a_Tension_0.5pct,a,0.5,0.023283274000000076,-0.08547995624999992,0.0,0.3582682655750813,56,fixed_k3
Strain_a_Tension_0.5pct,a,0.5,0.027161898000000073,-0.08547995624999992,0.0,0.33854823280577984,56,fixed_k3
Strain_a_Tension_0.5pct,a,0.5,0.03104052200000007,-0.08547995624999992,0.0,0.3165408006463517,56,fixed_k3
Strain_a_Tension_0.5pct,a,0.5,0.03491914600000007,-0.08547995624999992,0.0,0.2975426773935399,56,fixed_k3
Strain_a_Tension_0.5pct,a,0.5,0.038797770000000065,-0.08547995624999992,0.0,0.28712089732939905,56,fixed_k3
Strain_a_Tension_0.5pct,a,0.5,0.04267639400000006,-0.08547995624999992,0.0,0.2907481134263632,56,fixed_k3
Strain_a_Tension_0.5pct,a,0.5,0.04655501800000006,-0.08547995624999992,0.0,0.31329861940524983,56,fixed_k3
Strain_a_Tension_0.5pct,a,0.5,0.050433642000000056,-0.08547995624999992,0.0,0.35829443494272506,56,fixed_k3
Strain_a_Tension_0.5pct,a,0.5,0.05431226600000005,-0.08547995624999992,0.0,0.426709690772507,56,fixed_k3
Strain_a_Tension_0.5pct,a,0.5,0.05819089000000005,-0.08547995624999992,0.0,0.5150274334358942,56,fixed_k3
Strain_a_Tension_0.5pct,a,0.5,0.06206951400000005,-0.08547995624999992,0.0,0.6121022683812658,56,fixed_k3
Strain_a_Tension_0.5pct,a,0.5,0.06594813800000005,-0.08547995624999992,0.0,0.6942662085713911,56,fixed_k3
Strain_a_Tension_0.5pct,a,0.5,0.06982676200000004,-0.08547995624999992,0.0,0.7181898311455999,56,fixed_k3
Strain_a_Tension_0.5pct,a,0.5,0.07370538600000004,-0.08547995624999992,0.0,0.6116679630885666,56,fixed_k3
Strain_a_Tension_0.5pct,a,0.5,0.07758401000000004,-0.08547995624999992,0.0,0.26440185172471864,56,fixed_k3
Strain_a_Tension_0.5pct,a,0.5,0.08146263400000003,-0.08547995624999992,0.0,-0.4755167148943409,56,fixed_k3
Strain_a_Tension_0.5pct,a,0.5,0.08534125800000003,-0.08547995624999992,0.0,-1.7898775712414827,56,fixed_k3
Strain_a_Tension_0.5pct,a,0.5,0.08921988200000003,-0.08547995624999992,0.0,-3.8567257537199517,56,fixed_k3
Strain_a_Tension_0.5pct,a,0.5,0.09309850600000003,-0.08547995624999992,0.0,-6.810388192731937,56,fixed_k3
Strain_a_Tension_0.5pct,a,0.5,0.09697713000000002,-0.08547995624999992,0.0,-10.757592977727287,56,fixed_k3
Strain_a_Tension_0.5pct,a,0.5,0.10085575400000002,-0.08547995624999992,0.0,-15.966147252831776,56,fixed_k3
Strain_a_Tension_0.5pct,a,0.5,0.10473437800000002,-0.08547995624999992,0.0,-23.41751322736843,56,fixed_k3
Strain_a_Tension_0.5pct,a,0.5,0.10861300200000001,-0.08547995624999992,0.0,-36.28042724687416,56,fixed_k3
Strain_a_Tension_0.5pct,a,0.5,0.11249162600000001,-0.08547995624999992,0.0,-64.62021428742185,56,fixed_k3
Strain_a_Tension_0.5pct,a,0.5,0.11637025000000001,-0.08547995624999992,0.0,-141.0000850179316,56,fixed_k3
Strain_a_Tension_0.5pct,a,0.5,0.120248874,-0.08547995624999992,0.0,-310.24332880844923,56,fixed_k3
Strain_a_Tension_0.5pct,a,0.5,0.124127498,-0.08547995624999992,0.0,-187.595755752014,56,fixed_k3
Strain_a_Tension_0.5pct,a,0.5,0.128006122,-0.08547995624999992,0.0,-25.500965992000697,56,fixed_k3
Strain_a_Tension_0.5pct,a,0.5,0.131884746,-0.08547995624999992,0.0,-19.97158941633374,56,fixed_k3
Strain_a_Tension_0.5pct,a,0.5,0.13576337,-0.08547995624999992,0.0,-17.753007843619137,56,fixed_k3
Strain_a_Tension_0.5pct,a,0.5,0.139641994,-0.08547995624999992,0.0,-14.83640078951377,56,fixed_k3
Strain_a_Tension_0.5pct,a,0.5,0.143520618,-0.08547995624999992,0.0,-12.456250654446347,56,fixed_k3
Strain_a_Tension_0.5pct,a,0.5,0.14739924199999999,-0.08547995624999992,0.0,-10.629166823741484,56,fixed_k3
Strain_a_Tension_0.5pct,a,0.5,0.15127786599999998,-0.08547995624999992,0.0,-9.190683110437721,56,fixed_k3
Strain_a_Tension_0.5pct,a,0.5,0.15515649,-0.08547995624999992,0.0,-8.005192249765502,56,fixed_k3
Strain_a_Tension_0.5pct,a,0.5,-0.1551334299999998,-0.08219331812499991,0.0,-7.138472170786486,56,fixed_k3
Strain_a_Tension_0.5pct,a,0.5,-0.1512548059999998,-0.08219331812499991,0.0,-7.735165888610803,56,fixed_k3
Strain_a_Tension_0.5pct,a,0.5,-0.1473761819999998,-0.08219331812499991,0.0,-8.413266871857578,56,fixed_k3
Strain_a_Tension_0.5pct,a,0.5,-0.1434975579999998,-0.08219331812499991,0.0,-9.023048995417703,56,fixed_k3
Strain_a_Tension_0.5pct,a,0.5,-0.1396189339999998,-0.08219331812499991,0.0,-8.834593096335027,56,fixed_k3
Strain_a_Tension_0.5pct,a,0.5,-0.1357403099999998,-0.08219331812499991,0.0,-4.551907661177617,56,fixed_k3
Strain_a_Tension_0.5pct,a,0.5,-0.1318616859999998,-0.08219331812499991,0.0,17.673662857166324,56,fixed_k3
Strain_a_Tension_0.5pct,a,0.5,-0.12798306199999981,-0.08219331812499991,0.0,89.51883097686373,56,fixed_k3
Strain_a_Tension_0.5pct,a,0.5,-0.12410443799999982,-0.08219331812499991,0.0,98.51412631653992,56,fixed_k3
Strain_a_Tension_0.5pct,a,0.5,-0.12022581399999982,-0.08219331812499991,0.0,-21.752503347286275,56,fixed_k3
Strain_a_Tension_0.5pct,a,0.5,-0.11634718999999982,-0.08219331812499991,0.0,-22.62526389480137,56,fixed_k3
Strain_a_Tension_0.5pct,a,0.5,-0.11246856599999983,-0.08219331812499991,0.0,-9.271505058200743,56,fixed_k3
Strain_a_Tension_0.5pct,a,0.5,-0.10858994199999983,-0.08219331812499991,0.0,-1.7834170905479425,56,fixed_k3
Strain_a_Tension_0.5pct,a,0.5,-0.10471131799999983,-0.08219331812499991,0.0,1.3285681708166726,56,fixed_k3
Strain_a_Tension_0.5pct,a,0.5,-0.10083269399999983,-0.08219331812499991,0.0,1.798547374519347,56,fixed_k3
Strain_a_Tension_0.5pct,a,0.5,-0.09695406999999984,-0.08219331812499991,0.0,0.831658683140615,56,fixed_k3
Strain_a_Tension_0.5pct,a,0.5,-0.09307544599999984,-0.08219331812499991,0.0,-0.6368980721365411,56,fixed_k3
Strain_a_Tension_0.5pct,a,0.5,-0.08919682199999984,-0.08219331812499991,0.0,-1.9561577648132222,56,fixed_k3
Strain_a_Tension_0.5pct,a,0.5,-0.08531819799999985,-0.08219331812499991,0.0,-2.821078398556531,56,fixed_k3
Strain_a_Tension_0.5pct,a,0.5,-0.08143957399999985,-0.08219331812499991,0.0,-3.212190358476355,56,fixed_k3
Strain_a_Tension_0.5pct,a,0.5,-0.07756094999999985,-0.08219331812499991,0.0,-3.253658511380224,56,fixed_k3
Strain_a_Tension_0.5pct,a,0.5,-0.07368232599999985,-0.08219331812499991,0.0,-3.0920913251133024,56,fixed_k3
Strain_a_Tension_0.5pct,a,0.5,-0.06980370199999986,-0.08219331812499991,0.0,-2.8387162293722117,56,fixed_k3
Strain_a_Tension_0.5pct,a,0.5,-0.06592507799999986,-0.08219331812499991,0.0,-2.55994408837142,56,fixed_k3
Strain_a_Tension_0.5pct,a,0.5,-0.06204645399999986,-0.08219331812499991,0.0,-2.2883404536146115,56,fixed_k3
Strain_a_Tension_0.5pct,a,0.5,-0.058167829999999865,-0.08219331812499991,0.0,-2.0363185821062038,56,fixed_k3
Strain_a_Tension_0.5pct,a,0.5,-0.05428920599999987,-0.08219331812499991,0.0,-1.8061856908995402,56,fixed_k3
Strain_a_Tension_0.5pct,a,0.5,-0.05041058199999987,-0.08219331812499991,0.0,-1.5960198286337142,56,fixed_k3
Strain_a_Tension_0.5pct,a,0.5,-0.04653195799999987,-0.08219331812499991,0.0,-1.4026225340717982,56,fixed_k3
Strain_a_Tension_0.5pct,a,0.5,-0.042653333999999876,-0.08219331812499991,0.0,-1.2228110034753386,56,fixed_k3
Strain_a_Tension_0.5pct,a,0.5,-0.03877470999999988,-0.08219331812499991,0.0,-1.0538958928934161,56,fixed_k3
Strain_a_Tension_0.5pct,a,0.5,-0.03489608599999988,-0.08219331812499991,0.0,-0.8938137856708122,56,fixed_k3
Strain_a_Tension_0.5pct,a,0.5,-0.031017461999999885,-0.08219331812499991,0.0,-0.7411404312796503,56,fixed_k3
Strain_a_Tension_0.5pct,a,0.5,-0.027138837999999887,-0.08219331812499991,0.0,-0.5950767647091739,56,fixed_k3
Strain_a_Tension_0.5pct,a,0.5,-0.02326021399999989,-0.08219331812499991,0.0,-0.455432853654397,56,fixed_k3
Strain_a_Tension_0.5pct,a,0.5,-0.019381589999999893,-0.08219331812499991,0.0,-0.3226048532950472,56,fixed_k3
Strain_a_Tension_0.5pct,a,0.5,-0.015502965999999896,-0.08219331812499991,0.0,-0.19752919099751054,56,fixed_k3
Strain_a_Tension_0.5pct,a,0.5,-0.011624341999999899,-0.08219331812499991,0.0,-0.0815976639390934,56,fixed_k3
Strain_a_Tension_0.5pct,a,0.5,-0.0077457179999999015,-0.08219331812499991,0.0,0.02347732983445283,56,fixed_k3
Strain_a_Tension_0.5pct,a,0.5,-0.0038670939999999043,-0.08219331812499991,0.0,0.11584894840181814,56,fixed_k3
Strain_a_Tension_0.5pct,a,0.5,1.1530000000092855e-05,-0.08219331812499991,0.0,0.19376403302693035,56,fixed_k3
Strain_a_Tension_0.5pct,a,0.5,0.00389015400000009,-0.08219331812499991,0.0,0.25581348492286926,56,fixed_k3
Strain_a_Tension_0.5pct,a,0.5,0.007768778000000087,-0.08219331812499991,0.0,0.301177946898882,56,fixed_k3
Strain_a_Tension_0.5pct,a,0.5,0.011647402000000084,-0.08219331812499991,0.0,0.3298396357103144,56,fixed_k3
Strain_a_Tension_0.5pct,a,0.5,0.015526026000000082,-0.08219331812499991,0.0,0.3427347022807816,56,fixed_k3
Strain_a_Tension_0.5pct,a,0.5,0.01940465000000008,-0.08219331812499991,0.0,0.34182888646150955,56,fixed_k3
Strain_a_Tension_0.5pct,a,0.5,0.023283274000000076,-0.08219331812499991,0.0,0.33011013235770603,56,fixed_k3
Strain_a_Tension_0.5pct,a,0.5,0.027161898000000073,-0.08219331812499991,0.0,0.3115020482286712,56,fixed_k3
Strain_a_Tension_0.5pct,a,0.5,0.03104052200000007,-0.08219331812499991,0.0,0.2907083851585588,56,fixed_k3
Strain_a_Tension_0.5pct,a,0.5,0.03491914600000007,-0.08219331812499991,0.0,0.27299831805613417,56,fixed_k3
Strain_a_Tension_0.5pct,a,0.5,0.038797770000000065,-0.08219331812499991,0.0,0.2639329918274582,56,fixed_k3
Strain_a_Tension_0.5pct,a,0.5,0.04267639400000006,-0.08219331812499991,0.0,0.2690131845497785,56,fixed_k3
Strain_a_Tension_0.5pct,a,0.5,0.04655501800000006,-0.08219331812499991,0.0,0.2931924454850092,56,fixed_k3
Strain_a_Tension_0.5pct,a,0.5,0.050433642000000056,-0.08219331812499991,0.0,0.340143556149463,56,fixed_k3
Strain_a_Tension_0.5pct,a,0.5,0.05431226600000005,-0.08219331812499991,0.0,0.4110792389302287,56,fixed_k3
Strain_a_Tension_0.5pct,a,0.5,0.05819089000000005,-0.08219331812499991,0.0,0.5028000270090487,56,fixed_k3
Strain_a_Tension_0.5pct,a,0.5,0.06206951400000005,-0.08219331812499991,0.0,0.6044716664130436,56,fixed_k3
Strain_a_Tension_0.5pct,a,0.5,0.06594813800000005,-0.08219331812499991,0.0,0.692461831366423,56,fixed_k3
Strain_a_Tension_0.5pct,a,0.5,0.06982676200000004,-0.08219331812499991,0.0,0.7225538424727578,56,fixed_k3
Strain_a_Tension_0.5pct,a,0.5,0.07370538600000004,-0.08219331812499991,0.0,0.6194378445177442,56,fixed_k3
Strain_a_Tension_0.5pct,a,0.5,0.07758401000000004,-0.08219331812499991,0.0,0.2654084458274306,56,fixed_k3
Strain_a_Tension_0.5pct,a,0.5,0.08146263400000003,-0.08219331812499991,0.0,-0.5053778605281467,56,fixed_k3
Strain_a_Tension_0.5pct,a,0.5,0.08534125800000003,-0.08219331812499991,0.0,-1.8948521771017848,56,fixed_k3
Strain_a_Tension_0.5pct,a,0.5,0.08921988200000003,-0.08219331812499991,0.0,-4.099097125983134,56,fixed_k3
Strain_a_Tension_0.5pct,a,0.5,0.09309850600000003,-0.08219331812499991,0.0,-7.247099669093974,56,fixed_k3
Strain_a_Tension_0.5pct,a,0.5,0.09697713000000002,-0.08219331812499991,0.0,-11.385838091684882,56,fixed_k3
Strain_a_Tension_0.5pct,a,0.5,0.10085575400000002,-0.08219331812499991,0.0,-16.635126469097752,56,fixed_k3
Strain_a_Tension_0.5pct,a,0.5,0.10473437800000002,-0.08219331812499991,0.0,-23.659016559561902,56,fixed_k3
Strain_a_Tension_0.5pct,a,0.5,0.10861300200000001,-0.08219331812499991,0.0,-34.730043276806256,56,fixed_k3
Strain_a_Tension_0.5pct,a,0.5,0.11249162600000001,-0.08219331812499991,0.0,-56.38306688315783,56,fixed_k3
Strain_a_Tension_0.5pct,a,0.5,0.11637025000000001,-0.08219331812499991,0.0,-105.59690815074691,56,fixed_k3
Strain_a_Tension_0.5pct,a,0.5,0.120248874,-0.08219331812499991,0.0,-195.1909321994839,56,fixed_k3
Strain_a_Tension_0.5pct,a,0.5,0.124127498,-0.08219331812499991,0.0,-99.12924757170191,56,fixed_k3
Strain_a_Tension_0.5pct,a,0.5,0.128006122,-0.08219331812499991,0.0,16.480635124668712,56,fixed_k3
Strain_a_Tension_0.5pct,a,0.5,0.131884746,-0.08219331812499991,0.0,-6.820975644060619,56,fixed_k3
Strain_a_Tension_0.5pct,a,0.5,0.13576337,-0.08219331812499991,0.0,-13.303081475133766,56,fixed_k3
Strain_a_Tension_0.5pct,a,0.5,0.139641994,-0.08219331812499991,0.0,-13.014959618701786,56,fixed_k3
Strain_a_Tension_0.5pct,a,0.5,0.143520618,-0.08219331812499991,0.0,-11.579426353667762,56,fixed_k3
Strain_a_Tension_0.5pct,a,0.5,0.14739924199999999,-0.08219331812499991,0.0,-10.151569209145247,56,fixed_k3
Strain_a_Tension_0.5pct,a,0.5,0.15127786599999998,-0.08219331812499991,0.0,-8.908597917940357,56,fixed_k3
Strain_a_Tension_0.5pct,a,0.5,0.15515649,-0.08219331812499991,0.0,-7.834141291138235,56,fixed_k3
Strain_a_Tension_0.5pct,a,0.5,-0.1551334299999998,-0.07890667999999992,0.0,-6.878731975750476,56,fixed_k3
Strain_a_Tension_0.5pct,a,0.5,-0.1512548059999998,-0.07890667999999992,0.0,-7.397905471096956,56,fixed_k3
Strain_a_Tension_0.5pct,a,0.5,-0.1473761819999998,-0.07890667999999992,0.0,-7.923793381323591,56,fixed_k3
Strain_a_Tension_0.5pct,a,0.5,-0.1434975579999998,-0.07890667999999992,0.0,-8.197901112626043,56,fixed_k3
Strain_a_Tension_0.5pct,a,0.5,-0.1396189339999998,-0.07890667999999992,0.0,-7.141486211557469,56,fixed_k3
Strain_a_Tension_0.5pct,a,0.5,-0.1357403099999998,-0.07890667999999992,0.0,-0.04497663283685949,56,fixed_k3
Strain_a_Tension_0.5pct,a,0.5,-0.1318616859999998,-0.07890667999999992,0.0,34.32708343129879,56,fixed_k3
Strain_a_Tension_0.5pct,a,0.5,-0.12798306199999981,-0.07890667999999992,0.0,159.15675636628166,56,fixed_k3
Strain_a_Tension_0.5pct,a,0.5,-0.12410443799999982,-0.07890667999999992,0.0,188.9676128264801,56,fixed_k3
Strain_a_Tension_0.5pct,a,0.5,-0.12022581399999982,-0.07890667999999992,0.0,14.116860360544827,56,fixed_k3
Strain_a_Tension_0.5pct,a,0.5,-0.11634718999999982,-0.07890667999999992,0.0,-13.136500042142629,56,fixed_k3
Strain_a_Tension_0.5pct,a,0.5,-0.11246856599999983,-0.07890667999999992,0.0,-7.893981330962854,56,fixed_k3
Strain_a_Tension_0.5pct,a,0.5,-0.10858994199999983,-0.07890667999999992,0.0,-1.9355108950836262,56,fixed_k3
Strain_a_Tension_0.5pct,a,0.5,-0.10471131799999983,-0.07890667999999992,0.0,1.2430144395945286,56,fixed_k3
Strain_a_Tension_0.5pct,a,0.5,-0.10083269399999983,-0.07890667999999992,0.0,1.9571674992000963,56,fixed_k3
Strain_a_Tension_0.5pct,a,0.5,-0.09695406999999984,-0.07890667999999992,0.0,1.0888371301991708,56,fixed_k3
Strain_a_Tension_0.5pct,a,0.5,-0.09307544599999984,-0.07890667999999992,0.0,-0.41126641900073646,56,fixed_k3
Strain_a_Tension_0.5pct,a,0.5,-0.08919682199999984,-0.07890667999999992,0.0,-1.804144746547062,56,fixed_k3
Strain_a_Tension_0.5pct,a,0.5,-0.08531819799999985,-0.07890667999999992,0.0,-2.7280155692500356,56,fixed_k3
Strain_a_Tension_0.5pct,a,0.5,-0.08143957399999985,-0.07890667999999992,0.0,-3.150937131131168,56,fixed_k3
Strain_a_Tension_0.5pct,a,0.5,-0.07756094999999985,-0.07890667999999992,0.0,-3.2058174136720834,56,fixed_k3
Strain_a_Tension_0.5pct,a,0.5,-0.07368232599999985,-0.07890667999999992,0.0,-3.0498897927462387,56,fixed_k3
Strain_a_Tension_0.5pct,a,0.5,-0.06980370199999986,-0.07890667999999992,0.0,-2.8004624075711932,56,fixed_k3
Strain_a_Tension_0.5pct,a,0.5,-0.06592507799999986,-0.07890667999999992,0.0,-2.5260984010624288,56,fixed_k3
Strain_a_Tension_0.5pct,a,0.5,-0.06204645399999986,-0.07890667999999992,0.0,-2.259594341375715,56,fixed_k3
Strain_a_Tension_0.5pct,a,0.5,-0.058167829999999865,-0.07890667999999992,0.0,-2.0130173790421058,56,fixed_k3
Strain_a_Tension_0.5pct,a,0.5,-0.05428920599999987,-0.07890667999999992,0.0,-1.7883253032240507,56,fixed_k3
Strain_a_Tension_0.5pct,a,0.5,-0.05041058199999987,-0.07890667999999992,0.0,-1.5833904575868978,56,fixed_k3
Strain_a_Tension_0.5pct,a,0.5,-0.04653195799999987,-0.07890667999999992,0.0,-1.394936105926995,56,fixed_k3
Strain_a_Tension_0.5pct,a,0.5,-0.042653333999999876,-0.07890667999999992,0.0,-1.2197754216292782,56,fixed_k3
Strain_a_Tension_0.5pct,a,0.5,-0.03877470999999988,-0.07890667999999992,0.0,-1.0552435617161304,56,fixed_k3
Strain_a_Tension_0.5pct,a,0.5,-0.03489608599999988,-0.07890667999999992,0.0,-0.8993010156307377,56,fixed_k3
Strain_a_Tension_0.5pct,a,0.5,-0.031017461999999885,-0.07890667999999992,0.0,-0.7505321465229637,56,fixed_k3
Strain_a_Tension_0.5pct,a,0.5,-0.027138837999999887,-0.07890667999999992,0.0,-0.6081266628007387,56,fixed_k3
Strain_a_Tension_0.5pct,a,0.5,-0.02326021399999989,-0.07890667999999992,0.0,-0.47186551266333954,56,fixed_k3
Strain_a_Tension_0.5pct,a,0.5,-0.019381589999999893,-0.07890667999999992,0.0,-0.3421035875386269,56,fixed_k3
Strain_a_Tension_0.5pct,a,0.5,-0.015502965999999896,-0.07890667999999992,0.0,-0.21973146116514775,56,fixed_k3
Strain_a_Tension_0.5pct,a,0.5,-0.011624341999999899,-0.07890667999999992,0.0,-0.10609828482741035,56,fixed_k3
Strain_a_Tension_0.5pct,a,0.5,-0.0077457179999999015,-0.07890667999999992,0.0,-0.0028838119905816306,56,fixed_k3
Strain_a_Tension_0.5pct,a,0.5,-0.0038670939999999043,-0.07890667999999992,0.0,0.0880828854519633,56,fixed_k3
Strain_a_Tension_0.5pct,a,0.5,1.1530000000092855e-05,-0.07890667999999992,0.0,0.165049097938879,56,fixed_k3
Strain_a_Tension_0.5pct,a,0.5,0.00389015400000009,-0.07890667999999992,0.0,0.2265888738166124,56,fixed_k3
Strain_a_Tension_0.5pct,a,0.5,0.007768778000000087,-0.07890667999999992,0.0,0.27185078141363217,56,fixed_k3
Strain_a_Tension_0.5pct,a,0.5,0.011647402000000084,-0.07890667999999992,0.0,0.3007731747251454,56,fixed_k3
Strain_a_Tension_0.5pct,a,0.5,0.015526026000000082,-0.07890667999999992,0.0,0.3142405461626425,56,fixed_k3
Strain_a_Tension_0.5pct,a,0.5,0.01940465000000008,-0.07890667999999992,0.0,0.314163095597229,56,fixed_k3
Strain_a_Tension_0.5pct,a,0.5,0.023283274000000076,-0.07890667999999992,0.0,0.3034728940256426,56,fixed_k3
Strain_a_Tension_0.5pct,a,0.5,0.027161898000000073,-0.07890667999999992,0.0,0.28604069036639945,56,fixed_k3
Strain_a_Tension_0.5pct,a,0.5,0.03104052200000007,-0.07890667999999992,0.0,0.2665241603606774,56,fixed_k3
Strain_a_Tension_0.5pct,a,0.5,0.03491914600000007,-0.07890667999999992,0.0,0.25015840465468475,56,fixed_k3
Strain_a_Tension_0.5pct,a,0.5,0.038797770000000065,-0.07890667999999992,0.0,0.242490465423141,56,fixed_k3
Strain_a_Tension_0.5pct,a,0.5,0.04267639400000006,-0.07890667999999992,0.0,0.24903907891682886,56,fixed_k3
Strain_a_Tension_0.5pct,a,0.5,0.04655501800000006,-0.07890667999999992,0.0,0.2748248937917839,56,fixed_k3
Strain_a_Tension_0.5pct,a,0.5,0.050433642000000056,-0.07890667999999992,0.0,0.32365793952399313,56,fixed_k3
Strain_a_Tension_0.5pct,a,0.5,0.05431226600000005,-0.07890667999999992,0.0,0.3969767116198879,56,fixed_k3
Strain_a_Tension_0.5pct,a,0.5,0.05819089000000005,-0.07890667999999992,0.0,0.4918916632386636,56,fixed_k3
Strain_a_Tension_0.5pct,a,0.5,0.06206951400000005,-0.07890667999999992,0.0,0.5978852272814199,56,fixed_k3
Strain_a_Tension_0.5pct,a,0.5,0.06594813800000005,-0.07890667999999992,0.0,0.6913886179481106,56,fixed_k3
Strain_a_Tension_0.5pct,a,0.5,0.06982676200000004,-0.07890667999999992,0.0,0.727347459475828,56,fixed_k3
Strain_a_Tension_0.5pct,a,0.5,0.07370538600000004,-0.07890667999999992,0.0,0.6273766248629267,56,fixed_k3
Strain_a_Tension_0.5pct,a,0.5,0.07758401000000004,-0.07890667999999992,0.0,0.26624137850605045,56,fixed_k3
Strain_a_Tension_0.5pct,a,0.5,0.08146263400000003,-0.07890667999999992,0.0,-0.5363083310482248,56,fixed_k3
Strain_a_Tension_0.5pct,a,0.5,0.08534125800000003,-0.07890667999999992,0.0,-2.002987075237082,56,fixed_k3
Strain_a_Tension_0.5pct,a,0.5,0.08921988200000003,-0.07890667999999992,0.0,-4.346794029275871,56,fixed_k3
Strain_a_Tension_0.5pct,a,0.5,0.09309850600000003,-0.07890667999999992,0.0,-7.682928958701645,56,fixed_k3
Strain_a_Tension_0.5pct,a,0.5,0.09697713000000002,-0.07890667999999992,0.0,-11.974762702522472,56,fixed_k3
Strain_a_Tension_0.5pct,a,0.5,0.10085575400000002,-0.07890667999999992,0.0,-17.15204515073439,56,fixed_k3
Strain_a_Tension_0.5pct,a,0.5,0.10473437800000002,-0.07890667999999992,0.0,-23.51515762667197,56,fixed_k3
Strain_a_Tension_0.5pct,a,0.5,0.10861300200000001,-0.07890667999999992,0.0,-32.46736241439894,56,fixed_k3
Strain_a_Tension_0.5pct,a,0.5,0.11249162600000001,-0.07890667999999992,0.0,-47.725125913747874,56,fixed_k3
Strain_a_Tension_0.5pct,a,0.5,0.11637025000000001,-0.07890667999999992,0.0,-76.6269866170064,56,fixed_k3
Strain_a_Tension_0.5pct,a,0.5,0.120248874,-0.07890667999999992,0.0,-116.97589036917465,56,fixed_k3
Strain_a_Tension_0.5pct,a,0.5,0.124127498,-0.07890667999999992,0.0,-17.722476833301315,56,fixed_k3
Strain_a_Tension_0.5pct,a,0.5,0.128006122,-0.07890667999999992,0.0,68.03708722075056,56,fixed_k3
Strain_a_Tension_0.5pct,a,0.5,0.131884746,-0.07890667999999992,0.0,6.687414585937138,56,fixed_k3
Strain_a_Tension_0.5pct,a,0.5,0.13576337,-0.07890667999999992,0.0,-9.03146765935013,56,fixed_k3
Strain_a_Tension_0.5pct,a,0.5,0.139641994,-0.07890667999999992,0.0,-11.242327062604414,56,fixed_k3
Strain_a_Tension_0.5pct,a,0.5,0.143520618,-0.07890667999999992,0.0,-10.692113248232065,56,fixed_k3
Strain_a_Tension_0.5pct,a,0.5,0.14739924199999999,-0.07890667999999992,0.0,-9.644931224418393,56,fixed_k3
Strain_a_Tension_0.5pct,a,0.5,0.15127786599999998,-0.07890667999999992,0.0,-8.59263230025003,56,fixed_k3
Strain_a_Tension_0.5pct,a,0.5,0.15515649,-0.07890667999999992,0.0,-7.628351462135484,56,fixed_k3
Strain_a_Tension_0.5pct,a,0.5,-0.1551334299999998,-0.07562004187499993,0.0,-6.630263246773961,56,fixed_k3
Strain_a_Tension_0.5pct,a,0.5,-0.1512548059999998,-0.07562004187499993,0.0,-7.070844738302821,56,fixed_k3
Strain_a_Tension_0.5pct,a,0.5,-0.1473761819999998,-0.07562004187499993,0.0,-7.443353795415004,56,fixed_k3
Strain_a_Tension_0.5pct,a,0.5,-0.1434975579999998,-0.07562004187499993,0.0,-7.379893975325481,56,fixed_k3
Strain_a_Tension_0.5pct,a,0.5,-0.1396189339999998,-0.07562004187499993,0.0,-5.434663412561497,56,fixed_k3
Strain_a_Tension_0.5pct,a,0.5,-0.1357403099999998,-0.07562004187499993,0.0,4.771545168505479,56,fixed_k3
Strain_a_Tension_0.5pct,a,0.5,-0.1318616859999998,-0.07562004187499993,0.0,55.40889762260394,56,fixed_k3
Strain_a_Tension_0.5pct,a,0.5,-0.12798306199999981,-0.07562004187499993,0.0,271.90291746813296,56,fixed_k3
Strain_a_Tension_0.5pct,a,0.5,-0.12410443799999982,-0.07562004187499993,0.0,282.15615573643504,56,fixed_k3
Strain_a_Tension_0.5pct,a,0.5,-0.12022581399999982,-0.07562004187499993,0.0,34.50759626789484,56,fixed_k3
Strain_a_Tension_0.5pct,a,0.5,-0.11634718999999982,-0.07562004187499993,0.0,-6.666975147708826,56,fixed_k3
Strain_a_Tension_0.5pct,a,0.5,-0.11246856599999983,-0.07562004187499993,0.0,-6.787475385556107,56,fixed_k3
Strain_a_Tension_0.5pct,a,0.5,-0.10858994199999983,-0.07562004187499993,0.0,-2.159357963847704,56,fixed_k3
Strain_a_Tension_0.5pct,a,0.5,-0.10471131799999983,-0.07562004187499993,0.0,1.0638847207759685,56,fixed_k3
Strain_a_Tension_0.5pct,a,0.5,-0.10083269399999983,-0.07562004187499993,0.0,2.0494486465005775,56,fixed_k3
Strain_a_Tension_0.5pct,a,0.5,-0.09695406999999984,-0.07562004187499993,0.0,1.315894243202208,56,fixed_k3
Strain_a_Tension_0.5pct,a,0.5,-0.09307544599999984,-0.07562004187499993,0.0,-0.19661881545963,56,fixed_k3
Strain_a_Tension_0.5pct,a,0.5,-0.08919682199999984,-0.07562004187499993,0.0,-1.6572479755024947,56,fixed_k3
Strain_a_Tension_0.5pct,a,0.5,-0.08531819799999985,-0.07562004187499993,0.0,-2.6385930926775365,56,fixed_k3
Strain_a_Tension_0.5pct,a,0.5,-0.08143957399999985,-0.07562004187499993,0.0,-3.0923272016099386,56,fixed_k3
Strain_a_Tension_0.5pct,a,0.5,-0.07756094999999985,-0.07562004187499993,0.0,-3.15955678972308,56,fixed_k3
Strain_a_Tension_0.5pct,a,0.5,-0.07368232599999985,-0.07562004187499993,0.0,-3.008329231681846,56,fixed_k3
Strain_a_Tension_0.5pct,a,0.5,-0.06980370199999986,-0.07562004187499993,0.0,-2.7621078637893106,56,fixed_k3
Strain_a_Tension_0.5pct,a,0.5,-0.06592507799999986,-0.07562004187499993,0.0,-2.4915754332114703,56,fixed_k3
Strain_a_Tension_0.5pct,a,0.5,-0.06204645399999986,-0.07562004187499993,0.0,-2.229716998522833,56,fixed_k3
Strain_a_Tension_0.5pct,a,0.5,-0.058167829999999865,-0.07562004187499993,0.0,-1.9882300983097445,56,fixed_k3
Strain_a_Tension_0.5pct,a,0.5,-0.05428920599999987,-0.07562004187499993,0.0,-1.7687124311689089,56,fixed_k3
Strain_a_Tension_0.5pct,a,0.5,-0.05041058199999987,-0.07562004187499993,0.0,-1.5688232269580942,56,fixed_k3
Strain_a_Tension_0.5pct,a,0.5,-0.04653195799999987,-0.07562004187499993,0.0,-1.3851987440209987,56,fixed_k3
Strain_a_Tension_0.5pct,a,0.5,-0.042653333999999876,-0.07562004187499993,0.0,-1.2146373923111384,56,fixed_k3
Strain_a_Tension_0.5pct,a,0.5,-0.03877470999999988,-0.07562004187499993,0.0,-1.0544869536929555,56,fixed_k3
Strain_a_Tension_0.5pct,a,0.5,-0.03489608599999988,-0.07562004187499993,0.0,-0.9027198869624251,56,fixed_k3
Strain_a_Tension_0.5pct,a,0.5,-0.031017461999999885,-0.07562004187499993,0.0,-0.7579179542321803,56,fixed_k3
Strain_a_Tension_0.5pct,a,0.5,-0.027138837999999887,-0.07562004187499993,0.0,-0.6192495789279924,56,fixed_k3
Strain_a_Tension_0.5pct,a,0.5,-0.02326021399999989,-0.07562004187499993,0.0,-0.4864578658182859,56,fixed_k3
Strain_a_Tension_0.5pct,a,0.5,-0.019381589999999893,-0.07562004187499993,0.0,-0.3598490831304635,56,fixed_k3
Strain_a_Tension_0.5pct,a,0.5,-0.015502965999999896,-0.07562004187499993,0.0,-0.24026191699940913,56,fixed_k3
Strain_a_Tension_0.5pct,a,0.5,-0.011624341999999899,-0.07562004187499993,0.0,-0.12899810038411275,56,fixed_k3
Strain_a_Tension_0.5pct,a,0.5,-0.0077457179999999015,-0.07562004187499993,0.0,-0.0277011595933363,56,fixed_k3
Strain_a_Tension_0.5pct,a,0.5,-0.0038670939999999043,-0.07562004187499993,0.0,0.061820073890084704,56,fixed_k3
Strain_a_Tension_0.5pct,a,0.5,1.1530000000092855e-05,-0.07562004187499993,0.0,0.13781478422076843,56,fixed_k3
Strain_a_Tension_0.5pct,a,0.5,0.00389015400000009,-0.07562004187499993,0.0,0.19884068004637623,56,fixed_k3
Strain_a_Tension_0.5pct,a,0.5,0.007768778000000087,-0.07562004187499993,0.0,0.24401393218528167,56,fixed_k3
Strain_a_Tension_0.5pct,a,0.5,0.011647402000000084,-0.07562004187499993,0.0,0.2732279549557224,56,fixed_k3
Strain_a_Tension_0.5pct,a,0.5,0.015526026000000082,-0.07562004187499993,0.0,0.2873138044668688,56,fixed_k3
Strain_a_Tension_0.5pct,a,0.5,0.01940465000000008,-0.07562004187499993,0.0,0.2881236700518066,56,fixed_k3
Strain_a_Tension_0.5pct,a,0.5,0.023283274000000076,-0.07562004187499993,0.0,0.27853053681232254,56,fixed_k3
Strain_a_Tension_0.5pct,a,0.5,0.027161898000000073,-0.07562004187499993,0.0,0.26234822289858184,56,fixed_k3
Strain_a_Tension_0.5pct,a,0.5,0.03104052200000007,-0.07562004187499993,0.0,0.24418320965179463,56,fixed_k3
Strain_a_Tension_0.5pct,a,0.5,0.03491914600000007,-0.07562004187499993,0.0,0.22923009776761294,56,fixed_k3
Strain_a_Tension_0.5pct,a,0.5,0.038797770000000065,-0.07562004187499993,0.0,0.2230137905755134,56,fixed_k3
Strain_a_Tension_0.5pct,a,0.5,0.04267639400000006,-0.07562004187499993,0.0,0.2310610681189864,56,fixed_k3
Strain_a_Tension_0.5pct,a,0.5,0.04655501800000006,-0.07562004187499993,0.0,0.2584478539287378,56,fixed_k3
Strain_a_Tension_0.5pct,a,0.5,0.050433642000000056,-0.07562004187499993,0.0,0.3091083211651595,56,fixed_k3
Strain_a_Tension_0.5pct,a,0.5,0.05431226600000005,-0.07562004187499993,0.0,0.38469444101553973,56,fixed_k3
Strain_a_Tension_0.5pct,a,0.5,0.05819089000000005,-0.07562004187499993,0.0,0.4826198649770945,56,fixed_k3
Strain_a_Tension_0.5pct,a,0.5,0.06206951400000005,-0.07562004187499993,0.0,0.5926912242632041,56,fixed_k3
Strain_a_Tension_0.5pct,a,0.5,0.06594813800000005,-0.07562004187499993,0.0,0.691436541263871,56,fixed_k3
Strain_a_Tension_0.5pct,a,0.5,0.06982676200000004,-0.07562004187499993,0.0,0.7330275490379685,56,fixed_k3
Strain_a_Tension_0.5pct,a,0.5,0.07370538600000004,-0.07562004187499993,0.0,0.6360665589118908,56,fixed_k3
Strain_a_Tension_0.5pct,a,0.5,0.07758401000000004,-0.07562004187499993,0.0,0.2677334662114721,56,fixed_k3
Strain_a_Tension_0.5pct,a,0.5,0.08146263400000003,-0.07562004187499993,0.0,-0.5669819202397726,56,fixed_k3
Strain_a_Tension_0.5pct,a,0.5,0.08534125800000003,-0.07562004187499993,0.0,-2.1119952086432936,56,fixed_k3
Strain_a_Tension_0.5pct,a,0.5,0.08921988200000003,-0.07562004187499993,0.0,-4.5955207357502506,56,fixed_k3
Strain_a_Tension_0.5pct,a,0.5,0.09309850600000003,-0.07562004187499993,0.0,-8.109082850614817,56,fixed_k3
Strain_a_Tension_0.5pct,a,0.5,0.09697713000000002,-0.07562004187499993,0.0,-12.507045752811623,56,fixed_k3
Strain_a_Tension_0.5pct,a,0.5,0.10085575400000002,-0.07562004187499993,0.0,-17.492790108734432,56,fixed_k3
Strain_a_Tension_0.5pct,a,0.5,0.10473437800000002,-0.07562004187499993,0.0,-22.992237332603505,56,fixed_k3
Strain_a_Tension_0.5pct,a,0.5,0.10861300200000001,-0.07562004187499993,0.0,-29.67624611655507,56,fixed_k3
Strain_a_Tension_0.5pct,a,0.5,0.11249162600000001,-0.07562004187499993,0.0,-39.30612802066604,56,fixed_k3
Strain_a_Tension_0.5pct,a,0.5,0.11637025000000001,-0.07562004187499993,0.0,-53.81492254567872,56,fixed_k3
Strain_a_Tension_0.5pct,a,0.5,0.120248874,-0.07562004187499993,0.0,-63.1064202624832,56,fixed_k3
Strain_a_Tension_0.5pct,a,0.5,0.124127498,-0.07562004187499993,0.0,65.01150714592272,56,fixed_k3
Strain_a_Tension_0.5pct,a,0.5,0.128006122,-0.07562004187499993,0.0,147.14788828528057,56,fixed_k3
Strain_a_Tension_0.5pct,a,0.5,0.131884746,-0.07562004187499993,0.0,22.21215169406524,56,fixed_k3
Strain_a_Tension_0.5pct,a,0.5,0.13576337,-0.07562004187499993,0.0,-4.774839271016987,56,fixed_k3
Strain_a_Tension_0.5pct,a,0.5,0.139641994,-0.07562004187499993,0.0,-9.502296613660551,56,fixed_k3
Strain_a_Tension_0.5pct,a,0.5,0.143520618,-0.07562004187499993,0.0,-9.79692333624058,56,fixed_k3
Strain_a_Tension_0.5pct,a,0.5,0.14739924199999999,-0.07562004187499993,0.0,-9.113450961611507,56,fixed_k3
Strain_a_Tension_0.5pct,a,0.5,0.15127786599999998,-0.07562004187499993,0.0,-8.246255982157832,56,fixed_k3
Strain_a_Tension_0.5pct,a,0.5,0.15515649,-0.07562004187499993,0.0,-7.390542534437525,56,fixed_k3
Strain_a_Tension_0.5pct,a,0.5,-0.1551334299999998,-0.07233340374999993,0.0,-6.389777050929346,56,fixed_k3
Strain_a_Tension_0.5pct,a,0.5,-0.1512548059999998,-0.07233340374999993,0.0,-6.751293897374066,56,fixed_k3
Strain_a_Tension_0.5pct,a,0.5,-0.1473761819999998,-0.07233340374999993,0.0,-6.970021969322926,56,fixed_k3
Strain_a_Tension_0.5pct,a,0.5,-0.1434975579999998,-0.07233340374999993,0.0,-6.566431823125273,56,fixed_k3
Strain_a_Tension_0.5pct,a,0.5,-0.1396189339999998,-0.07233340374999993,0.0,-3.6953011956490016,56,fixed_k3
Strain_a_Tension_0.5pct,a,0.5,-0.1357403099999998,-0.07233340374999993,0.0,10.100996884784522,56,fixed_k3
Strain_a_Tension_0.5pct,a,0.5,-0.1318616859999998,-0.07233340374999993,0.0,84.28001185841404,56,fixed_k3
Strain_a_Tension_0.5pct,a,0.5,-0.12798306199999981,-0.07233340374999993,0.0,477.9386575257243,56,fixed_k3
Strain_a_Tension_0.5pct,a,0.5,-0.12410443799999982,-0.07233340374999993,0.0,362.0218532928989,56,fixed_k3
Strain_a_Tension_0.5pct,a,0.5,-0.12022581399999982,-0.07233340374999993,0.0,43.682315607446235,56,fixed_k3
Strain_a_Tension_0.5pct,a,0.5,-0.11634718999999982,-0.07233340374999993,0.0,-2.701554003033826,56,fixed_k3
Strain_a_Tension_0.5pct,a,0.5,-0.11246856599999983,-0.07233340374999993,0.0,-6.017947874738147,56,fixed_k3
Strain_a_Tension_0.5pct,a,0.5,-0.10858994199999983,-0.07233340374999993,0.0,-2.459217902359871,56,fixed_k3
Strain_a_Tension_0.5pct,a,0.5,-0.10471131799999983,-0.07233340374999993,0.0,0.7964551777925613,56,fixed_k3
Strain_a_Tension_0.5pct,a,0.5,-0.10083269399999983,-0.07233340374999993,0.0,2.0746023249326613,56,fixed_k3
Strain_a_Tension_0.5pct,a,0.5,-0.09695406999999984,-0.07233340374999993,0.0,1.5117211618952338,56,fixed_k3
Strain_a_Tension_0.5pct,a,0.5,-0.09307544599999984,-0.07233340374999993,0.0,0.007478407671324794,56,fixed_k3
Strain_a_Tension_0.5pct,a,0.5,-0.08919682199999984,-0.07233340374999993,0.0,-1.5144072831058326,56,fixed_k3
Strain_a_Tension_0.5pct,a,0.5,-0.08531819799999985,-0.07233340374999993,0.0,-2.5518242399652626,56,fixed_k3
Strain_a_Tension_0.5pct,a,0.5,-0.08143957399999985,-0.07233340374999993,0.0,-3.035626087145446,56,fixed_k3
Strain_a_Tension_0.5pct,a,0.5,-0.07756094999999985,-0.07233340374999993,0.0,-3.114373903054756,56,fixed_k3
Strain_a_Tension_0.5pct,a,0.5,-0.07368232599999985,-0.07233340374999993,0.0,-2.9670745759993244,56,fixed_k3
Strain_a_Tension_0.5pct,a,0.5,-0.06980370199999986,-0.07233340374999993,0.0,-2.7234241725733805,56,fixed_k3
Strain_a_Tension_0.5pct,a,0.5,-0.06592507799999986,-0.07233340374999993,0.0,-2.456208806174452,56,fixed_k3
Strain_a_Tension_0.5pct,a,0.5,-0.06204645399999986,-0.07233340374999993,0.0,-2.198576363432745,56,fixed_k3
Strain_a_Tension_0.5pct,a,0.5,-0.058167829999999865,-0.07233340374999993,0.0,-1.9618435109486065,56,fixed_k3
Strain_a_Tension_0.5pct,a,0.5,-0.05428920599999987,-0.07233340374999993,0.0,-1.7472445058169432,56,fixed_k3
Strain_a_Tension_0.5pct,a,0.5,-0.05041058199999987,-0.07233340374999993,0.0,-1.5522218865794928,56,fixed_k3
Strain_a_Tension_0.5pct,a,0.5,-0.04653195799999987,-0.07233340374999993,0.0,-1.3733180097695499,56,fixed_k3
Strain_a_Tension_0.5pct,a,0.5,-0.042653333999999876,-0.07233340374999993,0.0,-1.2073066154984164,56,fixed_k3
Strain_a_Tension_0.5pct,a,0.5,-0.03877470999999988,-0.07233340374999993,0.0,-1.0515366214299895,56,fixed_k3
Strain_a_Tension_0.5pct,a,0.5,-0.03489608599999988,-0.07233340374999993,0.0,-0.9039807299881684,56,fixed_k3
Strain_a_Tension_0.5pct,a,0.5,-0.031017461999999885,-0.07233340374999993,0.0,-0.763207041369983,56,fixed_k3
Strain_a_Tension_0.5pct,a,0.5,-0.027138837999999887,-0.07233340374999993,0.0,-0.6283527761120118,56,fixed_k3
Strain_a_Tension_0.5pct,a,0.5,-0.02326021399999989,-0.07233340374999993,0.0,-0.4991146076483317,56,fixed_k3
Strain_a_Tension_0.5pct,a,0.5,-0.019381589999999893,-0.07233340374999993,0.0,-0.37574294695447485,56,fixed_k3
Strain_a_Tension_0.5pct,a,0.5,-0.015502965999999896,-0.07233340374999993,0.0,-0.25901866229705717,56,fixed_k3
Strain_a_Tension_0.5pct,a,0.5,-0.011624341999999899,-0.07233340374999993,0.0,-0.15019136771432606,56,fixed_k3
Strain_a_Tension_0.5pct,a,0.5,-0.0077457179999999015,-0.07233340374999993,0.0,-0.050864813759822436,56,fixed_k3
Strain_a_Tension_0.5pct,a,0.5,-0.0038670939999999043,-0.07233340374999993,0.0,0.0371748828593641,56,fixed_k3
Strain_a_Tension_0.5pct,a,0.5,1.1530000000092855e-05,-0.07233340374999993,0.0,0.11218028064321928,56,fixed_k3
Strain_a_Tension_0.5pct,a,0.5,0.00389015400000009,-0.07233340374999993,0.0,0.17269331944045607,56,fixed_k3
Strain_a_Tension_0.5pct,a,0.5,0.007768778000000087,-0.07233340374999993,0.0,0.21779751635277478,56,fixed_k3
Strain_a_Tension_0.5pct,a,0.5,0.011647402000000084,-0.07233340374999993,0.0,0.2473403334044375,56,fixed_k3
Strain_a_Tension_0.5pct,a,0.5,0.015526026000000082,-0.07233340374999993,0.0,0.2620976666520174,56,fixed_k3
Strain_a_Tension_0.5pct,a,0.5,0.01940465000000008,-0.07233340374999993,0.0,0.2638612663877786,56,fixed_k3
Strain_a_Tension_0.5pct,a,0.5,0.023283274000000076,-0.07233340374999993,0.0,0.25544185440536804,56,fixed_k3
Strain_a_Tension_0.5pct,a,0.5,0.027161898000000073,-0.07233340374999993,0.0,0.24059228745077998,56,fixed_k3
Strain_a_Tension_0.5pct,a,0.5,0.03104052200000007,-0.07233340374999993,0.0,0.22386279712954593,56,fixed_k3
Strain_a_Tension_0.5pct,a,0.5,0.03491914600000007,-0.07233340374999993,0.0,0.21040116575651902,56,fixed_k3
Strain_a_Tension_0.5pct,a,0.5,0.038797770000000065,-0.07233340374999993,0.0,0.20570229283222385,56,fixed_k3
Strain_a_Tension_0.5pct,a,0.5,0.04267639400000006,-0.07233340374999993,0.0,0.21529133874945572,56,fixed_k3
Strain_a_Tension_0.5pct,a,0.5,0.04655501800000006,-0.07233340374999993,0.0,0.24428801629243235,56,fixed_k3
Strain_a_Tension_0.5pct,a,0.5,0.050433642000000056,-0.07233340374999993,0.0,0.29673797032263227,56,fixed_k3
Strain_a_Tension_0.5pct,a,0.5,0.05431226600000005,-0.07233340374999993,0.0,0.374494917914465,56,fixed_k3
Strain_a_Tension_0.5pct,a,0.5,0.05819089000000005,-0.07233340374999993,0.0,0.4752699136621157,56,fixed_k3
Strain_a_Tension_0.5pct,a,0.5,0.06206951400000005,-0.07233340374999993,0.0,0.5892034065709941,56,fixed_k3
Strain_a_Tension_0.5pct,a,0.5,0.06594813800000005,-0.07233340374999993,0.0,0.6929592058300202,56,fixed_k3
Strain_a_Tension_0.5pct,a,0.5,0.06982676200000004,-0.07233340374999993,0.0,0.7400141788872396,56,fixed_k3
Strain_a_Tension_0.5pct,a,0.5,0.07370538600000004,-0.07233340374999993,0.0,0.6460572470082193,56,fixed_k3
Strain_a_Tension_0.5pct,a,0.5,0.07758401000000004,-0.07233340374999993,0.0,0.2707025452778329,56,fixed_k3
Strain_a_Tension_0.5pct,a,0.5,0.08146263400000003,-0.07233340374999993,0.0,-0.5960363789749372,56,fixed_k3
Strain_a_Tension_0.5pct,a,0.5,0.08534125800000003,-0.07233340374999993,0.0,-2.2194397564884145,56,fixed_k3
Strain_a_Tension_0.5pct,a,0.5,0.08921988200000003,-0.07233340374999993,0.0,-4.840653698940207,56,fixed_k3
Strain_a_Tension_0.5pct,a,0.5,0.09309850600000003,-0.07233340374999993,0.0,-8.51643396406235,56,fixed_k3
Strain_a_Tension_0.5pct,a,0.5,0.09697713000000002,-0.07233340374999993,0.0,-12.966553714509748,56,fixed_k3
Strain_a_Tension_0.5pct,a,0.5,0.10085575400000002,-0.07233340374999993,0.0,-17.641710848540747,56,fixed_k3
Strain_a_Tension_0.5pct,a,0.5,0.10473437800000002,-0.07233340374999993,0.0,-22.12181571297494,56,fixed_k3
Strain_a_Tension_0.5pct,a,0.5,0.10861300200000001,-0.07233340374999993,0.0,-26.558806652679237,56,fixed_k3
Strain_a_Tension_0.5pct,a,0.5,0.11249162600000001,-0.07233340374999993,0.0,-31.574929012836197,56,fixed_k3
Strain_a_Tension_0.5pct,a,0.5,0.11637025000000001,-0.07233340374999993,0.0,-36.4358862056541,56,fixed_k3
Strain_a_Tension_0.5pct,a,0.5,0.120248874,-0.07233340374999993,0.0,-27.081470714670584,56,fixed_k3
Strain_a_Tension_0.5pct,a,0.5,0.124127498,-0.07233340374999993,0.0,141.89173804975627,56,fixed_k3
Strain_a_Tension_0.5pct,a,0.5,0.128006122,-0.07233340374999993,0.0,292.4170401971693,56,fixed_k3
Strain_a_Tension_0.5pct,a,0.5,0.131884746,-0.07233340374999993,0.0,42.08468813152978,56,fixed_k3
Strain_a_Tension_0.5pct,a,0.5,0.13576337,-0.07233340374999993,0.0,-0.36350337412022327,56,fixed_k3
Strain_a_Tension_0.5pct,a,0.5,0.139641994,-0.07233340374999993,0.0,-7.7795277594557355,56,fixed_k3
Strain_a_Tension_0.5pct,a,0.5,0.143520618,-0.07233340374999993,0.0,-8.896669253301257,56,fixed_k3
Strain_a_Tension_0.5pct,a,0.5,0.14739924199999999,-0.07233340374999993,0.0,-8.561427011674892,56,fixed_k3
Strain_a_Tension_0.5pct,a,0.5,0.15127786599999998,-0.07233340374999993,0.0,-7.873027994460527,56,fixed_k3
Strain_a_Tension_0.5pct,a,0.5,0.15515649,-0.07233340374999993,0.0,-7.1235274669818685,56,fixed_k3
Strain_a_Tension_0.5pct,a,0.5,-0.1551334299999998,-0.06904676562499992,0.0,-6.154542774479273,56,fixed_k3
Strain_a_Tension_0.5pct,a,0.5,-0.1512548059999998,-0.06904676562499992,0.0,-6.43720551942896,56,fixed_k3
Strain_a_Tension_0.5pct,a,0.5,-0.1473761819999998,-0.06904676562499992,0.0,-6.502746892113944,56,fixed_k3
Strain_a_Tension_0.5pct,a,0.5,-0.1434975579999998,-0.06904676562499992,0.0,-5.75642555259445,56,fixed_k3
Strain_a_Tension_0.5pct,a,0.5,-0.1396189339999998,-0.06904676562499992,0.0,-1.9071492166122064,56,fixed_k3
Strain_a_Tension_0.5pct,a,0.5,-0.1357403099999998,-0.06904676562499992,0.0,16.17913224893939,56,fixed_k3
Strain_a_Tension_0.5pct,a,0.5,-0.1318616859999998,-0.06904676562499992,0.0,126.67055661503909,56,fixed_k3
Strain_a_Tension_0.5pct,a,0.5,-0.12798306199999981,-0.06904676562499992,0.0,900.2244693814495,56,fixed_k3
Strain_a_Tension_0.5pct,a,0.5,-0.12410443799999982,-0.06904676562499992,0.0,400.9437909987523,56,fixed_k3
Strain_a_Tension_0.5pct,a,0.5,-0.12022581399999982,-0.06904676562499992,0.0,44.98461733549144,56,fixed_k3
Strain_a_Tension_0.5pct,a,0.5,-0.11634718999999982,-0.06904676562499992,0.0,-0.6350419378884414,56,fixed_k3
Strain_a_Tension_0.5pct,a,0.5,-0.11246856599999983,-0.06904676562499992,0.0,-5.578980185062855,56,fixed_k3
Strain_a_Tension_0.5pct,a,0.5,-0.10858994199999983,-0.06904676562499992,0.0,-2.829744688326455,56,fixed_k3
Strain_a_Tension_0.5pct,a,0.5,-0.10471131799999983,-0.06904676562499992,0.0,0.4503204113430168,56,fixed_k3
Strain_a_Tension_0.5pct,a,0.5,-0.10083269399999983,-0.06904676562499992,0.0,2.0343690402575367,56,fixed_k3
Strain_a_Tension_0.5pct,a,0.5,-0.09695406999999984,-0.06904676562499992,0.0,1.676167999234771,56,fixed_k3
Strain_a_Tension_0.5pct,a,0.5,-0.09307544599999984,-0.06904676562499992,0.0,0.20188603620246792,56,fixed_k3
Strain_a_Tension_0.5pct,a,0.5,-0.08919682199999984,-0.06904676562499992,0.0,-1.3742884897376648,56,fixed_k3
Strain_a_Tension_0.5pct,a,0.5,-0.08531819799999985,-0.06904676562499992,0.0,-2.466544309105505,56,fixed_k3
Strain_a_Tension_0.5pct,a,0.5,-0.08143957399999985,-0.06904676562499992,0.0,-2.979997648668074,56,fixed_k3
Strain_a_Tension_0.5pct,a,0.5,-0.07756094999999985,-0.06904676562499992,0.0,-3.0697164820224554,56,fixed_k3
Strain_a_Tension_0.5pct,a,0.5,-0.07368232599999985,-0.06904676562499992,0.0,-2.925772101227254,56,fixed_k3
Strain_a_Tension_0.5pct,a,0.5,-0.06980370199999986,-0.06904676562499992,0.0,-2.6841810819782825,56,fixed_k3
Strain_a_Tension_0.5pct,a,0.5,-0.06592507799999986,-0.06904676562499992,0.0,-2.4198393104748552,56,fixed_k3
Strain_a_Tension_0.5pct,a,0.5,-0.06204645399999986,-0.06904676562499992,0.0,-2.166052467437874,56,fixed_k3
Strain_a_Tension_0.5pct,a,0.5,-0.058167829999999865,-0.06904676562499992,0.0,-1.9337592329890656,56,fixed_k3
Strain_a_Tension_0.5pct,a,0.5,-0.05428920599999987,-0.06904676562499992,0.0,-1.7238352810057773,56,fixed_k3
Strain_a_Tension_0.5pct,a,0.5,-0.05041058199999987,-0.06904676562499992,0.0,-1.5335071606452042,56,fixed_k3
Strain_a_Tension_0.5pct,a,0.5,-0.04653195799999987,-0.06904676562499992,0.0,-1.3592185256470741,56,fixed_k3
Strain_a_Tension_0.5pct,a,0.5,-0.042653333999999876,-0.06904676562499992,0.0,-1.1977095534010733,56,fixed_k3
Strain_a_Tension_0.5pct,a,0.5,-0.03877470999999988,-0.06904676562499992,0.0,-1.0463193314076462,56,fixed_k3
Strain_a_Tension_0.5pct,a,0.5,-0.03489608599999988,-0.06904676562499992,0.0,-0.9030093980362683,56,fixed_k3
Strain_a_Tension_0.5pct,a,0.5,-0.031017461999999885,-0.06904676562499992,0.0,-0.7663233692314526,56,fixed_k3
Strain_a_Tension_0.5pct,a,0.5,-0.027138837999999887,-0.06904676562499992,0.0,-0.6353575517058445,56,fixed_k3
Strain_a_Tension_0.5pct,a,0.5,-0.02326021399999989,-0.06904676562499992,0.0,-0.509753786960494,56,fixed_k3
Strain_a_Tension_0.5pct,a,0.5,-0.019381589999999893,-0.06904676562499992,0.0,-0.3896995584460172,56,fixed_k3
Strain_a_Tension_0.5pct,a,0.5,-0.015502965999999896,-0.06904676562499992,0.0,-0.27591211734814136,56,fixed_k3
Strain_a_Tension_0.5pct,a,0.5,-0.011624341999999899,-0.06904676562499992,0.0,-0.16958434787315646,56,fixed_k3
Strain_a_Tension_0.5pct,a,0.5,-0.0077457179999999015,-0.06904676562499992,0.0,-0.07227672008077413,56,fixed_k3
Strain_a_Tension_0.5pct,a,0.5,-0.0038670939999999043,-0.06904676562499992,0.0,0.014249838876013943,56,fixed_k3
Strain_a_Tension_0.5pct,a,0.5,1.1530000000092855e-05,-0.06904676562499992,0.0,0.0882527794151251,56,fixed_k3
Strain_a_Tension_0.5pct,a,0.5,0.00389015400000009,-0.06904676562499992,0.0,0.14825890453286883,56,fixed_k3
Strain_a_Tension_0.5pct,a,0.5,0.007768778000000087,-0.06904676562499992,0.0,0.19331889212858444,56,fixed_k3
Strain_a_Tension_0.5pct,a,0.5,0.011647402000000084,-0.06904676562499992,0.0,0.2232333066265788,56,fixed_k3
Strain_a_Tension_0.5pct,a,0.5,0.015526026000000082,-0.06904676562499992,0.0,0.23872121551167647,56,fixed_k3
Strain_a_Tension_0.5pct,a,0.5,0.01940465000000008,-0.06904676562499992,0.0,0.2415115426818102,56,fixed_k3
Strain_a_Tension_0.5pct,a,0.5,0.023283274000000076,-0.06904676562499992,0.0,0.23434960181474818,56,fixed_k3
Strain_a_Tension_0.5pct,a,0.5,0.027161898000000073,-0.06904676562499992,0.0,0.22092329432933622,56,fixed_k3
Strain_a_Tension_0.5pct,a,0.5,0.03104052200000007,-0.06904676562499992,0.0,0.20572160579904764,56,fixed_k3
Strain_a_Tension_0.5pct,a,0.5,0.03491914600000007,-0.06904676562499992,0.0,0.19383928441937348,56,fixed_k3
Strain_a_Tension_0.5pct,a,0.5,0.038797770000000065,-0.06904676562499992,0.0,0.19073352850758263,56,fixed_k3
Strain_a_Tension_0.5pct,a,0.5,0.04267639400000006,-0.06904676562499992,0.0,0.20191846529413948,56,fixed_k3
Strain_a_Tension_0.5pct,a,0.5,0.04655501800000006,-0.06904676562499992,0.0,0.2325464538027946,56,fixed_k3
Strain_a_Tension_0.5pct,a,0.5,0.050433642000000056,-0.06904676562499992,0.0,0.286762382056424,56,fixed_k3
Strain_a_Tension_0.5pct,a,0.5,0.05431226600000005,-0.06904676562499992,0.0,0.36661057096103944,56,fixed_k3
Strain_a_Tension_0.5pct,a,0.5,0.05819089000000005,-0.06904676562499992,0.0,0.4700946360702376,56,fixed_k3
Strain_a_Tension_0.5pct,a,0.5,0.06206951400000005,-0.06904676562499992,0.0,0.5877006044361326,56,fixed_k3
Strain_a_Tension_0.5pct,a,0.5,0.06594813800000005,-0.06904676562499992,0.0,0.6962728589491609,56,fixed_k3
Strain_a_Tension_0.5pct,a,0.5,0.06982676200000004,-0.06904676562499992,0.0,0.7486881757471833,56,fixed_k3
Strain_a_Tension_0.5pct,a,0.5,0.07370538600000004,-0.06904676562499992,0.0,0.6578600371898116,56,fixed_k3
Strain_a_Tension_0.5pct,a,0.5,0.07758401000000004,-0.06904676562499992,0.0,0.27593958951356057,56,fixed_k3
Strain_a_Tension_0.5pct,a,0.5,0.08146263400000003,-0.06904676562499992,0.0,-0.6220971790863099,56,fixed_k3
Strain_a_Tension_0.5pct,a,0.5,0.08534125800000003,-0.06904676562499992,0.0,-2.3227827467037363,56,fixed_k3
Strain_a_Tension_0.5pct,a,0.5,0.08921988200000003,-0.06904676562499992,0.0,-5.077360374788466,56,fixed_k3
Strain_a_Tension_0.5pct,a,0.5,0.09309850600000003,-0.06904676562499992,0.0,-8.895870725048788,56,fixed_k3
Strain_a_Tension_0.5pct,a,0.5,0.09697713000000002,-0.06904676562499992,0.0,-13.339275391261314,56,fixed_k3
Strain_a_Tension_0.5pct,a,0.5,0.10085575400000002,-0.06904676562499992,0.0,-17.592703987135682,56,fixed_k3
Strain_a_Tension_0.5pct,a,0.5,0.10473437800000002,-0.06904676562499992,0.0,-20.95529476962016,56,fixed_k3
Strain_a_Tension_0.5pct,a,0.5,0.10861300200000001,-0.06904676562499992,0.0,-23.306724724780512,56,fixed_k3
Strain_a_Tension_0.5pct,a,0.5,0.11249162600000001,-0.06904676562499992,0.0,-24.78118607280933,56,fixed_k3
Strain_a_Tension_0.5pct,a,0.5,0.11637025000000001,-0.06904676562499992,0.0,-23.60565412235274,56,fixed_k3
Strain_a_Tension_0.5pct,a,0.5,0.120248874,-0.06904676562499992,0.0,-4.559158692403523,56,fixed_k3
Strain_a_Tension_0.5pct,a,0.5,0.124127498,-0.06904676562499992,0.0,193.21218340940325,56,fixed_k3
Strain_a_Tension_0.5pct,a,0.5,0.128006122,-0.06904676562499992,0.0,603.0078903866897,56,fixed_k3
Strain_a_Tension_0.5pct,a,0.5,0.131884746,-0.06904676562499992,0.0,70.07870237238586,56,fixed_k3
Strain_a_Tension_0.5pct,a,0.5,0.13576337,-0.06904676562499992,0.0,4.384701564589173,56,fixed_k3
Strain_a_Tension_0.5pct,a,0.5,0.139641994,-0.06904676562499992,0.0,-6.060362871211626,56,fixed_k3
Strain_a_Tension_0.5pct,a,0.5,0.143520618,-0.06904676562499992,0.0,-7.994548786309188,56,fixed_k3
Strain_a_Tension_0.5pct,a,0.5,0.14739924199999999,-0.06904676562499992,0.0,-7.993282642520002,56,fixed_k3
Strain_a_Tension_0.5pct,a,0.5,0.15127786599999998,-0.06904676562499992,0.0,-7.476600274313697,56,fixed_k3
Strain_a_Tension_0.5pct,a,0.5,0.15515649,-0.06904676562499992,0.0,-6.830210569858897,56,fixed_k3
Strain_a_Tension_0.5pct,a,0.5,-0.1551334299999998,-0.06576012749999993,0.0,-5.9223182152092955,56,fixed_k3
Strain_a_Tension_0.5pct,a,0.5,-0.1512548059999998,-0.06576012749999993,0.0,-6.127091689703126,56,fixed_k3
Strain_a_Tension_0.5pct,a,0.5,-0.1473761819999998,-0.06576012749999993,0.0,-6.041263301055898,56,fixed_k3
Strain_a_Tension_0.5pct,a,0.5,-0.1434975579999998,-0.06576012749999993,0.0,-4.950329838490536,56,fixed_k3
Strain_a_Tension_0.5pct,a,0.5,-0.1396189339999998,-0.06576012749999993,0.0,-0.05736414736806683,56,fixed_k3
Strain_a_Tension_0.5pct,a,0.5,-0.1357403099999998,-0.06576012749999993,0.0,23.285062543714975,56,fixed_k3
Strain_a_Tension_0.5pct,a,0.5,-0.1318616859999998,-0.06576012749999993,0.0,193.17609854870327,56,fixed_k3
Strain_a_Tension_0.5pct,a,0.5,-0.12798306199999981,-0.06576012749999993,0.0,1863.864651832038,56,fixed_k3
Strain_a_Tension_0.5pct,a,0.5,-0.12410443799999982,-0.06576012749999993,0.0,382.36639748554404,56,fixed_k3
Strain_a_Tension_0.5pct,a,0.5,-0.12022581399999982,-0.06576012749999993,0.0,41.37352697194402,56,fixed_k3
Strain_a_Tension_0.5pct,a,0.5,-0.11634718999999982,-0.06576012749999993,0.0,0.11018936195148177,56,fixed_k3
Strain_a_Tension_0.5pct,a,0.5,-0.11246856599999983,-0.06576012749999993,0.0,-5.416720651389826,56,fixed_k3
Strain_a_Tension_0.5pct,a,0.5,-0.10858994199999983,-0.06576012749999993,0.0,-3.256066978990816,56,fixed_k3
Strain_a_Tension_0.5pct,a,0.5,-0.10471131799999983,-0.06576012749999993,0.0,0.0391541865296714,56,fixed_k3
Strain_a_Tension_0.5pct,a,0.5,-0.10083269399999983,-0.06576012749999993,0.0,1.933121836059269,56,fixed_k3
Strain_a_Tension_0.5pct,a,0.5,-0.09695406999999984,-0.06576012749999993,0.0,1.810125347134586,56,fixed_k3
Strain_a_Tension_0.5pct,a,0.5,-0.09307544599999984,-0.06576012749999993,0.0,0.3878772892982969,56,fixed_k3
Strain_a_Tension_0.5pct,a,0.5,-0.08919682199999984,-0.06576012749999993,0.0,-1.235320549407158,56,fixed_k3
Strain_a_Tension_0.5pct,a,0.5,-0.08531819799999985,-0.06576012749999993,0.0,-2.3814420656778363,56,fixed_k3
Strain_a_Tension_0.5pct,a,0.5,-0.08143957399999985,-0.06576012749999993,0.0,-2.924526603953028,56,fixed_k3
Strain_a_Tension_0.5pct,a,0.5,-0.07756094999999985,-0.06576012749999993,0.0,-3.0249979641864013,56,fixed_k3
Strain_a_Tension_0.5pct,a,0.5,-0.07368232599999985,-0.06576012749999993,0.0,-2.8840594866682063,56,fixed_k3
Strain_a_Tension_0.5pct,a,0.5,-0.06980370199999986,-0.06576012749999993,0.0,-2.644153181378992,56,fixed_k3
Strain_a_Tension_0.5pct,a,0.5,-0.06592507799999986,-0.06576012749999993,0.0,-2.382319474173845,56,fixed_k3
Strain_a_Tension_0.5pct,a,0.5,-0.06204645399999986,-0.06576012749999993,0.0,-2.1320407330446343,56,fixed_k3
Strain_a_Tension_0.5pct,a,0.5,-0.058167829999999865,-0.06576012749999993,0.0,-1.9038962492812264,56,fixed_k3
Strain_a_Tension_0.5pct,a,0.5,-0.05428920599999987,-0.06576012749999993,0.0,-1.6984168742387002,56,fixed_k3
Strain_a_Tension_0.5pct,a,0.5,-0.05041058199999987,-0.06576012749999993,0.0,-1.512618480479912,56,fixed_k3
Strain_a_Tension_0.5pct,a,0.5,-0.04653195799999987,-0.06576012749999993,0.0,-1.3428435082347834,56,fixed_k3
Strain_a_Tension_0.5pct,a,0.5,-0.042653333999999876,-0.06576012749999993,0.0,-1.185790833012542,56,fixed_k3
Strain_a_Tension_0.5pct,a,0.5,-0.03877470999999988,-0.06576012749999993,0.0,-1.0387793807439412,56,fixed_k3
Strain_a_Tension_0.5pct,a,0.5,-0.03489608599999988,-0.06576012749999993,0.0,-0.8997485270000647,56,fixed_k3
Strain_a_Tension_0.5pct,a,0.5,-0.031017461999999885,-0.06576012749999993,0.0,-0.7672068933934098,56,fixed_k3
Strain_a_Tension_0.5pct,a,0.5,-0.027138837999999887,-0.06576012749999993,0.0,-0.6402004277707516,56,fixed_k3
Strain_a_Tension_0.5pct,a,0.5,-0.02326021399999989,-0.06576012749999993,0.0,-0.5183079725702024,56,fixed_k3
Strain_a_Tension_0.5pct,a,0.5,-0.019381589999999893,-0.06576012749999993,0.0,-0.4016472123593724,56,fixed_k3
Strain_a_Tension_0.5pct,a,0.5,-0.015502965999999896,-0.06576012749999993,0.0,-0.2908661385739597,56,fixed_k3
Strain_a_Tension_0.5pct,a,0.5,-0.011624341999999899,-0.06576012749999993,0.0,-0.18709640141358297,56,fixed_k3
Strain_a_Tension_0.5pct,a,0.5,-0.0077457179999999015,-0.06576012749999993,0.0,-0.09185173935605073,56,fixed_k3
Strain_a_Tension_0.5pct,a,0.5,-0.0038670939999999043,-0.06576012749999993,0.0,-0.006865418701863746,56,fixed_k3
Strain_a_Tension_0.5pct,a,0.5,1.1530000000092855e-05,-0.06576012749999993,0.0,0.0661264578545202,56,fixed_k3
Strain_a_Tension_0.5pct,a,0.5,0.00389015400000009,-0.06576012749999993,0.0,0.12563625251669297,56,fixed_k3
Strain_a_Tension_0.5pct,a,0.5,0.007768778000000087,-0.06576012749999993,0.0,0.17068169325798888,56,fixed_k3
Strain_a_Tension_0.5pct,a,0.5,0.011647402000000084,-0.06576012749999993,0.0,0.2010155725671412,56,fixed_k3
Strain_a_Tension_0.5pct,a,0.5,0.015526026000000082,-0.06576012749999993,0.0,0.21729851854866022,56,fixed_k3
Strain_a_Tension_0.5pct,a,0.5,0.01940465000000008,-0.06576012749999993,0.0,0.22119428353614845,56,fixed_k3
Strain_a_Tension_0.5pct,a,0.5,0.023283274000000076,-0.06576012749999993,0.0,0.21537966070115577,56,fixed_k3
Strain_a_Tension_0.5pct,a,0.5,0.027161898000000073,-0.06576012749999993,0.0,0.20347363799744933,56,fixed_k3
Strain_a_Tension_0.5pct,a,0.5,0.03104052200000007,-0.06576012749999993,0.0,0.18989901654830188,56,fixed_k3
Strain_a_Tension_0.5pct,a,0.5,0.03491914600000007,-0.06576012749999993,0.0,0.17969139644300225,56,fixed_k3
Strain_a_Tension_0.5pct,a,0.5,0.038797770000000065,-0.06576012749999993,0.0,0.17826274473108095,56,fixed_k3
Strain_a_Tension_0.5pct,a,0.5,0.04267639400000006,-0.06576012749999993,0.0,0.19110699255128027,56,fixed_k3
Strain_a_Tension_0.5pct,a,0.5,0.04655501800000006,-0.06576012749999993,0.0,0.22339834679461523,56,fixed_k3
Strain_a_Tension_0.5pct,a,0.5,0.050433642000000056,-0.06576012749999993,0.0,0.27936915627763037,56,fixed_k3
Strain_a_Tension_0.5pct,a,0.5,0.05431226600000005,-0.06576012749999993,0.0,0.3612437899164358,56,fixed_k3
Strain_a_Tension_0.5pct,a,0.5,0.05819089000000005,-0.06576012749999993,0.0,0.4673145139142827,56,fixed_k3
Strain_a_Tension_0.5pct,a,0.5,0.06206951400000005,-0.06576012749999993,0.0,0.5884267642639203,56,fixed_k3
Strain_a_Tension_0.5pct,a,0.5,0.06594813800000005,-0.06576012749999993,0.0,0.7016559694781783,56,fixed_k3
Strain_a_Tension_0.5pct,a,0.5,0.06982676200000004,-0.06576012749999993,0.0,0.7593893925527144,56,fixed_k3
Strain_a_Tension_0.5pct,a,0.5,0.07370538600000004,-0.06576012749999993,0.0,0.6719431624781553,56,fixed_k3
Strain_a_Tension_0.5pct,a,0.5,0.07758401000000004,-0.06576012749999993,0.0,0.2841971109807713,56,fixed_k3
Strain_a_Tension_0.5pct,a,0.5,0.08146263400000003,-0.06576012749999993,0.0,-0.6438027785818483,56,fixed_k3
Strain_a_Tension_0.5pct,a,0.5,0.08534125800000003,-0.06576012749999993,0.0,-2.4194399443048664,56,fixed_k3
Strain_a_Tension_0.5pct,a,0.5,0.08921988200000003,-0.06576012749999993,0.0,-5.300734010696889,56,fixed_k3
Strain_a_Tension_0.5pct,a,0.5,0.09309850600000003,-0.06576012749999993,0.0,-9.238663937868628,56,fixed_k3
Strain_a_Tension_0.5pct,a,0.5,0.09697713000000002,-0.06576012749999993,0.0,-13.61411379904936,56,fixed_k3
Strain_a_Tension_0.5pct,a,0.5,0.10085575400000002,-0.06576012749999993,0.0,-17.34926998059901,56,fixed_k3
Strain_a_Tension_0.5pct,a,0.5,0.10473437800000002,-0.06576012749999993,0.0,-19.556540339034004,56,fixed_k3
Strain_a_Tension_0.5pct,a,0.5,0.10861300200000001,-0.06576012749999993,0.0,-20.08150194790543,56,fixed_k3
Strain_a_Tension_0.5pct,a,0.5,0.11249162600000001,-0.06576012749999993,0.0,-19.0147546748724,56,fixed_k3
Strain_a_Tension_0.5pct,a,0.5,0.11637025000000001,-0.06576012749999993,0.0,-14.421118806296494,56,fixed_k3
Strain_a_Tension_0.5pct,a,0.5,0.120248874,-0.06576012749999993,0.0,8.113448291133308,56,fixed_k3
Strain_a_Tension_0.5pct,a,0.5,0.124127498,-0.06576012749999993,0.0,204.56140242991682,56,fixed_k3
Strain_a_Tension_0.5pct,a,0.5,0.128006122,-0.06576012749999993,0.0,1362.2154696437294,56,fixed_k3
Strain_a_Tension_0.5pct,a,0.5,0.131884746,-0.06576012749999993,0.0,113.00492805931144,56,fixed_k3
Strain_a_Tension_0.5pct,a,0.5,0.13576337,-0.06576012749999993,0.0,9.671497866751674,56,fixed_k3
Strain_a_Tension_0.5pct,a,0.5,0.139641994,-0.06576012749999993,0.0,-4.333634764168806,56,fixed_k3
Strain_a_Tension_0.5pct,a,0.5,0.143520618,-0.06576012749999993,0.0,-7.0942969867814325,56,fixed_k3
Strain_a_Tension_0.5pct,a,0.5,0.14739924199999999,-0.06576012749999993,0.0,-7.413562287851895,56,fixed_k3
Strain_a_Tension_0.5pct,a,0.5,0.15127786599999998,-0.06576012749999993,0.0,-7.060699037748362,56,fixed_k3
Strain_a_Tension_0.5pct,a,0.5,0.15515649,-0.06576012749999993,0.0,-6.513572273629018,56,fixed_k3
Strain_a_Tension_0.5pct,a,0.5,-0.1551334299999998,-0.06247348937499994,0.0,-5.691288992193976,56,fixed_k3
Strain_a_Tension_0.5pct,a,0.5,-0.1512548059999998,-0.06247348937499994,0.0,-5.819948614719182,56,fixed_k3
Strain_a_Tension_0.5pct,a,0.5,-0.1473761819999998,-0.06247348937499994,0.0,-5.586007392577157,56,fixed_k3
Strain_a_Tension_0.5pct,a,0.5,-0.1434975579999998,-0.06247348937499994,0.0,-4.150195121633503,56,fixed_k3
Strain_a_Tension_0.5pct,a,0.5,-0.1396189339999998,-0.06247348937499994,0.0,1.8623496195546978,56,fixed_k3
Strain_a_Tension_0.5pct,a,0.5,-0.1357403099999998,-0.06247348937499994,0.0,31.75176563880035,56,fixed_k3
Strain_a_Tension_0.5pct,a,0.5,-0.1318616859999998,-0.06247348937499994,0.0,304.98387453189724,56,fixed_k3
Strain_a_Tension_0.5pct,a,0.5,-0.12798306199999981,-0.06247348937499994,0.0,4132.190034684062,56,fixed_k3
Strain_a_Tension_0.5pct,a,0.5,-0.12410443799999982,-0.06247348937499994,0.0,319.96528363701367,56,fixed_k3
Strain_a_Tension_0.5pct,a,0.5,-0.12022581399999982,-0.06247348937499994,0.0,35.31002017959111,56,fixed_k3
Strain_a_Tension_0.5pct,a,0.5,-0.11634718999999982,-0.06247348937499994,0.0,0.02302400656364023,56,fixed_k3
Strain_a_Tension_0.5pct,a,0.5,-0.11246856599999983,-0.06247348937499994,0.0,-5.455527332878288,56,fixed_k3
Strain_a_Tension_0.5pct,a,0.5,-0.10858994199999983,-0.06247348937499994,0.0,-3.7162800992954534,56,fixed_k3
Strain_a_Tension_0.5pct,a,0.5,-0.10471131799999983,-0.06247348937499994,0.0,-0.4200363685068562,56,fixed_k3
Strain_a_Tension_0.5pct,a,0.5,-0.10083269399999983,-0.06247348937499994,0.0,1.7777870486496394,56,fixed_k3
Strain_a_Tension_0.5pct,a,0.5,-0.09695406999999984,-0.06247348937499994,0.0,1.9155687594720394,56,fixed_k3
Strain_a_Tension_0.5pct,a,0.5,-0.09307544599999984,-0.06247348937499994,0.0,0.5671123603790491,56,fixed_k3
Strain_a_Tension_0.5pct,a,0.5,-0.08919682199999984,-0.06247348937499994,0.0,-1.0957410466061233,56,fixed_k3
Strain_a_Tension_0.5pct,a,0.5,-0.08531819799999985,-0.06247348937499994,0.0,-2.295096448333391,56,fixed_k3
Strain_a_Tension_0.5pct,a,0.5,-0.08143957399999985,-0.06247348937499994,0.0,-2.8682434344014704,56,fixed_k3
Strain_a_Tension_0.5pct,a,0.5,-0.07756094999999985,-0.06247348937499994,0.0,-2.979613412176385,56,fixed_k3
Strain_a_Tension_0.5pct,a,0.5,-0.07368232599999985,-0.06247348937499994,0.0,-2.8415757575708747,56,fixed_k3
Strain_a_Tension_0.5pct,a,0.5,-0.06980370199999986,-0.06247348937499994,0.0,-2.603126172911158,56,fixed_k3
Strain_a_Tension_0.5pct,a,0.5,-0.06592507799999986,-0.06247348937499994,0.0,-2.3435176849216774,56,fixed_k3
Strain_a_Tension_0.5pct,a,0.5,-0.06204645399999986,-0.06247348937499994,0.0,-2.0964548562425565,56,fixed_k3
Strain_a_Tension_0.5pct,a,0.5,-0.058167829999999865,-0.06247348937499994,0.0,-1.8721930724561762,56,fixed_k3
Strain_a_Tension_0.5pct,a,0.5,-0.05428920599999987,-0.06247348937499994,0.0,-1.6709414940745728,56,fixed_k3
Strain_a_Tension_0.5pct,a,0.5,-0.05041058199999987,-0.06247348937499994,0.0,-1.4895154499852996,56,fixed_k3
Strain_a_Tension_0.5pct,a,0.5,-0.04653195799999987,-0.06247348937499994,0.0,-1.324156074401325,56,fixed_k3
Strain_a_Tension_0.5pct,a,0.5,-0.042653333999999876,-0.06247348937499994,0.0,-1.1715144571888265,56,fixed_k3
Strain_a_Tension_0.5pct,a,0.5,-0.03877470999999988,-0.06247348937499994,0.0,-1.0288797536663088,56,fixed_k3
Strain_a_Tension_0.5pct,a,0.5,-0.03489608599999988,-0.06247348937499994,0.0,-0.8941586622259932,56,fixed_k3
Strain_a_Tension_0.5pct,a,0.5,-0.031017461999999885,-0.06247348937499994,0.0,-0.765814675516695,56,fixed_k3
Strain_a_Tension_0.5pct,a,0.5,-0.027138837999999887,-0.06247348937499994,0.0,-0.6428342550303965,56,fixed_k3
Strain_a_Tension_0.5pct,a,0.5,-0.02326021399999989,-0.06247348937499994,0.0,-0.5247253517245911,56,fixed_k3
Strain_a_Tension_0.5pct,a,0.5,-0.019381589999999893,-0.06247348937499994,0.0,-0.41152921081099114,56,fixed_k3
Strain_a_Tension_0.5pct,a,0.5,-0.015502965999999896,-0.06247348937499994,0.0,-0.3038191015559617,56,fixed_k3
Strain_a_Tension_0.5pct,a,0.5,-0.011624341999999899,-0.06247348937499994,0.0,-0.20266105900927633,56,fixed_k3
Strain_a_Tension_0.5pct,a,0.5,-0.0077457179999999015,-0.06247348937499994,0.0,-0.10951870238530148,56,fixed_k3
Strain_a_Tension_0.5pct,a,0.5,-0.0038670939999999043,-0.06247348937499994,0.0,-0.026095173550490625,56,fixed_k3
Strain_a_Tension_0.5pct,a,0.5,1.1530000000092855e-05,-0.06247348937499994,0.0,0.04588146405272697,56,fixed_k3
Strain_a_Tension_0.5pct,a,0.5,0.00389015400000009,-0.06247348937499994,0.0,0.1049098948018119,56,fixed_k3
Strain_a_Tension_0.5pct,a,0.5,0.007768778000000087,-0.06247348937499994,0.0,0.14997486492120848,56,fixed_k3
Strain_a_Tension_0.5pct,a,0.5,0.011647402000000084,-0.06247348937499994,0.0,0.18078059591786677,56,fixed_k3
Strain_a_Tension_0.5pct,a,0.5,0.015526026000000082,-0.06247348937499994,0.0,0.19792772716275286,56,fixed_k3
Strain_a_Tension_0.5pct,a,0.5,0.01940465000000008,-0.06247348937499994,0.0,0.20301253939267805,56,fixed_k3
Strain_a_Tension_0.5pct,a,0.5,0.023283274000000076,-0.06247348937499994,0.0,0.19864022765044642,56,fixed_k3
Strain_a_Tension_0.5pct,a,0.5,0.027161898000000073,-0.06247348937499994,0.0,0.18835694622671295,56,fixed_k3
Strain_a_Tension_0.5pct,a,0.5,0.03104052200000007,-0.06247348937499994,0.0,0.17651443359644747,56,fixed_k3
Strain_a_Tension_0.5pct,a,0.5,0.03491914600000007,-0.06247348937499994,0.0,0.1680831322380716,56,fixed_k3
Strain_a_Tension_0.5pct,a,0.5,0.038797770000000065,-0.06247348937499994,0.0,0.16842241819527937,56,fixed_k3
Strain_a_Tension_0.5pct,a,0.5,0.04267639400000006,-0.06247348937499994,0.0,0.18299711720209322,56,fixed_k3
Strain_a_Tension_0.5pct,a,0.5,0.04655501800000006,-0.06247348937499994,0.0,0.21699283214929688,56,fixed_k3
Strain_a_Tension_0.5pct,a,0.5,0.050433642000000056,-0.06247348937499994,0.0,0.2747180335518611,56,fixed_k3
Strain_a_Tension_0.5pct,a,0.5,0.05431226600000005,-0.06247348937499994,0.0,0.35856715025629926,56,fixed_k3
Strain_a_Tension_0.5pct,a,0.5,0.05819089000000005,-0.06247348937499994,0.0,0.4671180585363919,56,fixed_k3
Strain_a_Tension_0.5pct,a,0.5,0.06206951400000005,-0.06247348937499994,0.0,0.5915913414935696,56,fixed_k3
Strain_a_Tension_0.5pct,a,0.5,0.06594813800000005,-0.06247348937499994,0.0,0.7093492941613371,56,fixed_k3
Strain_a_Tension_0.5pct,a,0.5,0.06982676200000004,-0.06247348937499994,0.0,0.77241562017378,56,fixed_k3
Strain_a_Tension_0.5pct,a,0.5,0.07370538600000004,-0.06247348937499994,0.0,0.6887276196666723,56,fixed_k3
Strain_a_Tension_0.5pct,a,0.5,0.07758401000000004,-0.06247348937499994,0.0,0.2961780341446123,56,fixed_k3
Strain_a_Tension_0.5pct,a,0.5,0.08146263400000003,-0.06247348937499994,0.0,-0.6598307865034359,56,fixed_k3
Strain_a_Tension_0.5pct,a,0.5,0.08534125800000003,-0.06247348937499994,0.0,-2.506840299882124,56,fixed_k3
Strain_a_Tension_0.5pct,a,0.5,0.08921988200000003,-0.06247348937499994,0.0,-5.505938235511359,56,fixed_k3
Strain_a_Tension_0.5pct,a,0.5,0.09309850600000003,-0.06247348937499994,0.0,-9.536824150439799,56,fixed_k3
Strain_a_Tension_0.5pct,a,0.5,0.09697713000000002,-0.06247348937499994,0.0,-13.78345657982571,56,fixed_k3
Strain_a_Tension_0.5pct,a,0.5,0.10085575400000002,-0.06247348937499994,0.0,-16.923606158026203,56,fixed_k3
Strain_a_Tension_0.5pct,a,0.5,0.10473437800000002,-0.06247348937499994,0.0,-17.994139839221504,56,fixed_k3
Strain_a_Tension_0.5pct,a,0.5,0.10861300200000001,-0.06247348937499994,0.0,-17.00481498276253,56,fixed_k3
Strain_a_Tension_0.5pct,a,0.5,0.11249162600000001,-0.06247348937499994,0.0,-14.253006596399244,56,fixed_k3
Strain_a_Tension_0.5pct,a,0.5,0.11637025000000001,-0.06247348937499994,0.0,-8.041719316454905,56,fixed_k3
Strain_a_Tension_0.5pct,a,0.5,0.120248874,-0.06247348937499994,0.0,14.131250376087834,56,fixed_k3
Strain_a_Tension_0.5pct,a,0.5,0.124127498,-0.06247348937499994,0.0,182.57146597800474,56,fixed_k3
Strain_a_Tension_0.5pct,a,0.5,0.128006122,-0.06247348937499994,0.0,3289.7611356762673,56,fixed_k3
Strain_a_Tension_0.5pct,a,0.5,0.131884746,-0.06247348937499994,0.0,184.3345119985763,56,fixed_k3
Strain_a_Tension_0.5pct,a,0.5,0.13576337,-0.06247348937499994,0.0,15.72447780800436,56,fixed_k3
Strain_a_Tension_0.5pct,a,0.5,0.139641994,-0.06247348937499994,0.0,-2.591641023032052,56,fixed_k3
Strain_a_Tension_0.5pct,a,0.5,0.143520618,-0.06247348937499994,0.0,-6.200336628728701,56,fixed_k3
Strain_a_Tension_0.5pct,a,0.5,0.14739924199999999,-0.06247348937499994,0.0,-6.826917193912982,56,fixed_k3
Strain_a_Tension_0.5pct,a,0.5,0.15127786599999998,-0.06247348937499994,0.0,-6.629093979131047,56,fixed_k3
Strain_a_Tension_0.5pct,a,0.5,0.15515649,-0.06247348937499994,0.0,-6.176644752497977,56,fixed_k3
Strain_a_Tension_0.5pct,a,0.5,-0.1551334299999998,-0.059186851249999936,0.0,-5.460015802813915,56,fixed_k3
Strain_a_Tension_0.5pct,a,0.5,-0.1512548059999998,-0.059186851249999936,0.0,-5.5151884036645065,56,fixed_k3
Strain_a_Tension_0.5pct,a,0.5,-0.1473761819999998,-0.059186851249999936,0.0,-5.138037605404682,56,fixed_k3
Strain_a_Tension_0.5pct,a,0.5,-0.1434975579999998,-0.059186851249999936,0.0,-3.3597290961130755,56,fixed_k3
Strain_a_Tension_0.5pct,a,0.5,-0.1396189339999998,-0.059186851249999936,0.0,3.8542138081441535,56,fixed_k3
Strain_a_Tension_0.5pct,a,0.5,-0.1357403099999998,-0.059186851249999936,0.0,41.972647438717985,56,fixed_k3
Strain_a_Tension_0.5pct,a,0.5,-0.1318616859999998,-0.059186851249999936,0.0,508.18446342763696,56,fixed_k3
Strain_a_Tension_0.5pct,a,0.5,-0.12798306199999981,-0.059186851249999936,0.0,7777.998857876526,56,fixed_k3
Strain_a_Tension_0.5pct,a,0.5,-0.12410443799999982,-0.059186851249999936,0.0,243.94916255605744,56,fixed_k3
Strain_a_Tension_0.5pct,a,0.5,-0.12022581399999982,-0.059186851249999936,0.0,28.559131668436077,56,fixed_k3
Strain_a_Tension_0.5pct,a,0.5,-0.11634718999999982,-0.059186851249999936,0.0,-0.5210899283346663,56,fixed_k3
Strain_a_Tension_0.5pct,a,0.5,-0.11246856599999983,-0.059186851249999936,0.0,-5.617986674383532,56,fixed_k3
Strain_a_Tension_0.5pct,a,0.5,-0.10858994199999983,-0.059186851249999936,0.0,-4.185205677275345,56,fixed_k3
Strain_a_Tension_0.5pct,a,0.5,-0.10471131799999983,-0.059186851249999936,0.0,-0.9080978467496956,56,fixed_k3
Strain_a_Tension_0.5pct,a,0.5,-0.10083269399999983,-0.059186851249999936,0.0,1.5775654220157165,56,fixed_k3
Strain_a_Tension_0.5pct,a,0.5,-0.09695406999999984,-0.059186851249999936,0.0,1.9955551203922202,56,fixed_k3
Strain_a_Tension_0.5pct,a,0.5,-0.09307544599999984,-0.059186851249999936,0.0,0.7416019178574949,56,fixed_k3
Strain_a_Tension_0.5pct,a,0.5,-0.08919682199999984,-0.059186851249999936,0.0,-0.9536488638831229,56,fixed_k3
Strain_a_Tension_0.5pct,a,0.5,-0.08531819799999985,-0.059186851249999936,0.0,-2.206017689360407,56,fixed_k3
Strain_a_Tension_0.5pct,a,0.5,-0.08143957399999985,-0.059186851249999936,0.0,-2.8101511288958907,56,fixed_k3
Strain_a_Tension_0.5pct,a,0.5,-0.07756094999999985,-0.059186851249999936,0.0,-2.932955753461694,56,fixed_k3
Strain_a_Tension_0.5pct,a,0.5,-0.07368232599999985,-0.059186851249999936,0.0,-2.7979709070085375,56,fixed_k3
Strain_a_Tension_0.5pct,a,0.5,-0.06980370199999986,-0.059186851249999936,0.0,-2.560902637893139,56,fixed_k3
Strain_a_Tension_0.5pct,a,0.5,-0.06592507799999986,-0.059186851249999936,0.0,-2.303321807056397,56,fixed_k3
Strain_a_Tension_0.5pct,a,0.5,-0.06204645399999986,-0.059186851249999936,0.0,-2.059229239030902,56,fixed_k3
Strain_a_Tension_0.5pct,a,0.5,-0.058167829999999865,-0.059186851249999936,0.0,-1.8386095144820385,56,fixed_k3
Strain_a_Tension_0.5pct,a,0.5,-0.05428920599999987,-0.059186851249999936,0.0,-1.6413828360492828,56,fixed_k3
Strain_a_Tension_0.5pct,a,0.5,-0.05041058199999987,-0.059186851249999936,0.0,-1.4641790271575568,56,fixed_k3
Strain_a_Tension_0.5pct,a,0.5,-0.04653195799999987,-0.059186851249999936,0.0,-1.3031403038640932,56,fixed_k3
Strain_a_Tension_0.5pct,a,0.5,-0.042653333999999876,-0.059186851249999936,0.0,-1.1548648067145497,56,fixed_k3
Strain_a_Tension_0.5pct,a,0.5,-0.03877470999999988,-0.059186851249999936,0.0,-1.0166030991232033,56,fixed_k3
Strain_a_Tension_0.5pct,a,0.5,-0.03489608599999988,-0.059186851249999936,0.0,-0.8862192331379197,56,fixed_k3
Strain_a_Tension_0.5pct,a,0.5,-0.031017461999999885,-0.059186851249999936,0.0,-0.7621218665103506,56,fixed_k3
Strain_a_Tension_0.5pct,a,0.5,-0.027138837999999887,-0.059186851249999936,0.0,-0.6432292091941165,56,fixed_k3
Strain_a_Tension_0.5pct,a,0.5,-0.02326021399999989,-0.059186851249999936,0.0,-0.52897073946836,56,fixed_k3
Strain_a_Tension_0.5pct,a,0.5,-0.019381589999999893,-0.059186851249999936,0.0,-0.41930488251946185,56,fixed_k3
Strain_a_Tension_0.5pct,a,0.5,-0.015502965999999896,-0.059186851249999936,0.0,-0.3147249252276412,56,fixed_k3
Strain_a_Tension_0.5pct,a,0.5,-0.011624341999999899,-0.059186851249999936,0.0,-0.21622704494199674,56,fixed_k3
Strain_a_Tension_0.5pct,a,0.5,-0.0077457179999999015,-0.059186851249999936,0.0,-0.1252214270665024,56,fixed_k3
Strain_a_Tension_0.5pct,a,0.5,-0.0038670939999999043,-0.059186851249999936,0.0,-0.043378637796902764,56,fixed_k3
Strain_a_Tension_0.5pct,a,0.5,1.1530000000092855e-05,-0.059186851249999936,0.0,0.02758292793883288,56,fixed_k3
Strain_a_Tension_0.5pct,a,0.5,0.00389015400000009,-0.059186851249999936,0.0,0.08614910902407247,56,fixed_k3
Strain_a_Tension_0.5pct,a,0.5,0.007768778000000087,-0.059186851249999936,0.0,0.13127172121265485,56,fixed_k3
Strain_a_Tension_0.5pct,a,0.5,0.011647402000000084,-0.059186851249999936,0.0,0.16260569616975173,56,fixed_k3
Strain_a_Tension_0.5pct,a,0.5,0.015526026000000082,-0.059186851249999936,0.0,0.18069020158293436,56,fixed_k3
Strain_a_Tension_0.5pct,a,0.5,0.01940465000000008,-0.059186851249999936,0.0,0.18705179647440406,56,fixed_k3
Strain_a_Tension_0.5pct,a,0.5,0.023283274000000076,-0.059186851249999936,0.0,0.18422103967310877,56,fixed_k3
Strain_a_Tension_0.5pct,a,0.5,0.027161898000000073,-0.059186851249999936,0.0,0.17566737462118787,56,fixed_k3
Strain_a_Tension_0.5pct,a,0.5,0.03104052200000007,-0.059186851249999936,0.0,0.16566666484228,56,fixed_k3
Strain_a_Tension_0.5pct,a,0.5,0.03491914600000007,-0.059186851249999936,0.0,0.15911829647903608,56,fixed_k3
Strain_a_Tension_0.5pct,a,0.5,0.038797770000000065,-0.059186851249999936,0.0,0.16132187173900947,56,fixed_k3
Strain_a_Tension_0.5pct,a,0.5,0.04267639400000006,-0.059186851249999936,0.0,0.177704461123547,56,fixed_k3
Strain_a_Tension_0.5pct,a,0.5,0.04655501800000006,-0.059186851249999936,0.0,0.21345296099698552,56,fixed_k3
Strain_a_Tension_0.5pct,a,0.5,0.050433642000000056,-0.059186851249999936,0.0,0.2729410615312695,56,fixed_k3
Strain_a_Tension_0.5pct,a,0.5,0.05431226600000005,-0.059186851249999936,0.0,0.35872379996450454,56,fixed_k3
Strain_a_Tension_0.5pct,a,0.5,0.05819089000000005,-0.059186851249999936,0.0,0.46966239612427163,56,fixed_k3
Strain_a_Tension_0.5pct,a,0.5,0.06206951400000005,-0.059186851249999936,0.0,0.5973699803476273,56,fixed_k3
Strain_a_Tension_0.5pct,a,0.5,0.06594813800000005,-0.059186851249999936,0.0,0.7195563494131709,56,fixed_k3
Strain_a_Tension_0.5pct,a,0.5,0.06982676200000004,-0.059186851249999936,0.0,0.7880220706480472,56,fixed_k3
Strain_a_Tension_0.5pct,a,0.5,0.07370538600000004,-0.059186851249999936,0.0,0.7085837820020173,56,fixed_k3
Strain_a_Tension_0.5pct,a,0.5,0.07758401000000004,-0.059186851249999936,0.0,0.3125252293283518,56,fixed_k3
Strain_a_Tension_0.5pct,a,0.5,0.08146263400000003,-0.059186851249999936,0.0,-0.6689243590309188,56,fixed_k3
Strain_a_Tension_0.5pct,a,0.5,0.08534125800000003,-0.059186851249999936,0.0,-2.5824879211175498,56,fixed_k3
Strain_a_Tension_0.5pct,a,0.5,0.08921988200000003,-0.059186851249999936,0.0,-5.688354322118851,56,fixed_k3
Strain_a_Tension_0.5pct,a,0.5,0.09309850600000003,-0.059186851249999936,0.0,-9.783424129864585,56,fixed_k3
Strain_a_Tension_0.5pct,a,0.5,0.09697713000000002,-0.059186851249999936,0.0,-13.843475741616178,56,fixed_k3
Strain_a_Tension_0.5pct,a,0.5,0.10085575400000002,-0.059186851249999936,0.0,-16.334954157264765,56,fixed_k3
Strain_a_Tension_0.5pct,a,0.5,0.10473437800000002,-0.059186851249999936,0.0,-16.334624442892437,56,fixed_k3
Strain_a_Tension_0.5pct,a,0.5,0.10861300200000001,-0.059186851249999936,0.0,-14.157390112190411,56,fixed_k3
Strain_a_Tension_0.5pct,a,0.5,0.11249162600000001,-0.059186851249999936,0.0,-10.404649443112667,56,fixed_k3
Strain_a_Tension_0.5pct,a,0.5,0.11637025000000001,-0.059186851249999936,0.0,-3.7390404407750397,56,fixed_k3
Strain_a_Tension_0.5pct,a,0.5,0.120248874,-0.059186851249999936,0.0,16.062259255098283,56,fixed_k3
Strain_a_Tension_0.5pct,a,0.5,0.124127498,-0.059186851249999936,0.0,146.23400225504287,56,fixed_k3
Strain_a_Tension_0.5pct,a,0.5,0.128006122,-0.059186851249999936,0.0,6236.644869275259,56,fixed_k3
Strain_a_Tension_0.5pct,a,0.5,0.131884746,-0.059186851249999936,0.0,313.1874367209768,56,fixed_k3
Strain_a_Tension_0.5pct,a,0.5,0.13576337,-0.059186851249999936,0.0,22.799942851205508,56,fixed_k3
Strain_a_Tension_0.5pct,a,0.5,0.139641994,-0.059186851249999936,0.0,-0.8313840592713345,56,fixed_k3
Strain_a_Tension_0.5pct,a,0.5,0.143520618,-0.059186851249999936,0.0,-5.317934618489838,56,fixed_k3
Strain_a_Tension_0.5pct,a,0.5,0.14739924199999999,-0.059186851249999936,0.0,-6.238088208355883,56,fixed_k3
Strain_a_Tension_0.5pct,a,0.5,0.15127786599999998,-0.059186851249999936,0.0,-6.185561775135748,56,fixed_k3
Strain_a_Tension_0.5pct,a,0.5,0.15515649,-0.059186851249999936,0.0,-5.822481833226317,56,fixed_k3
Strain_a_Tension_0.5pct,a,0.5,-0.1551334299999998,-0.05590021312499993,0.0,-5.227387653278146,56,fixed_k3
Strain_a_Tension_0.5pct,a,0.5,-0.1512548059999998,-0.05590021312499993,0.0,-5.2125764175052645,56,fixed_k3
Strain_a_Tension_0.5pct,a,0.5,-0.1473761819999998,-0.05590021312499993,0.0,-4.698956740213036,56,fixed_k3
Strain_a_Tension_0.5pct,a,0.5,-0.1434975579999998,-0.05590021312499993,0.0,-2.5843481917699367,56,fixed_k3
Strain_a_Tension_0.5pct,a,0.5,-0.1396189339999998,-0.05590021312499993,0.0,5.912460016843573,56,fixed_k3
Strain_a_Tension_0.5pct,a,0.5,-0.1357403099999998,-0.05590021312499993,0.0,54.39728492588499,56,fixed_k3
Strain_a_Tension_0.5pct,a,0.5,-0.1318616859999998,-0.05590021312499993,0.0,912.8620855773817,56,fixed_k3
Strain_a_Tension_0.5pct,a,0.5,-0.12798306199999981,-0.05590021312499993,0.0,7528.278665387107,56,fixed_k3
Strain_a_Tension_0.5pct,a,0.5,-0.12410443799999982,-0.05590021312499993,0.0,176.30707989602578,56,fixed_k3
Strain_a_Tension_0.5pct,a,0.5,-0.12022581399999982,-0.05590021312499993,0.0,22.174015954026565,56,fixed_k3
Strain_a_Tension_0.5pct,a,0.5,-0.11634718999999982,-0.05590021312499993,0.0,-1.2592978057187747,56,fixed_k3
Strain_a_Tension_0.5pct,a,0.5,-0.11246856599999983,-0.05590021312499993,0.0,-5.837314683050822,56,fixed_k3
Strain_a_Tension_0.5pct,a,0.5,-0.10858994199999983,-0.05590021312499993,0.0,-4.6381865422792785,56,fixed_k3
Strain_a_Tension_0.5pct,a,0.5,-0.10471131799999983,-0.05590021312499993,0.0,-1.4051739921858655,56,fixed_k3
Strain_a_Tension_0.5pct,a,0.5,-0.10083269399999983,-0.05590021312499993,0.0,1.3434678268354254,56,fixed_k3
Strain_a_Tension_0.5pct,a,0.5,-0.09695406999999984,-0.05590021312499993,0.0,2.054163367176748,56,fixed_k3
Strain_a_Tension_0.5pct,a,0.5,-0.09307544599999984,-0.05590021312499993,0.0,0.9136595586485883,56,fixed_k3
Strain_a_Tension_0.5pct,a,0.5,-0.08919682199999984,-0.05590021312499993,0.0,-0.8070625124451556,56,fixed_k3
Strain_a_Tension_0.5pct,a,0.5,-0.08531819799999985,-0.05590021312499993,0.0,-2.1126917877033646,56,fixed_k3
Strain_a_Tension_0.5pct,a,0.5,-0.08143957399999985,-0.05590021312499993,0.0,-2.7492531225052765,56,fixed_k3
Strain_a_Tension_0.5pct,a,0.5,-0.07756094999999985,-0.05590021312499993,0.0,-2.884431979496994,56,fixed_k3
Strain_a_Tension_0.5pct,a,0.5,-0.07368232599999985,-0.05590021312499993,0.0,-2.752915006008571,56,fixed_k3
Strain_a_Tension_0.5pct,a,0.5,-0.06980370199999986,-0.05590021312499993,0.0,-2.5173072039611735,56,fixed_k3
Strain_a_Tension_0.5pct,a,0.5,-0.06592507799999986,-0.05590021312499993,0.0,-2.2616422481515728,56,fixed_k3
Strain_a_Tension_0.5pct,a,0.5,-0.06204645399999986,-0.05590021312499993,0.0,-2.020320948643227,56,fixed_k3
Strain_a_Tension_0.5pct,a,0.5,-0.058167829999999865,-0.05590021312499993,0.0,-1.8031280561420129,56,fixed_k3
Strain_a_Tension_0.5pct,a,0.5,-0.05428920599999987,-0.05590021312499993,0.0,-1.609737135163353,56,fixed_k3
Strain_a_Tension_0.5pct,a,0.5,-0.05041058199999987,-0.05590021312499993,0.0,-1.43661240967857,56,fixed_k3
Strain_a_Tension_0.5pct,a,0.5,-0.04653195799999987,-0.05590021312499993,0.0,-1.2798020448697942,56,fixed_k3
Strain_a_Tension_0.5pct,a,0.5,-0.042653333999999876,-0.05590021312499993,0.0,-1.1358474183728924,56,fixed_k3
Strain_a_Tension_0.5pct,a,0.5,-0.03877470999999988,-0.05590021312499993,0.0,-1.0019525127578446,56,fixed_k3
Strain_a_Tension_0.5pct,a,0.5,-0.03489608599999988,-0.05590021312499993,0.0,-0.8759293571205982,56,fixed_k3
Strain_a_Tension_0.5pct,a,0.5,-0.031017461999999885,-0.05590021312499993,0.0,-0.7561225410732333,56,fixed_k3
Strain_a_Tension_0.5pct,a,0.5,-0.027138837999999887,-0.05590021312499993,0.0,-0.6413736583945768,56,fixed_k3
Strain_a_Tension_0.5pct,a,0.5,-0.02326021399999989,-0.05590021312499993,0.0,-0.531026476699143,56,fixed_k3
Strain_a_Tension_0.5pct,a,0.5,-0.019381589999999893,-0.05590021312499993,0.0,-0.424950506218297,56,fixed_k3
Strain_a_Tension_0.5pct,a,0.5,-0.015502965999999896,-0.05590021312499993,0.0,-0.3235540136740094,56,fixed_k3
Strain_a_Tension_0.5pct,a,0.5,-0.011624341999999899,-0.05590021312499993,0.0,-0.22775922957073336,56,fixed_k3
Strain_a_Tension_0.5pct,a,0.5,-0.0077457179999999015,-0.05590021312499993,0.0,-0.13891967380129255,56,fixed_k3
Strain_a_Tension_0.5pct,a,0.5,-0.0038670939999999043,-0.05590021312499993,0.0,-0.058670903033158694,56,fixed_k3
Strain_a_Tension_0.5pct,a,0.5,1.1530000000092855e-05,-0.05590021312499993,0.0,0.011280021447680033,56,fixed_k3
Strain_a_Tension_0.5pct,a,0.5,0.00389015400000009,-0.05590021312499993,0.0,0.06940699678860618,56,fixed_k3
Strain_a_Tension_0.5pct,a,0.5,0.007768778000000087,-0.05590021312499993,0.0,0.11462904681492891,56,fixed_k3
Strain_a_Tension_0.5pct,a,0.5,0.011647402000000084,-0.05590021312499993,0.0,0.14655118006570467,56,fixed_k3
Strain_a_Tension_0.5pct,a,0.5,0.015526026000000082,-0.05590021312499993,0.0,0.16564968201756392,56,fixed_k3
Strain_a_Tension_0.5pct,a,0.5,0.01940465000000008,-0.05590021312499993,0.0,0.17337919622537457,56,fixed_k3
Strain_a_Tension_0.5pct,a,0.5,0.023283274000000076,-0.05590021312499993,0.0,0.17219265372761905,56,fixed_k3
Strain_a_Tension_0.5pct,a,0.5,0.027161898000000073,-0.05590021312499993,0.0,0.16547896071339263,56,fixed_k3
Strain_a_Tension_0.5pct,a,0.5,0.03104052200000007,-0.05590021312499993,0.0,0.15743336807211694,56,fixed_k3
Strain_a_Tension_0.5pct,a,0.5,0.03491914600000007,-0.05590021312499993,0.0,0.1528784272753061,56,fixed_k3
Strain_a_Tension_0.5pct,a,0.5,0.038797770000000065,-0.05590021312499993,0.0,0.1570469707099018,56,fixed_k3
Strain_a_Tension_0.5pct,a,0.5,0.04267639400000006,-0.05590021312499993,0.0,0.17531993216242236,56,fixed_k3
Strain_a_Tension_0.5pct,a,0.5,0.04655501800000006,-0.05590021312499993,0.0,0.2128757528599392,56,fixed_k3
Strain_a_Tension_0.5pct,a,0.5,0.050433642000000056,-0.05590021312499993,0.0,0.2741428699703641,56,fixed_k3
Strain_a_Tension_0.5pct,a,0.5,0.05431226600000005,-0.05590021312499993,0.0,0.36182797400233335,56,fixed_k3
Strain_a_Tension_0.5pct,a,0.5,0.05819089000000005,-0.05590021312499993,0.0,0.47507401370508795,56,fixed_k3
Strain_a_Tension_0.5pct,a,0.5,0.06206951400000005,-0.05590021312499993,0.0,0.6059054137046531,56,fixed_k3
Strain_a_Tension_0.5pct,a,0.5,0.06594813800000005,-0.05590021312499993,0.0,0.7324442077648889,56,fixed_k3
Strain_a_Tension_0.5pct,a,0.5,0.06982676200000004,-0.05590021312499993,0.0,0.8064213547187813,56,fixed_k3
Strain_a_Tension_0.5pct,a,0.5,0.07370538600000004,-0.05590021312499993,0.0,0.7318287269464507,56,fixed_k3
Strain_a_Tension_0.5pct,a,0.5,0.07758401000000004,-0.05590021312499993,0.0,0.3338118835760784,56,fixed_k3
Strain_a_Tension_0.5pct,a,0.5,0.08146263400000003,-0.05590021312499993,0.0,-0.6699181167473467,56,fixed_k3
Strain_a_Tension_0.5pct,a,0.5,0.08534125800000003,-0.05590021312499993,0.0,-2.644024317645105,56,fixed_k3
Strain_a_Tension_0.5pct,a,0.5,0.08921988200000003,-0.05590021312499993,0.0,-5.843723591897682,56,fixed_k3
Strain_a_Tension_0.5pct,a,0.5,0.09309850600000003,-0.05590021312499993,0.0,-9.972863829205608,56,fixed_k3
Strain_a_Tension_0.5pct,a,0.5,0.09697713000000002,-0.05590021312499993,0.0,-13.794143305357093,56,fixed_k3
Strain_a_Tension_0.5pct,a,0.5,0.10085575400000002,-0.05590021312499993,0.0,-15.607509847309913,56,fixed_k3
Strain_a_Tension_0.5pct,a,0.5,0.10473437800000002,-0.05590021312499993,0.0,-14.63746128181588,56,fixed_k3
Strain_a_Tension_0.5pct,a,0.5,0.10861300200000001,-0.05590021312499993,0.0,-11.583587275164922,56,fixed_k3
Strain_a_Tension_0.5pct,a,0.5,0.11249162600000001,-0.05590021312499993,0.0,-7.3447355812688055,56,fixed_k3
Strain_a_Tension_0.5pct,a,0.5,0.11637025000000001,-0.05590021312499993,0.0,-0.9196716035991966,56,fixed_k3
Strain_a_Tension_0.5pct,a,0.5,0.120248874,-0.05590021312499993,0.0,15.748027284175341,56,fixed_k3
Strain_a_Tension_0.5pct,a,0.5,0.124127498,-0.05590021312499993,0.0,110.39321893299186,56,fixed_k3
Strain_a_Tension_0.5pct,a,0.5,0.128006122,-0.05590021312499993,0.0,5176.904026085482,56,fixed_k3
Strain_a_Tension_0.5pct,a,0.5,0.131884746,-0.05590021312499993,0.0,568.6043464080312,56,fixed_k3
Strain_a_Tension_0.5pct,a,0.5,0.13576337,-0.05590021312499993,0.0,31.177470568296144,56,fixed_k3
Strain_a_Tension_0.5pct,a,0.5,0.139641994,-0.05590021312499993,0.0,0.943894837721567,56,fixed_k3
Strain_a_Tension_0.5pct,a,0.5,0.143520618,-0.05590021312499993,0.0,-4.453353974049615,56,fixed_k3
Strain_a_Tension_0.5pct,a,0.5,0.14739924199999999,-0.05590021312499993,0.0,-5.651886770303736,56,fixed_k3
Strain_a_Tension_0.5pct,a,0.5,0.15127786599999998,-0.05590021312499993,0.0,-5.733847324329446,56,fixed_k3
Strain_a_Tension_0.5pct,a,0.5,0.15515649,-0.05590021312499993,0.0,-5.454125681863854,56,fixed_k3
Strain_a_Tension_0.5pct,a,0.5,-0.1551334299999998,-0.05261357499999994,0.0,-4.992579105351042,56,fixed_k3
Strain_a_Tension_0.5pct,a,0.5,-0.1512548059999998,-0.05261357499999994,0.0,-4.912171889634603,56,fixed_k3
Strain_a_Tension_0.5pct,a,0.5,-0.1473761819999998,-0.05261357499999994,0.0,-4.270829580559559,56,fixed_k3
Strain_a_Tension_0.5pct,a,0.5,-0.1434975579999998,-0.05261357499999994,0.0,-1.8311893121404477,56,fixed_k3
Strain_a_Tension_0.5pct,a,0.5,-0.1396189339999998,-0.05261357499999994,0.0,8.021115087135184,56,fixed_k3
Strain_a_Tension_0.5pct,a,0.5,-0.1357403099999998,-0.05261357499999994,0.0,69.50381965214987,56,fixed_k3
Strain_a_Tension_0.5pct,a,0.5,-0.1318616859999998,-0.05261357499999994,0.0,1807.663497023948,56,fixed_k3
Strain_a_Tension_0.5pct,a,0.5,-0.12798306199999981,-0.05261357499999994,0.0,3856.3012191807175,56,fixed_k3
Strain_a_Tension_0.5pct,a,0.5,-0.12410443799999982,-0.05261357499999994,0.0,124.45694777667136,56,fixed_k3
Strain_a_Tension_0.5pct,a,0.5,-0.12022581399999982,-0.05261357499999994,0.0,16.647094724047026,56,fixed_k3
Strain_a_Tension_0.5pct,a,0.5,-0.11634718999999982,-0.05261357499999994,0.0,-2.0247424557313094,56,fixed_k3
Strain_a_Tension_0.5pct,a,0.5,-0.11246856599999983,-0.05261357499999994,0.0,-6.062871571889063,56,fixed_k3
Strain_a_Tension_0.5pct,a,0.5,-0.10858994199999983,-0.05261357499999994,0.0,-5.0540356008841645,56,fixed_k3
Strain_a_Tension_0.5pct,a,0.5,-0.10471131799999983,-0.05261357499999994,0.0,-1.8921631186124417,56,fixed_k3
Strain_a_Tension_0.5pct,a,0.5,-0.10083269399999983,-0.05261357499999994,0.0,1.0877108341513981,56,fixed_k3
Strain_a_Tension_0.5pct,a,0.5,-0.09695406999999984,-0.05261357499999994,0.0,2.0963775565250087,56,fixed_k3
Strain_a_Tension_0.5pct,a,0.5,-0.09307544599999984,-0.05261357499999994,0.0,1.0858435843584462,56,fixed_k3
Strain_a_Tension_0.5pct,a,0.5,-0.08919682199999984,-0.05261357499999994,0.0,-0.6539823670872051,56,fixed_k3
Strain_a_Tension_0.5pct,a,0.5,-0.08531819799999985,-0.05261357499999994,0.0,-2.0136270967078183,56,fixed_k3
Strain_a_Tension_0.5pct,a,0.5,-0.08143957399999985,-0.05261357499999994,0.0,-2.6845817216587418,56,fixed_k3
Strain_a_Tension_0.5pct,a,0.5,-0.07756094999999985,-0.05261357499999994,0.0,-2.8334789325681693,56,fixed_k3
Strain_a_Tension_0.5pct,a,0.5,-0.07368232599999985,-0.05261357499999994,0.0,-2.7061066236663516,56,fixed_k3
Strain_a_Tension_0.5pct,a,0.5,-0.06980370199999986,-0.05261357499999994,0.0,-2.47219103432126,56,fixed_k3
Strain_a_Tension_0.5pct,a,0.5,-0.06592507799999986,-0.05261357499999994,0.0,-2.2184144424675036,56,fixed_k3
Strain_a_Tension_0.5pct,a,0.5,-0.06204645399999986,-0.05261357499999994,0.0,-1.9797111898697732,56,fixed_k3
Strain_a_Tension_0.5pct,a,0.5,-0.058167829999999865,-0.05261357499999994,0.0,-1.765754807286958,56,fixed_k3
Strain_a_Tension_0.5pct,a,0.5,-0.05428920599999987,-0.05261357499999994,0.0,-1.5760238687650818,56,fixed_k3
Strain_a_Tension_0.5pct,a,0.5,-0.05041058199999987,-0.05261357499999994,0.0,-1.406841617035371,56,fixed_k3
Strain_a_Tension_0.5pct,a,0.5,-0.04653195799999987,-0.05261357499999994,0.0,-1.2541694532077974,56,fixed_k3
Strain_a_Tension_0.5pct,a,0.5,-0.042653333999999876,-0.05261357499999994,0.0,-1.1144895267451305,56,fixed_k3
Strain_a_Tension_0.5pct,a,0.5,-0.03877470999999988,-0.05261357499999994,0.0,-0.9849521084907193,56,fixed_k3
Strain_a_Tension_0.5pct,a,0.5,-0.03489608599999988,-0.05261357499999994,0.0,-0.8633084556184027,56,fixed_k3
Strain_a_Tension_0.5pct,a,0.5,-0.031017461999999885,-0.05261357499999994,0.0,-0.7478303645229405,56,fixed_k3
Strain_a_Tension_0.5pct,a,0.5,-0.027138837999999887,-0.05261357499999994,0.0,-0.6372748808852498,56,fixed_k3
Strain_a_Tension_0.5pct,a,0.5,-0.02326021399999989,-0.05261357499999994,0.0,-0.5308931945803743,56,fixed_k3
Strain_a_Tension_0.5pct,a,0.5,-0.019381589999999893,-0.05261357499999994,0.0,-0.4284601147565661,56,fixed_k3
Strain_a_Tension_0.5pct,a,0.5,-0.015502965999999896,-0.05261357499999994,0.0,-0.33029409116014197,56,fixed_k3
Strain_a_Tension_0.5pct,a,0.5,-0.011624341999999899,-0.05261357499999994,0.0,-0.2372394857833835,56,fixed_k3
Strain_a_Tension_0.5pct,a,0.5,-0.0077457179999999015,-0.05261357499999994,0.0,-0.15059001381776316,56,fixed_k3
Strain_a_Tension_0.5pct,a,0.5,-0.0038670939999999043,-0.05261357499999994,0.0,-0.07194381137220796,56,fixed_k3
Strain_a_Tension_0.5pct,a,0.5,1.1530000000092855e-05,-0.05261357499999994,0.0,-0.0029949067174770416,56,fixed_k3
Strain_a_Tension_0.5pct,a,0.5,0.00389015400000009,-0.05261357499999994,0.0,0.05471963232644028,56,fixed_k3
Strain_a_Tension_0.5pct,a,0.5,0.007768778000000087,-0.05261357499999994,0.0,0.10008626748936056,56,fixed_k3
Strain_a_Tension_0.5pct,a,0.5,0.011647402000000084,-0.05261357499999994,0.0,0.1326595422049075,56,fixed_k3
Strain_a_Tension_0.5pct,a,0.5,0.015526026000000082,-0.05261357499999994,0.0,0.15285152856774875,56,fixed_k3
Strain_a_Tension_0.5pct,a,0.5,0.01940465000000008,-0.05261357499999994,0.0,0.16204282518338653,56,fixed_k3
Strain_a_Tension_0.5pct,a,0.5,0.023283274000000076,-0.05261357499999994,0.0,0.16260579916987905,56,fixed_k3
Strain_a_Tension_0.5pct,a,0.5,0.027161898000000073,-0.05261357499999994,0.0,0.1578450539702554,56,fixed_k3
Strain_a_Tension_0.5pct,a,0.5,0.03104052200000007,-0.05261357499999994,0.0,0.1518705762154493,56,fixed_k3
Strain_a_Tension_0.5pct,a,0.5,0.03491914600000007,-0.05261357499999994,0.0,0.14942243732741067,56,fixed_k3
Strain_a_Tension_0.5pct,a,0.5,0.038797770000000065,-0.05261357499999994,0.0,0.15565990373961602,56,fixed_k3
Strain_a_Tension_0.5pct,a,0.5,0.04267639400000006,-0.05261357499999994,0.0,0.17590967119165812,56,fixed_k3
Strain_a_Tension_0.5pct,a,0.5,0.04655501800000006,-0.05261357499999994,0.0,0.21533233781078898,56,fixed_k3
Strain_a_Tension_0.5pct,a,0.5,0.050433642000000056,-0.05261357499999994,0.0,0.2784010367526968,56,fixed_k3
Strain_a_Tension_0.5pct,a,0.5,0.05431226600000005,-0.05261357499999994,0.0,0.36796560726772576,56,fixed_k3
Strain_a_Tension_0.5pct,a,0.5,0.05819089000000005,-0.05261357499999994,0.0,0.48344962218372434,56,fixed_k3
Strain_a_Tension_0.5pct,a,0.5,0.06206951400000005,-0.05261357499999994,0.0,0.6173085224250103,56,fixed_k3
Strain_a_Tension_0.5pct,a,0.5,0.06594813800000005,-0.05261357499999994,0.0,0.7481445426381272,56,fixed_k3
Strain_a_Tension_0.5pct,a,0.5,0.06982676200000004,-0.05261357499999994,0.0,0.8277838762269001,56,fixed_k3
Strain_a_Tension_0.5pct,a,0.5,0.07370538600000004,-0.05261357499999994,0.0,0.7587242523246478,56,fixed_k3
Strain_a_Tension_0.5pct,a,0.5,0.07758401000000004,-0.05261357499999994,0.0,0.3605328758391173,56,fixed_k3
Strain_a_Tension_0.5pct,a,0.5,0.08146263400000003,-0.05261357499999994,0.0,-0.6617628591991924,56,fixed_k3
Strain_a_Tension_0.5pct,a,0.5,0.08534125800000003,-0.05261357499999994,0.0,-2.6892885844771355,56,fixed_k3
Strain_a_Tension_0.5pct,a,0.5,0.08921988200000003,-0.05261357499999994,0.0,-5.968277647450943,56,fixed_k3
Strain_a_Tension_0.5pct,a,0.5,0.09309850600000003,-0.05261357499999994,0.0,-10.101060822988556,56,fixed_k3
Strain_a_Tension_0.5pct,a,0.5,0.09697713000000002,-0.05261357499999994,0.0,-13.638984665349927,56,fixed_k3
Strain_a_Tension_0.5pct,a,0.5,0.10085575400000002,-0.05261357499999994,0.0,-14.768219131455195,56,fixed_k3
Strain_a_Tension_0.5pct,a,0.5,0.10473437800000002,-0.05261357499999994,0.0,-12.95206637874055,56,fixed_k3
Strain_a_Tension_0.5pct,a,0.5,0.10861300200000001,-0.05261357499999994,0.0,-9.298854844429114,56,fixed_k3
Strain_a_Tension_0.5pct,a,0.5,0.11249162600000001,-0.05261357499999994,0.0,-4.939471514982098,56,fixed_k3
Strain_a_Tension_0.5pct,a,0.5,0.11637025000000001,-0.05261357499999994,0.0,0.8745984631880297,56,fixed_k3
Strain_a_Tension_0.5pct,a,0.5,0.120248874,-0.05261357499999994,0.0,14.373604129662878,56,fixed_k3
Strain_a_Tension_0.5pct,a,0.5,0.124127498,-0.05261357499999994,0.0,81.17367375144431,56,fixed_k3
Strain_a_Tension_0.5pct,a,0.5,0.128006122,-0.05261357499999994,0.0,2354.9512837197794,56,fixed_k3
Strain_a_Tension_0.5pct,a,0.5,0.131884746,-0.05261357499999994,0.0,1128.9242305987548,56,fixed_k3
Strain_a_Tension_0.5pct,a,0.5,0.13576337,-0.05261357499999994,0.0,41.13785294990041,56,fixed_k3
Strain_a_Tension_0.5pct,a,0.5,0.139641994,-0.05261357499999994,0.0,2.7229392102611425,56,fixed_k3
Strain_a_Tension_0.5pct,a,0.5,0.143520618,-0.05261357499999994,0.0,-3.613977698334206,56,fixed_k3
Strain_a_Tension_0.5pct,a,0.5,0.14739924199999999,-0.05261357499999994,0.0,-5.073170321898138,56,fixed_k3
Strain_a_Tension_0.5pct,a,0.5,0.15127786599999998,-0.05261357499999994,0.0,-5.277623825053324,56,fixed_k3
Strain_a_Tension_0.5pct,a,0.5,0.15515649,-0.05261357499999994,0.0,-5.074571900491432,56,fixed_k3
Strain_a_Tension_0.5pct,a,0.5,-0.1551334299999998,-0.04932693687499995,0.0,-4.75500973393735,56,fixed_k3
Strain_a_Tension_0.5pct,a,0.5,-0.1512548059999998,-0.04932693687499995,0.0,-4.614269349075619,56,fixed_k3
Strain_a_Tension_0.5pct,a,0.5,-0.1473761819999998,-0.04932693687499995,0.0,-3.85608951010067,56,fixed_k3
Strain_a_Tension_0.5pct,a,0.5,-0.1434975579999998,-0.04932693687499995,0.0,-1.1090459368636492,56,fixed_k3
Strain_a_Tension_0.5pct,a,0.5,-0.1396189339999998,-0.04932693687499995,0.0,10.151709431148063,56,fixed_k3
Strain_a_Tension_0.5pct,a,0.5,-0.1357403099999998,-0.04932693687499995,0.0,87.72764464919472,56,fixed_k3
Strain_a_Tension_0.5pct,a,0.5,-0.1318616859999998,-0.04932693687499995,0.0,3975.8599206022523,56,fixed_k3
Strain_a_Tension_0.5pct,a,0.5,-0.12798306199999981,-0.04932693687499995,0.0,1724.4010368131553,56,fixed_k3
Strain_a_Tension_0.5pct,a,0.5,-0.12410443799999982,-0.04932693687499995,0.0,87.40306487178411,56,fixed_k3
Strain_a_Tension_0.5pct,a,0.5,-0.12022581399999982,-0.04932693687499995,0.0,12.112182259814308,56,fixed_k3
Strain_a_Tension_0.5pct,a,0.5,-0.11634718999999982,-0.04932693687499995,0.0,-2.7234257102456247,56,fixed_k3
Strain_a_Tension_0.5pct,a,0.5,-0.11246856599999983,-0.04932693687499995,0.0,-6.260738005765549,56,fixed_k3
Strain_a_Tension_0.5pct,a,0.5,-0.10858994199999983,-0.04932693687499995,0.0,-5.416755552515648,56,fixed_k3
Strain_a_Tension_0.5pct,a,0.5,-0.10471131799999983,-0.04932693687499995,0.0,-2.3519638387805903,56,fixed_k3
Strain_a_Tension_0.5pct,a,0.5,-0.10083269399999983,-0.04932693687499995,0.0,0.8230401534301954,56,fixed_k3
Strain_a_Tension_0.5pct,a,0.5,-0.09695406999999984,-0.04932693687499995,0.0,2.1279168693031503,56,fixed_k3
Strain_a_Tension_0.5pct,a,0.5,-0.09307544599999984,-0.04932693687499995,0.0,1.2608889694266612,56,fixed_k3
Strain_a_Tension_0.5pct,a,0.5,-0.08919682199999984,-0.04932693687499995,0.0,-0.49245488868132736,56,fixed_k3
Strain_a_Tension_0.5pct,a,0.5,-0.08531819799999985,-0.04932693687499995,0.0,-1.9074016635284057,56,fixed_k3
Strain_a_Tension_0.5pct,a,0.5,-0.08143957399999985,-0.04932693687499995,0.0,-2.615226264323286,56,fixed_k3
Strain_a_Tension_0.5pct,a,0.5,-0.07756094999999985,-0.04932693687499995,0.0,-2.779578312607488,56,fixed_k3
Strain_a_Tension_0.5pct,a,0.5,-0.07368232599999985,-0.04932693687499995,0.0,-2.6572803963377654,56,fixed_k3
Strain_a_Tension_0.5pct,a,0.5,-0.06980370199999986,-0.04932693687499995,0.0,-2.425435577363821,56,fixed_k3
Strain_a_Tension_0.5pct,a,0.5,-0.06592507799999986,-0.04932693687499995,0.0,-2.173600731817283,56,fixed_k3
Strain_a_Tension_0.5pct,a,0.5,-0.06204645399999986,-0.04932693687499995,0.0,-1.9374062865176702,56,fixed_k3
Strain_a_Tension_0.5pct,a,0.5,-0.058167829999999865,-0.04932693687499995,0.0,-1.7265200579143056,56,fixed_k3
Strain_a_Tension_0.5pct,a,0.5,-0.05428920599999987,-0.04932693687499995,0.0,-1.5402861091635336,56,fixed_k3
Strain_a_Tension_0.5pct,a,0.5,-0.05041058199999987,-0.04932693687499995,0.0,-1.3749157660256943,56,fixed_k3
Strain_a_Tension_0.5pct,a,0.5,-0.04653195799999987,-0.04932693687499995,0.0,-1.2262932583310608,56,fixed_k3
Strain_a_Tension_0.5pct,a,0.5,-0.042653333999999876,-0.04932693687499995,0.0,-1.0908403603094081,56,fixed_k3
Strain_a_Tension_0.5pct,a,0.5,-0.03877470999999988,-0.04932693687499995,0.0,-0.9656473672417303,56,fixed_k3
Strain_a_Tension_0.5pct,a,0.5,-0.03489608599999988,-0.04932693687499995,0.0,-0.8483966671628995,56,fixed_k3
Strain_a_Tension_0.5pct,a,0.5,-0.031017461999999885,-0.04932693687499995,0.0,-0.737279074102315,56,fixed_k3
Strain_a_Tension_0.5pct,a,0.5,-0.027138837999999887,-0.04932693687499995,0.0,-0.6309596130040049,56,fixed_k3
Strain_a_Tension_0.5pct,a,0.5,-0.02326021399999989,-0.04932693687499995,0.0,-0.528590423464435,56,fixed_k3
Strain_a_Tension_0.5pct,a,0.5,-0.019381589999999893,-0.04932693687499995,0.0,-0.4298461564837326,56,fixed_k3
Strain_a_Tension_0.5pct,a,0.5,-0.015502965999999896,-0.04932693687499995,0.0,-0.33495090577894615,56,fixed_k3
Strain_a_Tension_0.5pct,a,0.5,-0.011624341999999899,-0.04932693687499995,0.0,-0.24466742389765095,56,fixed_k3
Strain_a_Tension_0.5pct,a,0.5,-0.0077457179999999015,-0.04932693687499995,0.0,-0.16022658424612657,56,fixed_k3
Strain_a_Tension_0.5pct,a,0.5,-0.0038670939999999043,-0.04932693687499995,0.0,-0.08318672003024496,56,fixed_k3
Strain_a_Tension_0.5pct,a,0.5,1.1530000000092855e-05,-0.04932693687499995,0.0,-0.01522709512460807,56,fixed_k3
Strain_a_Tension_0.5pct,a,0.5,0.00389015400000009,-0.04932693687499995,0.0,0.04210530849105809,56,fixed_k3
Strain_a_Tension_0.5pct,a,0.5,0.007768778000000087,-0.04932693687499995,0.0,0.0876647153223129,56,fixed_k3
Strain_a_Tension_0.5pct,a,0.5,0.011647402000000084,-0.04932693687499995,0.0,0.12095475894601582,56,fixed_k3
Strain_a_Tension_0.5pct,a,0.5,0.015526026000000082,-0.04932693687499995,0.0,0.14232205389236885,56,fixed_k3
Strain_a_Tension_0.5pct,a,0.5,0.01940465000000008,-0.04932693687499995,0.0,0.15307109773408345,56,fixed_k3
Strain_a_Tension_0.5pct,a,0.5,0.023283274000000076,-0.04932693687499995,0.0,0.15549082358609612,56,fixed_k3
Strain_a_Tension_0.5pct,a,0.5,0.027161898000000073,-0.04932693687499995,0.0,0.15279783971676109,56,fixed_k3
Strain_a_Tension_0.5pct,a,0.5,0.03104052200000007,-0.04932693687499995,0.0,0.149012316663524,56,fixed_k3
Strain_a_Tension_0.5pct,a,0.5,0.03491914600000007,-0.04932693687499995,0.0,0.1487863484592007,56,fixed_k3
Strain_a_Tension_0.5pct,a,0.5,0.038797770000000065,-0.04932693687499995,0.0,0.1571990549881721,56,fixed_k3
Strain_a_Tension_0.5pct,a,0.5,0.04267639400000006,-0.04932693687499995,0.0,0.1795150872288802,56,fixed_k3
Strain_a_Tension_0.5pct,a,0.5,0.04655501800000006,-0.04932693687499995,0.0,0.22086818192675484,56,fixed_k3
Strain_a_Tension_0.5pct,a,0.5,0.050433642000000056,-0.04932693687499995,0.0,0.28576653202263635,56,fixed_k3
Strain_a_Tension_0.5pct,a,0.5,0.05431226600000005,-0.04932693687499995,0.0,0.37719502266458727,56,fixed_k3
Strain_a_Tension_0.5pct,a,0.5,0.05819089000000005,-0.04932693687499995,0.0,0.49485709973623937,56,fixed_k3
Strain_a_Tension_0.5pct,a,0.5,0.06206951400000005,-0.04932693687499995,0.0,0.6316595012317574,56,fixed_k3
Strain_a_Tension_0.5pct,a,0.5,0.06594813800000005,-0.04932693687499995,0.0,0.7667548522086127,56,fixed_k3
Strain_a_Tension_0.5pct,a,0.5,0.06982676200000004,-0.04932693687499995,0.0,0.8522385692388279,56,fixed_k3
Strain_a_Tension_0.5pct,a,0.5,0.07370538600000004,-0.04932693687499995,0.0,0.7894755493545418,56,fixed_k3
Strain_a_Tension_0.5pct,a,0.5,0.07758401000000004,-0.04932693687499995,0.0,0.39309730904950446,56,fixed_k3
Strain_a_Tension_0.5pct,a,0.5,0.08146263400000003,-0.04932693687499995,0.0,-0.6435483683376095,56,fixed_k3
Strain_a_Tension_0.5pct,a,0.5,0.08534125800000003,-0.04932693687499995,0.0,-2.716373241575522,56,fixed_k3
Strain_a_Tension_0.5pct,a,0.5,0.08921988200000003,-0.04932693687499995,0.0,-6.0588499406371135,56,fixed_k3
Strain_a_Tension_0.5pct,a,0.5,0.09309850600000003,-0.04932693687499995,0.0,-10.165556485540709,56,fixed_k3
Strain_a_Tension_0.5pct,a,0.5,0.09697713000000002,-0.04932693687499995,0.0,-13.384619861951167,56,fixed_k3
Strain_a_Tension_0.5pct,a,0.5,0.10085575400000002,-0.04932693687499995,0.0,-13.844735458287975,56,fixed_k3
Strain_a_Tension_0.5pct,a,0.5,0.10473437800000002,-0.04932693687499995,0.0,-11.316659038538795,56,fixed_k3
Strain_a_Tension_0.5pct,a,0.5,0.10861300200000001,-0.04932693687499995,0.0,-7.2978441620728205,56,fixed_k3
Strain_a_Tension_0.5pct,a,0.5,0.11249162600000001,-0.04932693687499995,0.0,-3.0617253882240685,56,fixed_k3
Strain_a_Tension_0.5pct,a,0.5,0.11637025000000001,-0.04932693687499995,0.0,1.9818718277699374,56,fixed_k3
Strain_a_Tension_0.5pct,a,0.5,0.120248874,-0.04932693687499995,0.0,12.630044661100527,56,fixed_k3
Strain_a_Tension_0.5pct,a,0.5,0.124127498,-0.04932693687499995,0.0,59.28536827462095,56,fixed_k3
Strain_a_Tension_0.5pct,a,0.5,0.128006122,-0.04932693687499995,0.0,1020.2219347754027,56,fixed_k3
Strain_a_Tension_0.5pct,a,0.5,0.131884746,-0.04932693687499995,0.0,2459.470890973927,56,fixed_k3
Strain_a_Tension_0.5pct,a,0.5,0.13576337,-0.04932693687499995,0.0,52.91136737658106,56,fixed_k3
Strain_a_Tension_0.5pct,a,0.5,0.139641994,-0.04932693687499995,0.0,4.484611697309533,56,fixed_k3
Strain_a_Tension_0.5pct,a,0.5,0.143520618,-0.04932693687499995,0.0,-2.8083721649738367,56,fixed_k3
Strain_a_Tension_0.5pct,a,0.5,0.14739924199999999,-0.04932693687499995,0.0,-4.506805640083824,56,fixed_k3
Strain_a_Tension_0.5pct,a,0.5,0.15127786599999998,-0.04932693687499995,0.0,-4.820451277760662,56,fixed_k3
Strain_a_Tension_0.5pct,a,0.5,0.15515649,-0.04932693687499995,0.0,-4.686734008043728,56,fixed_k3
Strain_a_Tension_0.5pct,a,0.5,-0.1551334299999998,-0.046040298749999944,0.0,-4.514304318675511,56,fixed_k3
Strain_a_Tension_0.5pct,a,0.5,-0.1512548059999998,-0.046040298749999944,0.0,-4.319338637433847,56,fixed_k3
Strain_a_Tension_0.5pct,a,0.5,-0.1473761819999998,-0.046040298749999944,0.0,-3.457428252248108,56,fixed_k3
Strain_a_Tension_0.5pct,a,0.5,-0.1434975579999998,-0.046040298749999944,0.0,-0.42819143186481723,56,fixed_k3
Strain_a_Tension_0.5pct,a,0.5,-0.1396189339999998,-0.046040298749999944,0.0,12.261291146683076,56,fixed_k3
Strain_a_Tension_0.5pct,a,0.5,-0.1357403099999998,-0.046040298749999944,0.0,109.31900697193575,56,fixed_k3
Strain_a_Tension_0.5pct,a,0.5,-0.1318616859999998,-0.046040298749999944,0.0,8887.226063155993,56,fixed_k3
Strain_a_Tension_0.5pct,a,0.5,-0.12798306199999981,-0.046040298749999944,0.0,833.490512882223,56,fixed_k3
Strain_a_Tension_0.5pct,a,0.5,-0.12410443799999982,-0.046040298749999944,0.0,61.65139693147144,56,fixed_k3
Strain_a_Tension_0.5pct,a,0.5,-0.12022581399999982,-0.046040298749999944,0.0,8.513897197046672,56,fixed_k3
Strain_a_Tension_0.5pct,a,0.5,-0.11634718999999982,-0.046040298749999944,0.0,-3.311399835673182,56,fixed_k3
Strain_a_Tension_0.5pct,a,0.5,-0.11246856599999983,-0.046040298749999944,0.0,-6.411457283713855,56,fixed_k3
Strain_a_Tension_0.5pct,a,0.5,-0.10858994199999983,-0.046040298749999944,0.0,-5.716067611309462,56,fixed_k3
Strain_a_Tension_0.5pct,a,0.5,-0.10471131799999983,-0.046040298749999944,0.0,-2.770355546853609,56,fixed_k3
Strain_a_Tension_0.5pct,a,0.5,-0.10083269399999983,-0.046040298749999944,0.0,0.5620589282552151,56,fixed_k3
Strain_a_Tension_0.5pct,a,0.5,-0.09695406999999984,-0.046040298749999944,0.0,2.1550236156059754,56,fixed_k3
Strain_a_Tension_0.5pct,a,0.5,-0.09307544599999984,-0.046040298749999944,0.0,1.4416309783942212,56,fixed_k3
Strain_a_Tension_0.5pct,a,0.5,-0.08919682199999984,-0.046040298749999944,0.0,-0.32063686043884543,56,fixed_k3
Strain_a_Tension_0.5pct,a,0.5,-0.08531819799999985,-0.046040298749999944,0.0,-1.7927098906258314,56,fixed_k3
Strain_a_Tension_0.5pct,a,0.5,-0.08143957399999985,-0.046040298749999944,0.0,-2.5403602472569027,56,fixed_k3
Strain_a_Tension_0.5pct,a,0.5,-0.07756094999999985,-0.046040298749999944,0.0,-2.7222705510502863,56,fixed_k3
Strain_a_Tension_0.5pct,a,0.5,-0.07368232599999985,-0.046040298749999944,0.0,-2.6062136062552357,56,fixed_k3
Strain_a_Tension_0.5pct,a,0.5,-0.06980370199999986,-0.046040298749999944,0.0,-2.3769555325333203,56,fixed_k3
Strain_a_Tension_0.5pct,a,0.5,-0.06592507799999986,-0.046040298749999944,0.0,-2.1271916370720376,56,fixed_k3
Strain_a_Tension_0.5pct,a,0.5,-0.06204645399999986,-0.046040298749999944,0.0,-1.893438177137745,56,fixed_k3
Strain_a_Tension_0.5pct,a,0.5,-0.058167829999999865,-0.046040298749999944,0.0,-1.6854784268198144,56,fixed_k3
Strain_a_Tension_0.5pct,a,0.5,-0.05428920599999987,-0.046040298749999944,0.0,-1.50259053055467,56,fixed_k3
Strain_a_Tension_0.5pct,a,0.5,-0.05041058199999987,-0.046040298749999944,0.0,-1.3409070407377224,56,fixed_k3
Strain_a_Tension_0.5pct,a,0.5,-0.04653195799999987,-0.046040298749999944,0.0,-1.196246753862566,56,fixed_k3
Strain_a_Tension_0.5pct,a,0.5,-0.042653333999999876,-0.046040298749999944,0.0,-1.064971185405784,56,fixed_k3
Strain_a_Tension_0.5pct,a,0.5,-0.03877470999999988,-0.046040298749999944,0.0,-0.9441052528383467,56,fixed_k3
Strain_a_Tension_0.5pct,a,0.5,-0.03489608599999988,-0.046040298749999944,0.0,-0.8312550441515565,56,fixed_k3
Strain_a_Tension_0.5pct,a,0.5,-0.031017461999999885,-0.046040298749999944,0.0,-0.7245227587047578,56,fixed_k3
Strain_a_Tension_0.5pct,a,0.5,-0.027138837999999887,-0.046040298749999944,0.0,-0.6224744087718965,56,fixed_k3
Strain_a_Tension_0.5pct,a,0.5,-0.02326021399999989,-0.046040298749999944,0.0,-0.5241570254881951,56,fixed_k3
Strain_a_Tension_0.5pct,a,0.5,-0.019381589999999893,-0.046040298749999944,0.0,-0.42913999124890223,56,fixed_k3
Strain_a_Tension_0.5pct,a,0.5,-0.015502965999999896,-0.046040298749999944,0.0,-0.33754877753241264,56,fixed_k3
Strain_a_Tension_0.5pct,a,0.5,-0.011624341999999899,-0.046040298749999944,0.0,-0.2500609796586426,56,fixed_k3
Strain_a_Tension_0.5pct,a,0.5,-0.0077457179999999015,-0.046040298749999944,0.0,-0.1678417037445048,56,fixed_k3
Strain_a_Tension_0.5pct,a,0.5,-0.0038670939999999043,-0.046040298749999944,0.0,-0.09240713268135115,56,fixed_k3
Strain_a_Tension_0.5pct,a,0.5,1.1530000000092855e-05,-0.046040298749999944,0.0,-0.02542000545089329,56,fixed_k3
Strain_a_Tension_0.5pct,a,0.5,0.00389015400000009,-0.046040298749999944,0.0,0.031563907023919535,56,fixed_k3
Strain_a_Tension_0.5pct,a,0.5,0.007768778000000087,-0.046040298749999944,0.0,0.07736701528546996,56,fixed_k3
Strain_a_Tension_0.5pct,a,0.5,0.011647402000000084,-0.046040298749999944,0.0,0.11144170144218357,56,fixed_k3
Strain_a_Tension_0.5pct,a,0.5,0.015526026000000082,-0.046040298749999944,0.0,0.13406797338397447,56,fixed_k3
Strain_a_Tension_0.5pct,a,0.5,0.01940465000000008,-0.046040298749999944,0.0,0.14647225504281036,56,fixed_k3
Strain_a_Tension_0.5pct,a,0.5,0.023283274000000076,-0.046040298749999944,0.0,0.15085725343081213,56,fixed_k3
Strain_a_Tension_0.5pct,a,0.5,0.027161898000000073,-0.046040298749999944,0.0,0.1503479760743336,56,fixed_k3
Strain_a_Tension_0.5pct,a,0.5,0.03104052200000007,-0.046040298749999944,0.0,0.14887034096429064,56,fixed_k3
Strain_a_Tension_0.5pct,a,0.5,0.03491914600000007,-0.046040298749999944,0.0,0.1509831325520925,56,fixed_k3
Strain_a_Tension_0.5pct,a,0.5,0.038797770000000065,-0.046040298749999944,0.0,0.1616789769668232,56,fixed_k3
Strain_a_Tension_0.5pct,a,0.5,0.04267639400000006,-0.046040298749999944,0.0,0.1861529850796897,56,fixed_k3
Strain_a_Tension_0.5pct,a,0.5,0.04655501800000006,-0.046040298749999944,0.0,0.22950339482578874,56,fixed_k3
Strain_a_Tension_0.5pct,a,0.5,0.050433642000000056,-0.046040298749999944,0.0,0.2962642321237252,56,fixed_k3
Strain_a_Tension_0.5pct,a,0.5,0.05431226600000005,-0.046040298749999944,0.0,0.3895476769108397,56,fixed_k3
Strain_a_Tension_0.5pct,a,0.5,0.05819089000000005,-0.046040298749999944,0.0,0.5093364863863223,56,fixed_k3
Strain_a_Tension_0.5pct,a,0.5,0.06206951400000005,-0.046040298749999944,0.0,0.6490090871654306,56,fixed_k3
Strain_a_Tension_0.5pct,a,0.5,0.06594813800000005,-0.046040298749999944,0.0,0.7883398023541017,56,fixed_k3
Strain_a_Tension_0.5pct,a,0.5,0.06982676200000004,-0.046040298749999944,0.0,0.8798739103748885,56,fixed_k3
Strain_a_Tension_0.5pct,a,0.5,0.07370538600000004,-0.046040298749999944,0.0,0.8242304994571885,56,fixed_k3
Strain_a_Tension_0.5pct,a,0.5,0.07758401000000004,-0.046040298749999944,0.0,0.43182233493360234,56,fixed_k3
Strain_a_Tension_0.5pct,a,0.5,0.08146263400000003,-0.046040298749999944,0.0,-0.6145236361159592,56,fixed_k3
Strain_a_Tension_0.5pct,a,0.5,0.08534125800000003,-0.046040298749999944,0.0,-2.7236736325322655,56,fixed_k3
Strain_a_Tension_0.5pct,a,0.5,0.08921988200000003,-0.046040298749999944,0.0,-6.112963517369261,56,fixed_k3
Strain_a_Tension_0.5pct,a,0.5,0.09309850600000003,-0.046040298749999944,0.0,-10.16553611339162,56,fixed_k3
Strain_a_Tension_0.5pct,a,0.5,0.09697713000000002,-0.046040298749999944,0.0,-13.040160452892833,56,fixed_k3
Strain_a_Tension_0.5pct,a,0.5,0.10085575400000002,-0.046040298749999944,0.0,-12.86372972007307,56,fixed_k3
Strain_a_Tension_0.5pct,a,0.5,0.10473437800000002,-0.046040298749999944,0.0,-9.758534826237861,56,fixed_k3
Strain_a_Tension_0.5pct,a,0.5,0.10861300200000001,-0.046040298749999944,0.0,-5.561788871386037,56,fixed_k3
Strain_a_Tension_0.5pct,a,0.5,0.11249162600000001,-0.046040298749999944,0.0,-1.5992103197013623,56,fixed_k3
Strain_a_Tension_0.5pct,a,0.5,0.11637025000000001,-0.046040298749999944,0.0,2.6423545428865416,56,fixed_k3
Strain_a_Tension_0.5pct,a,0.5,0.120248874,-0.046040298749999944,0.0,10.882139918786981,56,fixed_k3
Strain_a_Tension_0.5pct,a,0.5,0.124127498,-0.046040298749999944,0.0,43.46543111938842,56,fixed_k3
Strain_a_Tension_0.5pct,a,0.5,0.128006122,-0.046040298749999944,0.0,492.7738103725046,56,fixed_k3
Strain_a_Tension_0.5pct,a,0.5,0.131884746,-0.046040298749999944,0.0,5310.250871291807,56,fixed_k3
Strain_a_Tension_0.5pct,a,0.5,0.13576337,-0.046040298749999944,0.0,66.57978853244664,56,fixed_k3
Strain_a_Tension_0.5pct,a,0.5,0.139641994,-0.046040298749999944,0.0,6.196216210079522,56,fixed_k3
Strain_a_Tension_0.5pct,a,0.5,0.143520618,-0.046040298749999944,0.0,-2.046253860792244,56,fixed_k3
Strain_a_Tension_0.5pct,a,0.5,0.14739924199999999,-0.046040298749999944,0.0,-3.9576129085526923,56,fixed_k3
Strain_a_Tension_0.5pct,a,0.5,0.15127786599999998,-0.046040298749999944,0.0,-4.36573230366147,56,fixed_k3
Strain_a_Tension_0.5pct,a,0.5,0.15515649,-0.046040298749999944,0.0,-4.293407880457879,56,fixed_k3
Strain_a_Tension_0.5pct,a,0.5,-0.1551334299999998,-0.04275366062499994,0.0,-4.270252750059547,56,fixed_k3
Strain_a_Tension_0.5pct,a,0.5,-0.1512548059999998,-0.04275366062499994,0.0,-4.027961929466365,56,fixed_k3
Strain_a_Tension_0.5pct,a,0.5,-0.1473761819999998,-0.04275366062499994,0.0,-3.077664653316483,56,fixed_k3
Strain_a_Tension_0.5pct,a,0.5,-0.1434975579999998,-0.04275366062499994,0.0,0.19994285470392104,56,fixed_k3
Strain_a_Tension_0.5pct,a,0.5,-0.1396189339999998,-0.04275366062499994,0.0,14.29129849509387,56,fixed_k3
Strain_a_Tension_0.5pct,a,0.5,-0.1357403099999998,-0.04275366062499994,0.0,134.10574525920163,56,fixed_k3
Strain_a_Tension_0.5pct,a,0.5,-0.1318616859999998,-0.04275366062499994,0.0,13630.623077601731,56,fixed_k3
Strain_a_Tension_0.5pct,a,0.5,-0.12798306199999981,-0.04275366062499994,0.0,446.62489135278366,56,fixed_k3
Strain_a_Tension_0.5pct,a,0.5,-0.12410443799999982,-0.04275366062499994,0.0,43.85235829450493,56,fixed_k3
Strain_a_Tension_0.5pct,a,0.5,-0.12022581399999982,-0.04275366062499994,0.0,5.71893463134323,56,fixed_k3
Strain_a_Tension_0.5pct,a,0.5,-0.11634718999999982,-0.04275366062499994,0.0,-3.775991411967051,56,fixed_k3
Strain_a_Tension_0.5pct,a,0.5,-0.11246856599999983,-0.04275366062499994,0.0,-6.506633463756483,56,fixed_k3
Strain_a_Tension_0.5pct,a,0.5,-0.10858994199999983,-0.04275366062499994,0.0,-5.947034150568127,56,fixed_k3
Strain_a_Tension_0.5pct,a,0.5,-0.10471131799999983,-0.04275366062499994,0.0,-3.1364541291401054,56,fixed_k3
Strain_a_Tension_0.5pct,a,0.5,-0.10083269399999983,-0.04275366062499994,0.0,0.316631900577792,56,fixed_k3
Strain_a_Tension_0.5pct,a,0.5,-0.09695406999999984,-0.04275366062499994,0.0,2.1842253667032248,56,fixed_k3
Strain_a_Tension_0.5pct,a,0.5,-0.09307544599999984,-0.04275366062499994,0.0,1.6309224964721507,56,fixed_k3
Strain_a_Tension_0.5pct,a,0.5,-0.08919682199999984,-0.04275366062499994,0.0,-0.13685770956946297,56,fixed_k3
Strain_a_Tension_0.5pct,a,0.5,-0.08531819799999985,-0.04275366062499994,0.0,-1.6684070865377323,56,fixed_k3
Strain_a_Tension_0.5pct,a,0.5,-0.08143957399999985,-0.04275366062499994,0.0,-2.4592666641212952,56,fixed_k3
Strain_a_Tension_0.5pct,a,0.5,-0.07756094999999985,-0.04275366062499994,0.0,-2.6611672251270586,56,fixed_k3
Strain_a_Tension_0.5pct,a,0.5,-0.07368232599999985,-0.04275366062499994,0.0,-2.5527316547286043,56,fixed_k3
Strain_a_Tension_0.5pct,a,0.5,-0.06980370199999986,-0.04275366062499994,0.0,-2.3267010064030687,56,fixed_k3
Strain_a_Tension_0.5pct,a,0.5,-0.06592507799999986,-0.04275366062499994,0.0,-2.0792065258311876,56,fixed_k3
Strain_a_Tension_0.5pct,a,0.5,-0.06204645399999986,-0.04275366062499994,0.0,-1.8478644386164962,56,fixed_k3
Strain_a_Tension_0.5pct,a,0.5,-0.058167829999999865,-0.04275366062499994,0.0,-1.6427086208520487,56,fixed_k3
Strain_a_Tension_0.5pct,a,0.5,-0.05428920599999987,-0.04275366062499994,0.0,-1.4630270797545113,56,fixed_k3
Strain_a_Tension_0.5pct,a,0.5,-0.05041058199999987,-0.04275366062499994,0.0,-1.3049103622086555,56,fixed_k3
Strain_a_Tension_0.5pct,a,0.5,-0.04653195799999987,-0.04275366062499994,0.0,-1.1641255133391186,56,fixed_k3
Strain_a_Tension_0.5pct,a,0.5,-0.042653333999999876,-0.04275366062499994,0.0,-1.0369750947552603,56,fixed_k3
Strain_a_Tension_0.5pct,a,0.5,-0.03877470999999988,-0.04275366062499994,0.0,-0.9204140879420171,56,fixed_k3
Strain_a_Tension_0.5pct,a,0.5,-0.03489608599999988,-0.04275366062499994,0.0,-0.8119655226948904,56,fixed_k3
Strain_a_Tension_0.5pct,a,0.5,-0.031017461999999885,-0.04275366062499994,0.0,-0.7096359231283933,56,fixed_k3
Strain_a_Tension_0.5pct,a,0.5,-0.027138837999999887,-0.04275366062499994,0.0,-0.6118857944218454,56,fixed_k3
Strain_a_Tension_0.5pct,a,0.5,-0.02326021399999989,-0.04275366062499994,0.0,-0.5176514316640883,56,fixed_k3
Strain_a_Tension_0.5pct,a,0.5,-0.019381589999999893,-0.04275366062499994,0.0,-0.4263921997233413,56,fixed_k3
Strain_a_Tension_0.5pct,a,0.5,-0.015502965999999896,-0.04275366062499994,0.0,-0.33813096781638063,56,fixed_k3
Strain_a_Tension_0.5pct,a,0.5,-0.011624341999999899,-0.04275366062499994,0.0,-0.25345683091592397,56,fixed_k3
Strain_a_Tension_0.5pct,a,0.5,-0.0077457179999999015,-0.04275366062499994,0.0,-0.17346632321057176,56,fixed_k3
Strain_a_Tension_0.5pct,a,0.5,-0.0038670939999999043,-0.04275366062499994,0.0,-0.0996311714145568,56,fixed_k3
Strain_a_Tension_0.5pct,a,0.5,1.1530000000092855e-05,-0.04275366062499994,0.0,-0.03359580358047598,56,fixed_k3
Strain_a_Tension_0.5pct,a,0.5,0.00389015400000009,-0.04275366062499994,0.0,0.023076419694434414,56,fixed_k3
Strain_a_Tension_0.5pct,a,0.5,0.007768778000000087,-0.04275366062499994,0.0,0.06917661942875619,56,fixed_k3
Strain_a_Tension_0.5pct,a,0.5,0.011647402000000084,-0.04275366062499994,0.0,0.1041056935121123,56,fixed_k3
Strain_a_Tension_0.5pct,a,0.5,0.015526026000000082,-0.04275366062499994,0.0,0.12807599758018684,56,fixed_k3
Strain_a_Tension_0.5pct,a,0.5,0.01940465000000008,-0.04275366062499994,0.0,0.14223400353186144,56,fixed_k3
Strain_a_Tension_0.5pct,a,0.5,0.023283274000000076,-0.04275366062499994,0.0,0.1486934911177391,56,fixed_k3
Strain_a_Tension_0.5pct,a,0.5,0.027161898000000073,-0.04275366062499994,0.0,0.1504843634583457,56,fixed_k3
Strain_a_Tension_0.5pct,a,0.5,0.03104052200000007,-0.04275366062499994,0.0,0.15143398192754676,56,fixed_k3
Strain_a_Tension_0.5pct,a,0.5,0.03491914600000007,-0.04275366062499994,0.0,0.15600267297771797,56,fixed_k3
Strain_a_Tension_0.5pct,a,0.5,0.038797770000000065,-0.04275366062499994,0.0,0.16909047464885751,56,fixed_k3
Strain_a_Tension_0.5pct,a,0.5,0.04267639400000006,-0.04275366062499994,0.0,0.1958157922192938,56,fixed_k3
Strain_a_Tension_0.5pct,a,0.5,0.04655501800000006,-0.04275366062499994,0.0,0.24123312124952623,56,fixed_k3
Strain_a_Tension_0.5pct,a,0.5,0.050433642000000056,-0.04275366062499994,0.0,0.3098934994288791,56,fixed_k3
Strain_a_Tension_0.5pct,a,0.5,0.05431226600000005,-0.04275366062499994,0.0,0.4050289526386808,56,fixed_k3
Strain_a_Tension_0.5pct,a,0.5,0.05819089000000005,-0.04275366062499994,0.0,0.5269010083998991,56,fixed_k3
Strain_a_Tension_0.5pct,a,0.5,0.06206951400000005,-0.04275366062499994,0.0,0.6693798163180014,56,fixed_k3
Strain_a_Tension_0.5pct,a,0.5,0.06594813800000005,-0.04275366062499994,0.0,0.8129326394273062,56,fixed_k3
Strain_a_Tension_0.5pct,a,0.5,0.06982676200000004,-0.04275366062499994,0.0,0.9107391479136715,56,fixed_k3
Strain_a_Tension_0.5pct,a,0.5,0.07370538600000004,-0.04275366062499994,0.0,0.863079562737737,56,fixed_k3
Strain_a_Tension_0.5pct,a,0.5,0.07758401000000004,-0.04275366062499994,0.0,0.4769283885326425,56,fixed_k3
Strain_a_Tension_0.5pct,a,0.5,0.08146263400000003,-0.04275366062499994,0.0,-0.5741139211418347,56,fixed_k3
Strain_a_Tension_0.5pct,a,0.5,0.08534125800000003,-0.04275366062499994,0.0,-2.7099290883099045,56,fixed_k3
Strain_a_Tension_0.5pct,a,0.5,0.08921988200000003,-0.04275366062499994,0.0,-6.128891478536714,56,fixed_k3
Strain_a_Tension_0.5pct,a,0.5,0.09309850600000003,-0.04275366062499994,0.0,-10.101768651917965,56,fixed_k3
Strain_a_Tension_0.5pct,a,0.5,0.09697713000000002,-0.04275366062499994,0.0,-12.616535035654728,56,fixed_k3
Strain_a_Tension_0.5pct,a,0.5,0.10085575400000002,-0.04275366062499994,0.0,-11.849648163775282,56,fixed_k3
Strain_a_Tension_0.5pct,a,0.5,0.10473437800000002,-0.04275366062499994,0.0,-8.29526200170019,56,fixed_k3
Strain_a_Tension_0.5pct,a,0.5,0.10861300200000001,-0.04275366062499994,0.0,-4.064475977192007,56,fixed_k3
Strain_a_Tension_0.5pct,a,0.5,0.11249162600000001,-0.04275366062499994,0.0,-0.4575574790316628,56,fixed_k3
Strain_a_Tension_0.5pct,a,0.5,0.11637025000000001,-0.04275366062499994,0.0,3.021408015065051,56,fixed_k3
Strain_a_Tension_0.5pct,a,0.5,0.120248874,-0.04275366062499994,0.0,9.299149246715547,56,fixed_k3
Strain_a_Tension_0.5pct,a,0.5,0.124127498,-0.04275366062499994,0.0,32.160974037456384,56,fixed_k3
Strain_a_Tension_0.5pct,a,0.5,0.128006122,-0.04275366062499994,0.0,265.3742097249136,56,fixed_k3
Strain_a_Tension_0.5pct,a,0.5,0.131884746,-0.04275366062499994,0.0,7663.09495598522,56,fixed_k3
Strain_a_Tension_0.5pct,a,0.5,0.13576337,-0.04275366062499994,0.0,81.9197834726656,56,fixed_k3
Strain_a_Tension_0.5pct,a,0.5,0.139641994,-0.04275366062499994,0.0,7.812419679989109,56,fixed_k3
Strain_a_Tension_0.5pct,a,0.5,0.143520618,-0.04275366062499994,0.0,-1.3383251894567514,56,fixed_k3
Strain_a_Tension_0.5pct,a,0.5,0.14739924199999999,-0.04275366062499994,0.0,-3.4302845329463927,56,fixed_k3
Strain_a_Tension_0.5pct,a,0.5,0.15127786599999998,-0.04275366062499994,0.0,-3.9166642278206725,56,fixed_k3
Strain_a_Tension_0.5pct,a,0.5,0.15515649,-0.04275366062499994,0.0,-3.897236589743291,56,fixed_k3
Strain_a_Tension_0.5pct,a,0.5,-0.1551334299999998,-0.03946702249999995,0.0,-4.022769173109993,56,fixed_k3
Strain_a_Tension_0.5pct,a,0.5,-0.1512548059999998,-0.03946702249999995,0.0,-3.740767064753837,56,fixed_k3
Strain_a_Tension_0.5pct,a,0.5,-0.1473761819999998,-0.03946702249999995,0.0,-2.7195912010182175,56,fixed_k3
Strain_a_Tension_0.5pct,a,0.5,-0.1434975579999998,-0.03946702249999995,0.0,0.7632554574747001,56,fixed_k3
Strain_a_Tension_0.5pct,a,0.5,-0.1396189339999998,-0.03946702249999995,0.0,16.167967567634218,56,fixed_k3
Strain_a_Tension_0.5pct,a,0.5,-0.1357403099999998,-0.03946702249999995,0.0,161.1718931702211,56,fixed_k3
Strain_a_Tension_0.5pct,a,0.5,-0.1318616859999998,-0.03946702249999995,0.0,9527.909889650868,56,fixed_k3
Strain_a_Tension_0.5pct,a,0.5,-0.12798306199999981,-0.03946702249999995,0.0,261.080875483513,56,fixed_k3
Strain_a_Tension_0.5pct,a,0.5,-0.12410443799999982,-0.03946702249999995,0.0,31.476088549563425,56,fixed_k3
Strain_a_Tension_0.5pct,a,0.5,-0.12022581399999982,-0.03946702249999995,0.0,3.577359569132522,56,fixed_k3
Strain_a_Tension_0.5pct,a,0.5,-0.11634718999999982,-0.03946702249999995,0.0,-4.1221264044072665,56,fixed_k3
Strain_a_Tension_0.5pct,a,0.5,-0.11246856599999983,-0.03946702249999995,0.0,-6.5454830927490235,56,fixed_k3
Strain_a_Tension_0.5pct,a,0.5,-0.10858994199999983,-0.03946702249999995,0.0,-6.109137006003481,56,fixed_k3
Strain_a_Tension_0.5pct,a,0.5,-0.10471131799999983,-0.03946702249999995,0.0,-3.44276809427591,56,fixed_k3
Strain_a_Tension_0.5pct,a,0.5,-0.10083269399999983,-0.03946702249999995,0.0,0.09741852523730077,56,fixed_k3
Strain_a_Tension_0.5pct,a,0.5,-0.09695406999999984,-0.03946702249999995,0.0,2.222090041130059,56,fixed_k3
Strain_a_Tension_0.5pct,a,0.5,-0.09307544599999984,-0.03946702249999995,0.0,1.8315476718933077,56,fixed_k3
Strain_a_Tension_0.5pct,a,0.5,-0.08919682199999984,-0.03946702249999995,0.0,0.060321877895461506,56,fixed_k3
Strain_a_Tension_0.5pct,a,0.5,-0.08531819799999985,-0.03946702249999995,0.0,-1.5335505329429817,56,fixed_k3
Strain_a_Tension_0.5pct,a,0.5,-0.08143957399999985,-0.03946702249999995,0.0,-2.3713608383723193,56,fixed_k3
Strain_a_Tension_0.5pct,a,0.5,-0.07756094999999985,-0.03946702249999995,0.0,-2.595961722456016,56,fixed_k3
Strain_a_Tension_0.5pct,a,0.5,-0.07368232599999985,-0.03946702249999995,0.0,-2.496712342598541,56,fixed_k3
Strain_a_Tension_0.5pct,a,0.5,-0.06980370199999986,-0.03946702249999995,0.0,-2.2746588510928873,56,fixed_k3
Strain_a_Tension_0.5pct,a,0.5,-0.06592507799999986,-0.03946702249999995,0.0,-2.0296936934244014,56,fixed_k3
Strain_a_Tension_0.5pct,a,0.5,-0.06204645399999986,-0.03946702249999995,0.0,-1.800767859107526,56,fixed_k3
Strain_a_Tension_0.5pct,a,0.5,-0.058167829999999865,-0.03946702249999995,0.0,-1.598312823521824,56,fixed_k3
Strain_a_Tension_0.5pct,a,0.5,-0.05428920599999987,-0.03946702249999995,0.0,-1.4217083248376063,56,fixed_k3
Strain_a_Tension_0.5pct,a,0.5,-0.05041058199999987,-0.03946702249999995,0.0,-1.2670427668687037,56,fixed_k3
Strain_a_Tension_0.5pct,a,0.5,-0.04653195799999987,-0.03946702249999995,0.0,-1.1300468355506235,56,fixed_k3
Strain_a_Tension_0.5pct,a,0.5,-0.042653333999999876,-0.03946702249999995,0.0,-1.006966540475336,56,fixed_k3
Strain_a_Tension_0.5pct,a,0.5,-0.03877470999999988,-0.03946702249999995,0.0,-0.8946831858728648,56,fixed_k3
Strain_a_Tension_0.5pct,a,0.5,-0.03489608599999988,-0.03946702249999995,0.0,-0.7906306576708719,56,fixed_k3
Strain_a_Tension_0.5pct,a,0.5,-0.031017461999999885,-0.03946702249999995,0.0,-0.6927133256388965,56,fixed_k3
Strain_a_Tension_0.5pct,a,0.5,-0.027138837999999887,-0.03946702249999995,0.0,-0.5992802036031326,56,fixed_k3
Strain_a_Tension_0.5pct,a,0.5,-0.02326021399999989,-0.03946702249999995,0.0,-0.5091516665527297,56,fixed_k3
Strain_a_Tension_0.5pct,a,0.5,-0.019381589999999893,-0.03946702249999995,0.0,-0.4216726868372719,56,fixed_k3
Strain_a_Tension_0.5pct,a,0.5,-0.015502965999999896,-0.03946702249999995,0.0,-0.3367598491799404,56,fixed_k3
Strain_a_Tension_0.5pct,a,0.5,-0.011624341999999899,-0.03946702249999995,0.0,-0.2549106202944127,56,fixed_k3
Strain_a_Tension_0.5pct,a,0.5,-0.0077457179999999015,-0.03946702249999995,0.0,-0.17715028770439467,56,fixed_k3
Strain_a_Tension_0.5pct,a,0.5,-0.0038670939999999043,-0.03946702249999995,0.0,-0.10490386457762191,56,fixed_k3
Strain_a_Tension_0.5pct,a,0.5,1.1530000000092855e-05,-0.03946702249999995,0.0,-0.03979566073217655,56,fixed_k3
Strain_a_Tension_0.5pct,a,0.5,0.00389015400000009,-0.03946702249999995,0.0,0.016604645698794718,56,fixed_k3
Strain_a_Tension_0.5pct,a,0.5,0.007768778000000087,-0.03946702249999995,0.0,0.06305751392460057,56,fixed_k3
Strain_a_Tension_0.5pct,a,0.5,0.011647402000000084,-0.03946702249999995,0.0,0.09891223905073376,56,fixed_k3
Strain_a_Tension_0.5pct,a,0.5,0.015526026000000082,-0.03946702249999995,0.0,0.12431259066395461,56,fixed_k3
Strain_a_Tension_0.5pct,a,0.5,0.01940465000000008,-0.03946702249999995,0.0,0.1403233155765582,56,fixed_k3
Strain_a_Tension_0.5pct,a,0.5,0.023283274000000076,-0.03946702249999995,0.0,0.14896666969213523,56,fixed_k3
Strain_a_Tension_0.5pct,a,0.5,0.027161898000000073,-0.03946702249999995,0.0,0.15317406589515792,56,fixed_k3
Strain_a_Tension_0.5pct,a,0.5,0.03104052200000007,-0.03946702249999995,0.0,0.15667015521219496,56,fixed_k3
Strain_a_Tension_0.5pct,a,0.5,0.03491914600000007,-0.03946702249999995,0.0,0.163811861095553,56,fixed_k3
Strain_a_Tension_0.5pct,a,0.5,0.038797770000000065,-0.03946702249999995,0.0,0.179400812585791,56,fixed_k3
Strain_a_Tension_0.5pct,a,0.5,0.04267639400000006,-0.03946702249999995,0.0,0.20847189340876227,56,fixed_k3
Strain_a_Tension_0.5pct,a,0.5,0.04655501800000006,-0.03946702249999995,0.0,0.2560280214046685,56,fixed_k3
Strain_a_Tension_0.5pct,a,0.5,0.050433642000000056,-0.03946702249999995,0.0,0.3266288281856473,56,fixed_k3
Strain_a_Tension_0.5pct,a,0.5,0.05431226600000005,-0.03946702249999995,0.0,0.4236189909909296,56,fixed_k3
Strain_a_Tension_0.5pct,a,0.5,0.05819089000000005,-0.03946702249999995,0.0,0.5475381188082882,56,fixed_k3
Strain_a_Tension_0.5pct,a,0.5,0.06206951400000005,-0.03946702249999995,0.0,0.6927672844786885,56,fixed_k3
Strain_a_Tension_0.5pct,a,0.5,0.06594813800000005,-0.03946702249999995,0.0,0.840536635346828,56,fixed_k3
Strain_a_Tension_0.5pct,a,0.5,0.06982676200000004,-0.03946702249999995,0.0,0.9448457002850801,56,fixed_k3
Strain_a_Tension_0.5pct,a,0.5,0.07370538600000004,-0.03946702249999995,0.0,0.9060562295680501,56,fixed_k3
Strain_a_Tension_0.5pct,a,0.5,0.07758401000000004,-0.03946702249999995,0.0,0.5285359288017621,56,fixed_k3
Strain_a_Tension_0.5pct,a,0.5,0.08146263400000003,-0.03946702249999995,0.0,-0.521934130858378,56,fixed_k3
Strain_a_Tension_0.5pct,a,0.5,0.08534125800000003,-0.03946702249999995,0.0,-2.6742544567783977,56,fixed_k3
Strain_a_Tension_0.5pct,a,0.5,0.08921988200000003,-0.03946702249999995,0.0,-6.105688570713548,56,fixed_k3
Strain_a_Tension_0.5pct,a,0.5,0.09309850600000003,-0.03946702249999995,0.0,-9.976477760751392,56,fixed_k3
Strain_a_Tension_0.5pct,a,0.5,0.09697713000000002,-0.03946702249999995,0.0,-12.12581110539426,56,fixed_k3
Strain_a_Tension_0.5pct,a,0.5,0.10085575400000002,-0.03946702249999995,0.0,-10.823930596048656,56,fixed_k3
Strain_a_Tension_0.5pct,a,0.5,0.10473437800000002,-0.03946702249999995,0.0,-6.936351823447823,56,fixed_k3
Strain_a_Tension_0.5pct,a,0.5,0.10861300200000001,-0.03946702249999995,0.0,-2.776649260952988,56,fixed_k3
Strain_a_Tension_0.5pct,a,0.5,0.11249162600000001,-0.03946702249999995,0.0,0.4397702669761012,56,fixed_k3
Strain_a_Tension_0.5pct,a,0.5,0.11637025000000001,-0.03946702249999995,0.0,3.229862230603254,56,fixed_k3
Strain_a_Tension_0.5pct,a,0.5,0.120248874,-0.03946702249999995,0.0,7.942209666394586,56,fixed_k3
Strain_a_Tension_0.5pct,a,0.5,0.124127498,-0.03946702249999995,0.0,24.07559906741283,56,fixed_k3
Strain_a_Tension_0.5pct,a,0.5,0.128006122,-0.03946702249999995,0.0,155.6150805195015,56,fixed_k3
Strain_a_Tension_0.5pct,a,0.5,0.131884746,-0.03946702249999995,0.0,5207.96111178396,56,fixed_k3
Strain_a_Tension_0.5pct,a,0.5,0.13576337,-0.03946702249999995,0.0,98.20015514350042,56,fixed_k3
Strain_a_Tension_0.5pct,a,0.5,0.139641994,-0.03946702249999995,0.0,9.275292415159846,56,fixed_k3
Strain_a_Tension_0.5pct,a,0.5,0.143520618,-0.03946702249999995,0.0,-0.6959532764269027,56,fixed_k3
Strain_a_Tension_0.5pct,a,0.5,0.14739924199999999,-0.03946702249999995,0.0,-2.929275451928909,56,fixed_k3
Strain_a_Tension_0.5pct,a,0.5,0.15127786599999998,-0.03946702249999995,0.0,-3.476187041154019,56,fixed_k3
Strain_a_Tension_0.5pct,a,0.5,0.15515649,-0.03946702249999995,0.0,-3.500676169691047,56,fixed_k3
Strain_a_Tension_0.5pct,a,0.5,-0.1551334299999998,-0.03618038437499996,0.0,-3.771850472813145,56,fixed_k3
Strain_a_Tension_0.5pct,a,0.5,-0.1512548059999998,-0.03618038437499996,0.0,-3.4583575789914867,56,fixed_k3
Strain_a_Tension_0.5pct,a,0.5,-0.1473761819999998,-0.03618038437499996,0.0,-2.3858004395777295,56,fixed_k3
Strain_a_Tension_0.5pct,a,0.5,-0.1434975579999998,-0.03618038437499996,0.0,1.2496306221455322,56,fixed_k3
Strain_a_Tension_0.5pct,a,0.5,-0.1396189339999998,-0.03618038437499996,0.0,17.804948280275184,56,fixed_k3
Strain_a_Tension_0.5pct,a,0.5,-0.1357403099999998,-0.03618038437499996,0.0,188.55136284605234,56,fixed_k3
Strain_a_Tension_0.5pct,a,0.5,-0.1318616859999998,-0.03618038437499996,0.0,4405.793203416137,56,fixed_k3
Strain_a_Tension_0.5pct,a,0.5,-0.12798306199999981,-0.03618038437499996,0.0,163.34975687116048,56,fixed_k3
Strain_a_Tension_0.5pct,a,0.5,-0.12410443799999982,-0.03618038437499996,0.0,22.77086546047895,56,fixed_k3
Strain_a_Tension_0.5pct,a,0.5,-0.12022581399999982,-0.03618038437499996,0.0,1.9510176474964664,56,fixed_k3
Strain_a_Tension_0.5pct,a,0.5,-0.11634718999999982,-0.03618038437499996,0.0,-4.363281214762479,56,fixed_k3
Strain_a_Tension_0.5pct,a,0.5,-0.11246856599999983,-0.03618038437499996,0.0,-6.531906319237458,56,fixed_k3
Strain_a_Tension_0.5pct,a,0.5,-0.10858994199999983,-0.03618038437499996,0.0,-6.205135235350635,56,fixed_k3
Strain_a_Tension_0.5pct,a,0.5,-0.10471131799999983,-0.03618038437499996,0.0,-3.684937082879144,56,fixed_k3
Strain_a_Tension_0.5pct,a,0.5,-0.10083269399999983,-0.03618038437499996,0.0,-0.08643615611414623,56,fixed_k3
Strain_a_Tension_0.5pct,a,0.5,-0.09695406999999984,-0.03618038437499996,0.0,2.274992684865665,56,fixed_k3
Strain_a_Tension_0.5pct,a,0.5,-0.09307544599999984,-0.03618038437499996,0.0,2.046134830640567,56,fixed_k3
Strain_a_Tension_0.5pct,a,0.5,-0.08919682199999984,-0.03618038437499996,0.0,0.2720566284695296,56,fixed_k3
Strain_a_Tension_0.5pct,a,0.5,-0.08531819799999985,-0.03618038437499996,0.0,-1.3874358129297804,56,fixed_k3
Strain_a_Tension_0.5pct,a,0.5,-0.08143957399999985,-0.03618038437499996,0.0,-2.276210101435608,56,fixed_k3
Strain_a_Tension_0.5pct,a,0.5,-0.07756094999999985,-0.03618038437499996,0.0,-2.526437911634434,56,fixed_k3
Strain_a_Tension_0.5pct,a,0.5,-0.07368232599999985,-0.03618038437499996,0.0,-2.4380889001494763,56,fixed_k3
Strain_a_Tension_0.5pct,a,0.5,-0.06980370199999986,-0.03618038437499996,0.0,-2.2208531949550707,56,fixed_k3
Strain_a_Tension_0.5pct,a,0.5,-0.06592507799999986,-0.03618038437499996,0.0,-1.9787298852154764,56,fixed_k3
Strain_a_Tension_0.5pct,a,0.5,-0.06204645399999986,-0.03618038437499996,0.0,-1.7522555888057507,56,fixed_k3
Strain_a_Tension_0.5pct,a,0.5,-0.058167829999999865,-0.03618038437499996,0.0,-1.5524157368824234,56,fixed_k3
Strain_a_Tension_0.5pct,a,0.5,-0.05428920599999987,-0.03618038437499996,0.0,-1.378768499978294,56,fixed_k3
Strain_a_Tension_0.5pct,a,0.5,-0.05041058199999987,-0.03618038437499996,0.0,-1.2274425066501766,56,fixed_k3
Strain_a_Tension_0.5pct,a,0.5,-0.04653195799999987,-0.03618038437499996,0.0,-1.094148927331677,56,fixed_k3
Strain_a_Tension_0.5pct,a,0.5,-0.042653333999999876,-0.03618038437499996,0.0,-0.975080614880154,56,fixed_k3
Strain_a_Tension_0.5pct,a,0.5,-0.03877470999999988,-0.03618038437499996,0.0,-0.8670422374464719,56,fixed_k3
Strain_a_Tension_0.5pct,a,0.5,-0.03489608599999988,-0.03618038437499996,0.0,-0.7673731183135624,56,fixed_k3
Strain_a_Tension_0.5pct,a,0.5,-0.031017461999999885,-0.03618038437499996,0.0,-0.6738695807067866,56,fixed_k3
Strain_a_Tension_0.5pct,a,0.5,-0.027138837999999887,-0.03618038437499996,0.0,-0.5847636820216434,56,fixed_k3
Strain_a_Tension_0.5pct,a,0.5,-0.02326021399999989,-0.03618038437499996,0.0,-0.49875514651835173,56,fixed_k3
Strain_a_Tension_0.5pct,a,0.5,-0.019381589999999893,-0.03618038437499996,0.0,-0.41507056293596833,56,fixed_k3
Strain_a_Tension_0.5pct,a,0.5,-0.015502965999999896,-0.03618038437499996,0.0,-0.33351685692282373,56,fixed_k3
Strain_a_Tension_0.5pct,a,0.5,-0.011624341999999899,-0.03618038437499996,0.0,-0.2544969637497627,56,fixed_k3
Strain_a_Tension_0.5pct,a,0.5,-0.0077457179999999015,-0.03618038437499996,0.0,-0.17896238816090593,56,fixed_k3
Strain_a_Tension_0.5pct,a,0.5,-0.0038670939999999043,-0.03618038437499996,0.0,-0.10828922813128483,56,fixed_k3
Strain_a_Tension_0.5pct,a,0.5,1.1530000000092855e-05,-0.03618038437499996,0.0,-0.04407985164579009,56,fixed_k3
Strain_a_Tension_0.5pct,a,0.5,0.00389015400000009,-0.03618038437499996,0.0,0.012091088562025787,56,fixed_k3
Strain_a_Tension_0.5pct,a,0.5,0.007768778000000087,-0.03618038437499996,0.0,0.05895412214545903,56,fixed_k3
Strain_a_Tension_0.5pct,a,0.5,0.011647402000000084,-0.03618038437499996,0.0,0.09580694178338733,56,fixed_k3
Strain_a_Tension_0.5pct,a,0.5,0.015526026000000082,-0.03618038437499996,0.0,0.12272391715522635,56,fixed_k3
Strain_a_Tension_0.5pct,a,0.5,0.01940465000000008,-0.03618038437499996,0.0,0.14068641350313782,56,fixed_k3
Strain_a_Tension_0.5pct,a,0.5,0.023283274000000076,-0.03618038437499996,0.0,0.15162268488285757,56,fixed_k3
Strain_a_Tension_0.5pct,a,0.5,0.027161898000000073,-0.03618038437499996,0.0,0.15836240237791543,56,fixed_k3
Strain_a_Tension_0.5pct,a,0.5,0.03104052200000007,-0.03618038437499996,0.0,0.1645235218037906,56,fixed_k3
Strain_a_Tension_0.5pct,a,0.5,0.03491914600000007,-0.03618038437499996,0.0,0.17435484219386987,56,fixed_k3
Strain_a_Tension_0.5pct,a,0.5,0.038797770000000065,-0.03618038437499996,0.0,0.19255405716183616,56,fixed_k3
Strain_a_Tension_0.5pct,a,0.5,0.04267639400000006,-0.03618038437499996,0.0,0.2240660826921722,56,fixed_k3
Strain_a_Tension_0.5pct,a,0.5,0.04655501800000006,-0.03618038437499996,0.0,0.2738348469262639,56,fixed_k3
Strain_a_Tension_0.5pct,a,0.5,0.050433642000000056,-0.03618038437499996,0.0,0.3464205599192006,56,fixed_k3
Strain_a_Tension_0.5pct,a,0.5,0.05431226600000005,-0.03618038437499996,0.0,0.445273564088704,56,fixed_k3
Strain_a_Tension_0.5pct,a,0.5,0.05819089000000005,-0.03618038437499996,0.0,0.5712105476566347,56,fixed_k3
Strain_a_Tension_0.5pct,a,0.5,0.06206951400000005,-0.03618038437499996,0.0,0.7191413971376419,56,fixed_k3
Strain_a_Tension_0.5pct,a,0.5,0.06594813800000005,-0.03618038437499996,0.0,0.8711265395928256,56,fixed_k3
Strain_a_Tension_0.5pct,a,0.5,0.06982676200000004,-0.03618038437499996,0.0,0.982168688854058,56,fixed_k3
Strain_a_Tension_0.5pct,a,0.5,0.07370538600000004,-0.03618038437499996,0.0,0.953138011609381,56,fixed_k3
Strain_a_Tension_0.5pct,a,0.5,0.07758401000000004,-0.03618038437499996,0.0,0.5866637600308826,56,fixed_k3
Strain_a_Tension_0.5pct,a,0.5,0.08146263400000003,-0.03618038437499996,0.0,-0.4577981340926165,56,fixed_k3
Strain_a_Tension_0.5pct,a,0.5,0.08534125800000003,-0.03618038437499996,0.0,-2.6161610528718766,56,fixed_k3
Strain_a_Tension_0.5pct,a,0.5,0.08921988200000003,-0.03618038437499996,0.0,-6.0431941747539035,56,fixed_k3
Strain_a_Tension_0.5pct,a,0.5,0.09309850600000003,-0.03618038437499996,0.0,-9.793160045978752,56,fixed_k3
Strain_a_Tension_0.5pct,a,0.5,0.09697713000000002,-0.03618038437499996,0.0,-11.580567947555057,56,fixed_k3
Strain_a_Tension_0.5pct,a,0.5,0.10085575400000002,-0.03618038437499996,0.0,-9.804641375065218,56,fixed_k3
Strain_a_Tension_0.5pct,a,0.5,0.10473437800000002,-0.03618038437499996,0.0,-5.685057435851516,56,fixed_k3
Strain_a_Tension_0.5pct,a,0.5,0.10861300200000001,-0.03618038437499996,0.0,-1.6689862188230293,56,fixed_k3
Strain_a_Tension_0.5pct,a,0.5,0.11249162600000001,-0.03618038437499996,0.0,1.1532451858710213,56,fixed_k3
Strain_a_Tension_0.5pct,a,0.5,0.11637025000000001,-0.03618038437499996,0.0,3.340242377429792,56,fixed_k3
Strain_a_Tension_0.5pct,a,0.5,0.120248874,-0.03618038437499996,0.0,6.817320322317628,56,fixed_k3
Strain_a_Tension_0.5pct,a,0.5,0.124127498,-0.03618038437499996,0.0,18.25166516058031,56,fixed_k3
Strain_a_Tension_0.5pct,a,0.5,0.128006122,-0.03618038437499996,0.0,97.26653531488832,56,fixed_k3
Strain_a_Tension_0.5pct,a,0.5,0.131884746,-0.03618038437499996,0.0,2419.7993917365284,56,fixed_k3
Strain_a_Tension_0.5pct,a,0.5,0.13576337,-0.03618038437499996,0.0,114.00358163116945,56,fixed_k3
Strain_a_Tension_0.5pct,a,0.5,0.139641994,-0.03618038437499996,0.0,10.516006734350265,56,fixed_k3
Strain_a_Tension_0.5pct,a,0.5,0.143520618,-0.03618038437499996,0.0,-0.13068060644790824,56,fixed_k3
Strain_a_Tension_0.5pct,a,0.5,0.14739924199999999,-0.03618038437499996,0.0,-2.458665594468912,56,fixed_k3
Strain_a_Tension_0.5pct,a,0.5,0.15127786599999998,-0.03618038437499996,0.0,-3.046927935571412,56,fixed_k3
Strain_a_Tension_0.5pct,a,0.5,0.15515649,-0.03618038437499996,0.0,-3.1059630777602236,56,fixed_k3
Strain_a_Tension_0.5pct,a,0.5,-0.1551334299999998,-0.03289374624999995,0.0,-3.5175347766958365,56,fixed_k3
Strain_a_Tension_0.5pct,a,0.5,-0.1512548059999998,-0.03289374624999995,0.0,-3.181240976693973,56,fixed_k3
Strain_a_Tension_0.5pct,a,0.5,-0.1473761819999998,-0.03289374624999995,0.0,-2.078497236343404,56,fixed_k3
Strain_a_Tension_0.5pct,a,0.5,-0.1434975579999998,-0.03289374624999995,0.0,1.64773961375666,56,fixed_k3
Strain_a_Tension_0.5pct,a,0.5,-0.1396189339999998,-0.03289374624999995,0.0,19.108581398771832,56,fixed_k3
Strain_a_Tension_0.5pct,a,0.5,-0.1357403099999998,-0.03289374624999995,0.0,213.1646952815162,56,fixed_k3
Strain_a_Tension_0.5pct,a,0.5,-0.1318616859999998,-0.03289374624999995,0.0,2042.284618244389,56,fixed_k3
Strain_a_Tension_0.5pct,a,0.5,-0.12798306199999981,-0.03289374624999995,0.0,107.7053532761653,56,fixed_k3
Strain_a_Tension_0.5pct,a,0.5,-0.12410443799999982,-0.03289374624999995,0.0,16.562402215371733,56,fixed_k3
Strain_a_Tension_0.5pct,a,0.5,-0.12022581399999982,-0.03289374624999995,0.0,0.7235810445017403,56,fixed_k3
Strain_a_Tension_0.5pct,a,0.5,-0.11634718999999982,-0.03289374624999995,0.0,-4.515986901791537,56,fixed_k3
Strain_a_Tension_0.5pct,a,0.5,-0.11246856599999983,-0.03289374624999995,0.0,-6.472267760985824,56,fixed_k3
Strain_a_Tension_0.5pct,a,0.5,-0.10858994199999983,-0.03289374624999995,0.0,-6.239935542876357,56,fixed_k3
Strain_a_Tension_0.5pct,a,0.5,-0.10471131799999983,-0.03289374624999995,0.0,-3.8612591248639325,56,fixed_k3
Strain_a_Tension_0.5pct,a,0.5,-0.10083269399999983,-0.03289374624999995,0.0,-0.22744864475819615,56,fixed_k3
Strain_a_Tension_0.5pct,a,0.5,-0.09695406999999984,-0.03289374624999995,0.0,2.3489099956906268,56,fixed_k3
Strain_a_Tension_0.5pct,a,0.5,-0.09307544599999984,-0.03289374624999995,0.0,2.2770717375817444,56,fixed_k3
Strain_a_Tension_0.5pct,a,0.5,-0.08919682199999984,-0.03289374624999995,0.0,0.499169951661665,56,fixed_k3
Strain_a_Tension_0.5pct,a,0.5,-0.08531819799999985,-0.03289374624999995,0.0,-1.229627312101591,56,fixed_k3
Strain_a_Tension_0.5pct,a,0.5,-0.08143957399999985,-0.03289374624999995,0.0,-2.173549757000099,56,fixed_k3
Strain_a_Tension_0.5pct,a,0.5,-0.07756094999999985,-0.03289374624999995,0.0,-2.452476627904659,56,fixed_k3
Strain_a_Tension_0.5pct,a,0.5,-0.07368232599999985,-0.03289374624999995,0.0,-2.3768517394151383,56,fixed_k3
Strain_a_Tension_0.5pct,a,0.5,-0.06980370199999986,-0.03289374624999995,0.0,-2.165345192564747,56,fixed_k3
Strain_a_Tension_0.5pct,a,0.5,-0.06592507799999986,-0.03289374624999995,0.0,-1.9264192979743986,56,fixed_k3
Strain_a_Tension_0.5pct,a,0.5,-0.06204645399999986,-0.03289374624999995,0.0,-1.702457903318477,56,fixed_k3
Strain_a_Tension_0.5pct,a,0.5,-0.058167829999999865,-0.03289374624999995,0.0,-1.5051633051822042,56,fixed_k3
Strain_a_Tension_0.5pct,a,0.5,-0.05428920599999987,-0.03289374624999995,0.0,-1.3343622686201182,56,fixed_k3
Strain_a_Tension_0.5pct,a,0.5,-0.05041058199999987,-0.03289374624999995,0.0,-1.1862678871183738,56,fixed_k3
Strain_a_Tension_0.5pct,a,0.5,-0.04653195799999987,-0.03289374624999995,0.0,-1.0565898350703078,56,fixed_k3
Strain_a_Tension_0.5pct,a,0.5,-0.042653333999999876,-0.03289374624999995,0.0,-0.9414720857701216,56,fixed_k3
Strain_a_Tension_0.5pct,a,0.5,-0.03877470999999988,-0.03289374624999995,0.0,-0.8376404554028151,56,fixed_k3
Strain_a_Tension_0.5pct,a,0.5,-0.03489608599999988,-0.03289374624999995,0.0,-0.742334943151511,56,fixed_k3
Strain_a_Tension_0.5pct,a,0.5,-0.031017461999999885,-0.03289374624999995,0.0,-0.6532385223086035,56,fixed_k3
Strain_a_Tension_0.5pct,a,0.5,-0.027138837999999887,-0.03289374624999995,0.0,-0.5684613538046142,56,fixed_k3
Strain_a_Tension_0.5pct,a,0.5,-0.02326021399999989,-0.03289374624999995,0.0,-0.4865782410734021,56,fixed_k3
Strain_a_Tension_0.5pct,a,0.5,-0.019381589999999893,-0.03289374624999995,0.0,-0.4066937897209947,56,fixed_k3
Strain_a_Tension_0.5pct,a,0.5,-0.015502965999999896,-0.03289374624999995,0.0,-0.32850220750981984,56,fixed_k3
Strain_a_Tension_0.5pct,a,0.5,-0.011624341999999899,-0.03289374624999995,0.0,-0.25230922826091806,56,fixed_k3
Strain_a_Tension_0.5pct,a,0.5,-0.0077457179999999015,-0.03289374624999995,0.0,-0.17899018477681927,56,fixed_k3
Strain_a_Tension_0.5pct,a,0.5,-0.0038670939999999043,-0.03289374624999995,0.0,-0.10987012137550578,56,fixed_k3
Strain_a_Tension_0.5pct,a,0.5,1.1530000000092855e-05,-0.03289374624999995,0.0,-0.046527630000509745,56,fixed_k3
Strain_a_Tension_0.5pct,a,0.5,0.00389015400000009,-0.03289374624999995,0.0,0.009459072730950369,56,fixed_k3
Strain_a_Tension_0.5pct,a,0.5,0.007768778000000087,-0.03289374624999995,0.0,0.05679142401222714,56,fixed_k3
Strain_a_Tension_0.5pct,a,0.5,0.011647402000000084,-0.03289374624999995,0.0,0.09471563735588173,56,fixed_k3
Strain_a_Tension_0.5pct,a,0.5,0.015526026000000082,-0.03289374624999995,0.0,0.12323599626463544,56,fixed_k3
Strain_a_Tension_0.5pct,a,0.5,0.01940465000000008,-0.03289374624999995,0.0,0.1432489555795955,56,fixed_k3
Strain_a_Tension_0.5pct,a,0.5,0.023283274000000076,-0.03289374624999995,0.0,0.156586422182585,56,fixed_k3
Strain_a_Tension_0.5pct,a,0.5,0.027161898000000073,-0.03289374624999995,0.0,0.16597322468770748,56,fixed_k3
Strain_a_Tension_0.5pct,a,0.5,0.03104052200000007,-0.03289374624999995,0.0,0.1749168263971841,56,fixed_k3
Strain_a_Tension_0.5pct,a,0.5,0.03491914600000007,-0.03289374624999995,0.0,0.18755342435205968,56,fixed_k3
Strain_a_Tension_0.5pct,a,0.5,0.038797770000000065,-0.03289374624999995,0.0,0.2084715658581735,56,fixed_k3
Strain_a_Tension_0.5pct,a,0.5,0.04267639400000006,-0.03289374624999995,0.0,0.2425201429724585,56,fixed_k3
Strain_a_Tension_0.5pct,a,0.5,0.04655501800000006,-0.03289374624999995,0.0,0.29457712086194854,56,fixed_k3
Strain_a_Tension_0.5pct,a,0.5,0.050433642000000056,-0.03289374624999995,0.0,0.36919567479557436,56,fixed_k3
Strain_a_Tension_0.5pct,a,0.5,0.05431226600000005,-0.03289374624999995,0.0,0.4699249911872575,56,fixed_k3
Strain_a_Tension_0.5pct,a,0.5,0.05819089000000005,-0.03289374624999995,0.0,0.597857362220227,56,fixed_k3
Strain_a_Tension_0.5pct,a,0.5,0.06206951400000005,-0.03289374624999995,0.0,0.7484476035488823,56,fixed_k3
Strain_a_Tension_0.5pct,a,0.5,0.06594813800000005,-0.03289374624999995,0.0,0.9046500245524225,56,fixed_k3
Strain_a_Tension_0.5pct,a,0.5,0.06982676200000004,-0.03289374624999995,0.0,1.0226485824196738,56,fixed_k3
Strain_a_Tension_0.5pct,a,0.5,0.07370538600000004,-0.03289374624999995,0.0,1.0042479547438283,56,fixed_k3
Strain_a_Tension_0.5pct,a,0.5,0.07758401000000004,-0.03289374624999995,0.0,0.6512289860056937,56,fixed_k3
Strain_a_Tension_0.5pct,a,0.5,0.08146263400000003,-0.03289374624999995,0.0,-0.3817237281770216,56,fixed_k3
Strain_a_Tension_0.5pct,a,0.5,0.08534125800000003,-0.03289374624999995,0.0,-2.5355665615608745,56,fixed_k3
Strain_a_Tension_0.5pct,a,0.5,0.08921988200000003,-0.03289374624999995,0.0,-5.942008618885484,56,fixed_k3
Strain_a_Tension_0.5pct,a,0.5,0.09309850600000003,-0.03289374624999995,0.0,-9.556368185230534,56,fixed_k3
Strain_a_Tension_0.5pct,a,0.5,0.09697713000000002,-0.03289374624999995,0.0,-10.993358402887392,56,fixed_k3
Strain_a_Tension_0.5pct,a,0.5,0.10085575400000002,-0.03289374624999995,0.0,-8.806432095906688,56,fixed_k3
Strain_a_Tension_0.5pct,a,0.5,0.10473437800000002,-0.03289374624999995,0.0,-4.540073231010155,56,fixed_k3
Strain_a_Tension_0.5pct,a,0.5,0.10861300200000001,-0.03289374624999995,0.0,-0.7139236365157078,56,fixed_k3
Strain_a_Tension_0.5pct,a,0.5,0.11249162600000001,-0.03289374624999995,0.0,1.7297277257516637,56,fixed_k3
Strain_a_Tension_0.5pct,a,0.5,0.11637025000000001,-0.03289374624999995,0.0,3.398914684570749,56,fixed_k3
Strain_a_Tension_0.5pct,a,0.5,0.120248874,-0.03289374624999995,0.0,5.905256199813712,56,fixed_k3
Strain_a_Tension_0.5pct,a,0.5,0.124127498,-0.03289374624999995,0.0,14.014362387462771,56,fixed_k3
Strain_a_Tension_0.5pct,a,0.5,0.128006122,-0.03289374624999995,0.0,63.74548214126403,56,fixed_k3
Strain_a_Tension_0.5pct,a,0.5,0.131884746,-0.03289374624999995,0.0,1122.492869858949,56,fixed_k3
Strain_a_Tension_0.5pct,a,0.5,0.13576337,-0.03289374624999995,0.0,127.22182536922769,56,fixed_k3
Strain_a_Tension_0.5pct,a,0.5,0.139641994,-0.03289374624999995,0.0,11.45859896468027,56,fixed_k3
Strain_a_Tension_0.5pct,a,0.5,0.143520618,-0.03289374624999995,0.0,0.3464229010355639,56,fixed_k3
Strain_a_Tension_0.5pct,a,0.5,0.14739924199999999,-0.03289374624999995,0.0,-2.021999642414598,56,fixed_k3
Strain_a_Tension_0.5pct,a,0.5,0.15127786599999998,-0.03289374624999995,0.0,-2.6311443723511907,56,fixed_k3
Strain_a_Tension_0.5pct,a,0.5,0.15515649,-0.03289374624999995,0.0,-2.715084430853167,56,fixed_k3
Strain_a_Tension_0.5pct,a,0.5,-0.1551334299999998,-0.029607108124999948,0.0,-3.2598611604440833,56,fixed_k3
Strain_a_Tension_0.5pct,a,0.5,-0.1512548059999998,-0.029607108124999948,0.0,-2.9097578870093437,56,fixed_k3
Strain_a_Tension_0.5pct,a,0.5,-0.1473761819999998,-0.029607108124999948,0.0,-1.7993065076219381,56,fixed_k3
Strain_a_Tension_0.5pct,a,0.5,-0.1434975579999998,-0.029607108124999948,0.0,1.9479379518752364,56,fixed_k3
Strain_a_Tension_0.5pct,a,0.5,-0.1396189339999998,-0.029607108124999948,0.0,19.985805373094934,56,fixed_k3
Strain_a_Tension_0.5pct,a,0.5,-0.1357403099999998,-0.029607108124999948,0.0,231.28066739784384,56,fixed_k3
Strain_a_Tension_0.5pct,a,0.5,-0.1318616859999998,-0.029607108124999948,0.0,1050.7485650696192,56,fixed_k3
Strain_a_Tension_0.5pct,a,0.5,-0.12798306199999981,-0.029607108124999948,0.0,73.95315103209356,56,fixed_k3
Strain_a_Tension_0.5pct,a,0.5,-0.12410443799999982,-0.029607108124999948,0.0,12.069546267799106,56,fixed_k3
Strain_a_Tension_0.5pct,a,0.5,-0.12022581399999982,-0.029607108124999948,0.0,-0.19835444498588012,56,fixed_k3
Strain_a_Tension_0.5pct,a,0.5,-0.11634718999999982,-0.029607108124999948,0.0,-4.596782728506809,56,fixed_k3
Strain_a_Tension_0.5pct,a,0.5,-0.11246856599999983,-0.029607108124999948,0.0,-6.373861096020117,56,fixed_k3
Strain_a_Tension_0.5pct,a,0.5,-0.10858994199999983,-0.029607108124999948,0.0,-6.219611367913821,56,fixed_k3
Strain_a_Tension_0.5pct,a,0.5,-0.10471131799999983,-0.029607108124999948,0.0,-3.972110768677614,56,fixed_k3
Strain_a_Tension_0.5pct,a,0.5,-0.10083269399999983,-0.029607108124999948,0.0,-0.31979804714969906,56,fixed_k3
Strain_a_Tension_0.5pct,a,0.5,-0.09695406999999984,-0.029607108124999948,0.0,2.449254028475787,56,fixed_k3
Strain_a_Tension_0.5pct,a,0.5,-0.09307544599999984,-0.029607108124999948,0.0,2.52642610264894,56,fixed_k3
Strain_a_Tension_0.5pct,a,0.5,-0.08919682199999984,-0.029607108124999948,0.0,0.7421148271176989,56,fixed_k3
Strain_a_Tension_0.5pct,a,0.5,-0.08531819799999985,-0.029607108124999948,0.0,-1.0599820080008002,56,fixed_k3
Strain_a_Tension_0.5pct,a,0.5,-0.08143957399999985,-0.029607108124999948,0.0,-2.0632948814332597,56,fixed_k3
Strain_a_Tension_0.5pct,a,0.5,-0.07756094999999985,-0.029607108124999948,0.0,-2.3740598418625662,56,fixed_k3
Strain_a_Tension_0.5pct,a,0.5,-0.07368232599999985,-0.029607108124999948,0.0,-2.313048932490399,56,fixed_k3
Strain_a_Tension_0.5pct,a,0.5,-0.06980370199999986,-0.029607108124999948,0.0,-2.1082320368037712,56,fixed_k3
Strain_a_Tension_0.5pct,a,0.5,-0.06592507799999986,-0.029607108124999948,0.0,-1.8728921066767308,56,fixed_k3
Strain_a_Tension_0.5pct,a,0.5,-0.06204645399999986,-0.029607108124999948,0.0,-1.6515266196913503,56,fixed_k3
Strain_a_Tension_0.5pct,a,0.5,-0.058167829999999865,-0.029607108124999948,0.0,-1.4567211526621855,56,fixed_k3
Strain_a_Tension_0.5pct,a,0.5,-0.05428920599999987,-0.029607108124999948,0.0,-1.2886632304784793,56,fixed_k3
Strain_a_Tension_0.5pct,a,0.5,-0.05041058199999987,-0.029607108124999948,0.0,-1.1436958632601533,56,fixed_k3
Strain_a_Tension_0.5pct,a,0.5,-0.04653195799999987,-0.029607108124999948,0.0,-1.017546139518206,56,fixed_k3
Strain_a_Tension_0.5pct,a,0.5,-0.042653333999999876,-0.029607108124999948,0.0,-0.9063141963505151,56,fixed_k3
Strain_a_Tension_0.5pct,a,0.5,-0.03877470999999988,-0.029607108124999948,0.0,-0.8066454825920131,56,fixed_k3
Strain_a_Tension_0.5pct,a,0.5,-0.03489608599999988,-0.029607108124999948,0.0,-0.715676556847767,56,fixed_k3
Strain_a_Tension_0.5pct,a,0.5,-0.031017461999999885,-0.029607108124999948,0.0,-0.6309723270548036,56,fixed_k3
Strain_a_Tension_0.5pct,a,0.5,-0.027138837999999887,-0.029607108124999948,0.0,-0.5505166458517279,56,fixed_k3
Strain_a_Tension_0.5pct,a,0.5,-0.02326021399999989,-0.029607108124999948,0.0,-0.47275559088946784,56,fixed_k3
Strain_a_Tension_0.5pct,a,0.5,-0.019381589999999893,-0.029607108124999948,0.0,-0.39666858216400325,56,fixed_k3
Strain_a_Tension_0.5pct,a,0.5,-0.015502965999999896,-0.029607108124999948,0.0,-0.3218343729323988,56,fixed_k3
Strain_a_Tension_0.5pct,a,0.5,-0.011624341999999899,-0.029607108124999948,0.0,-0.24845906606248858,56,fixed_k3
Strain_a_Tension_0.5pct,a,0.5,-0.0077457179999999015,-0.029607108124999948,0.0,-0.17733958807489691,56,fixed_k3
Strain_a_Tension_0.5pct,a,0.5,-0.0038670939999999043,-0.029607108124999948,0.0,-0.10974786199049003,56,fixed_k3
Strain_a_Tension_0.5pct,a,0.5,1.1530000000092855e-05,-0.029607108124999948,0.0,-0.04723686525923532,56,fixed_k3
Strain_a_Tension_0.5pct,a,0.5,0.00389015400000009,-0.029607108124999948,0.0,0.008613096108219365,56,fixed_k3
Strain_a_Tension_0.5pct,a,0.5,0.007768778000000087,-0.029607108124999948,0.0,0.056475308035222715,56,fixed_k3
Strain_a_Tension_0.5pct,a,0.5,0.011647402000000084,-0.029607108124999948,0.0,0.09554475408390983,56,fixed_k3
Strain_a_Tension_0.5pct,a,0.5,0.015526026000000082,-0.029607108124999948,0.0,0.12575507989948442,56,fixed_k3
Strain_a_Tension_0.5pct,a,0.5,0.01940465000000008,-0.029607108124999948,0.0,0.14791643944096,56,fixed_k3
Strain_a_Tension_0.5pct,a,0.5,0.023283274000000076,-0.029607108124999948,0.0,0.16376219368189748,56,fixed_k3
Strain_a_Tension_0.5pct,a,0.5,0.027161898000000073,-0.029607108124999948,0.0,0.17590939552905582,56,fixed_k3
Strain_a_Tension_0.5pct,a,0.5,0.03104052200000007,-0.029607108124999948,0.0,0.18775142458354044,56,fixed_k3
Strain_a_Tension_0.5pct,a,0.5,0.03491914600000007,-0.029607108124999948,0.0,0.20330766213570295,56,fixed_k3
Strain_a_Tension_0.5pct,a,0.5,0.038797770000000065,-0.029607108124999948,0.0,0.2270526344591025,56,fixed_k3
Strain_a_Tension_0.5pct,a,0.5,0.04267639400000006,-0.029607108124999948,0.0,0.26373356318757124,56,fixed_k3
Strain_a_Tension_0.5pct,a,0.5,0.04655501800000006,-0.029607108124999948,0.0,0.31815593090077565,56,fixed_k3
Strain_a_Tension_0.5pct,a,0.5,0.050433642000000056,-0.029607108124999948,0.0,0.39485866736543174,56,fixed_k3
Strain_a_Tension_0.5pct,a,0.5,0.05431226600000005,-0.029607108124999948,0.0,0.49748310605831847,56,fixed_k3
Strain_a_Tension_0.5pct,a,0.5,0.05819089000000005,-0.029607108124999948,0.0,0.6273950431687114,56,fixed_k3
Strain_a_Tension_0.5pct,a,0.5,0.06206951400000005,-0.029607108124999948,0.0,0.780608117891378,56,fixed_k3
Strain_a_Tension_0.5pct,a,0.5,0.06594813800000005,-0.029607108124999948,0.0,0.9410291218192988,56,fixed_k3
Strain_a_Tension_0.5pct,a,0.5,0.06982676200000004,-0.029607108124999948,0.0,1.0661929433307809,56,fixed_k3
Strain_a_Tension_0.5pct,a,0.5,0.07370538600000004,-0.029607108124999948,0.0,1.0592566624392625,56,fixed_k3
Strain_a_Tension_0.5pct,a,0.5,0.07758401000000004,-0.029607108124999948,0.0,0.7220486253605705,56,fixed_k3
Strain_a_Tension_0.5pct,a,0.5,0.08146263400000003,-0.029607108124999948,0.0,-0.2939331097958673,56,fixed_k3
Strain_a_Tension_0.5pct,a,0.5,0.08534125800000003,-0.029607108124999948,0.0,-2.4327938920792964,56,fixed_k3
Strain_a_Tension_0.5pct,a,0.5,0.08921988200000003,-0.029607108124999948,0.0,-5.803446068877692,56,fixed_k3
Strain_a_Tension_0.5pct,a,0.5,0.09309850600000003,-0.029607108124999948,0.0,-9.271476510405176,56,fixed_k3
Strain_a_Tension_0.5pct,a,0.5,0.09697713000000002,-0.029607108124999948,0.0,-10.376280036551588,56,fixed_k3
Strain_a_Tension_0.5pct,a,0.5,0.10085575400000002,-0.029607108124999948,0.0,-7.84074381916938,56,fixed_k3
Strain_a_Tension_0.5pct,a,0.5,0.10473437800000002,-0.029607108124999948,0.0,-3.4970092908736197,56,fixed_k3
Strain_a_Tension_0.5pct,a,0.5,0.10861300200000001,-0.029607108124999948,0.0,0.11336714700707695,56,fixed_k3
Strain_a_Tension_0.5pct,a,0.5,0.11249162600000001,-0.029607108124999948,0.0,2.2050101715078414,56,fixed_k3
Strain_a_Tension_0.5pct,a,0.5,0.11637025000000001,-0.029607108124999948,0.0,3.434775254377709,56,fixed_k3
Strain_a_Tension_0.5pct,a,0.5,0.120248874,-0.029607108124999948,0.0,5.177454428831896,56,fixed_k3
Strain_a_Tension_0.5pct,a,0.5,0.124127498,-0.029607108124999948,0.0,10.895676895605233,56,fixed_k3
Strain_a_Tension_0.5pct,a,0.5,0.128006122,-0.029607108124999948,0.0,43.24392531887187,56,fixed_k3
Strain_a_Tension_0.5pct,a,0.5,0.131884746,-0.029607108124999948,0.0,570.323129217936,56,fixed_k3
Strain_a_Tension_0.5pct,a,0.5,0.13576337,-0.029607108124999948,0.0,135.39477993888852,56,fixed_k3
Strain_a_Tension_0.5pct,a,0.5,0.139641994,-0.029607108124999948,0.0,12.02586713384852,56,fixed_k3
Strain_a_Tension_0.5pct,a,0.5,0.143520618,-0.029607108124999948,0.0,0.7255323740945641,56,fixed_k3
Strain_a_Tension_0.5pct,a,0.5,0.14739924199999999,-0.029607108124999948,0.0,-1.622113747823858,56,fixed_k3
Strain_a_Tension_0.5pct,a,0.5,0.15127786599999998,-0.029607108124999948,0.0,-2.230668858698298,56,fixed_k3
Strain_a_Tension_0.5pct,a,0.5,0.15515649,-0.029607108124999948,0.0,-2.329752377482552,56,fixed_k3
Strain_a_Tension_0.5pct,a,0.5,-0.1551334299999998,-0.026320469999999957,0.0,-2.9988321440088264,56,fixed_k3
Strain_a_Tension_0.5pct,a,0.5,-0.1512548059999998,-0.026320469999999957,0.0,-2.644015661605884,56,fixed_k3
Strain_a_Tension_0.5pct,a,0.5,-0.1473761819999998,-0.026320469999999957,0.0,-1.5490890184629675,56,fixed_k3
Strain_a_Tension_0.5pct,a,0.5,-0.1434975579999998,-0.026320469999999957,0.0,2.143184174820084,56,fixed_k3
Strain_a_Tension_0.5pct,a,0.5,-0.1396189339999998,-0.026320469999999957,0.0,20.35397071685962,56,fixed_k3
Strain_a_Tension_0.5pct,a,0.5,-0.1357403099999998,-0.026320469999999957,0.0,239.56945106803752,56,fixed_k3
Strain_a_Tension_0.5pct,a,0.5,-0.1318616859999998,-0.026320469999999957,0.0,597.5531606032985,56,fixed_k3
Strain_a_Tension_0.5pct,a,0.5,-0.12798306199999981,-0.026320469999999957,0.0,52.38930015640043,56,fixed_k3
Strain_a_Tension_0.5pct,a,0.5,-0.12410443799999982,-0.026320469999999957,0.0,8.770292468798276,56,fixed_k3
Strain_a_Tension_0.5pct,a,0.5,-0.12022581399999982,-0.026320469999999957,0.0,-0.8878660522943745,56,fixed_k3
Strain_a_Tension_0.5pct,a,0.5,-0.11634718999999982,-0.026320469999999957,0.0,-4.62072477657477,56,fixed_k3
Strain_a_Tension_0.5pct,a,0.5,-0.11246856599999983,-0.026320469999999957,0.0,-6.243934624120771,56,fixed_k3
Strain_a_Tension_0.5pct,a,0.5,-0.10858994199999983,-0.026320469999999957,0.0,-6.150627487996601,56,fixed_k3
Strain_a_Tension_0.5pct,a,0.5,-0.10471131799999983,-0.026320469999999957,0.0,-4.019345388670381,56,fixed_k3
Strain_a_Tension_0.5pct,a,0.5,-0.10083269399999983,-0.026320469999999957,0.0,-0.3592102394916659,56,fixed_k3
Strain_a_Tension_0.5pct,a,0.5,-0.09695406999999984,-0.026320469999999957,0.0,2.5807509395801267,56,fixed_k3
Strain_a_Tension_0.5pct,a,0.5,-0.09307544599999984,-0.026320469999999957,0.0,2.7958737783255545,56,fixed_k3
Strain_a_Tension_0.5pct,a,0.5,-0.08919682199999984,-0.026320469999999957,0.0,1.0009430252456544,56,fixed_k3
Strain_a_Tension_0.5pct,a,0.5,-0.08531819799999985,-0.026320469999999957,0.0,-0.878665889247866,56,fixed_k3
Strain_a_Tension_0.5pct,a,0.5,-0.08143957399999985,-0.026320469999999957,0.0,-1.945547633842971,56,fixed_k3
Strain_a_Tension_0.5pct,a,0.5,-0.07756094999999985,-0.026320469999999957,0.0,-2.291272441249289,56,fixed_k3
Strain_a_Tension_0.5pct,a,0.5,-0.07368232599999985,-0.026320469999999957,0.0,-2.246785449513108,56,fixed_k3
Strain_a_Tension_0.5pct,a,0.5,-0.06980370199999986,-0.026320469999999957,0.0,-2.0496452901786446,56,fixed_k3
Strain_a_Tension_0.5pct,a,0.5,-0.06592507799999986,-0.026320469999999957,0.0,-1.8183025703136455,56,fixed_k3
Strain_a_Tension_0.5pct,a,0.5,-0.06204645399999986,-0.026320469999999957,0.0,-1.599633209434316,56,fixed_k3
Strain_a_Tension_0.5pct,a,0.5,-0.058167829999999865,-0.026320469999999957,0.0,-1.4072727711062964,56,fixed_k3
Strain_a_Tension_0.5pct,a,0.5,-0.05428920599999987,-0.026320469999999957,0.0,-1.2418622007645008,56,fixed_k3
Strain_a_Tension_0.5pct,a,0.5,-0.05041058199999987,-0.026320469999999957,0.0,-1.0999204154866904,56,fixed_k3
Strain_a_Tension_0.5pct,a,0.5,-0.04653195799999987,-0.026320469999999957,0.0,-0.9772114315938141,56,fixed_k3
Strain_a_Tension_0.5pct,a,0.5,-0.042653333999999876,-0.026320469999999957,0.0,-0.8697972433022656,56,fixed_k3
Strain_a_Tension_0.5pct,a,0.5,-0.03877470999999988,-0.026320469999999957,0.0,-0.7742420737386733,56,fixed_k3
Strain_a_Tension_0.5pct,a,0.5,-0.03489608599999988,-0.026320469999999957,0.0,-0.6875755554240147,56,fixed_k3
Strain_a_Tension_0.5pct,a,0.5,-0.031017461999999885,-0.026320469999999957,0.0,-0.6072404005680274,56,fixed_k3
Strain_a_Tension_0.5pct,a,0.5,-0.027138837999999887,-0.026320469999999957,0.0,-0.5310902708115809,56,fixed_k3
Strain_a_Tension_0.5pct,a,0.5,-0.02326021399999989,-0.026320469999999957,0.0,-0.4574391805723129,56,fixed_k3
Strain_a_Tension_0.5pct,a,0.5,-0.019381589999999893,-0.026320469999999957,0.0,-0.3851385622473924,56,fixed_k3
Strain_a_Tension_0.5pct,a,0.5,-0.015502965999999896,-0.026320469999999957,0.0,-0.31364930489530896,56,fixed_k3
Strain_a_Tension_0.5pct,a,0.5,-0.011624341999999899,-0.026320469999999957,0.0,-0.24307569761933934,56,fixed_k3
Strain_a_Tension_0.5pct,a,0.5,-0.0077457179999999015,-0.026320469999999957,0.0,-0.17413418849250017,56,fixed_k3
Strain_a_Tension_0.5pct,a,0.5,-0.0038670939999999043,-0.026320469999999957,0.0,-0.10804159017407877,56,fixed_k3
Strain_a_Tension_0.5pct,a,0.5,1.1530000000092855e-05,-0.026320469999999957,0.0,-0.04632342994333227,56,fixed_k3
Strain_a_Tension_0.5pct,a,0.5,0.00389015400000009,-0.026320469999999957,0.0,0.00943943004258041,56,fixed_k3
Strain_a_Tension_0.5pct,a,0.5,0.007768778000000087,-0.026320469999999957,0.0,0.05789316783396892,56,fixed_k3
Strain_a_Tension_0.5pct,a,0.5,0.011647402000000084,-0.026320469999999957,0.0,0.09818191422053879,56,fixed_k3
Strain_a_Tension_0.5pct,a,0.5,0.015526026000000082,-0.026320469999999957,0.0,0.13016826605784182,56,fixed_k3
Strain_a_Tension_0.5pct,a,0.5,0.01940465000000008,-0.026320469999999957,0.0,0.15457483441139486,56,fixed_k3
Strain_a_Tension_0.5pct,a,0.5,0.023283274000000076,-0.026320469999999957,0.0,0.17303439572026658,56,fixed_k3
Strain_a_Tension_0.5pct,a,0.5,0.027161898000000073,-0.026320469999999957,0.0,0.18805347757506818,56,fixed_k3
Strain_a_Tension_0.5pct,a,0.5,0.03104052200000007,-0.026320469999999957,0.0,0.20290800893918348,56,fixed_k3
Strain_a_Tension_0.5pct,a,0.5,0.03491914600000007,-0.026320469999999957,0.0,0.2214966247785315,56,fixed_k3
Strain_a_Tension_0.5pct,a,0.5,0.038797770000000065,-0.026320469999999957,0.0,0.24817531153112338,56,fixed_k3
Strain_a_Tension_0.5pct,a,0.5,0.04267639400000006,-0.026320469999999957,0.0,0.28758440229349724,56,fixed_k3
Strain_a_Tension_0.5pct,a,0.5,0.04655501800000006,-0.026320469999999957,0.0,0.3444508451596823,56,fixed_k3
Strain_a_Tension_0.5pct,a,0.5,0.050433642000000056,-0.026320469999999957,0.0,0.42329251640812915,56,fixed_k3
Strain_a_Tension_0.5pct,a,0.5,0.05431226600000005,-0.026320469999999957,0.0,0.527836285844612,56,fixed_k3
Strain_a_Tension_0.5pct,a,0.5,0.05819089000000005,-0.026320469999999957,0.0,0.6597185873901938,56,fixed_k3
Strain_a_Tension_0.5pct,a,0.5,0.06206951400000005,-0.026320469999999957,0.0,0.8155231377827734,56,fixed_k3
Strain_a_Tension_0.5pct,a,0.5,0.06594813800000005,-0.026320469999999957,0.0,0.980161656923098,56,fixed_k3
Strain_a_Tension_0.5pct,a,0.5,0.06982676200000004,-0.026320469999999957,0.0,1.1126782762303966,56,fixed_k3
Strain_a_Tension_0.5pct,a,0.5,0.07370538600000004,-0.026320469999999957,0.0,1.1179848237072214,56,fixed_k3
Strain_a_Tension_0.5pct,a,0.5,0.07758401000000004,-0.026320469999999957,0.0,0.7988428922971318,56,fixed_k3
Strain_a_Tension_0.5pct,a,0.5,0.08146263400000003,-0.026320469999999957,0.0,-0.19484882340347365,56,fixed_k3
Strain_a_Tension_0.5pct,a,0.5,0.08534125800000003,-0.026320469999999957,0.0,-2.308559406174165,56,fixed_k3
Strain_a_Tension_0.5pct,a,0.5,0.08921988200000003,-0.026320469999999957,0.0,-5.629468161800125,56,fixed_k3
Strain_a_Tension_0.5pct,a,0.5,0.09309850600000003,-0.026320469999999957,0.0,-8.944444790413657,56,fixed_k3
Strain_a_Tension_0.5pct,a,0.5,0.09697713000000002,-0.026320469999999957,0.0,-9.740661006907596,56,fixed_k3
Strain_a_Tension_0.5pct,a,0.5,0.10085575400000002,-0.026320469999999957,0.0,-6.916161575439963,56,fixed_k3
Strain_a_Tension_0.5pct,a,0.5,0.10473437800000002,-0.026320469999999957,0.0,-2.549592397052648,56,fixed_k3
Strain_a_Tension_0.5pct,a,0.5,0.10861300200000001,-0.026320469999999957,0.0,0.834586148129504,56,fixed_k3
Strain_a_Tension_0.5pct,a,0.5,0.11249162600000001,-0.026320469999999957,0.0,2.606140152514266,56,fixed_k3
Strain_a_Tension_0.5pct,a,0.5,0.11637025000000001,-0.026320469999999957,0.0,3.4652664730693887,56,fixed_k3
Strain_a_Tension_0.5pct,a,0.5,0.120248874,-0.026320469999999957,0.0,4.603900473358892,56,fixed_k3
Strain_a_Tension_0.5pct,a,0.5,0.124127498,-0.026320469999999957,0.0,8.571231791636613,56,fixed_k3
Strain_a_Tension_0.5pct,a,0.5,0.128006122,-0.026320469999999957,0.0,30.036489398822802,56,fixed_k3
Strain_a_Tension_0.5pct,a,0.5,0.131884746,-0.026320469999999957,0.0,315.54530826852863,56,fixed_k3
Strain_a_Tension_0.5pct,a,0.5,0.13576337,-0.026320469999999957,0.0,136.4110081832438,56,fixed_k3
Strain_a_Tension_0.5pct,a,0.5,0.139641994,-0.026320469999999957,0.0,12.146974165170288,56,fixed_k3
Strain_a_Tension_0.5pct,a,0.5,0.143520618,-0.026320469999999957,0.0,0.9989067842735102,56,fixed_k3
Strain_a_Tension_0.5pct,a,0.5,0.14739924199999999,-0.026320469999999957,0.0,-1.2609626613634148,56,fixed_k3
Strain_a_Tension_0.5pct,a,0.5,0.15127786599999998,-0.026320469999999957,0.0,-1.846859553741585,56,fixed_k3
Strain_a_Tension_0.5pct,a,0.5,0.15515649,-0.026320469999999957,0.0,-1.9513841503653855,56,fixed_k3
Strain_a_Tension_0.5pct,a,0.5,-0.1551334299999998,-0.023033831874999966,0.0,-2.734380816081128,56,fixed_k3
Strain_a_Tension_0.5pct,a,0.5,-0.1512548059999998,-0.023033831874999966,0.0,-2.3838305863142963,56,fixed_k3
Strain_a_Tension_0.5pct,a,0.5,-0.1473761819999998,-0.023033831874999966,0.0,-1.3277797504418076,56,fixed_k3
Strain_a_Tension_0.5pct,a,0.5,-0.1434975579999998,-0.023033831874999966,0.0,2.229888681037409,56,fixed_k3
Strain_a_Tension_0.5pct,a,0.5,-0.1396189339999998,-0.023033831874999966,0.0,20.151134996248423,56,fixed_k3
Strain_a_Tension_0.5pct,a,0.5,-0.1357403099999998,-0.023033831874999966,0.0,236.3208930035263,56,fixed_k3
Strain_a_Tension_0.5pct,a,0.5,-0.1318616859999998,-0.023033831874999966,0.0,367.90799232866306,56,fixed_k3
Strain_a_Tension_0.5pct,a,0.5,-0.12798306199999981,-0.023033831874999966,0.0,38.000410459145264,56,fixed_k3
Strain_a_Tension_0.5pct,a,0.5,-0.12410443799999982,-0.023033831874999966,0.0,6.311954866134874,56,fixed_k3
Strain_a_Tension_0.5pct,a,0.5,-0.12022581399999982,-0.023033831874999966,0.0,-1.4013759766834513,56,fixed_k3
Strain_a_Tension_0.5pct,a,0.5,-0.11634718999999982,-0.023033831874999966,0.0,-4.600812699234892,56,fixed_k3
Strain_a_Tension_0.5pct,a,0.5,-0.11246856599999983,-0.023033831874999966,0.0,-6.089131913392538,56,fixed_k3
Strain_a_Tension_0.5pct,a,0.5,-0.10858994199999983,-0.023033831874999966,0.0,-6.039273609338189,56,fixed_k3
Strain_a_Tension_0.5pct,a,0.5,-0.10471131799999983,-0.023033831874999966,0.0,-4.005729447385865,56,fixed_k3
Strain_a_Tension_0.5pct,a,0.5,-0.10083269399999983,-0.023033831874999966,0.0,-0.3427602717748518,56,fixed_k3
Strain_a_Tension_0.5pct,a,0.5,-0.09695406999999984,-0.023033831874999966,0.0,2.747365056511858,56,fixed_k3
Strain_a_Tension_0.5pct,a,0.5,-0.09307544599999984,-0.023033831874999966,0.0,3.086636426746467,56,fixed_k3
Strain_a_Tension_0.5pct,a,0.5,-0.08919682199999984,-0.023033831874999966,0.0,1.275283096950342,56,fixed_k3
Strain_a_Tension_0.5pct,a,0.5,-0.08531819799999985,-0.023033831874999966,0.0,-0.6861625810873473,56,fixed_k3
Strain_a_Tension_0.5pct,a,0.5,-0.08143957399999985,-0.023033831874999966,0.0,-1.8205998806308088,56,fixed_k3
Strain_a_Tension_0.5pct,a,0.5,-0.07756094999999985,-0.023033831874999966,0.0,-2.2043016190003057,56,fixed_k3
Strain_a_Tension_0.5pct,a,0.5,-0.07368232599999985,-0.023033831874999966,0.0,-2.1782212178240346,56,fixed_k3
Strain_a_Tension_0.5pct,a,0.5,-0.06980370199999986,-0.023033831874999966,0.0,-1.9897486046360642,56,fixed_k3
Strain_a_Tension_0.5pct,a,0.5,-0.06592507799999986,-0.023033831874999966,0.0,-1.7628267759596372,56,fixed_k3
Strain_a_Tension_0.5pct,a,0.5,-0.06204645399999986,-0.023033831874999966,0.0,-1.546966656113006,56,fixed_k3
Strain_a_Tension_0.5pct,a,0.5,-0.058167829999999865,-0.023033831874999966,0.0,-1.357017495164396,56,fixed_k3
Strain_a_Tension_0.5pct,a,0.5,-0.05428920599999987,-0.023033831874999966,0.0,-1.1941652923963473,56,fixed_k3
Strain_a_Tension_0.5pct,a,0.5,-0.05041058199999987,-0.023033831874999966,0.0,-1.0551507309811692,56,fixed_k3
Strain_a_Tension_0.5pct,a,0.5,-0.04653195799999987,-0.023033831874999966,0.0,-0.9357945897984231,56,fixed_k3
Strain_a_Tension_0.5pct,a,0.5,-0.042653333999999876,-0.023033831874999966,0.0,-0.8321269498167695,56,fixed_k3
Strain_a_Tension_0.5pct,a,0.5,-0.03877470999999988,-0.023033831874999966,0.0,-0.7406305642690573,56,fixed_k3
Strain_a_Tension_0.5pct,a,0.5,-0.03489608599999988,-0.023033831874999966,0.0,-0.6582252703629967,56,fixed_k3
Strain_a_Tension_0.5pct,a,0.5,-0.031017461999999885,-0.023033831874999966,0.0,-0.5822280348830724,56,fixed_k3
Strain_a_Tension_0.5pct,a,0.5,-0.027138837999999887,-0.023033831874999966,0.0,-0.5103589739543274,56,fixed_k3
Strain_a_Tension_0.5pct,a,0.5,-0.02326021399999989,-0.023033831874999966,0.0,-0.44079716920390544,56,fixed_k3
Strain_a_Tension_0.5pct,a,0.5,-0.019381589999999893,-0.023033831874999966,0.0,-0.372263665469761,56,fixed_k3
Strain_a_Tension_0.5pct,a,0.5,-0.015502965999999896,-0.023033831874999966,0.0,-0.3040994079699373,56,fixed_k3
Strain_a_Tension_0.5pct,a,0.5,-0.011624341999999899,-0.023033831874999966,0.0,-0.2363049409429614,56,fixed_k3
Strain_a_Tension_0.5pct,a,0.5,-0.0077457179999999015,-0.023033831874999966,0.0,-0.16951433079476885,56,fixed_k3
Strain_a_Tension_0.5pct,a,0.5,-0.0038670939999999043,-0.023033831874999966,0.0,-0.10488737713815577,56,fixed_k3
Strain_a_Tension_0.5pct,a,0.5,1.1530000000092855e-05,-0.023033831874999966,0.0,-0.04392033180704702,56,fixed_k3
Strain_a_Tension_0.5pct,a,0.5,0.00389015400000009,-0.023033831874999966,0.0,0.011806972874441213,56,fixed_k3
Strain_a_Tension_0.5pct,a,0.5,0.007768778000000087,-0.023033831874999966,0.0,0.06091474962396015,56,fixed_k3
Strain_a_Tension_0.5pct,a,0.5,0.011647402000000084,-0.023033831874999966,0.0,0.10249678244711669,56,fixed_k3
Strain_a_Tension_0.5pct,a,0.5,0.015526026000000082,-0.023033831874999966,0.0,0.1363443544180698,56,fixed_k3
Strain_a_Tension_0.5pct,a,0.5,0.01940465000000008,-0.023033831874999966,0.0,0.16309144953023091,56,fixed_k3
Strain_a_Tension_0.5pct,a,0.5,0.023283274000000076,-0.023033831874999966,0.0,0.1842683941110692,56,fixed_k3
Strain_a_Tension_0.5pct,a,0.5,0.027161898000000073,-0.023033831874999966,0.0,0.20226864012091916,56,fixed_k3
Strain_a_Tension_0.5pct,a,0.5,0.03104052200000007,-0.023033831874999966,0.0,0.2202475407070168,56,fixed_k3
Strain_a_Tension_0.5pct,a,0.5,0.03491914600000007,-0.023033831874999966,0.0,0.241979355640197,56,fixed_k3
Strain_a_Tension_0.5pct,a,0.5,0.038797770000000065,-0.023033831874999966,0.0,0.2716973872748034,56,fixed_k3
Strain_a_Tension_0.5pct,a,0.5,0.04267639400000006,-0.023033831874999966,0.0,0.3139303077453387,56,fixed_k3
Strain_a_Tension_0.5pct,a,0.5,0.04655501800000006,-0.023033831874999966,0.0,0.373320959208734,56,fixed_k3
Strain_a_Tension_0.5pct,a,0.5,0.050433642000000056,-0.023033831874999966,0.0,0.45435975899798875,56,fixed_k3
Strain_a_Tension_0.5pct,a,0.5,0.05431226600000005,-0.023033831874999966,0.0,0.560852553430189,56,fixed_k3
Strain_a_Tension_0.5pct,a,0.5,0.05819089000000005,-0.023033831874999966,0.0,0.6947026516493966,56,fixed_k3
Strain_a_Tension_0.5pct,a,0.5,0.06206951400000005,-0.023033831874999966,0.0,0.8530720760784904,56,fixed_k3
Strain_a_Tension_0.5pct,a,0.5,0.06594813800000005,-0.023033831874999966,0.0,1.0219226982645506,56,fixed_k3
Strain_a_Tension_0.5pct,a,0.5,0.06982676200000004,-0.023033831874999966,0.0,1.1619519901645206,56,fixed_k3
Strain_a_Tension_0.5pct,a,0.5,0.07370538600000004,-0.023033831874999966,0.0,1.1802062437300596,56,fixed_k3
Strain_a_Tension_0.5pct,a,0.5,0.07758401000000004,-0.023033831874999966,0.0,0.8812401217783012,56,fixed_k3
Strain_a_Tension_0.5pct,a,0.5,0.08146263400000003,-0.023033831874999966,0.0,-0.08508528112379021,56,fixed_k3
Strain_a_Tension_0.5pct,a,0.5,0.08534125800000003,-0.023033831874999966,0.0,-2.1639513035961677,56,fixed_k3
Strain_a_Tension_0.5pct,a,0.5,0.08921988200000003,-0.023033831874999966,0.0,-5.422603026359898,56,fixed_k3
Strain_a_Tension_0.5pct,a,0.5,0.09309850600000003,-0.023033831874999966,0.0,-8.581593014785648,56,fixed_k3
Strain_a_Tension_0.5pct,a,0.5,0.09697713000000002,-0.023033831874999966,0.0,-9.096854187538257,56,fixed_k3
Strain_a_Tension_0.5pct,a,0.5,0.10085575400000002,-0.023033831874999966,0.0,-6.038847820263182,56,fixed_k3
Strain_a_Tension_0.5pct,a,0.5,0.10473437800000002,-0.023033831874999966,0.0,-1.6905953008638641,56,fixed_k3
Strain_a_Tension_0.5pct,a,0.5,0.10861300200000001,-0.023033831874999966,0.0,1.4682774665396647,56,fixed_k3
Strain_a_Tension_0.5pct,a,0.5,0.11249162600000001,-0.023033831874999966,0.0,2.9533953184258332,56,fixed_k3
Strain_a_Tension_0.5pct,a,0.5,0.11637025000000001,-0.023033831874999966,0.0,3.5004426995364986,56,fixed_k3
Strain_a_Tension_0.5pct,a,0.5,0.120248874,-0.023033831874999966,0.0,4.15666836061065,56,fixed_k3
Strain_a_Tension_0.5pct,a,0.5,0.124127498,-0.023033831874999966,0.0,6.814485817475095,56,fixed_k3
Strain_a_Tension_0.5pct,a,0.5,0.128006122,-0.023033831874999966,0.0,21.134640476820298,56,fixed_k3
Strain_a_Tension_0.5pct,a,0.5,0.131884746,-0.023033831874999966,0.0,185.58259895590405,56,fixed_k3
Strain_a_Tension_0.5pct,a,0.5,0.13576337,-0.023033831874999966,0.0,129.27336263228145,56,fixed_k3
Strain_a_Tension_0.5pct,a,0.5,0.139641994,-0.023033831874999966,0.0,11.765783873536884,56,fixed_k3
Strain_a_Tension_0.5pct,a,0.5,0.143520618,-0.023033831874999966,0.0,1.1617164687291628,56,fixed_k3
Strain_a_Tension_0.5pct,a,0.5,0.14739924199999999,-0.023033831874999966,0.0,-0.9394632348251821,56,fixed_k3
Strain_a_Tension_0.5pct,a,0.5,0.15127786599999998,-0.023033831874999966,0.0,-1.4805613289578246,56,fixed_k3
Strain_a_Tension_0.5pct,a,0.5,0.15515649,-0.023033831874999966,0.0,-1.5810893630427527,56,fixed_k3
Strain_a_Tension_0.5pct,a,0.5,-0.1551334299999998,-0.01974719374999996,0.0,-2.466344493936221,56,fixed_k3
Strain_a_Tension_0.5pct,a,0.5,-0.1512548059999998,-0.01974719374999996,0.0,-2.12868308890722,56,fixed_k3
Strain_a_Tension_0.5pct,a,0.5,-0.1473761819999998,-0.01974719374999996,0.0,-1.1342637103722828,56,fixed_k3
Strain_a_Tension_0.5pct,a,0.5,-0.1434975579999998,-0.01974719374999996,0.0,2.2085967451946225,56,fixed_k3
Strain_a_Tension_0.5pct,a,0.5,-0.1396189339999998,-0.01974719374999996,0.0,19.344981574531808,56,fixed_k3
Strain_a_Tension_0.5pct,a,0.5,-0.1357403099999998,-0.01974719374999996,0.0,222.07100496014644,56,fixed_k3
Strain_a_Tension_0.5pct,a,0.5,-0.1318616859999998,-0.01974719374999996,0.0,240.56294116136903,56,fixed_k3
Strain_a_Tension_0.5pct,a,0.5,-0.12798306199999981,-0.01974719374999996,0.0,28.031657676002347,56,fixed_k3
Strain_a_Tension_0.5pct,a,0.5,-0.12410443799999982,-0.01974719374999996,0.0,4.452722870680844,56,fixed_k3
Strain_a_Tension_0.5pct,a,0.5,-0.12022581399999982,-0.01974719374999996,0.0,-1.7822410549918661,56,fixed_k3
Strain_a_Tension_0.5pct,a,0.5,-0.11634718999999982,-0.01974719374999996,0.0,-4.547918285070653,56,fixed_k3
Strain_a_Tension_0.5pct,a,0.5,-0.11246856599999983,-0.01974719374999996,0.0,-5.915215510810319,56,fixed_k3
Strain_a_Tension_0.5pct,a,0.5,-0.10858994199999983,-0.01974719374999996,0.0,-5.8912806151049155,56,fixed_k3
Strain_a_Tension_0.5pct,a,0.5,-0.10471131799999983,-0.01974719374999996,0.0,-3.9344514763881593,56,fixed_k3
Strain_a_Tension_0.5pct,a,0.5,-0.10083269399999983,-0.01974719374999996,0.0,-0.26862803306837907,56,fixed_k3
Strain_a_Tension_0.5pct,a,0.5,-0.09695406999999984,-0.01974719374999996,0.0,2.9522637845707864,56,fixed_k3
Strain_a_Tension_0.5pct,a,0.5,-0.09307544599999984,-0.01974719374999996,0.0,3.3994296502958945,56,fixed_k3
Strain_a_Tension_0.5pct,a,0.5,-0.08919682199999984,-0.01974719374999996,0.0,1.564327325399797,56,fixed_k3
Strain_a_Tension_0.5pct,a,0.5,-0.08531819799999985,-0.01974719374999996,0.0,-0.48327398379264064,56,fixed_k3
Strain_a_Tension_0.5pct,a,0.5,-0.08143957399999985,-0.01974719374999996,0.0,-1.6889310733163674,56,fixed_k3
Strain_a_Tension_0.5pct,a,0.5,-0.07756094999999985,-0.01974719374999996,0.0,-2.113433922176275,56,fixed_k3
Strain_a_Tension_0.5pct,a,0.5,-0.07368232599999985,-0.01974719374999996,0.0,-2.1075680892147437,56,fixed_k3
Strain_a_Tension_0.5pct,a,0.5,-0.06980370199999986,-0.01974719374999996,0.0,-1.9287349089977028,56,fixed_k3
Strain_a_Tension_0.5pct,a,0.5,-0.06592507799999986,-0.01974719374999996,0.0,-1.7066600843554616,56,fixed_k3
Strain_a_Tension_0.5pct,a,0.5,-0.06204645399999986,-0.01974719374999996,0.0,-1.4937311071197399,56,fixed_k3
Strain_a_Tension_0.5pct,a,0.5,-0.058167829999999865,-0.01974719374999996,0.0,-1.3061683051134936,56,fixed_k3
Strain_a_Tension_0.5pct,a,0.5,-0.05428920599999987,-0.01974719374999996,0.0,-1.1457918337287722,56,fixed_k3
Strain_a_Tension_0.5pct,a,0.5,-0.05041058199999987,-0.01974719374999996,0.0,-1.0096092176870337,56,fixed_k3
Strain_a_Tension_0.5pct,a,0.5,-0.04653195799999987,-0.01974719374999996,0.0,-0.893517882464205,56,fixed_k3
Strain_a_Tension_0.5pct,a,0.5,-0.042653333999999876,-0.01974719374999996,0.0,-0.7935226534783688,56,fixed_k3
Strain_a_Tension_0.5pct,a,0.5,-0.03877470999999988,-0.01974719374999996,0.0,-0.7060251432380042,56,fixed_k3
Strain_a_Tension_0.5pct,a,0.5,-0.03489608599999988,-0.01974719374999996,0.0,-0.6278331260916317,56,fixed_k3
Strain_a_Tension_0.5pct,a,0.5,-0.031017461999999885,-0.01974719374999996,0.0,-0.5561348490635181,56,fixed_k3
Strain_a_Tension_0.5pct,a,0.5,-0.027138837999999887,-0.01974719374999996,0.0,-0.48851405401348447,56,fixed_k3
Strain_a_Tension_0.5pct,a,0.5,-0.02326021399999989,-0.01974719374999996,0.0,-0.42301248676936787,56,fixed_k3
Strain_a_Tension_0.5pct,a,0.5,-0.019381589999999893,-0.01974719374999996,0.0,-0.35821880647130344,56,fixed_k3
Strain_a_Tension_0.5pct,a,0.5,-0.015502965999999896,-0.01974719374999996,0.0,-0.29335226647539103,56,fixed_k3
Strain_a_Tension_0.5pct,a,0.5,-0.011624341999999899,-0.01974719374999996,0.0,-0.22830799062062435,56,fixed_k3
Strain_a_Tension_0.5pct,a,0.5,-0.0077457179999999015,-0.01974719374999996,0.0,-0.16363593551888034,56,fixed_k3
Strain_a_Tension_0.5pct,a,0.5,-0.0038670939999999043,-0.01974719374999996,0.0,-0.10043707920661216,56,fixed_k3
Strain_a_Tension_0.5pct,a,0.5,1.1530000000092855e-05,-0.01974719374999996,0.0,-0.040176591377697024,56,fixed_k3
Strain_a_Tension_0.5pct,a,0.5,0.00389015400000009,-0.01974719374999996,0.0,0.01556835719537164,56,fixed_k3
Strain_a_Tension_0.5pct,a,0.5,0.007768778000000087,-0.01974719374999996,0.0,0.0653932513062998,56,fixed_k3
Strain_a_Tension_0.5pct,a,0.5,0.011647402000000084,-0.01974719374999996,0.0,0.10834216261471663,56,fixed_k3
Strain_a_Tension_0.5pct,a,0.5,0.015526026000000082,-0.01974719374999996,0.0,0.14413494546553296,56,fixed_k3
Strain_a_Tension_0.5pct,a,0.5,0.01940465000000008,-0.01974719374999996,0.0,0.17331603891960523,56,fixed_k3
Strain_a_Tension_0.5pct,a,0.5,0.023283274000000076,-0.01974719374999996,0.0,0.19731163887488568,56,fixed_k3
Strain_a_Tension_0.5pct,a,0.5,0.027161898000000073,-0.01974719374999996,0.0,0.21839978562777673,56,fixed_k3
Strain_a_Tension_0.5pct,a,0.5,0.03104052200000007,-0.01974719374999996,0.0,0.23961238981408628,56,fixed_k3
Strain_a_Tension_0.5pct,a,0.5,0.03491914600000007,-0.01974719374999996,0.0,0.26459602633085233,56,fixed_k3
Strain_a_Tension_0.5pct,a,0.5,0.038797770000000065,-0.01974719374999996,0.0,0.2974575610440352,56,fixed_k3
Strain_a_Tension_0.5pct,a,0.5,0.04267639400000006,-0.01974719374999996,0.0,0.342609694060359,56,fixed_k3
Strain_a_Tension_0.5pct,a,0.5,0.04655501800000006,-0.01974719374999996,0.0,0.4046060816936532,56,fixed_k3
Strain_a_Tension_0.5pct,a,0.5,0.050433642000000056,-0.01974719374999996,0.0,0.4879036785200478,56,fixed_k3
Strain_a_Tension_0.5pct,a,0.5,0.05431226600000005,-0.01974719374999996,0.0,0.5963807661170618,56,fixed_k3
Strain_a_Tension_0.5pct,a,0.5,0.05819089000000005,-0.01974719374999996,0.0,0.7322027535408554,56,fixed_k3
Strain_a_Tension_0.5pct,a,0.5,0.06206951400000005,-0.01974719374999996,0.0,0.8931148261268008,56,fixed_k3
Strain_a_Tension_0.5pct,a,0.5,0.06594813800000005,-0.01974719374999996,0.0,1.0661660422885024,56,fixed_k3
Strain_a_Tension_0.5pct,a,0.5,0.06982676200000004,-0.01974719374999996,0.0,1.2138344920748358,56,fixed_k3
Strain_a_Tension_0.5pct,a,0.5,0.07370538600000004,-0.01974719374999996,0.0,1.2456513774492843,56,fixed_k3
Strain_a_Tension_0.5pct,a,0.5,0.07758401000000004,-0.01974719374999996,0.0,0.9687832925956874,56,fixed_k3
Strain_a_Tension_0.5pct,a,0.5,0.08146263400000003,-0.01974719374999996,0.0,0.0345639404923993,56,fixed_k3
Strain_a_Tension_0.5pct,a,0.5,0.08534125800000003,-0.01974719374999996,0.0,-2.000399229103483,56,fixed_k3
Strain_a_Tension_0.5pct,a,0.5,0.08921988200000003,-0.01974719374999996,0.0,-5.185854401028617,56,fixed_k3
Strain_a_Tension_0.5pct,a,0.5,0.09309850600000003,-0.01974719374999996,0.0,-8.189396484793361,56,fixed_k3
Strain_a_Tension_0.5pct,a,0.5,0.09697713000000002,-0.01974719374999996,0.0,-8.454125271524406,56,fixed_k3
Strain_a_Tension_0.5pct,a,0.5,0.10085575400000002,-0.01974719374999996,0.0,-5.212998894147737,56,fixed_k3
Strain_a_Tension_0.5pct,a,0.5,0.10473437800000002,-0.01974719374999996,0.0,-0.9125239790261048,56,fixed_k3
Strain_a_Tension_0.5pct,a,0.5,0.10861300200000001,-0.01974719374999996,0.0,2.03001153339298,56,fixed_k3
Strain_a_Tension_0.5pct,a,0.5,0.11249162600000001,-0.01974719374999996,0.0,3.261885080032619,56,fixed_k3
Strain_a_Tension_0.5pct,a,0.5,0.11637025000000001,-0.01974719374999996,0.0,3.5456650828026377,56,fixed_k3
Strain_a_Tension_0.5pct,a,0.5,0.120248874,-0.01974719374999996,0.0,3.8112037474082614,56,fixed_k3
Strain_a_Tension_0.5pct,a,0.5,0.124127498,-0.01974719374999996,0.0,5.4651785678476745,56,fixed_k3
Strain_a_Tension_0.5pct,a,0.5,0.128006122,-0.01974719374999996,0.0,14.877458579482346,56,fixed_k3
Strain_a_Tension_0.5pct,a,0.5,0.131884746,-0.01974719374999996,0.0,112.92801917584362,56,fixed_k3
Strain_a_Tension_0.5pct,a,0.5,0.13576337,-0.01974719374999996,0.0,114.44762484201962,56,fixed_k3
Strain_a_Tension_0.5pct,a,0.5,0.139641994,-0.01974719374999996,0.0,10.848582724677946,56,fixed_k3
Strain_a_Tension_0.5pct,a,0.5,0.143520618,-0.01974719374999996,0.0,1.2127718853087008,56,fixed_k3
Strain_a_Tension_0.5pct,a,0.5,0.14739924199999999,-0.01974719374999996,0.0,-0.6573709981678737,56,fixed_k3
Strain_a_Tension_0.5pct,a,0.5,0.15127786599999998,-0.01974719374999996,0.0,-1.1320818588375032,56,fixed_k3
Strain_a_Tension_0.5pct,a,0.5,0.15515649,-0.01974719374999996,0.0,-1.2196659402862475,56,fixed_k3
Strain_a_Tension_0.5pct,a,0.5,-0.1551334299999998,-0.016460555624999956,0.0,-2.194446698297158,56,fixed_k3
Strain_a_Tension_0.5pct,a,0.5,-0.1512548059999998,-0.016460555624999956,0.0,-1.8776900728998602,56,fixed_k3
Strain_a_Tension_0.5pct,a,0.5,-0.1473761819999998,-0.016460555624999956,0.0,-0.9663027396588784,56,fixed_k3
Strain_a_Tension_0.5pct,a,0.5,-0.1434975579999998,-0.016460555624999956,0.0,2.084420378202017,56,fixed_k3
Strain_a_Tension_0.5pct,a,0.5,-0.1396189339999998,-0.016460555624999956,0.0,17.938600913782036,56,fixed_k3
Strain_a_Tension_0.5pct,a,0.5,-0.1357403099999998,-0.016460555624999956,0.0,199.21057409566225,56,fixed_k3
Strain_a_Tension_0.5pct,a,0.5,-0.1318616859999998,-0.016460555624999956,0.0,164.412877261143,56,fixed_k3
Strain_a_Tension_0.5pct,a,0.5,-0.12798306199999981,-0.016460555624999956,0.0,20.886744635487766,56,fixed_k3
Strain_a_Tension_0.5pct,a,0.5,-0.12410443799999982,-0.016460555624999956,0.0,3.0239125193041194,56,fixed_k3
Strain_a_Tension_0.5pct,a,0.5,-0.12022581399999982,-0.016460555624999956,0.0,-2.063838399022603,56,fixed_k3
Strain_a_Tension_0.5pct,a,0.5,-0.11634718999999982,-0.016460555624999956,0.0,-4.470961150250299,56,fixed_k3
Strain_a_Tension_0.5pct,a,0.5,-0.11246856599999983,-0.016460555624999956,0.0,-5.726969083778699,56,fixed_k3
Strain_a_Tension_0.5pct,a,0.5,-0.10858994199999983,-0.016460555624999956,0.0,-5.711580740227519,56,fixed_k3
Strain_a_Tension_0.5pct,a,0.5,-0.10471131799999983,-0.016460555624999956,0.0,-3.8087180820027395,56,fixed_k3
Strain_a_Tension_0.5pct,a,0.5,-0.10083269399999983,-0.016460555624999956,0.0,-0.13583795629002338,56,fixed_k3
Strain_a_Tension_0.5pct,a,0.5,-0.09695406999999984,-0.016460555624999956,0.0,3.1978153724876384,56,fixed_k3
Strain_a_Tension_0.5pct,a,0.5,-0.09307544599999984,-0.016460555624999956,0.0,3.734421795340684,56,fixed_k3
Strain_a_Tension_0.5pct,a,0.5,-0.08919682199999984,-0.016460555624999956,0.0,1.866827642661077,56,fixed_k3
Strain_a_Tension_0.5pct,a,0.5,-0.08531819799999985,-0.016460555624999956,0.0,-0.27111294529499286,56,fixed_k3
Strain_a_Tension_0.5pct,a,0.5,-0.08143957399999985,-0.016460555624999956,0.0,-1.5512014496200104,56,fixed_k3
Strain_a_Tension_0.5pct,a,0.5,-0.07756094999999985,-0.016460555624999956,0.0,-2.0190500743646735,56,fixed_k3
Strain_a_Tension_0.5pct,a,0.5,-0.07368232599999985,-0.016460555624999956,0.0,-2.0350858236839997,56,fixed_k3
Strain_a_Tension_0.5pct,a,0.5,-0.06980370199999986,-0.016460555624999956,0.0,-1.8668231503436306,56,fixed_k3
Strain_a_Tension_0.5pct,a,0.5,-0.06592507799999986,-0.016460555624999956,0.0,-1.6500143424795883,56,fixed_k3
Strain_a_Tension_0.5pct,a,0.5,-0.06204645399999986,-0.016460555624999956,0.0,-1.440143370117707,56,fixed_k3
Strain_a_Tension_0.5pct,a,0.5,-0.058167829999999865,-0.016460555624999956,0.0,-1.254949497480443,56,fixed_k3
Strain_a_Tension_0.5pct,a,0.5,-0.05428920599999987,-0.016460555624999956,0.0,-1.0969721554811438,56,fixed_k3
Strain_a_Tension_0.5pct,a,0.5,-0.05041058199999987,-0.016460555624999956,0.0,-0.9635293798840489,56,fixed_k3
Strain_a_Tension_0.5pct,a,0.5,-0.04653195799999987,-0.016460555624999956,0.0,-0.8506149202762037,56,fixed_k3
Strain_a_Tension_0.5pct,a,0.5,-0.042653333999999876,-0.016460555624999956,0.0,-0.7542153316995297,56,fixed_k3
Strain_a_Tension_0.5pct,a,0.5,-0.03877470999999988,-0.016460555624999956,0.0,-0.6706519507556282,56,fixed_k3
Strain_a_Tension_0.5pct,a,0.5,-0.03489608599999988,-0.016460555624999956,0.0,-0.596618809231539,56,fixed_k3
Strain_a_Tension_0.5pct,a,0.5,-0.031017461999999885,-0.016460555624999956,0.0,-0.529173029597667,56,fixed_k3
Strain_a_Tension_0.5pct,a,0.5,-0.027138837999999887,-0.016460555624999956,0.0,-0.4657596728737433,56,fixed_k3
Strain_a_Tension_0.5pct,a,0.5,-0.02326021399999989,-0.016460555624999956,0.0,-0.4042812097806994,56,fixed_k3
Strain_a_Tension_0.5pct,a,0.5,-0.019381589999999893,-0.016460555624999956,0.0,-0.34319231564386504,56,fixed_k3
Strain_a_Tension_0.5pct,a,0.5,-0.015502965999999896,-0.016460555624999956,0.0,-0.2815891356467023,56,fixed_k3
Strain_a_Tension_0.5pct,a,0.5,-0.011624341999999899,-0.016460555624999956,0.0,-0.21925995595910847,56,fixed_k3
Strain_a_Tension_0.5pct,a,0.5,-0.0077457179999999015,-0.016460555624999956,0.0,-0.15666907582982237,56,fixed_k3
Strain_a_Tension_0.5pct,a,0.5,-0.0038670939999999043,-0.016460555624999956,0.0,-0.09485694502585756,56,fixed_k3
Strain_a_Tension_0.5pct,a,0.5,1.1530000000092855e-05,-0.016460555624999956,0.0,-0.03525587162520949,56,fixed_k3
Strain_a_Tension_0.5pct,a,0.5,0.00389015400000009,-0.016460555624999956,0.0,0.0205613046888084,56,fixed_k3
Strain_a_Tension_0.5pct,a,0.5,0.007768778000000087,-0.016460555624999956,0.0,0.07116666760696128,56,fixed_k3
Strain_a_Tension_0.5pct,a,0.5,0.011647402000000084,-0.016460555624999956,0.0,0.11555533771338405,56,fixed_k3
Strain_a_Tension_0.5pct,a,0.5,0.015526026000000082,-0.016460555624999956,0.0,0.1533757786758802,56,fixed_k3
Strain_a_Tension_0.5pct,a,0.5,0.01940465000000008,-0.016460555624999956,0.0,0.1850821405789425,56,fixed_k3
Strain_a_Tension_0.5pct,a,0.5,0.023283274000000076,-0.016460555624999956,0.0,0.2119950052121674,56,fixed_k3
Strain_a_Tension_0.5pct,a,0.5,0.027161898000000073,-0.016460555624999956,0.0,0.23627489364817628,56,fixed_k3
Strain_a_Tension_0.5pct,a,0.5,0.03104052200000007,-0.016460555624999956,0.0,0.26082768163228953,56,fixed_k3
Strain_a_Tension_0.5pct,a,0.5,0.03491914600000007,-0.016460555624999956,0.0,0.28916928506204226,56,fixed_k3
Strain_a_Tension_0.5pct,a,0.5,0.038797770000000065,-0.016460555624999956,0.0,0.325276788559105,56,fixed_k3
Strain_a_Tension_0.5pct,a,0.5,0.04267639400000006,-0.016460555624999956,0.0,0.37344308438020973,56,fixed_k3
Strain_a_Tension_0.5pct,a,0.5,0.04655501800000006,-0.016460555624999956,0.0,0.43812806392107184,56,fixed_k3
Strain_a_Tension_0.5pct,a,0.5,0.050433642000000056,-0.016460555624999956,0.0,0.5237496151799832,56,fixed_k3
Strain_a_Tension_0.5pct,a,0.5,0.05431226600000005,-0.016460555624999956,0.0,0.6342519031490901,56,fixed_k3
Strain_a_Tension_0.5pct,a,0.5,0.05819089000000005,-0.016460555624999956,0.0,0.7720565471351101,56,fixed_k3
Strain_a_Tension_0.5pct,a,0.5,0.06206951400000005,-0.016460555624999956,0.0,0.9354930830143299,56,fixed_k3
Strain_a_Tension_0.5pct,a,0.5,0.06594813800000005,-0.016460555624999956,0.0,1.1127257611248762,56,fixed_k3
Strain_a_Tension_0.5pct,a,0.5,0.06982676200000004,-0.016460555624999956,0.0,1.2681214345547178,56,fixed_k3
Strain_a_Tension_0.5pct,a,0.5,0.07370538600000004,-0.016460555624999956,0.0,1.314011365662155,56,fixed_k3
Strain_a_Tension_0.5pct,a,0.5,0.07758401000000004,-0.016460555624999956,0.0,1.0609380748815054,56,fixed_k3
Strain_a_Tension_0.5pct,a,0.5,0.08146263400000003,-0.016460555624999956,0.0,0.16314272062840096,56,fixed_k3
Strain_a_Tension_0.5pct,a,0.5,0.08534125800000003,-0.016460555624999956,0.0,-1.8196363629715218,56,fixed_k3
Strain_a_Tension_0.5pct,a,0.5,0.08921988200000003,-0.016460555624999956,0.0,-4.922605287629127,56,fixed_k3
Strain_a_Tension_0.5pct,a,0.5,0.09309850600000003,-0.016460555624999956,0.0,-7.77430697792713,56,fixed_k3
Strain_a_Tension_0.5pct,a,0.5,0.09697713000000002,-0.016460555624999956,0.0,-7.820616390936206,56,fixed_k3
Strain_a_Tension_0.5pct,a,0.5,0.10085575400000002,-0.016460555624999956,0.0,-4.4412855282000825,56,fixed_k3
Strain_a_Tension_0.5pct,a,0.5,0.10473437800000002,-0.016460555624999956,0.0,-0.20810462673399144,56,fixed_k3
Strain_a_Tension_0.5pct,a,0.5,0.10861300200000001,-0.016460555624999956,0.0,2.532668952695398,56,fixed_k3
Strain_a_Tension_0.5pct,a,0.5,0.11249162600000001,-0.016460555624999956,0.0,3.542808048225236,56,fixed_k3
Strain_a_Tension_0.5pct,a,0.5,0.11637025000000001,-0.016460555624999956,0.0,3.6033573967806727,56,fixed_k3
Strain_a_Tension_0.5pct,a,0.5,0.120248874,-0.016460555624999956,0.0,3.546494426201592,56,fixed_k3
Strain_a_Tension_0.5pct,a,0.5,0.124127498,-0.016460555624999956,0.0,4.407970714136332,56,fixed_k3
Strain_a_Tension_0.5pct,a,0.5,0.128006122,-0.016460555624999956,0.0,10.289451418585829,56,fixed_k3
Strain_a_Tension_0.5pct,a,0.5,0.131884746,-0.016460555624999956,0.0,68.81355175247697,56,fixed_k3
Strain_a_Tension_0.5pct,a,0.5,0.13576337,-0.016460555624999956,0.0,93.55071289801796,56,fixed_k3
Strain_a_Tension_0.5pct,a,0.5,0.139641994,-0.016460555624999956,0.0,9.389829601186413,56,fixed_k3
Strain_a_Tension_0.5pct,a,0.5,0.143520618,-0.016460555624999956,0.0,1.1550685787622959,56,fixed_k3
Strain_a_Tension_0.5pct,a,0.5,0.14739924199999999,-0.016460555624999956,0.0,-0.4132052458987814,56,fixed_k3
Strain_a_Tension_0.5pct,a,0.5,0.15127786599999998,-0.016460555624999956,0.0,-0.8011866829574724,56,fixed_k3
Strain_a_Tension_0.5pct,a,0.5,0.15515649,-0.016460555624999956,0.0,-0.8676057034116259,56,fixed_k3
Strain_a_Tension_0.5pct,a,0.5,-0.1551334299999998,-0.013173917499999965,0.0,-1.9182889026678265,56,fixed_k3
Strain_a_Tension_0.5pct,a,0.5,-0.1512548059999998,-0.013173917499999965,0.0,-1.629597779517797,56,fixed_k3
Strain_a_Tension_0.5pct,a,0.5,-0.1473761819999998,-0.013173917499999965,0.0,-0.8205239127032335,56,fixed_k3
Strain_a_Tension_0.5pct,a,0.5,-0.1434975579999998,-0.013173917499999965,0.0,1.867158229052011,56,fixed_k3
Strain_a_Tension_0.5pct,a,0.5,-0.1396189339999998,-0.013173917499999965,0.0,15.972045943790924,56,fixed_k3
Strain_a_Tension_0.5pct,a,0.5,-0.1357403099999998,-0.013173917499999965,0.0,170.90217014095867,56,fixed_k3
Strain_a_Tension_0.5pct,a,0.5,-0.1318616859999998,-0.013173917499999965,0.0,115.83261588553692,56,fixed_k3
Strain_a_Tension_0.5pct,a,0.5,-0.12798306199999981,-0.013173917499999965,0.0,15.596051428322973,56,fixed_k3
Strain_a_Tension_0.5pct,a,0.5,-0.12410443799999982,-0.013173917499999965,0.0,1.90547301427245,56,fixed_k3
Strain_a_Tension_0.5pct,a,0.5,-0.12022581399999982,-0.013173917499999965,0.0,-2.2720637171293125,56,fixed_k3
Strain_a_Tension_0.5pct,a,0.5,-0.11634718999999982,-0.013173917499999965,0.0,-4.3771847312932275,56,fixed_k3
Strain_a_Tension_0.5pct,a,0.5,-0.11246856599999983,-0.013173917499999965,0.0,-5.528201654906653,56,fixed_k3
Strain_a_Tension_0.5pct,a,0.5,-0.10858994199999983,-0.013173917499999965,0.0,-5.504171425422192,56,fixed_k3
Strain_a_Tension_0.5pct,a,0.5,-0.10471131799999983,-0.013173917499999965,0.0,-3.6314367986088447,56,fixed_k3
Strain_a_Tension_0.5pct,a,0.5,-0.10083269399999983,-0.013173917499999965,0.0,0.055992805513879196,56,fixed_k3
Strain_a_Tension_0.5pct,a,0.5,-0.09695406999999984,-0.013173917499999965,0.0,3.4856095297867586,56,fixed_k3
Strain_a_Tension_0.5pct,a,0.5,-0.09307544599999984,-0.013173917499999965,0.0,4.091202971373348,56,fixed_k3
Strain_a_Tension_0.5pct,a,0.5,-0.08919682199999984,-0.013173917499999965,0.0,2.1811003876267248,56,fixed_k3
Strain_a_Tension_0.5pct,a,0.5,-0.08531819799999985,-0.013173917499999965,0.0,-0.05108818095844181,56,fixed_k3
Strain_a_Tension_0.5pct,a,0.5,-0.08143957399999985,-0.013173917499999965,0.0,-1.4082407511883333,56,fixed_k3
Strain_a_Tension_0.5pct,a,0.5,-0.07756094999999985,-0.013173917499999965,0.0,-1.9216177364015847,56,fixed_k3
Strain_a_Tension_0.5pct,a,0.5,-0.07368232599999985,-0.013173917499999965,0.0,-1.9610772155095026,56,fixed_k3
Strain_a_Tension_0.5pct,a,0.5,-0.06980370199999986,-0.013173917499999965,0.0,-1.804254679985299,56,fixed_k3
Strain_a_Tension_0.5pct,a,0.5,-0.06592507799999986,-0.013173917499999965,0.0,-1.593114928949622,56,fixed_k3
Strain_a_Tension_0.5pct,a,0.5,-0.06204645399999986,-0.013173917499999965,0.0,-1.3864303042224955,56,fixed_k3
Strain_a_Tension_0.5pct,a,0.5,-0.058167829999999865,-0.013173917499999965,0.0,-1.2035942638726018,56,fixed_k3
Strain_a_Tension_0.5pct,a,0.5,-0.05428920599999987,-0.013173917499999965,0.0,-1.0479452810352468,56,fixed_k3
Strain_a_Tension_0.5pct,a,0.5,-0.05041058199999987,-0.013173917499999965,0.0,-0.9171535854514986,56,fixed_k3
Strain_a_Tension_0.5pct,a,0.5,-0.04653195799999987,-0.013173917499999965,0.0,-0.8073284863435618,56,fixed_k3
Strain_a_Tension_0.5pct,a,0.5,-0.042653333999999876,-0.013173917499999965,0.0,-0.714445489842191,56,fixed_k3
Strain_a_Tension_0.5pct,a,0.5,-0.03877470999999988,-0.013173917499999965,0.0,-0.6347470233635226,56,fixed_k3
Strain_a_Tension_0.5pct,a,0.5,-0.03489608599999988,-0.013173917499999965,0.0,-0.564812271630281,56,fixed_k3
Strain_a_Tension_0.5pct,a,0.5,-0.031017461999999885,-0.013173917499999965,0.0,-0.5015653913019283,56,fixed_k3
Strain_a_Tension_0.5pct,a,0.5,-0.027138837999999887,-0.013173917499999965,0.0,-0.44231097364243777,56,fixed_k3
Strain_a_Tension_0.5pct,a,0.5,-0.02326021399999989,-0.013173917499999965,0.0,-0.384810734514031,56,fixed_k3
Strain_a_Tension_0.5pct,a,0.5,-0.019381589999999893,-0.013173917499999965,0.0,-0.3273841640818559,56,fixed_k3
Strain_a_Tension_0.5pct,a,0.5,-0.015502965999999896,-0.013173917499999965,0.0,-0.2690032134584889,56,fixed_k3
Strain_a_Tension_0.5pct,a,0.5,-0.011624341999999899,-0.013173917499999965,0.0,-0.20934817369428782,56,fixed_k3
Strain_a_Tension_0.5pct,a,0.5,-0.0077457179999999015,-0.013173917499999965,0.0,-0.14879632441528556,56,fixed_k3
Strain_a_Tension_0.5pct,a,0.5,-0.0038670939999999043,-0.013173917499999965,0.0,-0.08832598976193884,56,fixed_k3
Strain_a_Tension_0.5pct,a,0.5,1.1530000000092855e-05,-0.013173917499999965,0.0,-0.029334872954709934,56,fixed_k3
Strain_a_Tension_0.5pct,a,0.5,0.00389015400000009,-0.013173917499999965,0.0,0.02661021601162411,56,fixed_k3
Strain_a_Tension_0.5pct,a,0.5,0.007768778000000087,-0.013173917499999965,0.0,0.07805936936157687,56,fixed_k3
Strain_a_Tension_0.5pct,a,0.5,0.011647402000000084,-0.013173917499999965,0.0,0.12395964184481856,56,fixed_k3
Strain_a_Tension_0.5pct,a,0.5,0.015526026000000082,-0.013173917499999965,0.0,0.1638882992674227,56,fixed_k3
Strain_a_Tension_0.5pct,a,0.5,0.01940465000000008,-0.013173917499999965,0.0,0.19820863896007873,56,fixed_k3
Strain_a_Tension_0.5pct,a,0.5,0.023283274000000076,-0.013173917499999965,0.0,0.22813435203228755,56,fixed_k3
Strain_a_Tension_0.5pct,a,0.5,0.027161898000000073,-0.013173917499999965,0.0,0.2557065745807194,56,fixed_k3
Strain_a_Tension_0.5pct,a,0.5,0.03104052200000007,-0.013173917499999965,0.0,0.2837028442803111,56,fixed_k3
Strain_a_Tension_0.5pct,a,0.5,0.03491914600000007,-0.013173917499999965,0.0,0.3155057946292543,56,fixed_k3
Strain_a_Tension_0.5pct,a,0.5,0.038797770000000065,-0.013173917499999965,0.0,0.3549598061920165,56,fixed_k3
Strain_a_Tension_0.5pct,a,0.5,0.04267639400000006,-0.013173917499999965,0.0,0.4062346148311879,56,fixed_k3
Strain_a_Tension_0.5pct,a,0.5,0.04655501800000006,-0.013173917499999965,0.0,0.4736922762349255,56,fixed_k3
Strain_a_Tension_0.5pct,a,0.5,0.050433642000000056,-0.013173917499999965,0.0,0.5617064056185318,56,fixed_k3
Strain_a_Tension_0.5pct,a,0.5,0.05431226600000005,-0.013173917499999965,0.0,0.6742804634336,56,fixed_k3
Strain_a_Tension_0.5pct,a,0.5,0.05819089000000005,-0.013173917499999965,0.0,0.8140851903525236,56,fixed_k3
Strain_a_Tension_0.5pct,a,0.5,0.06206951400000005,-0.013173917499999965,0.0,0.9800317441566445,56,fixed_k3
Strain_a_Tension_0.5pct,a,0.5,0.06594813800000005,-0.013173917499999965,0.0,1.1614178407690776,56,fixed_k3
Strain_a_Tension_0.5pct,a,0.5,0.06982676200000004,-0.013173917499999965,0.0,1.324586142624924,56,fixed_k3
Strain_a_Tension_0.5pct,a,0.5,0.07370538600000004,-0.013173917499999965,0.0,1.384942569714735,56,fixed_k3
Strain_a_Tension_0.5pct,a,0.5,0.07758401000000004,-0.013173917499999965,0.0,1.1571023012842114,56,fixed_k3
Strain_a_Tension_0.5pct,a,0.5,0.08146263400000003,-0.013173917499999965,0.0,0.29955253728803793,56,fixed_k3
Strain_a_Tension_0.5pct,a,0.5,0.08534125800000003,-0.013173917499999965,0.0,-1.623655373699794,56,fixed_k3
Strain_a_Tension_0.5pct,a,0.5,0.08921988200000003,-0.013173917499999965,0.0,-4.636520054358521,56,fixed_k3
Strain_a_Tension_0.5pct,a,0.5,0.09309850600000003,-0.013173917499999965,0.0,-7.342602547064043,56,fixed_k3
Strain_a_Tension_0.5pct,a,0.5,0.09697713000000002,-0.013173917499999965,0.0,-7.203365519298627,56,fixed_k3
Strain_a_Tension_0.5pct,a,0.5,0.10085575400000002,-0.013173917499999965,0.0,-3.72525289431461,56,fixed_k3
Strain_a_Tension_0.5pct,a,0.5,0.10473437800000002,-0.013173917499999965,0.0,0.4293860735964097,56,fixed_k3
Strain_a_Tension_0.5pct,a,0.5,0.10861300200000001,-0.013173917499999965,0.0,2.986756425450106,56,fixed_k3
Strain_a_Tension_0.5pct,a,0.5,0.11249162600000001,-0.013173917499999965,0.0,3.8044150725518486,56,fixed_k3
Strain_a_Tension_0.5pct,a,0.5,0.11637025000000001,-0.013173917499999965,0.0,3.6741296085228043,56,fixed_k3
Strain_a_Tension_0.5pct,a,0.5,0.120248874,-0.013173917499999965,0.0,3.344732552161628,56,fixed_k3
Strain_a_Tension_0.5pct,a,0.5,0.124127498,-0.013173917499999965,0.0,3.5579904936120483,56,fixed_k3
Strain_a_Tension_0.5pct,a,0.5,0.128006122,-0.013173917499999965,0.0,6.7671834544006195,56,fixed_k3
Strain_a_Tension_0.5pct,a,0.5,0.131884746,-0.013173917499999965,0.0,39.80559953964524,56,fixed_k3
Strain_a_Tension_0.5pct,a,0.5,0.13576337,-0.013173917499999965,0.0,68.61714324164363,56,fixed_k3
Strain_a_Tension_0.5pct,a,0.5,0.139641994,-0.013173917499999965,0.0,7.414990528259984,56,fixed_k3
Strain_a_Tension_0.5pct,a,0.5,0.143520618,-0.013173917499999965,0.0,0.9960784264294946,56,fixed_k3
Strain_a_Tension_0.5pct,a,0.5,0.14739924199999999,-0.013173917499999965,0.0,-0.20423485336929115,56,fixed_k3
Strain_a_Tension_0.5pct,a,0.5,0.15127786599999998,-0.013173917499999965,0.0,-0.4871160076702936,56,fixed_k3
Strain_a_Tension_0.5pct,a,0.5,0.15515649,-0.013173917499999965,0.0,-0.5251100952102826,56,fixed_k3
Strain_a_Tension_0.5pct,a,0.5,-0.1551334299999998,-0.009887279374999974,0.0,-1.6373530251235617,56,fixed_k3
Strain_a_Tension_0.5pct,a,0.5,-0.1512548059999998,-0.009887279374999974,0.0,-1.382797417967041,56,fixed_k3
Strain_a_Tension_0.5pct,a,0.5,-0.1473761819999998,-0.009887279374999974,0.0,-0.6924757477607731,56,fixed_k3
Strain_a_Tension_0.5pct,a,0.5,-0.1434975579999998,-0.009887279374999974,0.0,1.5710767157870802,56,fixed_k3
Strain_a_Tension_0.5pct,a,0.5,-0.1396189339999998,-0.009887279374999974,0.0,13.519599736222057,56,fixed_k3
Strain_a_Tension_0.5pct,a,0.5,-0.1357403099999998,-0.009887279374999974,0.0,140.0189869801971,56,fixed_k3
Strain_a_Tension_0.5pct,a,0.5,-0.1318616859999998,-0.009887279374999974,0.0,82.95457403620931,56,fixed_k3
Strain_a_Tension_0.5pct,a,0.5,-0.12798306199999981,-0.009887279374999974,0.0,11.543993070751759,56,fixed_k3
Strain_a_Tension_0.5pct,a,0.5,-0.12410443799999982,-0.009887279374999974,0.0,1.0099022718702564,56,fixed_k3
Strain_a_Tension_0.5pct,a,0.5,-0.12022581399999982,-0.009887279374999974,0.0,-2.42729672600919,56,fixed_k3
Strain_a_Tension_0.5pct,a,0.5,-0.11634718999999982,-0.009887279374999974,0.0,-4.27245305586495,56,fixed_k3
Strain_a_Tension_0.5pct,a,0.5,-0.11246856599999983,-0.009887279374999974,0.0,-5.321801336263539,56,fixed_k3
Strain_a_Tension_0.5pct,a,0.5,-0.10858994199999983,-0.009887279374999974,0.0,-5.272046764475643,56,fixed_k3
Strain_a_Tension_0.5pct,a,0.5,-0.10471131799999983,-0.009887279374999974,0.0,-3.404976828611898,56,fixed_k3
Strain_a_Tension_0.5pct,a,0.5,-0.10083269399999983,-0.009887279374999974,0.0,0.3068800772407586,56,fixed_k3
Strain_a_Tension_0.5pct,a,0.5,-0.09695406999999984,-0.009887279374999974,0.0,3.8164902363961404,56,fixed_k3
Strain_a_Tension_0.5pct,a,0.5,-0.09307544599999984,-0.009887279374999974,0.0,4.468763371030101,56,fixed_k3
Strain_a_Tension_0.5pct,a,0.5,-0.08919682199999984,-0.009887279374999974,0.0,2.50503971845157,56,fixed_k3
Strain_a_Tension_0.5pct,a,0.5,-0.08531819799999985,-0.009887279374999974,0.0,0.17511818301291904,56,fixed_k3
Strain_a_Tension_0.5pct,a,0.5,-0.08143957399999985,-0.009887279374999974,0.0,-1.2610327638337893,56,fixed_k3
Strain_a_Tension_0.5pct,a,0.5,-0.07756094999999985,-0.009887279374999974,0.0,-1.8216824155848053,56,fixed_k3
Strain_a_Tension_0.5pct,a,0.5,-0.07368232599999985,-0.009887279374999974,0.0,-1.8858825001420794,56,fixed_k3
Strain_a_Tension_0.5pct,a,0.5,-0.06980370199999986,-0.009887279374999974,0.0,-1.7412893760100963,56,fixed_k3
Strain_a_Tension_0.5pct,a,0.5,-0.06592507799999986,-0.009887279374999974,0.0,-1.5361976965717332,56,fixed_k3
Strain_a_Tension_0.5pct,a,0.5,-0.06204645399999986,-0.009887279374999974,0.0,-1.3328261543852769,56,fixed_k3
Strain_a_Tension_0.5pct,a,0.5,-0.058167829999999865,-0.009887279374999974,0.0,-1.1523422173103899,56,fixed_k3
Strain_a_Tension_0.5pct,a,0.5,-0.05428920599999987,-0.009887279374999974,0.0,-0.9989565540343939,56,fixed_k3
Strain_a_Tension_0.5pct,a,0.5,-0.05041058199999987,-0.009887279374999974,0.0,-0.8707307554729732,56,fixed_k3
Strain_a_Tension_0.5pct,a,0.5,-0.04653195799999987,-0.009887279374999974,0.0,-0.763908272356913,56,fixed_k3
Strain_a_Tension_0.5pct,a,0.5,-0.042653333999999876,-0.009887279374999974,0.0,-0.6744609391689083,56,fixed_k3
Strain_a_Tension_0.5pct,a,0.5,-0.03877470999999988,-0.009887279374999974,0.0,-0.5985541134688246,56,fixed_k3
Strain_a_Tension_0.5pct,a,0.5,-0.03489608599999988,-0.009887279374999974,0.0,-0.5326515924679309,56,fixed_k3
Strain_a_Tension_0.5pct,a,0.5,-0.031017461999999885,-0.009887279374999974,0.0,-0.4735432833091052,56,fixed_k3
Strain_a_Tension_0.5pct,a,0.5,-0.027138837999999887,-0.009887279374999974,0.0,-0.4183920310121301,56,fixed_k3
Strain_a_Tension_0.5pct,a,0.5,-0.02326021399999989,-0.009887279374999974,0.0,-0.36481777110910696,56,fixed_k3
Strain_a_Tension_0.5pct,a,0.5,-0.019381589999999893,-0.009887279374999974,0.0,-0.31100399947466234,56,fixed_k3
Strain_a_Tension_0.5pct,a,0.5,-0.015502965999999896,-0.009887279374999974,0.0,-0.2557977150564135,56,fixed_k3
Strain_a_Tension_0.5pct,a,0.5,-0.011624341999999899,-0.009887279374999974,0.0,-0.19877031659050648,56,fixed_k3
Strain_a_Tension_0.5pct,a,0.5,-0.0077457179999999015,-0.009887279374999974,0.0,-0.1402108911288623,56,fixed_k3
Strain_a_Tension_0.5pct,a,0.5,-0.0038670939999999043,-0.009887279374999974,0.0,-0.08103415639506828,56,fixed_k3
Strain_a_Tension_0.5pct,a,0.5,1.1530000000092855e-05,-0.009887279374999974,0.0,-0.022601513022716013,56,fixed_k3
Strain_a_Tension_0.5pct,a,0.5,0.00389015400000009,-0.009887279374999974,0.0,0.03352797685339043,56,fixed_k3
Strain_a_Tension_0.5pct,a,0.5,0.007768778000000087,-0.009887279374999974,0.0,0.08588389878672614,56,fixed_k3
Strain_a_Tension_0.5pct,a,0.5,0.011647402000000084,-0.009887279374999974,0.0,0.13336624682877318,56,fixed_k3
Strain_a_Tension_0.5pct,a,0.5,0.015526026000000082,-0.009887279374999974,0.0,0.17548143707034725,56,fixed_k3
Strain_a_Tension_0.5pct,a,0.5,0.01940465000000008,-0.009887279374999974,0.0,0.21250153594708987,56,fixed_k3
Strain_a_Tension_0.5pct,a,0.5,0.023283274000000076,-0.009887279374999974,0.0,0.24553228392618942,56,fixed_k3
Strain_a_Tension_0.5pct,a,0.5,0.027161898000000073,-0.009887279374999974,0.0,0.27649382061127087,56,fixed_k3
Strain_a_Tension_0.5pct,a,0.5,0.03104052200000007,-0.009887279374999974,0.0,0.3080333455388295,56,fixed_k3
Strain_a_Tension_0.5pct,a,0.5,0.03491914600000007,-0.009887279374999974,0.0,0.3433979511281513,56,fixed_k3
Strain_a_Tension_0.5pct,a,0.5,0.038797770000000065,-0.009887279374999974,0.0,0.386296825810029,56,fixed_k3
Strain_a_Tension_0.5pct,a,0.5,0.04267639400000006,-0.009887279374999974,0.0,0.4407736980358643,56,fixed_k3
Strain_a_Tension_0.5pct,a,0.5,0.04655501800000006,-0.009887279374999974,0.0,0.5110892309973967,56,fixed_k3
Strain_a_Tension_0.5pct,a,0.5,0.050433642000000056,-0.009887279374999974,0.0,0.6015679556877993,56,fixed_k3
Strain_a_Tension_0.5pct,a,0.5,0.05431226600000005,-0.009887279374999974,0.0,0.7162659827154146,56,fixed_k3
Strain_a_Tension_0.5pct,a,0.5,0.05819089000000005,-0.009887279374999974,0.0,0.8580948196066921,56,fixed_k3
Strain_a_Tension_0.5pct,a,0.5,0.06206951400000005,-0.009887279374999974,0.0,1.026540411576712,56,fixed_k3
Strain_a_Tension_0.5pct,a,0.5,0.06594813800000005,-0.009887279374999974,0.0,1.2120419373696347,56,fixed_k3
Strain_a_Tension_0.5pct,a,0.5,0.06982676200000004,-0.009887279374999974,0.0,1.3829822432295042,56,fixed_k3
Strain_a_Tension_0.5pct,a,0.5,0.07370538600000004,-0.009887279374999974,0.0,1.4580715941470115,56,fixed_k3
Strain_a_Tension_0.5pct,a,0.5,0.07758401000000004,-0.009887279374999974,0.0,1.256616732728416,56,fixed_k3
Strain_a_Tension_0.5pct,a,0.5,0.08146263400000003,-0.009887279374999974,0.0,0.442575664012331,56,fixed_k3
Strain_a_Tension_0.5pct,a,0.5,0.08534125800000003,-0.009887279374999974,0.0,-1.414659656884782,56,fixed_k3
Strain_a_Tension_0.5pct,a,0.5,0.08921988200000003,-0.009887279374999974,0.0,-4.331448226751499,56,fixed_k3
Strain_a_Tension_0.5pct,a,0.5,0.09309850600000003,-0.009887279374999974,0.0,-6.90026589793008,56,fixed_k3
Strain_a_Tension_0.5pct,a,0.5,0.09697713000000002,-0.009887279374999974,0.0,-6.608362756174677,56,fixed_k3
Strain_a_Tension_0.5pct,a,0.5,0.10085575400000002,-0.009887279374999974,0.0,-3.06566678999188,56,fixed_k3
Strain_a_Tension_0.5pct,a,0.5,0.10473437800000002,-0.009887279374999974,0.0,1.0059078187509527,56,fixed_k3
Strain_a_Tension_0.5pct,a,0.5,0.10861300200000001,-0.009887279374999974,0.0,3.40071299759947,56,fixed_k3
Strain_a_Tension_0.5pct,a,0.5,0.11249162600000001,-0.009887279374999974,0.0,4.052731711704661,56,fixed_k3
Strain_a_Tension_0.5pct,a,0.5,0.11637025000000001,-0.009887279374999974,0.0,3.75748006961142,56,fixed_k3
Strain_a_Tension_0.5pct,a,0.5,0.120248874,-0.009887279374999974,0.0,3.190774044929814,56,fixed_k3
Strain_a_Tension_0.5pct,a,0.5,0.124127498,-0.009887279374999974,0.0,2.850942118413691,56,fixed_k3
Strain_a_Tension_0.5pct,a,0.5,0.128006122,-0.009887279374999974,0.0,3.9167079590726597,56,fixed_k3
Strain_a_Tension_0.5pct,a,0.5,0.131884746,-0.009887279374999974,0.0,19.05454582869262,56,fixed_k3
Strain_a_Tension_0.5pct,a,0.5,0.13576337,-0.009887279374999974,0.0,41.410417650936616,56,fixed_k3
Strain_a_Tension_0.5pct,a,0.5,0.139641994,-0.009887279374999974,0.0,4.9802161530776585,56,fixed_k3
Strain_a_Tension_0.5pct,a,0.5,0.143520618,-0.009887279374999974,0.0,0.747742242772,56,fixed_k3
Strain_a_Tension_0.5pct,a,0.5,0.14739924199999999,-0.009887279374999974,0.0,-0.026532221381201454,56,fixed_k3
Strain_a_Tension_0.5pct,a,0.5,0.15127786599999998,-0.009887279374999974,0.0,-0.18862442325750794,56,fixed_k3
Strain_a_Tension_0.5pct,a,0.5,0.15515649,-0.009887279374999974,0.0,-0.19211587530661361,56,fixed_k3
Strain_a_Tension_0.5pct,a,0.5,-0.1551334299999998,-0.0066006412499999695,0.0,-1.351015008007105,56,fixed_k3
Strain_a_Tension_0.5pct,a,0.5,-0.1512548059999998,-0.0066006412499999695,0.0,-1.1353643010875196,56,fixed_k3
Strain_a_Tension_0.5pct,a,0.5,-0.1473761819999998,-0.0066006412499999695,0.0,-0.576753145036567,56,fixed_k3
Strain_a_Tension_0.5pct,a,0.5,-0.1434975579999998,-0.0066006412499999695,0.0,1.2143624105573676,56,fixed_k3
Strain_a_Tension_0.5pct,a,0.5,-0.1396189339999998,-0.0066006412499999695,0.0,10.683667490374079,56,fixed_k3
Strain_a_Tension_0.5pct,a,0.5,-0.1357403099999998,-0.0066006412499999695,0.0,108.56862389996563,56,fixed_k3
Strain_a_Tension_0.5pct,a,0.5,-0.1318616859999998,-0.0066006412499999695,0.0,59.348777705090036,56,fixed_k3
Strain_a_Tension_0.5pct,a,0.5,-0.12798306199999981,-0.0066006412499999695,0.0,8.321641037320935,56,fixed_k3
Strain_a_Tension_0.5pct,a,0.5,-0.12410443799999982,-0.0066006412499999695,0.0,0.2714886876031328,56,fixed_k3
Strain_a_Tension_0.5pct,a,0.5,-0.12022581399999982,-0.0066006412499999695,0.0,-2.545931437858012,56,fixed_k3
Strain_a_Tension_0.5pct,a,0.5,-0.11634718999999982,-0.0066006412499999695,0.0,-4.161528435565206,56,fixed_k3
Strain_a_Tension_0.5pct,a,0.5,-0.11246856599999983,-0.0066006412499999695,0.0,-5.109803679674452,56,fixed_k3
Strain_a_Tension_0.5pct,a,0.5,-0.10858994199999983,-0.0066006412499999695,0.0,-5.017166779033973,56,fixed_k3
Strain_a_Tension_0.5pct,a,0.5,-0.10471131799999983,-0.0066006412499999695,0.0,-3.1309945352196262,56,fixed_k3
Strain_a_Tension_0.5pct,a,0.5,-0.10083269399999983,-0.0066006412499999695,0.0,0.6166606481315053,56,fixed_k3
Strain_a_Tension_0.5pct,a,0.5,-0.09695406999999984,-0.0066006412499999695,0.0,4.190590565965845,56,fixed_k3
Strain_a_Tension_0.5pct,a,0.5,-0.09307544599999984,-0.0066006412499999695,0.0,4.865479792719198,56,fixed_k3
Strain_a_Tension_0.5pct,a,0.5,-0.08919682199999984,-0.0066006412499999695,0.0,2.8361394906282884,56,fixed_k3
Strain_a_Tension_0.5pct,a,0.5,-0.08531819799999985,-0.0066006412499999695,0.0,0.40557992884622673,56,fixed_k3
Strain_a_Tension_0.5pct,a,0.5,-0.08143957399999985,-0.0066006412499999695,0.0,-1.1106960843506382,56,fixed_k3
Strain_a_Tension_0.5pct,a,0.5,-0.07756094999999985,-0.0066006412499999695,0.0,-1.719856770297171,56,fixed_k3
Strain_a_Tension_0.5pct,a,0.5,-0.07368232599999985,-0.0066006412499999695,0.0,-1.8098731879477303,56,fixed_k3
Strain_a_Tension_0.5pct,a,0.5,-0.06980370199999986,-0.0066006412499999695,0.0,-1.6782015928251326,56,fixed_k3
Strain_a_Tension_0.5pct,a,0.5,-0.06592507799999986,-0.0066006412499999695,0.0,-1.4795058730713142,56,fixed_k3
Strain_a_Tension_0.5pct,a,0.5,-0.06204645399999986,-0.0066006412499999695,0.0,-1.2795698745732262,56,fixed_k3
Strain_a_Tension_0.5pct,a,0.5,-0.058167829999999865,-0.0066006412499999695,0.0,-1.101436903504676,56,fixed_k3
Strain_a_Tension_0.5pct,a,0.5,-0.05428920599999987,-0.0066006412499999695,0.0,-0.9502552362874709,56,fixed_k3
Strain_a_Tension_0.5pct,a,0.5,-0.05041058199999987,-0.0066006412499999695,0.0,-0.8245140067755108,56,fixed_k3
Strain_a_Tension_0.5pct,a,0.5,-0.04653195799999987,-0.0066006412499999695,0.0,-0.7206085501363758,56,fixed_k3
Strain_a_Tension_0.5pct,a,0.5,-0.042653333999999876,-0.0066006412499999695,0.0,-0.6345144932254906,56,fixed_k3
Strain_a_Tension_0.5pct,a,0.5,-0.03877470999999988,-0.0066006412499999695,0.0,-0.5623224110972056,56,fixed_k3
Strain_a_Tension_0.5pct,a,0.5,-0.03489608599999988,-0.0066006412499999695,0.0,-0.5003807275042875,56,fixed_k3
Strain_a_Tension_0.5pct,a,0.5,-0.031017461999999885,-0.0066006412499999695,0.0,-0.44534436808699895,56,fixed_k3
Strain_a_Tension_0.5pct,a,0.5,-0.027138837999999887,-0.0066006412499999695,0.0,-0.3942336617242783,56,fixed_k3
Strain_a_Tension_0.5pct,a,0.5,-0.02326021399999989,-0.0066006412499999695,0.0,-0.3445261861732101,56,fixed_k3
Strain_a_Tension_0.5pct,a,0.5,-0.019381589999999893,-0.0066006412499999695,0.0,-0.29426902035471636,56,fixed_k3
Strain_a_Tension_0.5pct,a,0.5,-0.015502965999999896,-0.0066006412499999695,0.0,-0.2421837769311107,56,fixed_k3
Strain_a_Tension_0.5pct,a,0.5,-0.011624341999999899,-0.0066006412499999695,0.0,-0.18773232473152898,56,fixed_k3
Strain_a_Tension_0.5pct,a,0.5,-0.0077457179999999015,-0.0066006412499999695,0.0,-0.13111457779648314,56,fixed_k3
Strain_a_Tension_0.5pct,a,0.5,-0.0038670939999999043,-0.0066006412499999695,0.0,-0.0731802900839082,56,fixed_k3
Strain_a_Tension_0.5pct,a,0.5,1.1530000000092855e-05,-0.0066006412499999695,0.0,-0.015252916838132013,56,fixed_k3
Strain_a_Tension_0.5pct,a,0.5,0.00389015400000009,-0.0066006412499999695,0.0,0.04111795531706797,56,fixed_k3
Strain_a_Tension_0.5pct,a,0.5,0.007768778000000087,-0.0066006412499999695,0.0,0.09444295660537827,56,fixed_k3
Strain_a_Tension_0.5pct,a,0.5,0.011647402000000084,-0.0066006412499999695,0.0,0.14357614020103682,56,fixed_k3
Strain_a_Tension_0.5pct,a,0.5,0.015526026000000082,-0.0066006412499999695,0.0,0.18795357534593937,56,fixed_k3
Strain_a_Tension_0.5pct,a,0.5,0.01940465000000008,-0.0066006412499999695,0.0,0.22775590934582038,56,fixed_k3
Strain_a_Tension_0.5pct,a,0.5,0.023283274000000076,-0.0066006412499999695,0.0,0.26398009719263416,56,fixed_k3
Strain_a_Tension_0.5pct,a,0.5,0.027161898000000073,-0.0066006412499999695,0.0,0.2984239362160843,56,fixed_k3
Strain_a_Tension_0.5pct,a,0.5,0.03104052200000007,-0.0066006412499999695,0.0,0.3336026037954417,56,fixed_k3
Strain_a_Tension_0.5pct,a,0.5,0.03491914600000007,-0.0066006412499999695,0.0,0.37262577016565035,56,fixed_k3
Strain_a_Tension_0.5pct,a,0.5,0.038797770000000065,-0.0066006412499999695,0.0,0.4190653896661949,56,fixed_k3
Strain_a_Tension_0.5pct,a,0.5,0.04267639400000006,-0.0066006412499999695,0.0,0.4768368384492845,56,fixed_k3
Strain_a_Tension_0.5pct,a,0.5,0.04655501800000006,-0.0066006412499999695,0.0,0.5500963486227937,56,fixed_k3
Strain_a_Tension_0.5pct,a,0.5,0.050433642000000056,-0.0066006412499999695,0.0,0.6431149473634743,56,fixed_k3
Strain_a_Tension_0.5pct,a,0.5,0.05431226600000005,-0.0066006412499999695,0.0,0.7599946766285807,56,fixed_k3
Strain_a_Tension_0.5pct,a,0.5,0.05819089000000005,-0.0066006412499999695,0.0,0.9038781445632482,56,fixed_k3
Strain_a_Tension_0.5pct,a,0.5,0.06206951400000005,-0.0066006412499999695,0.0,1.0748150157482481,56,fixed_k3
Strain_a_Tension_0.5pct,a,0.5,0.06594813800000005,-0.0066006412499999695,0.0,1.264383276652361,56,fixed_k3
Strain_a_Tension_0.5pct,a,0.5,0.06982676200000004,-0.0066006412499999695,0.0,1.4430465172935418,56,fixed_k3
Strain_a_Tension_0.5pct,a,0.5,0.07370538600000004,-0.0066006412499999695,0.0,1.5330007770109486,56,fixed_k3
Strain_a_Tension_0.5pct,a,0.5,0.07758401000000004,-0.0066006412499999695,0.0,1.3587769612426146,56,fixed_k3
Strain_a_Tension_0.5pct,a,0.5,0.08146263400000003,-0.0066006412499999695,0.0,0.5909008892592089,56,fixed_k3
Strain_a_Tension_0.5pct,a,0.5,0.08534125800000003,-0.0066006412499999695,0.0,-1.1950112721682626,56,fixed_k3
Strain_a_Tension_0.5pct,a,0.5,0.08921988200000003,-0.0066006412499999695,0.0,-4.011332472775643,56,fixed_k3
Strain_a_Tension_0.5pct,a,0.5,0.09309850600000003,-0.0066006412499999695,0.0,-6.452889372536718,56,fixed_k3
Strain_a_Tension_0.5pct,a,0.5,0.09697713000000002,-0.0066006412499999695,0.0,-6.0406267356697345,56,fixed_k3
Strain_a_Tension_0.5pct,a,0.5,0.10085575400000002,-0.0066006412499999695,0.0,-2.4628002739865,56,fixed_k3
Strain_a_Tension_0.5pct,a,0.5,0.10473437800000002,-0.0066006412499999695,0.0,1.526527689100234,56,fixed_k3
Strain_a_Tension_0.5pct,a,0.5,0.10861300200000001,-0.0066006412499999695,0.0,3.781183772287636,56,fixed_k3
Strain_a_Tension_0.5pct,a,0.5,0.11249162600000001,-0.0066006412499999695,0.0,4.29208945425702,56,fixed_k3
Strain_a_Tension_0.5pct,a,0.5,0.11637025000000001,-0.0066006412499999695,0.0,3.852217904287382,56,fixed_k3
Strain_a_Tension_0.5pct,a,0.5,0.120248874,-0.0066006412499999695,0.0,3.0715392487586004,56,fixed_k3
Strain_a_Tension_0.5pct,a,0.5,0.124127498,-0.0066006412499999695,0.0,2.2361806644902193,56,fixed_k3
Strain_a_Tension_0.5pct,a,0.5,0.128006122,-0.0066006412499999695,0.0,1.4640976248170907,56,fixed_k3
Strain_a_Tension_0.5pct,a,0.5,0.131884746,-0.0066006412499999695,0.0,2.7326049124502814,56,fixed_k3
Strain_a_Tension_0.5pct,a,0.5,0.13576337,-0.0066006412499999695,0.0,13.06965838906109,56,fixed_k3
Strain_a_Tension_0.5pct,a,0.5,0.139641994,-0.0066006412499999695,0.0,2.169317774099724,56,fixed_k3
Strain_a_Tension_0.5pct,a,0.5,0.143520618,-0.0066006412499999695,0.0,0.42614894798644265,56,fixed_k3
Strain_a_Tension_0.5pct,a,0.5,0.14739924199999999,-0.0066006412499999695,0.0,0.12490311471792351,56,fixed_k3
Strain_a_Tension_0.5pct,a,0.5,0.15127786599999998,-0.0066006412499999695,0.0,0.09595712471763176,56,fixed_k3
Strain_a_Tension_0.5pct,a,0.5,0.15515649,-0.0066006412499999695,0.0,0.13167008889896942,56,fixed_k3
Strain_a_Tension_0.5pct,a,0.5,-0.1551334299999998,-0.0033140031249999646,0.0,-1.0585691298931756,56,fixed_k3
Strain_a_Tension_0.5pct,a,0.5,-0.1512548059999998,-0.0033140031249999646,0.0,-0.8851195153752945,56,fixed_k3
Strain_a_Tension_0.5pct,a,0.5,-0.1473761819999998,-0.0033140031249999646,0.0,-0.4671862808042698,56,fixed_k3
Strain_a_Tension_0.5pct,a,0.5,-0.1434975579999998,-0.0033140031249999646,0.0,0.8182887789156023,56,fixed_k3
Strain_a_Tension_0.5pct,a,0.5,-0.1396189339999998,-0.0033140031249999646,0.0,7.586749490501731,56,fixed_k3
Strain_a_Tension_0.5pct,a,0.5,-0.1357403099999998,-0.0033140031249999646,0.0,77.61774386816529,56,fixed_k3
Strain_a_Tension_0.5pct,a,0.5,-0.1318616859999998,-0.0033140031249999646,0.0,41.255548288029104,56,fixed_k3
Strain_a_Tension_0.5pct,a,0.5,-0.12798306199999981,-0.0033140031249999646,0.0,5.642819976413036,56,fixed_k3
Strain_a_Tension_0.5pct,a,0.5,-0.12410443799999982,-0.0033140031249999646,0.0,-0.36107693134306085,56,fixed_k3
Strain_a_Tension_0.5pct,a,0.5,-0.12022581399999982,-0.0033140031249999646,0.0,-2.6415720283858293,56,fixed_k3
Strain_a_Tension_0.5pct,a,0.5,-0.11634718999999982,-0.0033140031249999646,0.0,-4.048312168705978,56,fixed_k3
Strain_a_Tension_0.5pct,a,0.5,-0.11246856599999983,-0.0033140031249999646,0.0,-4.893451812998964,56,fixed_k3
Strain_a_Tension_0.5pct,a,0.5,-0.10858994199999983,-0.0033140031249999646,0.0,-4.740441179436626,56,fixed_k3
Strain_a_Tension_0.5pct,a,0.5,-0.10471131799999983,-0.0033140031249999646,0.0,-2.810309697173433,56,fixed_k3
Strain_a_Tension_0.5pct,a,0.5,-0.10083269399999983,-0.0033140031249999646,0.0,0.9851357041536508,56,fixed_k3
Strain_a_Tension_0.5pct,a,0.5,-0.09695406999999984,-0.0033140031249999646,0.0,4.607360649720331,56,fixed_k3
Strain_a_Tension_0.5pct,a,0.5,-0.09307544599999984,-0.0033140031249999646,0.0,5.279109382553547,56,fixed_k3
Strain_a_Tension_0.5pct,a,0.5,-0.08919682199999984,-0.0033140031249999646,0.0,3.171523455539069,56,fixed_k3
Strain_a_Tension_0.5pct,a,0.5,-0.08531819799999985,-0.0033140031249999646,0.0,0.6381623051748531,56,fixed_k3
Strain_a_Tension_0.5pct,a,0.5,-0.08143957399999985,-0.0033140031249999646,0.0,-0.9584616012054041,56,fixed_k3
Strain_a_Tension_0.5pct,a,0.5,-0.07756094999999985,-0.0033140031249999646,0.0,-1.6168085851681295,56,fixed_k3
Strain_a_Tension_0.5pct,a,0.5,-0.07368232599999985,-0.0033140031249999646,0.0,-1.7334454735718139,56,fixed_k3
Strain_a_Tension_0.5pct,a,0.5,-0.06980370199999986,-0.0033140031249999646,0.0,-1.615276023650721,56,fixed_k3
Strain_a_Tension_0.5pct,a,0.5,-0.06592507799999986,-0.0033140031249999646,0.0,-1.4232869759657008,56,fixed_k3
Strain_a_Tension_0.5pct,a,0.5,-0.06204645399999986,-0.0033140031249999646,0.0,-1.2269024813677414,56,fixed_k3
Strain_a_Tension_0.5pct,a,0.5,-0.058167829999999865,-0.0033140031249999646,0.0,-1.0511233317387882,56,fixed_k3
Strain_a_Tension_0.5pct,a,0.5,-0.05428920599999987,-0.0033140031249999646,0.0,-0.9020921073385912,56,fixed_k3
Strain_a_Tension_0.5pct,a,0.5,-0.05041058199999987,-0.0033140031249999646,0.0,-0.7787582773078946,56,fixed_k3
Strain_a_Tension_0.5pct,a,0.5,-0.04653195799999987,-0.0033140031249999646,0.0,-0.6776858080020756,56,fixed_k3
Strain_a_Tension_0.5pct,a,0.5,-0.042653333999999876,-0.0033140031249999646,0.0,-0.5948616121594258,56,fixed_k3
Strain_a_Tension_0.5pct,a,0.5,-0.03877470999999988,-0.0033140031249999646,0.0,-0.526304197781747,56,fixed_k3
Strain_a_Tension_0.5pct,a,0.5,-0.03489608599999988,-0.0033140031249999646,0.0,-0.4682471757341628,56,fixed_k3
Strain_a_Tension_0.5pct,a,0.5,-0.031017461999999885,-0.0033140031249999646,0.0,-0.4172103041961772,56,fixed_k3
Strain_a_Tension_0.5pct,a,0.5,-0.027138837999999887,-0.0033140031249999646,0.0,-0.37007112625036,56,fixed_k3
Strain_a_Tension_0.5pct,a,0.5,-0.02326021399999989,-0.0033140031249999646,0.0,-0.3241647253122639,56,fixed_k3
Strain_a_Tension_0.5pct,a,0.5,-0.019381589999999893,-0.0033140031249999646,0.0,-0.2774017203262277,56,fixed_k3
Strain_a_Tension_0.5pct,a,0.5,-0.015502965999999896,-0.0033140031249999646,0.0,-0.22837822254291623,56,fixed_k3
Strain_a_Tension_0.5pct,a,0.5,-0.011624341999999899,-0.0033140031249999646,0.0,-0.17644619117633786,56,fixed_k3
Strain_a_Tension_0.5pct,a,0.5,-0.0077457179999999015,-0.0033140031249999646,0.0,-0.12171558170843258,56,fixed_k3
Strain_a_Tension_0.5pct,a,0.5,-0.0038670939999999043,-0.0033140031249999646,0.0,-0.06496995684924686,56,fixed_k3
Strain_a_Tension_0.5pct,a,0.5,1.1530000000092855e-05,-0.0033140031249999646,0.0,-0.0074932479931555385,56,fixed_k3
Strain_a_Tension_0.5pct,a,0.5,0.00389015400000009,-0.0033140031249999646,0.0,0.04917616033465533,56,fixed_k3
Strain_a_Tension_0.5pct,a,0.5,0.007768778000000087,-0.0033140031249999646,0.0,0.10353155148605919,56,fixed_k3
Strain_a_Tension_0.5pct,a,0.5,0.011647402000000084,-0.0033140031249999646,0.0,0.1543822659984708,56,fixed_k3
Strain_a_Tension_0.5pct,a,0.5,0.015526026000000082,-0.0033140031249999646,0.0,0.20109468212494214,56,fixed_k3
Strain_a_Tension_0.5pct,a,0.5,0.01940465000000008,-0.0033140031249999646,0.0,0.24375803288870954,56,fixed_k3
Strain_a_Tension_0.5pct,a,0.5,0.023283274000000076,-0.0033140031249999646,0.0,0.2832598856204911,56,fixed_k3
Strain_a_Tension_0.5pct,a,0.5,0.027161898000000073,-0.0033140031249999646,0.0,0.3212746258988799,56,fixed_k3
Strain_a_Tension_0.5pct,a,0.5,0.03104052200000007,-0.0033140031249999646,0.0,0.3601840529669692,56,fixed_k3
Strain_a_Tension_0.5pct,a,0.5,0.03491914600000007,-0.0033140031249999646,0.0,0.4029589231150091,56,fixed_k3
Strain_a_Tension_0.5pct,a,0.5,0.038797770000000065,-0.0033140031249999646,0.0,0.4530323708565356,56,fixed_k3
Strain_a_Tension_0.5pct,a,0.5,0.04267639400000006,-0.0033140031249999646,0.0,0.5141895884375901,56,fixed_k3
Strain_a_Tension_0.5pct,a,0.5,0.04655501800000006,-0.0033140031249999646,0.0,0.5904798595223137,56,fixed_k3
Strain_a_Tension_0.5pct,a,0.5,0.050433642000000056,-0.0033140031249999646,0.0,0.6861166772659417,56,fixed_k3
Strain_a_Tension_0.5pct,a,0.5,0.05431226600000005,-0.0033140031249999646,0.0,0.8052412125625524,56,fixed_k3
Strain_a_Tension_0.5pct,a,0.5,0.05819089000000005,-0.0033140031249999646,0.0,0.951216172300589,56,fixed_k3
Strain_a_Tension_0.5pct,a,0.5,0.06206951400000005,-0.0033140031249999646,0.0,1.1246395769159363,56,fixed_k3
Strain_a_Tension_0.5pct,a,0.5,0.06594813800000005,-0.0033140031249999646,0.0,1.318214716715953,56,fixed_k3
Strain_a_Tension_0.5pct,a,0.5,0.06982676200000004,-0.0033140031249999646,0.0,1.5045019874478358,56,fixed_k3
Strain_a_Tension_0.5pct,a,0.5,0.07370538600000004,-0.0033140031249999646,0.0,1.6093141150392765,56,fixed_k3
Strain_a_Tension_0.5pct,a,0.5,0.07758401000000004,-0.0033140031249999646,0.0,1.4628462639170405,56,fixed_k3
Strain_a_Tension_0.5pct,a,0.5,0.08146263400000003,-0.0033140031249999646,0.0,0.7431511775542428,56,fixed_k3
Strain_a_Tension_0.5pct,a,0.5,0.08534125800000003,-0.0033140031249999646,0.0,-0.9671769366008358,56,fixed_k3
Strain_a_Tension_0.5pct,a,0.5,0.08921988200000003,-0.0033140031249999646,0.0,-3.680122577968468,56,fixed_k3
Strain_a_Tension_0.5pct,a,0.5,0.09309850600000003,-0.0033140031249999646,0.0,-6.0056033651646645,56,fixed_k3
Strain_a_Tension_0.5pct,a,0.5,0.09697713000000002,-0.0033140031249999646,0.0,-5.5042872248125265,56,fixed_k3
Strain_a_Tension_0.5pct,a,0.5,0.10085575400000002,-0.0033140031249999646,0.0,-1.9166598867924474,56,fixed_k3
Strain_a_Tension_0.5pct,a,0.5,0.10473437800000002,-0.0033140031249999646,0.0,1.99534962784317,56,fixed_k3
Strain_a_Tension_0.5pct,a,0.5,0.10861300200000001,-0.0033140031249999646,0.0,4.133250460440422,56,fixed_k3
Strain_a_Tension_0.5pct,a,0.5,0.11249162600000001,-0.0033140031249999646,0.0,4.52550720352099,56,fixed_k3
Strain_a_Tension_0.5pct,a,0.5,0.11637025000000001,-0.0033140031249999646,0.0,3.9566987154537747,56,fixed_k3
Strain_a_Tension_0.5pct,a,0.5,0.120248874,-0.0033140031249999646,0.0,2.9754132034337366,56,fixed_k3
Strain_a_Tension_0.5pct,a,0.5,0.124127498,-0.0033140031249999646,0.0,1.6716767496854936,56,fixed_k3
Strain_a_Tension_0.5pct,a,0.5,0.128006122,-0.0033140031249999646,0.0,-0.7971631622377324,56,fixed_k3
Strain_a_Tension_0.5pct,a,0.5,0.131884746,-0.0033140031249999646,0.0,-11.555073828789396,56,fixed_k3
Strain_a_Tension_0.5pct,a,0.5,0.13576337,-0.0033140031249999646,0.0,-15.906854336306886,56,fixed_k3
Strain_a_Tension_0.5pct,a,0.5,0.139641994,-0.0033140031249999646,0.0,-0.9110939565868909,56,fixed_k3
Strain_a_Tension_0.5pct,a,0.5,0.143520618,-0.0033140031249999646,0.0,0.05091645264929744,56,fixed_k3
Strain_a_Tension_0.5pct,a,0.5,0.14739924199999999,-0.0033140031249999646,0.0,0.2559558813811069,56,fixed_k3
Strain_a_Tension_0.5pct,a,0.5,0.15127786599999998,-0.0033140031249999646,0.0,0.3686396497107809,56,fixed_k3
Strain_a_Tension_0.5pct,a,0.5,0.15515649,-0.0033140031249999646,0.0,0.44672849547325866,56,fixed_k3
Strain_a_Tension_0.5pct,a,0.5,-0.1551334299999998,-2.736499999997366e-05,0.0,-0.7592619774357705,56,fixed_k3
Strain_a_Tension_0.5pct,a,0.5,-0.1512548059999998,-2.736499999997366e-05,0.0,-0.6297114073441596,56,fixed_k3
Strain_a_Tension_0.5pct,a,0.5,-0.1473761819999998,-2.736499999997366e-05,0.0,-0.3570832176765264,56,fixed_k3
Strain_a_Tension_0.5pct,a,0.5,-0.1434975579999998,-2.736499999997366e-05,0.0,0.4061650603159129,56,fixed_k3
Strain_a_Tension_0.5pct,a,0.5,-0.1396189339999998,-2.736499999997366e-05,0.0,4.362917946703441,56,fixed_k3
Strain_a_Tension_0.5pct,a,0.5,-0.1357403099999998,-2.736499999997366e-05,0.0,47.50683673347247,56,fixed_k3
Strain_a_Tension_0.5pct,a,0.5,-0.1318616859999998,-2.736499999997366e-05,0.0,26.266105919391585,56,fixed_k3
Strain_a_Tension_0.5pct,a,0.5,-0.12798306199999981,-2.736499999997366e-05,0.0,3.293464336354674,56,fixed_k3
Strain_a_Tension_0.5pct,a,0.5,-0.12410443799999982,-2.736499999997366e-05,0.0,-0.9299759903089908,56,fixed_k3
Strain_a_Tension_0.5pct,a,0.5,-0.12022581399999982,-2.736499999997366e-05,0.0,-2.725983112122197,56,fixed_k3
Strain_a_Tension_0.5pct,a,0.5,-0.11634718999999982,-2.736499999997366e-05,0.0,-3.936041323720188,56,fixed_k3
Strain_a_Tension_0.5pct,a,0.5,-0.11246856599999983,-2.736499999997366e-05,0.0,-4.673232936896259,56,fixed_k3
Strain_a_Tension_0.5pct,a,0.5,-0.10858994199999983,-2.736499999997366e-05,0.0,-4.441709801266429,56,fixed_k3
Strain_a_Tension_0.5pct,a,0.5,-0.10471131799999983,-2.736499999997366e-05,0.0,-2.442819851135736,56,fixed_k3
Strain_a_Tension_0.5pct,a,0.5,-0.10083269399999983,-2.736499999997366e-05,0.0,1.4121660884327127,56,fixed_k3
Strain_a_Tension_0.5pct,a,0.5,-0.09695406999999984,-2.736499999997366e-05,0.0,5.0655817455105465,56,fixed_k3
Strain_a_Tension_0.5pct,a,0.5,-0.09307544599999984,-2.736499999997366e-05,0.0,5.706790013346738,56,fixed_k3
Strain_a_Tension_0.5pct,a,0.5,-0.08919682199999984,-2.736499999997366e-05,0.0,3.5079837078464924,56,fixed_k3
Strain_a_Tension_0.5pct,a,0.5,-0.08531819799999985,-2.736499999997366e-05,0.0,0.8705631077275267,56,fixed_k3
Strain_a_Tension_0.5pct,a,0.5,-0.08143957399999985,-2.736499999997366e-05,0.0,-0.8056472431386485,56,fixed_k3
Strain_a_Tension_0.5pct,a,0.5,-0.07756094999999985,-2.736499999997366e-05,0.0,-1.5132477105099802,56,fixed_k3
Strain_a_Tension_0.5pct,a,0.5,-0.07368232599999985,-2.736499999997366e-05,0.0,-1.65701336745397,56,fixed_k3
Strain_a_Tension_0.5pct,a,0.5,-0.06980370199999986,-2.736499999997366e-05,0.0,-1.552803554900485,56,fixed_k3
Strain_a_Tension_0.5pct,a,0.5,-0.06592507799999986,-2.736499999997366e-05,0.0,-1.367789790992754,56,fixed_k3
Strain_a_Tension_0.5pct,a,0.5,-0.06204645399999986,-2.736499999997366e-05,0.0,-1.1750644745440415,56,fixed_k3
Strain_a_Tension_0.5pct,a,0.5,-0.058167829999999865,-2.736499999997366e-05,0.0,-1.0016455564687488,56,fixed_k3
Strain_a_Tension_0.5pct,a,0.5,-0.05428920599999987,-2.736499999997366e-05,0.0,-0.8547170947339524,56,fixed_k3
Strain_a_Tension_0.5pct,a,0.5,-0.05041058199999987,-2.736499999997366e-05,0.0,-0.7337179629409186,56,fixed_k3
Strain_a_Tension_0.5pct,a,0.5,-0.04653195799999987,-2.736499999997366e-05,0.0,-0.6353963809302732,56,fixed_k3
Strain_a_Tension_0.5pct,a,0.5,-0.042653333999999876,-2.736499999997366e-05,0.0,-0.5557580247230565,56,fixed_k3
Strain_a_Tension_0.5pct,a,0.5,-0.03877470999999988,-2.736499999997366e-05,0.0,-0.49075246334158223,56,fixed_k3
Strain_a_Tension_0.5pct,a,0.5,-0.03489608599999988,-2.736499999997366e-05,0.0,-0.43649959523467974,56,fixed_k3
Strain_a_Tension_0.5pct,a,0.5,-0.031017461999999885,-2.736499999997366e-05,0.0,-0.38938436558088707,56,fixed_k3
Strain_a_Tension_0.5pct,a,0.5,-0.027138837999999887,-2.736499999997366e-05,0.0,-0.3461417553788333,56,fixed_k3
Strain_a_Tension_0.5pct,a,0.5,-0.02326021399999989,-2.736499999997366e-05,0.0,-0.30396465004130824,56,fixed_k3
Strain_a_Tension_0.5pct,a,0.5,-0.019381589999999893,-2.736499999997366e-05,0.0,-0.2606275373273802,56,fixed_k3
Strain_a_Tension_0.5pct,a,0.5,-0.015502965999999896,-2.736499999997366e-05,0.0,-0.21460122488445427,56,fixed_k3
Strain_a_Tension_0.5pct,a,0.5,-0.011624341999999899,-2.736499999997366e-05,0.0,-0.16512763772331518,56,fixed_k3
Strain_a_Tension_0.5pct,a,0.5,-0.0077457179999999015,-2.736499999997366e-05,0.0,-0.11222618362883957,56,fixed_k3
Strain_a_Tension_0.5pct,a,0.5,-0.0038670939999999043,-2.736499999997366e-05,0.0,-0.05661314231356396,56,fixed_k3
Strain_a_Tension_0.5pct,a,0.5,1.1530000000092855e-05,-2.736499999997366e-05,0.0,0.0004685835268091604,56,fixed_k3
Strain_a_Tension_0.5pct,a,0.5,0.00389015400000009,-2.736499999997366e-05,0.0,0.05749352616186106,56,fixed_k3
Strain_a_Tension_0.5pct,a,0.5,0.007768778000000087,-2.736499999997366e-05,0.0,0.11293927755170836,56,fixed_k3
Strain_a_Tension_0.5pct,a,0.5,0.011647402000000084,-2.736499999997366e-05,0.0,0.1655717950710213,56,fixed_k3
Strain_a_Tension_0.5pct,a,0.5,0.015526026000000082,-2.736499999997366e-05,0.0,0.21468857203925334,56,fixed_k3
Strain_a_Tension_0.5pct,a,0.5,0.01940465000000008,-2.736499999997366e-05,0.0,0.26028762725179033,56,fixed_k3
Strain_a_Tension_0.5pct,a,0.5,0.023283274000000076,-2.736499999997366e-05,0.0,0.3031467773515578,56,fixed_k3
Strain_a_Tension_0.5pct,a,0.5,0.027161898000000073,-2.736499999997366e-05,0.0,0.3448162126186068,56,fixed_k3
Strain_a_Tension_0.5pct,a,0.5,0.03104052200000007,-2.736499999997366e-05,0.0,0.3875433372835862,56,fixed_k3
Strain_a_Tension_0.5pct,a,0.5,0.03491914600000007,-2.736499999997366e-05,0.0,0.43415890205495444,56,fixed_k3
Strain_a_Tension_0.5pct,a,0.5,0.038797770000000065,-2.736499999997366e-05,0.0,0.48795610107207604,56,fixed_k3
Strain_a_Tension_0.5pct,a,0.5,0.04267639400000006,-2.736499999997366e-05,0.0,0.5525886303255774,56,fixed_k3
Strain_a_Tension_0.5pct,a,0.5,0.04655501800000006,-2.736499999997366e-05,0.0,0.6319968311512929,56,fixed_k3
Strain_a_Tension_0.5pct,a,0.5,0.050433642000000056,-2.736499999997366e-05,0.0,0.7303330205369686,56,fixed_k3
Strain_a_Tension_0.5pct,a,0.5,0.05431226600000005,-2.736499999997366e-05,0.0,0.8517706093117172,56,fixed_k3
Strain_a_Tension_0.5pct,a,0.5,0.05819089000000005,-2.736499999997366e-05,0.0,0.999880065733532,56,fixed_k3
Strain_a_Tension_0.5pct,a,0.5,0.06206951400000005,-2.736499999997366e-05,0.0,1.1757881147044182,56,fixed_k3
Strain_a_Tension_0.5pct,a,0.5,0.06594813800000005,-2.736499999997366e-05,0.0,1.3732989880994917,56,fixed_k3
Strain_a_Tension_0.5pct,a,0.5,0.06982676200000004,-2.736499999997366e-05,0.0,1.5670612456392135,56,fixed_k3
Strain_a_Tension_0.5pct,a,0.5,0.07370538600000004,-2.736499999997366e-05,0.0,1.686583576212271,56,fixed_k3
Strain_a_Tension_0.5pct,a,0.5,0.07758401000000004,-2.736499999997366e-05,0.0,1.568069194467777,56,fixed_k3
Strain_a_Tension_0.5pct,a,0.5,0.08146263400000003,-2.736499999997366e-05,0.0,0.8979126541564183,56,fixed_k3
Strain_a_Tension_0.5pct,a,0.5,0.08534125800000003,-2.736499999997366e-05,0.0,-0.7336733530261359,56,fixed_k3
Strain_a_Tension_0.5pct,a,0.5,0.08921988200000003,-2.736499999997366e-05,0.0,-3.3416965768218567,56,fixed_k3
Strain_a_Tension_0.5pct,a,0.5,0.09309850600000003,-2.736499999997366e-05,0.0,-5.563024445738175,56,fixed_k3
Strain_a_Tension_0.5pct,a,0.5,0.09697713000000002,-2.736499999997366e-05,0.0,-5.002663032330586,56,fixed_k3
Strain_a_Tension_0.5pct,a,0.5,0.10085575400000002,-2.736499999997366e-05,0.0,-1.4271531384202636,56,fixed_k3
Strain_a_Tension_0.5pct,a,0.5,0.10473437800000002,-2.736499999997366e-05,0.0,2.4154838002834573,56,fixed_k3
Strain_a_Tension_0.5pct,a,0.5,0.10861300200000001,-2.736499999997366e-05,0.0,4.4606157191973015,56,fixed_k3
Strain_a_Tension_0.5pct,a,0.5,0.11249162600000001,-2.736499999997366e-05,0.0,4.7549561952071215,56,fixed_k3
Strain_a_Tension_0.5pct,a,0.5,0.11637025000000001,-2.736499999997366e-05,0.0,4.068933548323099,56,fixed_k3
Strain_a_Tension_0.5pct,a,0.5,0.120248874,-2.736499999997366e-05,0.0,2.8916585345011576,56,fixed_k3
Strain_a_Tension_0.5pct,a,0.5,0.124127498,-2.736499999997366e-05,0.0,1.1201293809570168,56,fixed_k3
Strain_a_Tension_0.5pct,a,0.5,0.128006122,-2.736499999997366e-05,0.0,-3.040014589654697,56,fixed_k3
Strain_a_Tension_0.5pct,a,0.5,0.131884746,-2.736499999997366e-05,0.0,-25.562365456288664,56,fixed_k3
Strain_a_Tension_0.5pct,a,0.5,0.13576337,-2.736499999997366e-05,0.0,-45.47858452544954,56,fixed_k3
Strain_a_Tension_0.5pct,a,0.5,0.139641994,-2.736499999997366e-05,0.0,-4.137455287600883,56,fixed_k3
Strain_a_Tension_0.5pct,a,0.5,0.143520618,-2.736499999997366e-05,0.0,-0.3556849092593908,56,fixed_k3
Strain_a_Tension_0.5pct,a,0.5,0.14739924199999999,-2.736499999997366e-05,0.0,0.373151982751905,56,fixed_k3
Strain_a_Tension_0.5pct,a,0.5,0.15127786599999998,-2.736499999997366e-05,0.0,0.6316789760208206,56,fixed_k3
Strain_a_Tension_0.5pct,a,0.5,0.15515649,-2.736499999997366e-05,0.0,0.7536798991787499,56,fixed_k3
Strain_a_Tension_0.5pct,a,0.5,-0.1551334299999998,0.0032592731250000173,0.0,-0.4523343369818507,56,fixed_k3
Strain_a_Tension_0.5pct,a,0.5,-0.1512548059999998,0.0032592731250000173,0.0,-0.3667125591907009,56,fixed_k3
Strain_a_Tension_0.5pct,a,0.5,-0.1473761819999998,0.0032592731250000173,0.0,-0.23951129270856958,56,fixed_k3
Strain_a_Tension_0.5pct,a,0.5,-0.1434975579999998,0.0032592731250000173,0.0,0.0021497732240798872,56,fixed_k3
Strain_a_Tension_0.5pct,a,0.5,-0.1396189339999998,0.0032592731250000173,0.0,1.1497384787923894,56,fixed_k3
Strain_a_Tension_0.5pct,a,0.5,-0.1357403099999998,0.0032592731250000173,0.0,18.160402395226555,56,fixed_k3
Strain_a_Tension_0.5pct,a,0.5,-0.1318616859999998,0.0032592731250000173,0.0,12.624927315800685,56,fixed_k3
Strain_a_Tension_0.5pct,a,0.5,-0.12798306199999981,0.0032592731250000173,0.0,1.0985098489327425,56,fixed_k3
Strain_a_Tension_0.5pct,a,0.5,-0.12410443799999982,0.0032592731250000173,0.0,-1.4722548159676472,56,fixed_k3
Strain_a_Tension_0.5pct,a,0.5,-0.12022581399999982,0.0032592731250000173,0.0,-2.80986794896233,56,fixed_k3
Strain_a_Tension_0.5pct,a,0.5,-0.11634718999999982,0.0032592731250000173,0.0,-3.8274389228608925,56,fixed_k3
Strain_a_Tension_0.5pct,a,0.5,-0.11246856599999983,0.0032592731250000173,0.0,-4.448879561571982,56,fixed_k3
Strain_a_Tension_0.5pct,a,0.5,-0.10858994199999983,0.0032592731250000173,0.0,-4.119706218822548,56,fixed_k3
Strain_a_Tension_0.5pct,a,0.5,-0.10471131799999983,0.0032592731250000173,0.0,-2.0274426846770432,56,fixed_k3
Strain_a_Tension_0.5pct,a,0.5,-0.10083269399999983,0.0032592731250000173,0.0,1.8977175661340597,56,fixed_k3
Strain_a_Tension_0.5pct,a,0.5,-0.09695406999999984,0.0032592731250000173,0.0,5.56336151971346,56,fixed_k3
Strain_a_Tension_0.5pct,a,0.5,-0.09307544599999984,0.0032592731250000173,0.0,6.145047363244167,56,fixed_k3
Strain_a_Tension_0.5pct,a,0.5,-0.08919682199999984,0.0032592731250000173,0.0,3.84202738521351,56,fixed_k3
Strain_a_Tension_0.5pct,a,0.5,-0.08531819799999985,0.0032592731250000173,0.0,1.1003584887525917,56,fixed_k3
Strain_a_Tension_0.5pct,a,0.5,-0.08143957399999985,0.0032592731250000173,0.0,-0.6536306007938197,56,fixed_k3
Strain_a_Tension_0.5pct,a,0.5,-0.07756094999999985,0.0032592731250000173,0.0,-1.4099122695996764,56,fixed_k3
Strain_a_Tension_0.5pct,a,0.5,-0.07368232599999985,0.0032592731250000173,0.0,-1.581001689459238,56,fixed_k3
Strain_a_Tension_0.5pct,a,0.5,-0.06980370199999986,0.0032592731250000173,0.0,-1.4910771821032678,56,fixed_k3
Strain_a_Tension_0.5pct,a,0.5,-0.06592507799999986,0.0032592731250000173,0.0,-1.313261455598191,56,fixed_k3
Strain_a_Tension_0.5pct,a,0.5,-0.06204645399999986,0.0032592731250000173,0.0,-1.1242933553142191,56,fixed_k3
Strain_a_Tension_0.5pct,a,0.5,-0.058167829999999865,0.0032592731250000173,0.0,-0.9532443365084421,56,fixed_k3
Strain_a_Tension_0.5pct,a,0.5,-0.05428920599999987,0.0032592731250000173,0.0,-0.8083769610608615,56,fixed_k3
Strain_a_Tension_0.5pct,a,0.5,-0.05041058199999987,0.0032592731250000173,0.0,-0.689644592338469,56,fixed_k3
Strain_a_Tension_0.5pct,a,0.5,-0.04653195799999987,0.0032592731250000173,0.0,-0.5939941023459958,56,fixed_k3
Strain_a_Tension_0.5pct,a,0.5,-0.042653333999999876,0.0032592731250000173,0.0,-0.5174573573199621,56,fixed_k3
Strain_a_Tension_0.5pct,a,0.5,-0.03877470999999988,0.0032592731250000173,0.0,-0.45591851649864495,56,fixed_k3
Strain_a_Tension_0.5pct,a,0.5,-0.03489608599999988,0.0032592731250000173,0.0,-0.40538540075772483,56,fixed_k3
Strain_a_Tension_0.5pct,a,0.5,-0.031017461999999885,0.0032592731250000173,0.0,-0.36210903144911355,56,fixed_k3
Strain_a_Tension_0.5pct,a,0.5,-0.027138837999999887,0.0032592731250000173,0.0,-0.3226825371286217,56,fixed_k3
Strain_a_Tension_0.5pct,a,0.5,-0.02326021399999989,0.0032592731250000173,0.0,-0.28415732568346297,56,fixed_k3
Strain_a_Tension_0.5pct,a,0.5,-0.019381589999999893,0.0032592731250000173,0.0,-0.2441724455093824,56,fixed_k3
Strain_a_Tension_0.5pct,a,0.5,-0.015502965999999896,0.0032592731250000173,0.0,-0.20107390430996602,56,fixed_k3
Strain_a_Tension_0.5pct,a,0.5,-0.011624341999999899,0.0032592731250000173,0.0,-0.15399371964354316,56,fixed_k3
Strain_a_Tension_0.5pct,a,0.5,-0.0077457179999999015,0.0032592731250000173,0.0,-0.10286035947607416,56,fixed_k3
Strain_a_Tension_0.5pct,a,0.5,-0.0038670939999999043,0.0032592731250000173,0.0,-0.04832186972233446,56,fixed_k3
Strain_a_Tension_0.5pct,a,0.5,1.1530000000092855e-05,0.0032592731250000173,0.0,0.008421297888970808,56,fixed_k3
Strain_a_Tension_0.5pct,a,0.5,0.00389015400000009,0.0032592731250000173,0.0,0.06585828429176618,56,fixed_k3
Strain_a_Tension_0.5pct,a,0.5,0.007768778000000087,0.0032592731250000173,0.0,0.12245268197636205,56,fixed_k3
Strain_a_Tension_0.5pct,a,0.5,0.011647402000000084,0.0032592731250000173,0.0,0.17692848787462653,56,fixed_k3
Strain_a_Tension_0.5pct,a,0.5,0.015526026000000082,0.0032592731250000173,0.0,0.22851526286942472,56,fixed_k3
Strain_a_Tension_0.5pct,a,0.5,0.01940465000000008,0.0032592731250000173,0.0,0.27712020786879304,56,fixed_k3
Strain_a_Tension_0.5pct,a,0.5,0.023283274000000076,0.0032592731250000173,0.0,0.32341127047232215,56,fixed_k3
Strain_a_Tension_0.5pct,a,0.5,0.027161898000000073,0.0032592731250000173,0.0,0.3688139567339141,56,fixed_k3
Strain_a_Tension_0.5pct,a,0.5,0.03104052200000007,0.0032592731250000173,0.0,0.41544060825714824,56,fixed_k3
Strain_a_Tension_0.5pct,a,0.5,0.03491914600000007,0.0032592731250000173,0.0,0.4659812885066592,56,fixed_k3
Strain_a_Tension_0.5pct,a,0.5,0.038797770000000065,0.0032592731250000173,0.0,0.5235886038876902,56,fixed_k3
Strain_a_Tension_0.5pct,a,0.5,0.04267639400000006,0.0032592731250000173,0.0,0.5917839661105979,56,fixed_k3
Strain_a_Tension_0.5pct,a,0.5,0.04655501800000006,0.0032592731250000173,0.0,0.6743973057119563,56,fixed_k3
Strain_a_Tension_0.5pct,a,0.5,0.050433642000000056,0.0032592731250000173,0.0,0.7755165099337152,56,fixed_k3
Strain_a_Tension_0.5pct,a,0.5,0.05431226600000005,0.0032592731250000173,0.0,0.8993402592133588,56,fixed_k3
Strain_a_Tension_0.5pct,a,0.5,0.05819089000000005,0.0032592731250000173,0.0,1.0496331362281934,56,fixed_k3
Strain_a_Tension_0.5pct,a,0.5,0.06206951400000005,0.0032592731250000173,0.0,1.228026710734932,56,fixed_k3
Strain_a_Tension_0.5pct,a,0.5,0.06594813800000005,0.0032592731250000173,0.0,1.429391117105626,56,fixed_k3
Strain_a_Tension_0.5pct,a,0.5,0.06982676200000004,0.0032592731250000173,0.0,1.630430013956727,56,fixed_k3
Strain_a_Tension_0.5pct,a,0.5,0.07370538600000004,0.0032592731250000173,0.0,1.764375735878481,56,fixed_k3
Strain_a_Tension_0.5pct,a,0.5,0.07758401000000004,0.0032592731250000173,0.0,1.6736856731008118,56,fixed_k3
Strain_a_Tension_0.5pct,a,0.5,0.08146263400000003,0.0032592731250000173,0.0,1.0537642680354935,56,fixed_k3
Strain_a_Tension_0.5pct,a,0.5,0.08534125800000003,0.0032592731250000173,0.0,-0.49701306059188577,56,fixed_k3
Strain_a_Tension_0.5pct,a,0.5,0.08921988200000003,0.0032592731250000173,0.0,-2.9997896957467978,56,fixed_k3
Strain_a_Tension_0.5pct,a,0.5,0.09309850600000003,0.0032592731250000173,0.0,-5.129219453985092,56,fixed_k3
Strain_a_Tension_0.5pct,a,0.5,0.09697713000000002,0.0032592731250000173,0.0,-4.538327373129942,56,fixed_k3
Strain_a_Tension_0.5pct,a,0.5,0.10085575400000002,0.0032592731250000173,0.0,-0.9941998885107566,56,fixed_k3
Strain_a_Tension_0.5pct,a,0.5,0.10473437800000002,0.0032592731250000173,0.0,2.7890436115925645,56,fixed_k3
Strain_a_Tension_0.5pct,a,0.5,0.10861300200000001,0.0032592731250000173,0.0,4.7657427847830025,56,fixed_k3
Strain_a_Tension_0.5pct,a,0.5,0.11249162600000001,0.0032592731250000173,0.0,4.981533959305263,56,fixed_k3
Strain_a_Tension_0.5pct,a,0.5,0.11637025000000001,0.0032592731250000173,0.0,4.186608583261787,56,fixed_k3
Strain_a_Tension_0.5pct,a,0.5,0.120248874,0.0032592731250000173,0.0,2.809829348173052,56,fixed_k3
Strain_a_Tension_0.5pct,a,0.5,0.124127498,0.0032592731250000173,0.0,0.5456871864732905,56,fixed_k3
Strain_a_Tension_0.5pct,a,0.5,0.128006122,0.0032592731250000173,0.0,-5.428763771552256,56,fixed_k3
Strain_a_Tension_0.5pct,a,0.5,0.131884746,0.0032592731250000173,0.0,-40.87318695028522,56,fixed_k3
Strain_a_Tension_0.5pct,a,0.5,0.13576337,0.0032592731250000173,0.0,-75.79959011280525,56,fixed_k3
Strain_a_Tension_0.5pct,a,0.5,0.139641994,0.0032592731250000173,0.0,-7.375575358723715,56,fixed_k3
Strain_a_Tension_0.5pct,a,0.5,0.143520618,0.0032592731250000173,0.0,-0.7698060305663779,56,fixed_k3
Strain_a_Tension_0.5pct,a,0.5,0.14739924199999999,0.0032592731250000173,0.0,0.48337631196966613,56,fixed_k3
Strain_a_Tension_0.5pct,a,0.5,0.15127786599999998,0.0032592731250000173,0.0,0.887468741504376,56,fixed_k3
Strain_a_Tension_0.5pct,a,0.5,0.15515649,0.0032592731250000173,0.0,1.0532342178173801,56,fixed_k3
Strain_a_Tension_0.5pct,a,0.5,-0.1551334299999998,0.006545911250000008,0.0,-0.1370687091902886,56,fixed_k3
Strain_a_Tension_0.5pct,a,0.5,-0.1512548059999998,0.006545911250000008,0.0,-0.09372662517691421,56,fixed_k3
Strain_a_Tension_0.5pct,a,0.5,-0.1473761819999998,0.006545911250000008,0.0,-0.10759887452841135,56,fixed_k3
Strain_a_Tension_0.5pct,a,0.5,-0.1434975579999998,0.006545911250000008,0.0,-0.36998287706842825,56,fixed_k3
Strain_a_Tension_0.5pct,a,0.5,-0.1396189339999998,0.006545911250000008,0.0,-1.9190466321311117,56,fixed_k3
Strain_a_Tension_0.5pct,a,0.5,-0.1357403099999998,0.006545911250000008,0.0,-10.601677855758401,56,fixed_k3
Strain_a_Tension_0.5pct,a,0.5,-0.1318616859999998,0.006545911250000008,0.0,-1.2069571008860445,56,fixed_k3
Strain_a_Tension_0.5pct,a,0.5,-0.12798306199999981,0.006545911250000008,0.0,-1.102597309595239,56,fixed_k3
Strain_a_Tension_0.5pct,a,0.5,-0.12410443799999982,0.006545911250000008,0.0,-2.0231170637758664,56,fixed_k3
Strain_a_Tension_0.5pct,a,0.5,-0.12022581399999982,0.006545911250000008,0.0,-2.903533806318397,56,fixed_k3
Strain_a_Tension_0.5pct,a,0.5,-0.11634718999999982,0.006545911250000008,0.0,-3.7248147634980806,56,fixed_k3
Strain_a_Tension_0.5pct,a,0.5,-0.11246856599999983,0.006545911250000008,0.0,-4.21932490776902,56,fixed_k3
Strain_a_Tension_0.5pct,a,0.5,-0.10858994199999983,0.006545911250000008,0.0,-3.7719941965126504,56,fixed_k3
Strain_a_Tension_0.5pct,a,0.5,-0.10471131799999983,0.006545911250000008,0.0,-1.5620798693031785,56,fixed_k3
Strain_a_Tension_0.5pct,a,0.5,-0.10083269399999983,0.006545911250000008,0.0,2.44185489447396,56,fixed_k3
Strain_a_Tension_0.5pct,a,0.5,-0.09695406999999984,0.006545911250000008,0.0,6.098107958027184,56,fixed_k3
Strain_a_Tension_0.5pct,a,0.5,-0.09307544599999984,0.006545911250000008,0.0,6.589809575676384,56,fixed_k3
Strain_a_Tension_0.5pct,a,0.5,-0.08919682199999984,0.006545911250000008,0.0,4.169931672222618,56,fixed_k3
Strain_a_Tension_0.5pct,a,0.5,-0.08531819799999985,0.006545911250000008,0.0,1.3250526282301662,56,fixed_k3
Strain_a_Tension_0.5pct,a,0.5,-0.08143957399999985,0.006545911250000008,0.0,-0.5038200623696294,56,fixed_k3
Strain_a_Tension_0.5pct,a,0.5,-0.07756094999999985,0.006545911250000008,0.0,-1.3075544386991513,56,fixed_k3
Strain_a_Tension_0.5pct,a,0.5,-0.07368232599999985,0.006545911250000008,0.0,-1.5058390541434639,56,fixed_k3
Strain_a_Tension_0.5pct,a,0.5,-0.06980370199999986,0.006545911250000008,0.0,-1.4303880459972425,56,fixed_k3
Strain_a_Tension_0.5pct,a,0.5,-0.06592507799999986,0.006545911250000008,0.0,-1.2599446801644287,56,fixed_k3
Strain_a_Tension_0.5pct,a,0.5,-0.06204645399999986,0.006545911250000008,0.0,-1.0748212662678296,56,fixed_k3
Strain_a_Tension_0.5pct,a,0.5,-0.058167829999999865,0.006545911250000008,0.0,-0.906154893848196,56,fixed_k3
Strain_a_Tension_0.5pct,a,0.5,-0.05428920599999987,0.006545911250000008,0.0,-0.7633130703428402,56,fixed_k3
Strain_a_Tension_0.5pct,a,0.5,-0.05041058199999987,0.006545911250000008,0.0,-0.6467845640564536,56,fixed_k3
Strain_a_Tension_0.5pct,a,0.5,-0.04653195799999987,0.006545911250000008,0.0,-0.553728003709861,56,fixed_k3
Strain_a_Tension_0.5pct,a,0.5,-0.042653333999999876,0.006545911250000008,0.0,-0.480208798394514,56,fixed_k3
Strain_a_Tension_0.5pct,a,0.5,-0.03877470999999988,0.006545911250000008,0.0,-0.42204961980243316,56,fixed_k3
Strain_a_Tension_0.5pct,a,0.5,-0.03489608599999988,0.006545911250000008,0.0,-0.37514837560972575,56,fixed_k3
Strain_a_Tension_0.5pct,a,0.5,-0.031017461999999885,0.006545911250000008,0.0,-0.33562358123033453,56,fixed_k3
Strain_a_Tension_0.5pct,a,0.5,-0.027138837999999887,0.006545911250000008,0.0,-0.29992770024116994,56,fixed_k3
Strain_a_Tension_0.5pct,a,0.5,-0.02326021399999989,0.006545911250000008,0.0,-0.26497179803036675,56,fixed_k3
Strain_a_Tension_0.5pct,a,0.5,-0.019381589999999893,0.006545911250000008,0.0,-0.2282605287989669,56,fixed_k3
Strain_a_Tension_0.5pct,a,0.5,-0.015502965999999896,0.006545911250000008,0.0,-0.188015901740272,56,fixed_k3
Strain_a_Tension_0.5pct,a,0.5,-0.011624341999999899,0.006545911250000008,0.0,-0.14326040025467357,56,fixed_k3
Strain_a_Tension_0.5pct,a,0.5,-0.0077457179999999015,0.006545911250000008,0.0,-0.09383135705388129,56,fixed_k3
Strain_a_Tension_0.5pct,a,0.5,-0.0038670939999999043,0.006545911250000008,0.0,-0.04030777886435502,56,fixed_k3
Strain_a_Tension_0.5pct,a,0.5,1.1530000000092855e-05,0.006545911250000008,0.0,0.01615366472984503,56,fixed_k3
Strain_a_Tension_0.5pct,a,0.5,0.00389015400000009,0.006545911250000008,0.0,0.0740583815187196,56,fixed_k3
Strain_a_Tension_0.5pct,a,0.5,0.007768778000000087,0.006545911250000008,0.0,0.13185768199246245,56,fixed_k3
Strain_a_Tension_0.5pct,a,0.5,0.011647402000000084,0.006545911250000008,0.0,0.18823510998560744,56,fixed_k3
Strain_a_Tension_0.5pct,a,0.5,0.015526026000000082,0.006545911250000008,0.0,0.24235338823870936,56,fixed_k3
Strain_a_Tension_0.5pct,a,0.5,0.01940465000000008,0.006545911250000008,0.0,0.29402949249791765,56,fixed_k3
Strain_a_Tension_0.5pct,a,0.5,0.023283274000000076,0.006545911250000008,0.0,0.34382163214644335,56,fixed_k3
Strain_a_Tension_0.5pct,a,0.5,0.027161898000000073,0.006545911250000008,0.0,0.3930304424397906,56,fixed_k3
Strain_a_Tension_0.5pct,a,0.5,0.03104052200000007,0.006545911250000008,0.0,0.44363289326361266,56,fixed_k3
Strain_a_Tension_0.5pct,a,0.5,0.03491914600000007,0.006545911250000008,0.0,0.4981780981483813,56,fixed_k3
Strain_a_Tension_0.5pct,a,0.5,0.038797770000000065,0.006545911250000008,0.0,0.5596779087814713,56,fixed_k3
Strain_a_Tension_0.5pct,a,0.5,0.04267639400000006,0.006545911250000008,0.0,0.6315211933467826,56,fixed_k3
Strain_a_Tension_0.5pct,a,0.5,0.04655501800000006,0.006545911250000008,0.0,0.7174265306217456,56,fixed_k3
Strain_a_Tension_0.5pct,a,0.5,0.050433642000000056,0.006545911250000008,0.0,0.821414516183009,56,fixed_k3
Strain_a_Tension_0.5pct,a,0.5,0.05431226600000005,0.006545911250000008,0.0,0.9477020630314121,56,fixed_k3
Strain_a_Tension_0.5pct,a,0.5,0.05819089000000005,0.006545911250000008,0.0,1.1002329649663851,56,fixed_k3
Strain_a_Tension_0.5pct,a,0.5,0.06206951400000005,0.006545911250000008,0.0,1.281115722233345,56,fixed_k3
Strain_a_Tension_0.5pct,a,0.5,0.06594813800000005,0.006545911250000008,0.0,1.4862410294993802,56,fixed_k3
Strain_a_Tension_0.5pct,a,0.5,0.06982676200000004,0.006545911250000008,0.0,1.694310919825937,56,fixed_k3
Strain_a_Tension_0.5pct,a,0.5,0.07370538600000004,0.006545911250000008,0.0,1.8422586555286204,56,fixed_k3
Strain_a_Tension_0.5pct,a,0.5,0.07758401000000004,0.006545911250000008,0.0,1.7789453122940386,56,fixed_k3
Strain_a_Tension_0.5pct,a,0.5,0.08146263400000003,0.006545911250000008,0.0,1.2093074725051998,56,fixed_k3
Strain_a_Tension_0.5pct,a,0.5,0.08534125800000003,0.006545911250000008,0.0,-0.25965190126785365,56,fixed_k3
Strain_a_Tension_0.5pct,a,0.5,0.08921988200000003,0.006545911250000008,0.0,-2.6579313850814437,56,fixed_k3
Strain_a_Tension_0.5pct,a,0.5,0.09309850600000003,0.006545911250000008,0.0,-4.7076822249547075,56,fixed_k3
Strain_a_Tension_0.5pct,a,0.5,0.09697713000000002,0.006545911250000008,0.0,-4.1131556974047925,56,fixed_k3
Strain_a_Tension_0.5pct,a,0.5,0.10085575400000002,0.006545911250000008,0.0,-0.6177901896524866,56,fixed_k3
Strain_a_Tension_0.5pct,a,0.5,0.10473437800000002,0.006545911250000008,0.0,3.117163759975524,56,fixed_k3
Strain_a_Tension_0.5pct,a,0.5,0.10861300200000001,0.006545911250000008,0.0,5.049954704541397,56,fixed_k3
Strain_a_Tension_0.5pct,a,0.5,0.11249162600000001,0.006545911250000008,0.0,5.205566733045086,56,fixed_k3
Strain_a_Tension_0.5pct,a,0.5,0.11637025000000001,0.006545911250000008,0.0,4.307037914090624,56,fixed_k3
Strain_a_Tension_0.5pct,a,0.5,0.120248874,0.006545911250000008,0.0,2.7191597171474506,56,fixed_k3
Strain_a_Tension_0.5pct,a,0.5,0.124127498,0.006545911250000008,0.0,-0.08915718959948712,56,fixed_k3
Strain_a_Tension_0.5pct,a,0.5,0.128006122,0.006545911250000008,0.0,-8.141415417976889,56,fixed_k3
Strain_a_Tension_0.5pct,a,0.5,0.131884746,0.006545911250000008,0.0,-59.28027742138998,56,fixed_k3
Strain_a_Tension_0.5pct,a,0.5,0.13576337,0.006545911250000008,0.0,-106.92661096499856,56,fixed_k3
Strain_a_Tension_0.5pct,a,0.5,0.139641994,0.006545911250000008,0.0,-10.487379081752872,56,fixed_k3
Strain_a_Tension_0.5pct,a,0.5,0.143520618,0.006545911250000008,0.0,-1.1672157825700562,56,fixed_k3
Strain_a_Tension_0.5pct,a,0.5,0.14739924199999999,0.006545911250000008,0.0,0.5935702507168471,56,fixed_k3
Strain_a_Tension_0.5pct,a,0.5,0.15127786599999998,0.006545911250000008,0.0,1.138430033959094,56,fixed_k3
Strain_a_Tension_0.5pct,a,0.5,0.15515649,0.006545911250000008,0.0,1.3461402994170217,56,fixed_k3
Strain_a_Tension_0.5pct,a,0.5,-0.1551334299999998,0.009832549375000027,0.0,0.1871602431894056,56,fixed_k3
Strain_a_Tension_0.5pct,a,0.5,-0.1512548059999998,0.009832549375000027,0.0,0.19150145094019888,56,fixed_k3
Strain_a_Tension_0.5pct,a,0.5,-0.1473761819999998,0.009832549375000027,0.0,0.04516282460913988,56,fixed_k3
Strain_a_Tension_0.5pct,a,0.5,-0.1434975579999998,0.009832549375000027,0.0,-0.6880361034119755,56,fixed_k3
Strain_a_Tension_0.5pct,a,0.5,-0.1396189339999998,0.009832549375000027,0.0,-4.7202061217807545,56,fixed_k3
Strain_a_Tension_0.5pct,a,0.5,-0.1357403099999998,0.009832549375000027,0.0,-38.772098475279726,56,fixed_k3
Strain_a_Tension_0.5pct,a,0.5,-0.1318616859999998,0.009832549375000027,0.0,-16.919125623193914,56,fixed_k3
Strain_a_Tension_0.5pct,a,0.5,-0.12798306199999981,0.009832549375000027,0.0,-3.477655092875881,56,fixed_k3
Strain_a_Tension_0.5pct,a,0.5,-0.12410443799999982,0.009832549375000027,0.0,-2.618963708375097,56,fixed_k3
Strain_a_Tension_0.5pct,a,0.5,-0.12022581399999982,0.009832549375000027,0.0,-3.0174914983501164,56,fixed_k3
Strain_a_Tension_0.5pct,a,0.5,-0.11634718999999982,0.009832549375000027,0.0,-3.6301108208094197,56,fixed_k3
Strain_a_Tension_0.5pct,a,0.5,-0.11246856599999983,0.009832549375000027,0.0,-3.982600760113664,56,fixed_k3
Strain_a_Tension_0.5pct,a,0.5,-0.10858994199999983,0.009832549375000027,0.0,-3.3948689328467316,56,fixed_k3
Strain_a_Tension_0.5pct,a,0.5,-0.10471131799999983,0.009832549375000027,0.0,-1.0435996795674303,56,fixed_k3
Strain_a_Tension_0.5pct,a,0.5,-0.10083269399999983,0.009832549375000027,0.0,3.044683299491746,56,fixed_k3
Strain_a_Tension_0.5pct,a,0.5,-0.09695406999999984,0.009832549375000027,0.0,6.666481739968735,56,fixed_k3
Strain_a_Tension_0.5pct,a,0.5,-0.09307544599999984,0.009832549375000027,0.0,7.036431284709169,56,fixed_k3
Strain_a_Tension_0.5pct,a,0.5,-0.08919682199999984,0.009832549375000027,0.0,4.4878071500876375,56,fixed_k3
Strain_a_Tension_0.5pct,a,0.5,-0.08531819799999985,0.009832549375000027,0.0,1.5421303267373259,56,fixed_k3
Strain_a_Tension_0.5pct,a,0.5,-0.08143957399999985,0.009832549375000027,0.0,-0.3576251263167689,56,fixed_k3
Strain_a_Tension_0.5pct,a,0.5,-0.07756094999999985,0.009832549375000027,0.0,-1.2069260983735282,56,fixed_k3
Strain_a_Tension_0.5pct,a,0.5,-0.07368232599999985,0.009832549375000027,0.0,-1.4319509638572003,56,fixed_k3
Strain_a_Tension_0.5pct,a,0.5,-0.06980370199999986,0.009832549375000027,0.0,-1.3710216350386952,56,fixed_k3
Strain_a_Tension_0.5pct,a,0.5,-0.06592507799999986,0.009832549375000027,0.0,-1.2080751300884383,56,fixed_k3
Strain_a_Tension_0.5pct,a,0.5,-0.06204645399999986,0.009832549375000027,0.0,-1.0268727700145261,56,fixed_k3
Strain_a_Tension_0.5pct,a,0.5,-0.058167829999999865,0.009832549375000027,0.0,-0.8606047888740673,56,fixed_k3
Strain_a_Tension_0.5pct,a,0.5,-0.05428920599999987,0.009832549375000027,0.0,-0.7197592524180624,56,fixed_k3
Strain_a_Tension_0.5pct,a,0.5,-0.05041058199999987,0.009832549375000027,0.0,-0.6053769670176641,56,fixed_k3
Strain_a_Tension_0.5pct,a,0.5,-0.04653195799999987,0.009832549375000027,0.0,-0.5148400857774262,56,fixed_k3
Strain_a_Tension_0.5pct,a,0.5,-0.042653333999999876,0.009832549375000027,0.0,-0.4442548247720587,56,fixed_k3
Strain_a_Tension_0.5pct,a,0.5,-0.03877470999999988,0.009832549375000027,0.0,-0.3893866781019461,56,fixed_k3
Strain_a_Tension_0.5pct,a,0.5,-0.03489608599999988,0.009832549375000027,0.0,-0.3460263295568063,56,fixed_k3
Strain_a_Tension_0.5pct,a,0.5,-0.031017461999999885,0.009832549375000027,0.0,-0.31016172864789715,56,fixed_k3
Strain_a_Tension_0.5pct,a,0.5,-0.027138837999999887,0.009832549375000027,0.0,-0.2781063303620467,56,fixed_k3
Strain_a_Tension_0.5pct,a,0.5,-0.02326021399999989,0.009832549375000027,0.0,-0.2466323967187406,56,fixed_k3
Strain_a_Tension_0.5pct,a,0.5,-0.019381589999999893,0.009832549375000027,0.0,-0.21311157564574779,56,fixed_k3
Strain_a_Tension_0.5pct,a,0.5,-0.015502965999999896,0.009832549375000027,0.0,-0.1756429679983631,56,fixed_k3
Strain_a_Tension_0.5pct,a,0.5,-0.011624341999999899,0.009832549375000027,0.0,-0.13314013705949146,56,fixed_k3
Strain_a_Tension_0.5pct,a,0.5,-0.0077457179999999015,0.009832549375000027,0.0,-0.08534928022562577,56,fixed_k3
Strain_a_Tension_0.5pct,a,0.5,-0.0038670939999999043,0.009832549375000027,0.0,-0.03277970865670876,56,fixed_k3
Strain_a_Tension_0.5pct,a,0.5,1.1530000000092855e-05,0.009832549375000027,0.0,0.023456922390438062,56,fixed_k3
Strain_a_Tension_0.5pct,a,0.5,0.00389015400000009,0.009832549375000027,0.0,0.08188390149459907,56,fixed_k3
Strain_a_Tension_0.5pct,a,0.5,0.007768778000000087,0.009832549375000027,0.0,0.14094198915684641,56,fixed_k3
Strain_a_Tension_0.5pct,a,0.5,0.011647402000000084,0.009832549375000027,0.0,0.19927585896915462,56,fixed_k3
Strain_a_Tension_0.5pct,a,0.5,0.015526026000000082,0.009832549375000027,0.0,0.25598262621336665,56,fixed_k3
Strain_a_Tension_0.5pct,a,0.5,0.01940465000000008,0.009832549375000027,0.0,0.31078982973385294,56,fixed_k3
Strain_a_Tension_0.5pct,a,0.5,0.023283274000000076,0.009832549375000027,0.0,0.36414632421381143,56,fixed_k3
Strain_a_Tension_0.5pct,a,0.5,0.027161898000000073,0.009832549375000027,0.0,0.4172279966513055,56,fixed_k3
Strain_a_Tension_0.5pct,a,0.5,0.03104052200000007,0.009832549375000027,0.0,0.47187650301231404,56,fixed_k3
Strain_a_Tension_0.5pct,a,0.5,0.03491914600000007,0.009832549375000027,0.0,0.530500171360061,56,fixed_k3
Strain_a_Tension_0.5pct,a,0.5,0.038797770000000065,0.009832549375000027,0.0,0.5959704185604386,56,fixed_k3
Strain_a_Tension_0.5pct,a,0.5,0.04267639400000006,0.009832549375000027,0.0,0.6715438429176378,56,fixed_k3
Strain_a_Tension_0.5pct,a,0.5,0.04655501800000006,0.009832549375000027,0.0,0.760827260709521,56,fixed_k3
Strain_a_Tension_0.5pct,a,0.5,0.050433642000000056,0.009832549375000027,0.0,0.8677715119621607,56,fixed_k3
Strain_a_Tension_0.5pct,a,0.5,0.05431226600000005,0.009832549375000027,0.0,0.9966046634419798,56,fixed_k3
Strain_a_Tension_0.5pct,a,0.5,0.05819089000000005,0.009832549375000027,0.0,1.1514336421246851,56,fixed_k3
Strain_a_Tension_0.5pct,a,0.5,0.06206951400000005,0.009832549375000027,0.0,1.3348121374744588,56,fixed_k3
Strain_a_Tension_0.5pct,a,0.5,0.06594813800000005,0.009832549375000027,0.0,1.5435963221595672,56,fixed_k3
Strain_a_Tension_0.5pct,a,0.5,0.06982676200000004,0.009832549375000027,0.0,1.7584074538381882,56,fixed_k3
Strain_a_Tension_0.5pct,a,0.5,0.07370538600000004,0.009832549375000027,0.0,1.9198089063656631,56,fixed_k3
Strain_a_Tension_0.5pct,a,0.5,0.07758401000000004,0.009832549375000027,0.0,1.883121697001446,56,fixed_k3
Strain_a_Tension_0.5pct,a,0.5,0.08146263400000003,0.009832549375000027,0.0,1.3631952579743147,56,fixed_k3
Strain_a_Tension_0.5pct,a,0.5,0.08534125800000003,0.009832549375000027,0.0,-0.023939108369143036,56,fixed_k3
Strain_a_Tension_0.5pct,a,0.5,0.08921988200000003,0.009832549375000027,0.0,-2.3193904729069983,56,fixed_k3
Strain_a_Tension_0.5pct,a,0.5,0.09309850600000003,0.009832549375000027,0.0,-4.3013202726215685,56,fixed_k3
Strain_a_Tension_0.5pct,a,0.5,0.09697713000000002,0.009832549375000027,0.0,-3.728353672014446,56,fixed_k3
Strain_a_Tension_0.5pct,a,0.5,0.10085575400000002,0.009832549375000027,0.0,-0.2979906485447175,56,fixed_k3
Strain_a_Tension_0.5pct,a,0.5,0.10473437800000002,0.009832549375000027,0.0,3.40003761026134,56,fixed_k3
Strain_a_Tension_0.5pct,a,0.5,0.10861300200000001,0.009832549375000027,0.0,5.31349945602488,56,fixed_k3
Strain_a_Tension_0.5pct,a,0.5,0.11249162600000001,0.009832549375000027,0.0,5.426655094974043,56,fixed_k3
Strain_a_Tension_0.5pct,a,0.5,0.11637025000000001,0.009832549375000027,0.0,4.427061708672542,56,fixed_k3
Strain_a_Tension_0.5pct,a,0.5,0.120248874,0.009832549375000027,0.0,2.607889285161759,56,fixed_k3
Strain_a_Tension_0.5pct,a,0.5,0.124127498,0.009832549375000027,0.0,-0.8269079598151777,56,fixed_k3
Strain_a_Tension_0.5pct,a,0.5,0.128006122,0.009832549375000027,0.0,-11.394584976415366,56,fixed_k3
Strain_a_Tension_0.5pct,a,0.5,0.131884746,0.009832549375000027,0.0,-83.23103762325155,56,fixed_k3
Strain_a_Tension_0.5pct,a,0.5,0.13576337,0.009832549375000027,0.0,-138.50767732070094,56,fixed_k3
Strain_a_Tension_0.5pct,a,0.5,0.139641994,0.009832549375000027,0.0,-13.33827174969679,56,fixed_k3
Strain_a_Tension_0.5pct,a,0.5,0.143520618,0.009832549375000027,0.0,-1.5245379660917586,56,fixed_k3
Strain_a_Tension_0.5pct,a,0.5,0.14739924199999999,0.009832549375000027,0.0,0.7104293381993996,56,fixed_k3
Strain_a_Tension_0.5pct,a,0.5,0.15127786599999998,0.009832549375000027,0.0,1.386904438559047,56,fixed_k3
Strain_a_Tension_0.5pct,a,0.5,0.15515649,0.009832549375000027,0.0,1.63313842656612,56,fixed_k3
Strain_a_Tension_0.5pct,a,0.5,-0.1551334299999998,0.013119187500000018,0.0,0.5208351957913728,56,fixed_k3
Strain_a_Tension_0.5pct,a,0.5,-0.1512548059999998,0.013119187500000018,0.0,0.4909786177320099,56,fixed_k3
Strain_a_Tension_0.5pct,a,0.5,-0.1473761819999998,0.013119187500000018,0.0,0.2246383326952682,56,fixed_k3
Strain_a_Tension_0.5pct,a,0.5,-0.1434975579999998,0.013119187500000018,0.0,-0.9324606771865296,56,fixed_k3
Strain_a_Tension_0.5pct,a,0.5,-0.1396189339999998,0.013119187500000018,0.0,-7.1473004565009015,56,fixed_k3
Strain_a_Tension_0.5pct,a,0.5,-0.1357403099999998,0.013119187500000018,0.0,-65.88968486920893,56,fixed_k3
Strain_a_Tension_0.5pct,a,0.5,-0.1318616859999998,0.013119187500000018,0.0,-36.80355225530325,56,fixed_k3
Strain_a_Tension_0.5pct,a,0.5,-0.12798306199999981,0.013119187500000018,0.0,-6.225766884958803,56,fixed_k3
Strain_a_Tension_0.5pct,a,0.5,-0.12410443799999982,0.013119187500000018,0.0,-3.3005790488020206,56,fixed_k3
Strain_a_Tension_0.5pct,a,0.5,-0.12022581399999982,0.013119187500000018,0.0,-3.1630253938303436,56,fixed_k3
Strain_a_Tension_0.5pct,a,0.5,-0.11634718999999982,0.013119187500000018,0.0,-3.5448788527603914,56,fixed_k3
Strain_a_Tension_0.5pct,a,0.5,-0.11246856599999983,0.013119187500000018,0.0,-3.735663084613758,56,fixed_k3
Strain_a_Tension_0.5pct,a,0.5,-0.10858994199999983,0.013119187500000018,0.0,-2.9832169071171526,56,fixed_k3
Strain_a_Tension_0.5pct,a,0.5,-0.10471131799999983,0.013119187500000018,0.0,-0.4678401803419668,56,fixed_k3
Strain_a_Tension_0.5pct,a,0.5,-0.10083269399999983,0.013119187500000018,0.0,3.706235331960558,56,fixed_k3
Strain_a_Tension_0.5pct,a,0.5,-0.09695406999999984,0.013119187500000018,0.0,7.264329447086554,56,fixed_k3
Strain_a_Tension_0.5pct,a,0.5,-0.09307544599999984,0.013119187500000018,0.0,7.479729670646508,56,fixed_k3
Strain_a_Tension_0.5pct,a,0.5,-0.08919682199999984,0.013119187500000018,0.0,4.791669432321512,56,fixed_k3
Strain_a_Tension_0.5pct,a,0.5,-0.08531819799999985,0.013119187500000018,0.0,1.7491115003654283,56,fixed_k3
Strain_a_Tension_0.5pct,a,0.5,-0.08143957399999985,0.013119187500000018,0.0,-0.216426562974601,56,fixed_k3
Strain_a_Tension_0.5pct,a,0.5,-0.07756094999999985,0.013119187500000018,0.0,-1.1087646417645773,56,fixed_k3
Strain_a_Tension_0.5pct,a,0.5,-0.07368232599999985,0.013119187500000018,0.0,-1.3597531102374818,56,fixed_k3
Strain_a_Tension_0.5pct,a,0.5,-0.06980370199999986,0.013119187500000018,0.0,-1.313254187791557,56,fixed_k3
Strain_a_Tension_0.5pct,a,0.5,-0.06592507799999986,0.013119187500000018,0.0,-1.1578789821104545,56,fixed_k3
Strain_a_Tension_0.5pct,a,0.5,-0.06204645399999986,0.013119187500000018,0.0,-0.980662776239389,56,fixed_k3
Strain_a_Tension_0.5pct,a,0.5,-0.058167829999999865,0.013119187500000018,0.0,-0.8168119232803243,56,fixed_k3
Strain_a_Tension_0.5pct,a,0.5,-0.05428920599999987,0.013119187500000018,0.0,-0.6779397796568403,56,fixed_k3
Strain_a_Tension_0.5pct,a,0.5,-0.05041058199999987,0.013119187500000018,0.0,-0.5656515021476437,56,fixed_k3
Strain_a_Tension_0.5pct,a,0.5,-0.04653195799999987,0.013119187500000018,0.0,-0.4775631826613362,56,fixed_k3
Strain_a_Tension_0.5pct,a,0.5,-0.042653333999999876,0.013119187500000018,0.0,-0.4098290142886707,56,fixed_k3
Strain_a_Tension_0.5pct,a,0.5,-0.03877470999999988,0.013119187500000018,0.0,-0.3581620079126796,56,fixed_k3
Strain_a_Tension_0.5pct,a,0.5,-0.03489608599999988,0.013119187500000018,0.0,-0.31824883290349115,56,fixed_k3
Strain_a_Tension_0.5pct,a,0.5,-0.031017461999999885,0.013119187500000018,0.0,-0.2859493276267963,56,fixed_k3
Strain_a_Tension_0.5pct,a,0.5,-0.027138837999999887,0.013119187500000018,0.0,-0.257440053943869,56,fixed_k3
Strain_a_Tension_0.5pct,a,0.5,-0.02326021399999989,0.013119187500000018,0.0,-0.2293564023746234,56,fixed_k3
Strain_a_Tension_0.5pct,a,0.5,-0.019381589999999893,0.013119187500000018,0.0,-0.19893873374214943,56,fixed_k3
Strain_a_Tension_0.5pct,a,0.5,-0.015502965999999896,0.013119187500000018,0.0,-0.16416460949552125,56,fixed_k3
Strain_a_Tension_0.5pct,a,0.5,-0.011624341999999899,0.013119187500000018,0.0,-0.12383952078461635,56,fixed_k3
Strain_a_Tension_0.5pct,a,0.5,-0.0077457179999999015,0.013119187500000018,0.0,-0.07761872267566472,56,fixed_k3
Strain_a_Tension_0.5pct,a,0.5,-0.0038670939999999043,0.013119187500000018,0.0,-0.025941326052399405,56,fixed_k3
Strain_a_Tension_0.5pct,a,0.5,1.1530000000092855e-05,0.013119187500000018,0.0,0.030127154201639916,56,fixed_k3
Strain_a_Tension_0.5pct,a,0.5,0.00389015400000009,0.013119187500000018,0.0,0.0891294469949544,56,fixed_k3
Strain_a_Tension_0.5pct,a,0.5,0.007768778000000087,0.013119187500000018,0.0,0.14949749845442428,56,fixed_k3
Strain_a_Tension_0.5pct,a,0.5,0.011647402000000084,0.013119187500000018,0.0,0.20983876085921588,56,fixed_k3
Strain_a_Tension_0.5pct,a,0.5,0.015526026000000082,0.013119187500000018,0.0,0.2691861030264784,56,fixed_k3
Strain_a_Tension_0.5pct,a,0.5,0.01940465000000008,0.013119187500000018,0.0,0.32717860893902384,56,fixed_k3
Strain_a_Tension_0.5pct,a,0.5,0.023283274000000076,0.013119187500000018,0.0,0.3841564172832605,56,fixed_k3
Strain_a_Tension_0.5pct,a,0.5,0.027161898000000073,0.013119187500000018,0.0,0.4411711042050048,56,fixed_k3
Strain_a_Tension_0.5pct,a,0.5,0.03104052200000007,0.013119187500000018,0.0,0.4999294438683187,56,fixed_k3
Strain_a_Tension_0.5pct,a,0.5,0.03491914600000007,0.013119187500000018,0.0,0.5626995778778828,56,fixed_k3
Strain_a_Tension_0.5pct,a,0.5,0.038797770000000065,0.013119187500000018,0.0,0.6322133009884037,56,fixed_k3
Strain_a_Tension_0.5pct,a,0.5,0.04267639400000006,0.013119187500000018,0.0,0.7115957521484485,56,fixed_k3
Strain_a_Tension_0.5pct,a,0.5,0.04655501800000006,0.013119187500000018,0.0,0.8043421083458846,56,fixed_k3
Strain_a_Tension_0.5pct,a,0.5,0.050433642000000056,0.013119187500000018,0.0,0.9143313985011995,56,fixed_k3
Strain_a_Tension_0.5pct,a,0.5,0.05431226600000005,0.013119187500000018,0.0,1.045795758723466,56,fixed_k3
Strain_a_Tension_0.5pct,a,0.5,0.05819089000000005,0.013119187500000018,0.0,1.2029881074562576,56,fixed_k3
Strain_a_Tension_0.5pct,a,0.5,0.06206951400000005,0.013119187500000018,0.0,1.3888720566993167,56,fixed_k3
Strain_a_Tension_0.5pct,a,0.5,0.06594813800000005,0.013119187500000018,0.0,1.6012051805622027,56,fixed_k3
Strain_a_Tension_0.5pct,a,0.5,0.06982676200000004,0.013119187500000018,0.0,1.8224280654984915,56,fixed_k3
Strain_a_Tension_0.5pct,a,0.5,0.07370538600000004,0.013119187500000018,0.0,1.9966186238510208,56,fixed_k3
Strain_a_Tension_0.5pct,a,0.5,0.07758401000000004,0.013119187500000018,0.0,1.9855263237567078,56,fixed_k3
Strain_a_Tension_0.5pct,a,0.5,0.08146263400000003,0.013119187500000018,0.0,1.514159878102103,56,fixed_k3
Strain_a_Tension_0.5pct,a,0.5,0.08534125800000003,0.013119187500000018,0.0,0.2079290564397971,56,fixed_k3
Strain_a_Tension_0.5pct,a,0.5,0.08921988200000003,0.013119187500000018,0.0,-1.9871283462516645,56,fixed_k3
Strain_a_Tension_0.5pct,a,0.5,0.09309850600000003,0.013119187500000018,0.0,-3.91244956567132,56,fixed_k3
Strain_a_Tension_0.5pct,a,0.5,0.09697713000000002,0.013119187500000018,0.0,-3.3844655179824903,56,fixed_k3
Strain_a_Tension_0.5pct,a,0.5,0.10085575400000002,0.013119187500000018,0.0,-0.03490085366832363,56,fixed_k3
Strain_a_Tension_0.5pct,a,0.5,0.10473437800000002,0.013119187500000018,0.0,3.636976515586948,56,fixed_k3
Strain_a_Tension_0.5pct,a,0.5,0.10861300200000001,0.013119187500000018,0.0,5.555589123091528,56,fixed_k3
Strain_a_Tension_0.5pct,a,0.5,0.11249162600000001,0.013119187500000018,0.0,5.643674639373537,56,fixed_k3
Strain_a_Tension_0.5pct,a,0.5,0.11637025000000001,0.013119187500000018,0.0,4.542895639551211,56,fixed_k3
Strain_a_Tension_0.5pct,a,0.5,0.120248874,0.013119187500000018,0.0,2.4624777338390995,56,fixed_k3
Strain_a_Tension_0.5pct,a,0.5,0.124127498,0.013119187500000018,0.0,-1.7190977682680832,56,fixed_k3
Strain_a_Tension_0.5pct,a,0.5,0.128006122,0.013119187500000018,0.0,-15.4769781409498,56,fixed_k3
Strain_a_Tension_0.5pct,a,0.5,0.131884746,0.013119187500000018,0.0,-116.5357029940131,56,fixed_k3
Strain_a_Tension_0.5pct,a,0.5,0.13576337,0.013119187500000018,0.0,-169.47361541928848,56,fixed_k3
Strain_a_Tension_0.5pct,a,0.5,0.139641994,0.013119187500000018,0.0,-15.805246506089922,56,fixed_k3
Strain_a_Tension_0.5pct,a,0.5,0.143520618,0.013119187500000018,0.0,-1.8204405273440798,56,fixed_k3
Strain_a_Tension_0.5pct,a,0.5,0.14739924199999999,0.013119187500000018,0.0,0.8401214472731118,56,fixed_k3
Strain_a_Tension_0.5pct,a,0.5,0.15127786599999998,0.013119187500000018,0.0,1.6350569740884855,56,fixed_k3
Strain_a_Tension_0.5pct,a,0.5,0.15515649,0.013119187500000018,0.0,1.9149184444260794,56,fixed_k3
Strain_a_Tension_0.5pct,a,0.5,-0.1551334299999998,0.01640582562500001,0.0,0.8642484633644967,56,fixed_k3
Strain_a_Tension_0.5pct,a,0.5,-0.1512548059999998,0.01640582562500001,0.0,0.8063667834296333,56,fixed_k3
Strain_a_Tension_0.5pct,a,0.5,-0.1473761819999998,0.01640582562500001,0.0,0.43580565865752185,56,fixed_k3
Strain_a_Tension_0.5pct,a,0.5,-0.1434975579999998,0.01640582562500001,0.0,-1.0872285082108049,56,fixed_k3
Strain_a_Tension_0.5pct,a,0.5,-0.1396189339999998,0.01640582562500001,0.0,-9.116509042228545,56,fixed_k3
Strain_a_Tension_0.5pct,a,0.5,-0.1357403099999998,0.01640582562500001,0.0,-90.84695369073808,56,fixed_k3
Strain_a_Tension_0.5pct,a,0.5,-0.1318616859999998,0.01640582562500001,0.0,-64.50992023581924,56,fixed_k3
Strain_a_Tension_0.5pct,a,0.5,-0.12798306199999981,0.01640582562500001,0.0,-9.609730276292526,56,fixed_k3
Strain_a_Tension_0.5pct,a,0.5,-0.12410443799999982,0.01640582562500001,0.0,-4.116883396359288,56,fixed_k3
Strain_a_Tension_0.5pct,a,0.5,-0.12022581399999982,0.01640582562500001,0.0,-3.3527590680683894,56,fixed_k3
Strain_a_Tension_0.5pct,a,0.5,-0.11634718999999982,0.01640582562500001,0.0,-3.4701678744757616,56,fixed_k3
Strain_a_Tension_0.5pct,a,0.5,-0.11246856599999983,0.01640582562500001,0.0,-3.4741260845208144,56,fixed_k3
Strain_a_Tension_0.5pct,a,0.5,-0.10858994199999983,0.01640582562500001,0.0,-2.5303301099976427,56,fixed_k3
Strain_a_Tension_0.5pct,a,0.5,-0.10471131799999983,0.01640582562500001,0.0,0.1703602364779248,56,fixed_k3
Strain_a_Tension_0.5pct,a,0.5,-0.10083269399999983,0.01640582562500001,0.0,4.426300442634025,56,fixed_k3
Strain_a_Tension_0.5pct,a,0.5,-0.09695406999999984,0.01640582562500001,0.0,7.886602670986708,56,fixed_k3
Strain_a_Tension_0.5pct,a,0.5,-0.09307544599999984,0.01640582562500001,0.0,7.914035947059497,56,fixed_k3
Strain_a_Tension_0.5pct,a,0.5,-0.08919682199999984,0.01640582562500001,0.0,5.07751880852172,56,fixed_k3
Strain_a_Tension_0.5pct,a,0.5,-0.08531819799999985,0.01640582562500001,0.0,1.9436064721735746,56,fixed_k3
Strain_a_Tension_0.5pct,a,0.5,-0.08143957399999985,0.01640582562500001,0.0,-0.08154709431493584,56,fixed_k3
Strain_a_Tension_0.5pct,a,0.5,-0.07756094999999985,0.01640582562500001,0.0,-1.0137792071841196,56,fixed_k3
Strain_a_Tension_0.5pct,a,0.5,-0.07368232599999985,0.01640582562500001,0.0,-1.289644967878383,56,fixed_k3
Strain_a_Tension_0.5pct,a,0.5,-0.06980370199999986,0.01640582562500001,0.0,-1.2573493155944413,56,fixed_k3
Strain_a_Tension_0.5pct,a,0.5,-0.06592507799999986,0.01640582562500001,0.0,-1.1095706586556209,56,fixed_k3
Strain_a_Tension_0.5pct,a,0.5,-0.06204645399999986,0.01640582562500001,0.0,-0.9363946197012278,56,fixed_k3
Strain_a_Tension_0.5pct,a,0.5,-0.058167829999999865,0.01640582562500001,0.0,-0.7749826764084362,56,fixed_k3
Strain_a_Tension_0.5pct,a,0.5,-0.05428920599999987,0.01640582562500001,0.0,-0.6380674659465901,56,fixed_k3
Strain_a_Tension_0.5pct,a,0.5,-0.05041058199999987,0.01640582562500001,0.0,-0.5278265192267433,56,fixed_k3
Strain_a_Tension_0.5pct,a,0.5,-0.04653195799999987,0.01640582562500001,0.0,-0.4421189366589573,56,fixed_k3
Strain_a_Tension_0.5pct,a,0.5,-0.042653333999999876,0.01640582562500001,0.0,-0.3771539662438568,56,fixed_k3
Strain_a_Tension_0.5pct,a,0.5,-0.03877470999999988,0.01640582562500001,0.0,-0.3285972125117143,56,fixed_k3
Strain_a_Tension_0.5pct,a,0.5,-0.03489608599999988,0.01640582562500001,0.0,-0.29203505458316875,56,fixed_k3
Strain_a_Tension_0.5pct,a,0.5,-0.031017461999999885,0.01640582562500001,0.0,-0.2632021806033955,56,fixed_k3
Strain_a_Tension_0.5pct,a,0.5,-0.027138837999999887,0.01640582562500001,0.0,-0.2381408228892643,56,fixed_k3
Strain_a_Tension_0.5pct,a,0.5,-0.02326021399999989,0.01640582562500001,0.0,-0.2133518127015011,56,fixed_k3
Strain_a_Tension_0.5pct,a,0.5,-0.019381589999999893,0.01640582562500001,0.0,-0.1859462617419047,56,fixed_k3
Strain_a_Tension_0.5pct,a,0.5,-0.015502965999999896,0.01640582562500001,0.0,-0.1537818288183358,56,fixed_k3
Strain_a_Tension_0.5pct,a,0.5,-0.011624341999999899,0.01640582562500001,0.0,-0.1155570070849225,56,fixed_k3
Strain_a_Tension_0.5pct,a,0.5,-0.0077457179999999015,0.01640582562500001,0.0,-0.07083649192784985,56,fixed_k3
Strain_a_Tension_0.5pct,a,0.5,-0.0038670939999999043,0.01640582562500001,0.0,-0.019988842540624163,56,fixed_k3
Strain_a_Tension_0.5pct,a,0.5,1.1530000000092855e-05,0.01640582562500001,0.0,0.03596758022528751,56,fixed_k3
Strain_a_Tension_0.5pct,a,0.5,0.00389015400000009,0.01640582562500001,0.0,0.0955964412598227,56,fixed_k3
Strain_a_Tension_0.5pct,a,0.5,0.007768778000000087,0.01640582562500001,0.0,0.15732260084374483,56,fixed_k3
Strain_a_Tension_0.5pct,a,0.5,0.011647402000000084,0.01640582562500001,0.0,0.2197179953470157,56,fixed_k3
Strain_a_Tension_0.5pct,a,0.5,0.015526026000000082,0.01640582562500001,0.0,0.2817527317848961,56,fixed_k3
Strain_a_Tension_0.5pct,a,0.5,0.01940465000000008,0.01640582562500001,0.0,0.3429786124934244,56,fixed_k3
Strain_a_Tension_0.5pct,a,0.5,0.023283274000000076,0.01640582562500001,0.0,0.40362795552066594,56,fixed_k3
Strain_a_Tension_0.5pct,a,0.5,0.027161898000000073,0.01640582562500001,0.0,0.46462878312017175,56,fixed_k3
Strain_a_Tension_0.5pct,a,0.5,0.03104052200000007,0.01640582562500001,0.0,0.5275538005367695,56,fixed_k3
Strain_a_Tension_0.5pct,a,0.5,0.03491914600000007,0.01640582562500001,0.0,0.5945320030381325,56,fixed_k3
Strain_a_Tension_0.5pct,a,0.5,0.038797770000000065,0.01640582562500001,0.0,0.6681568741896347,56,fixed_k3
Strain_a_Tension_0.5pct,a,0.5,0.04267639400000006,0.01640582562500001,0.0,0.7514234450259004,56,fixed_k3
Strain_a_Tension_0.5pct,a,0.5,0.04655501800000006,0.01640582562500001,0.0,0.8477159154780396,56,fixed_k3
Strain_a_Tension_0.5pct,a,0.5,0.050433642000000056,0.01640582562500001,0.0,0.9608398708269541,56,fixed_k3
Strain_a_Tension_0.5pct,a,0.5,0.05431226600000005,0.01640582562500001,0.0,1.0950244743482933,56,fixed_k3
Strain_a_Tension_0.5pct,a,0.5,0.05819089000000005,0.01640582562500001,0.0,1.2546505706558455,56,fixed_k3
Strain_a_Tension_0.5pct,a,0.5,0.06206951400000005,0.01640582562500001,0.0,1.4430532750743117,56,fixed_k3
Strain_a_Tension_0.5pct,a,0.5,0.06594813800000005,0.01640582562500001,0.0,1.658819410424763,56,fixed_k3
Strain_a_Tension_0.5pct,a,0.5,0.06982676200000004,0.01640582562500001,0.0,1.8860903397662252,56,fixed_k3
Strain_a_Tension_0.5pct,a,0.5,0.07370538600000004,0.01640582562500001,0.0,2.0723024655613993,56,fixed_k3
Strain_a_Tension_0.5pct,a,0.5,0.07758401000000004,0.01640582562500001,0.0,2.0855218954247596,56,fixed_k3
Strain_a_Tension_0.5pct,a,0.5,0.08146263400000003,0.01640582562500001,0.0,1.6610386295970865,56,fixed_k3
Strain_a_Tension_0.5pct,a,0.5,0.08534125800000003,0.01640582562500001,0.0,0.43395126370300513,56,fixed_k3
Strain_a_Tension_0.5pct,a,0.5,0.08921988200000003,0.01640582562500001,0.0,-1.6637600315167695,56,fixed_k3
Strain_a_Tension_0.5pct,a,0.5,0.09309850600000003,0.01640582562500001,0.0,-3.542796355338375,56,fixed_k3
Strain_a_Tension_0.5pct,a,0.5,0.09697713000000002,0.01640582562500001,0.0,-3.08136528896806,56,fixed_k3
Strain_a_Tension_0.5pct,a,0.5,0.10085575400000002,0.01640582562500001,0.0,0.17143865572907846,56,fixed_k3
Strain_a_Tension_0.5pct,a,0.5,0.10473437800000002,0.01640582562500001,0.0,3.8264975633807716,56,fixed_k3
Strain_a_Tension_0.5pct,a,0.5,0.10861300200000001,0.01640582562500001,0.0,5.774423627606346,56,fixed_k3
Strain_a_Tension_0.5pct,a,0.5,0.11249162600000001,0.01640582562500001,0.0,5.854742427403167,56,fixed_k3
Strain_a_Tension_0.5pct,a,0.5,0.11637025000000001,0.01640582562500001,0.0,4.64993409032114,56,fixed_k3
Strain_a_Tension_0.5pct,a,0.5,0.120248874,0.01640582562500001,0.0,2.2666474051970322,56,fixed_k3
Strain_a_Tension_0.5pct,a,0.5,0.124127498,0.01640582562500001,0.0,-2.8315983153691193,56,fixed_k3
Strain_a_Tension_0.5pct,a,0.5,0.128006122,0.01640582562500001,0.0,-20.80044592522252,56,fixed_k3
Strain_a_Tension_0.5pct,a,0.5,0.131884746,0.01640582562500001,0.0,-165.7038051941829,56,fixed_k3
Strain_a_Tension_0.5pct,a,0.5,0.13576337,0.01640582562500001,0.0,-197.82661446617396,56,fixed_k3
Strain_a_Tension_0.5pct,a,0.5,0.139641994,0.01640582562500001,0.0,-17.785415551363844,56,fixed_k3
Strain_a_Tension_0.5pct,a,0.5,0.143520618,0.01640582562500001,0.0,-2.0366885734980453,56,fixed_k3
Strain_a_Tension_0.5pct,a,0.5,0.14739924199999999,0.01640582562500001,0.0,0.9880438886828536,56,fixed_k3
Strain_a_Tension_0.5pct,a,0.5,0.15127786599999998,0.01640582562500001,0.0,1.8847945459114346,56,fixed_k3
Strain_a_Tension_0.5pct,a,0.5,0.15515649,0.01640582562500001,0.0,2.192085808145135,56,fixed_k3
Strain_a_Tension_0.5pct,a,0.5,-0.1551334299999998,0.019692463750000028,0.0,1.217459704102502,56,fixed_k3
Strain_a_Tension_0.5pct,a,0.5,-0.1512548059999998,0.019692463750000028,0.0,1.1389013846220832,56,fixed_k3
Strain_a_Tension_0.5pct,a,0.5,-0.1473761819999998,0.019692463750000028,0.0,0.6825685364726666,56,fixed_k3
Strain_a_Tension_0.5pct,a,0.5,-0.1434975579999998,0.019692463750000028,0.0,-1.1404495422232692,56,fixed_k3
Strain_a_Tension_0.5pct,a,0.5,-0.1396189339999998,0.019692463750000028,0.0,-10.57150698083327,56,fixed_k3
Strain_a_Tension_0.5pct,a,0.5,-0.1357403099999998,0.019692463750000028,0.0,-111.89159136162034,56,fixed_k3
Strain_a_Tension_0.5pct,a,0.5,-0.1318616859999998,0.019692463750000028,0.0,-106.55860469501704,56,fixed_k3
Strain_a_Tension_0.5pct,a,0.5,-0.12798306199999981,0.019692463750000028,0.0,-14.006137374193155,56,fixed_k3
Strain_a_Tension_0.5pct,a,0.5,-0.12410443799999982,0.019692463750000028,0.0,-5.129769970115579,56,fixed_k3
Strain_a_Tension_0.5pct,a,0.5,-0.12022581399999982,0.019692463750000028,0.0,-3.60122689027439,56,fixed_k3
Strain_a_Tension_0.5pct,a,0.5,-0.11634718999999982,0.019692463750000028,0.0,-3.4062842135769085,56,fixed_k3
Strain_a_Tension_0.5pct,a,0.5,-0.11246856599999983,0.019692463750000028,0.0,-3.1918791893782976,56,fixed_k3
Strain_a_Tension_0.5pct,a,0.5,-0.10858994199999983,0.019692463750000028,0.0,-2.027673245226059,56,fixed_k3
Strain_a_Tension_0.5pct,a,0.5,-0.10471131799999983,0.019692463750000028,0.0,0.8770924849230834,56,fixed_k3
Strain_a_Tension_0.5pct,a,0.5,-0.10083269399999983,0.019692463750000028,0.0,5.204194457334827,56,fixed_k3
Strain_a_Tension_0.5pct,a,0.5,-0.09695406999999984,0.019692463750000028,0.0,8.527270973114257,56,fixed_k3
Strain_a_Tension_0.5pct,a,0.5,-0.09307544599999984,0.019692463750000028,0.0,8.333266142271722,56,fixed_k3
Strain_a_Tension_0.5pct,a,0.5,-0.08919682199999984,0.019692463750000028,0.0,5.341427265742624,56,fixed_k3
Strain_a_Tension_0.5pct,a,0.5,-0.08531819799999985,0.019692463750000028,0.0,2.1233708625726826,56,fixed_k3
Strain_a_Tension_0.5pct,a,0.5,-0.08143957399999985,0.019692463750000028,0.0,0.045776753311240315,56,fixed_k3
Strain_a_Tension_0.5pct,a,0.5,-0.07756094999999985,0.019692463750000028,0.0,-0.9226375802482127,56,fixed_k3
Strain_a_Tension_0.5pct,a,0.5,-0.07368232599999985,0.019692463750000028,0.0,-1.2220037470954606,56,fixed_k3
Strain_a_Tension_0.5pct,a,0.5,-0.06980370199999986,0.019692463750000028,0.0,-1.203554853750184,56,fixed_k3
Strain_a_Tension_0.5pct,a,0.5,-0.06592507799999986,0.019692463750000028,0.0,-1.0633507350416411,56,fixed_k3
Strain_a_Tension_0.5pct,a,0.5,-0.06204645399999986,0.019692463750000028,0.0,-0.8942582848950277,56,fixed_k3
Strain_a_Tension_0.5pct,a,0.5,-0.058167829999999865,0.019692463750000028,0.0,-0.735310175342834,56,fixed_k3
Strain_a_Tension_0.5pct,a,0.5,-0.05428920599999987,0.019692463750000028,0.0,-0.6003418933887759,56,fixed_k3
Strain_a_Tension_0.5pct,a,0.5,-0.05041058199999987,0.019692463750000028,0.0,-0.4921071791926682,56,fixed_k3
Strain_a_Tension_0.5pct,a,0.5,-0.04653195799999987,0.019692463750000028,0.0,-0.4087158983381992,56,fixed_k3
Strain_a_Tension_0.5pct,a,0.5,-0.042653333999999876,0.019692463750000028,0.0,-0.3464393480121325,56,fixed_k3
Strain_a_Tension_0.5pct,a,0.5,-0.03877470999999988,0.019692463750000028,0.0,-0.30090118453247605,56,fixed_k3
Strain_a_Tension_0.5pct,a,0.5,-0.03489608599999988,0.019692463750000028,0.0,-0.267591729137975,56,fixed_k3
Strain_a_Tension_0.5pct,a,0.5,-0.031017461999999885,0.019692463750000028,0.0,-0.24212397691096121,56,fixed_k3
Strain_a_Tension_0.5pct,a,0.5,-0.027138837999999887,0.019692463750000028,0.0,-0.22040883008727785,56,fixed_k3
Strain_a_Tension_0.5pct,a,0.5,-0.02326021399999989,0.019692463750000028,0.0,-0.1988152398484122,56,fixed_k3
Strain_a_Tension_0.5pct,a,0.5,-0.019381589999999893,0.019692463750000028,0.0,-0.1743274121797478,56,fixed_k3
Strain_a_Tension_0.5pct,a,0.5,-0.015502965999999896,0.019692463750000028,0.0,-0.1446849959946589,56,fixed_k3
Strain_a_Tension_0.5pct,a,0.5,-0.011624341999999899,0.019692463750000028,0.0,-0.108480777948053,56,fixed_k3
Strain_a_Tension_0.5pct,a,0.5,-0.0077457179999999015,0.019692463750000028,0.0,-0.06518946161831307,56,fixed_k3
Strain_a_Tension_0.5pct,a,0.5,-0.0038670939999999043,0.019692463750000028,0.0,-0.015108856921522307,56,fixed_k3
Strain_a_Tension_0.5pct,a,0.5,1.1530000000092855e-05,0.019692463750000028,0.0,0.040790725362441105,56,fixed_k3
Strain_a_Tension_0.5pct,a,0.5,0.00389015400000009,0.019692463750000028,0.0,0.10109530914353715,56,fixed_k3
Strain_a_Tension_0.5pct,a,0.5,0.007768778000000087,0.019692463750000028,0.0,0.1642243800423573,56,fixed_k3
Strain_a_Tension_0.5pct,a,0.5,0.011647402000000084,0.019692463750000028,0.0,0.22871611077285803,56,fixed_k3
Strain_a_Tension_0.5pct,a,0.5,0.015526026000000082,0.019692463750000028,0.0,0.293479447793649,56,fixed_k3
Strain_a_Tension_0.5pct,a,0.5,0.01940465000000008,0.019692463750000028,0.0,0.357980272753468,56,fixed_k3
Strain_a_Tension_0.5pct,a,0.5,0.023283274000000076,0.019692463750000028,0.0,0.4223442355028193,56,fixed_k3
Strain_a_Tension_0.5pct,a,0.5,0.027161898000000073,0.019692463750000028,0.0,0.4873768844854406,56,fixed_k3
Strain_a_Tension_0.5pct,a,0.5,0.03104052200000007,0.019692463750000028,0.0,0.5545180550570908,56,fixed_k3
Strain_a_Tension_0.5pct,a,0.5,0.03491914600000007,0.019692463750000028,0.0,0.6257590830741442,56,fixed_k3
Strain_a_Tension_0.5pct,a,0.5,0.038797770000000065,0.019692463750000028,0.0,0.7035569549206243,56,fixed_k3
Strain_a_Tension_0.5pct,a,0.5,0.04267639400000006,0.019692463750000028,0.0,0.7907784902524518,56,fixed_k3
Strain_a_Tension_0.5pct,a,0.5,0.04655501800000006,0.019692463750000028,0.0,0.8906981198232389,56,fixed_k3
Strain_a_Tension_0.5pct,a,0.5,0.050433642000000056,0.019692463750000028,0.0,1.007046795181045,56,fixed_k3
Strain_a_Tension_0.5pct,a,0.5,0.05431226600000005,0.019692463750000028,0.0,1.1440437666743986,56,fixed_k3
Strain_a_Tension_0.5pct,a,0.5,0.05819089000000005,0.019692463750000028,0.0,1.3061789850737417,56,fixed_k3
Strain_a_Tension_0.5pct,a,0.5,0.06206951400000005,0.019692463750000028,0.0,1.497117937703251,56,fixed_k3
Strain_a_Tension_0.5pct,a,0.5,0.06594813800000005,0.019692463750000028,0.0,1.7161975429638106,56,fixed_k3
Strain_a_Tension_0.5pct,a,0.5,0.06982676200000004,0.019692463750000028,0.0,1.9491251860317669,56,fixed_k3
Strain_a_Tension_0.5pct,a,0.5,0.07370538600000004,0.019692463750000028,0.0,2.146504333692417,56,fixed_k3
Strain_a_Tension_0.5pct,a,0.5,0.07758401000000004,0.019692463750000028,0.0,2.1825346681309448,56,fixed_k3
Strain_a_Tension_0.5pct,a,0.5,0.08146263400000003,0.019692463750000028,0.0,1.8027970783915437,56,fixed_k3
Strain_a_Tension_0.5pct,a,0.5,0.08534125800000003,0.019692463750000028,0.0,0.6523578898526096,56,fixed_k3
Strain_a_Tension_0.5pct,a,0.5,0.08921988200000003,0.019692463750000028,0.0,-1.3515230785383583,56,fixed_k3
Strain_a_Tension_0.5pct,a,0.5,0.09309850600000003,0.019692463750000028,0.0,-3.193505755981446,56,fixed_k3
Strain_a_Tension_0.5pct,a,0.5,0.09697713000000002,0.019692463750000028,0.0,-2.818235920998476,56,fixed_k3
Strain_a_Tension_0.5pct,a,0.5,0.10085575400000002,0.019692463750000028,0.0,0.3211846625731497,56,fixed_k3
Strain_a_Tension_0.5pct,a,0.5,0.10473437800000002,0.019692463750000028,0.0,3.966449508975286,56,fixed_k3
Strain_a_Tension_0.5pct,a,0.5,0.10861300200000001,0.019692463750000028,0.0,5.9672127111437785,56,fixed_k3
Strain_a_Tension_0.5pct,a,0.5,0.11249162600000001,0.019692463750000028,0.0,6.057161088084697,56,fixed_k3
Strain_a_Tension_0.5pct,a,0.5,0.11637025000000001,0.019692463750000028,0.0,4.742509453261883,56,fixed_k3
Strain_a_Tension_0.5pct,a,0.5,0.120248874,0.019692463750000028,0.0,2.0001785240231253,56,fixed_k3
Strain_a_Tension_0.5pct,a,0.5,0.124127498,0.019692463750000028,0.0,-4.252049078477338,56,fixed_k3
Strain_a_Tension_0.5pct,a,0.5,0.128006122,0.019692463750000028,0.0,-27.984457232327095,56,fixed_k3
Strain_a_Tension_0.5pct,a,0.5,0.131884746,0.019692463750000028,0.0,-242.74540338642618,56,fixed_k3
Strain_a_Tension_0.5pct,a,0.5,0.13576337,0.019692463750000028,0.0,-220.71760215339933,56,fixed_k3
Strain_a_Tension_0.5pct,a,0.5,0.139641994,0.019692463750000028,0.0,-19.204031785117515,56,fixed_k3
Strain_a_Tension_0.5pct,a,0.5,0.143520618,0.019692463750000028,0.0,-2.1589787106659313,56,fixed_k3
Strain_a_Tension_0.5pct,a,0.5,0.14739924199999999,0.019692463750000028,0.0,1.1586343793815836,56,fixed_k3
Strain_a_Tension_0.5pct,a,0.5,0.15127786599999998,0.019692463750000028,0.0,2.1377042433914077,56,fixed_k3
Strain_a_Tension_0.5pct,a,0.5,0.15515649,0.019692463750000028,0.0,2.465137291140542,56,fixed_k3
Strain_a_Tension_0.5pct,a,0.5,-0.1551334299999998,0.02297910187500002,0.0,1.5802611865830944,56,fixed_k3
Strain_a_Tension_0.5pct,a,0.5,-0.1512548059999998,0.02297910187500002,0.0,1.489329708619477,56,fixed_k3
Strain_a_Tension_0.5pct,a,0.5,-0.1473761819999998,0.02297910187500002,0.0,0.9676336610236624,56,fixed_k3
Strain_a_Tension_0.5pct,a,0.5,-0.1434975579999998,0.02297910187500002,0.0,-1.0846912023903665,56,fixed_k3
Strain_a_Tension_0.5pct,a,0.5,-0.1396189339999998,0.02297910187500002,0.0,-11.486534906387648,56,fixed_k3
Strain_a_Tension_0.5pct,a,0.5,-0.1357403099999998,0.02297910187500002,0.0,-126.96682010281714,56,fixed_k3
Strain_a_Tension_0.5pct,a,0.5,-0.1318616859999998,0.02297910187500002,0.0,-175.73547970287524,56,fixed_k3
Strain_a_Tension_0.5pct,a,0.5,-0.12798306199999981,0.02297910187500002,0.0,-19.99028650491407,56,fixed_k3
Strain_a_Tension_0.5pct,a,0.5,-0.12410443799999982,0.02297910187500002,0.0,-6.420732641104301,56,fixed_k3
Strain_a_Tension_0.5pct,a,0.5,-0.12022581399999982,0.02297910187500002,0.0,-3.9254372310557506,56,fixed_k3
Strain_a_Tension_0.5pct,a,0.5,-0.11634718999999982,0.02297910187500002,0.0,-3.352364653311913,56,fixed_k3
Strain_a_Tension_0.5pct,a,0.5,-0.11246856599999983,0.02297910187500002,0.0,-2.880553971788008,56,fixed_k3
Strain_a_Tension_0.5pct,a,0.5,-0.10858994199999983,0.02297910187500002,0.0,-1.4646070826093984,56,fixed_k3
Strain_a_Tension_0.5pct,a,0.5,-0.10471131799999983,0.02297910187500002,0.0,1.659247610843619,56,fixed_k3
Strain_a_Tension_0.5pct,a,0.5,-0.10083269399999983,0.02297910187500002,0.0,6.038466987787254,56,fixed_k3
Strain_a_Tension_0.5pct,a,0.5,-0.09695406999999984,0.02297910187500002,0.0,9.179239710582412,56,fixed_k3
Strain_a_Tension_0.5pct,a,0.5,-0.09307544599999984,0.02297910187500002,0.0,8.7310150860576,56,fixed_k3
Strain_a_Tension_0.5pct,a,0.5,-0.08919682199999984,0.02297910187500002,0.0,5.5796317649963845,56,fixed_k3
Strain_a_Tension_0.5pct,a,0.5,-0.08531819799999985,0.02297910187500002,0.0,2.2863587902867906,56,fixed_k3
Strain_a_Tension_0.5pct,a,0.5,-0.08143957399999985,0.02297910187500002,0.0,0.16442099344495453,56,fixed_k3
Strain_a_Tension_0.5pct,a,0.5,-0.07756094999999985,0.02297910187500002,0.0,-0.8359539851501593,56,fixed_k3
Strain_a_Tension_0.5pct,a,0.5,-0.07368232599999985,0.02297910187500002,0.0,-1.1571787562631943,56,fixed_k3
Strain_a_Tension_0.5pct,a,0.5,-0.06980370199999986,0.02297910187500002,0.0,-1.152099938565324,56,fixed_k3
Strain_a_Tension_0.5pct,a,0.5,-0.06592507799999986,0.02297910187500002,0.0,-1.0194040063765533,56,fixed_k3
Strain_a_Tension_0.5pct,a,0.5,-0.06204645399999986,0.02297910187500002,0.0,-0.8544287669443267,56,fixed_k3
Strain_a_Tension_0.5pct,a,0.5,-0.058167829999999865,0.02297910187500002,0.0,-0.6979726940992823,56,fixed_k3
Strain_a_Tension_0.5pct,a,0.5,-0.05428920599999987,0.02297910187500002,0.0,-0.5649477678543462,56,fixed_k3
Strain_a_Tension_0.5pct,a,0.5,-0.05041058199999987,0.02297910187500002,0.0,-0.4586837482260141,56,fixed_k3
Strain_a_Tension_0.5pct,a,0.5,-0.04653195799999987,0.02297910187500002,0.0,-0.3775477627475021,56,fixed_k3
Strain_a_Tension_0.5pct,a,0.5,-0.042653333999999876,0.02297910187500002,0.0,-0.3178800826141537,56,fixed_k3
Strain_a_Tension_0.5pct,a,0.5,-0.03877470999999988,0.02297910187500002,0.0,-0.2752682543381697,56,fixed_k3
Strain_a_Tension_0.5pct,a,0.5,-0.03489608599999988,0.02297910187500002,0.0,-0.2451112739593002,56,fixed_k3
Strain_a_Tension_0.5pct,a,0.5,-0.031017461999999885,0.02297910187500002,0.0,-0.2229043853474586,56,fixed_k3
Strain_a_Tension_0.5pct,a,0.5,-0.027138837999999887,0.02297910187500002,0.0,-0.20443058239098155,56,fixed_k3
Strain_a_Tension_0.5pct,a,0.5,-0.02326021399999989,0.02297910187500002,0.0,-0.18592996772378234,56,fixed_k3
Strain_a_Tension_0.5pct,a,0.5,-0.019381589999999893,0.02297910187500002,0.0,-0.1642624760902237,56,fixed_k3
Strain_a_Tension_0.5pct,a,0.5,-0.015502965999999896,0.02297910187500002,0.0,-0.13705188245495092,56,fixed_k3
Strain_a_Tension_0.5pct,a,0.5,-0.011624341999999899,0.02297910187500002,0.0,-0.1027867660705819,56,fixed_k3
Strain_a_Tension_0.5pct,a,0.5,-0.0077457179999999015,0.02297910187500002,0.0,-0.060852586274869225,56,fixed_k3
Strain_a_Tension_0.5pct,a,0.5,-0.0038670939999999043,0.02297910187500002,0.0,-0.011476359330937713,56,fixed_k3
Strain_a_Tension_0.5pct,a,0.5,1.1530000000092855e-05,0.02297910187500002,0.0,0.04442042834066351,56,fixed_k3
Strain_a_Tension_0.5pct,a,0.5,0.00389015400000009,0.02297910187500002,0.0,0.10544750230507216,56,fixed_k3
Strain_a_Tension_0.5pct,a,0.5,0.007768778000000087,0.02297910187500002,0.0,0.17002065768288577,56,fixed_k3
Strain_a_Tension_0.5pct,a,0.5,0.011647402000000084,0.02297910187500002,0.0,0.2366460931461447,56,fixed_k3
Strain_a_Tension_0.5pct,a,0.5,0.015526026000000082,0.02297910187500002,0.0,0.304173304973005,56,fixed_k3
Strain_a_Tension_0.5pct,a,0.5,0.01940465000000008,0.02297910187500002,0.0,0.3719837986338981,56,fixed_k3
Strain_a_Tension_0.5pct,a,0.5,0.023283274000000076,0.02297910187500002,0.0,0.4400979646666463,56,fixed_k3
Strain_a_Tension_0.5pct,a,0.5,0.027161898000000073,0.02297910187500002,0.0,0.5092002832764351,56,fixed_k3
Strain_a_Tension_0.5pct,a,0.5,0.03104052200000007,0.02297910187500002,0.0,0.5805993093279628,56,fixed_k3
Strain_a_Tension_0.5pct,a,0.5,0.03491914600000007,0.02297910187500002,0.0,0.6561506577134149,56,fixed_k3
Strain_a_Tension_0.5pct,a,0.5,0.038797770000000065,0.02297910187500002,0.0,0.738177139018439,56,fixed_k3
Strain_a_Tension_0.5pct,a,0.5,0.04267639400000006,0.02297910187500002,0.0,0.8294198074659777,56,fixed_k3
Strain_a_Tension_0.5pct,a,0.5,0.04655501800000006,0.02297910187500002,0.0,0.9330450864111755,56,fixed_k3
Strain_a_Tension_0.5pct,a,0.5,0.050433642000000056,0.02297910187500002,0.0,1.052708570239636,56,fixed_k3
Strain_a_Tension_0.5pct,a,0.5,0.05431226600000005,0.02297910187500002,0.0,1.192612830002643,56,fixed_k3
Strain_a_Tension_0.5pct,a,0.5,0.05819089000000005,0.02297910187500002,0.0,1.3573375440954552,56,fixed_k3
Strain_a_Tension_0.5pct,a,0.5,0.06206951400000005,0.02297910187500002,0.0,1.5508352307598352,56,fixed_k3
Strain_a_Tension_0.5pct,a,0.5,0.06594813800000005,0.02297910187500002,0.0,1.773107965261739,56,fixed_k3
Strain_a_Tension_0.5pct,a,0.5,0.06982676200000004,0.02297910187500002,0.0,2.0112809616001606,56,fixed_k3
Strain_a_Tension_0.5pct,a,0.5,0.07370538600000004,0.02297910187500002,0.0,2.21890371611091,56,fixed_k3
Strain_a_Tension_0.5pct,a,0.5,0.07758401000000004,0.02297910187500002,0.0,2.276065554439001,56,fixed_k3
Strain_a_Tension_0.5pct,a,0.5,0.08146263400000003,0.02297910187500002,0.0,1.9385491714581478,56,fixed_k3
Strain_a_Tension_0.5pct,a,0.5,0.08534125800000003,0.02297910187500002,0.0,0.8616418908336481,56,fixed_k3
Strain_a_Tension_0.5pct,a,0.5,0.08921988200000003,0.02297910187500002,0.0,-1.052254221492796,56,fixed_k3
Strain_a_Tension_0.5pct,a,0.5,0.09309850600000003,0.02297910187500002,0.0,-2.8651573508808923,56,fixed_k3
Strain_a_Tension_0.5pct,a,0.5,0.09697713000000002,0.02297910187500002,0.0,-2.593542924306549,56,fixed_k3
Strain_a_Tension_0.5pct,a,0.5,0.10085575400000002,0.02297910187500002,0.0,0.4148716762889407,56,fixed_k3
Strain_a_Tension_0.5pct,a,0.5,0.10473437800000002,0.02297910187500002,0.0,4.054189112103667,56,fixed_k3
Strain_a_Tension_0.5pct,a,0.5,0.10861300200000001,0.02297910187500002,0.0,6.130214199265319,56,fixed_k3
Strain_a_Tension_0.5pct,a,0.5,0.11249162600000001,0.02297910187500002,0.0,6.247356395442404,56,fixed_k3
Strain_a_Tension_0.5pct,a,0.5,0.11637025000000001,0.02297910187500002,0.0,4.813613951362311,56,fixed_k3
Strain_a_Tension_0.5pct,a,0.5,0.120248874,0.02297910187500002,0.0,1.637365139881528,56,fixed_k3
Strain_a_Tension_0.5pct,a,0.5,0.124127498,0.02297910187500002,0.0,-6.100671214122007,56,fixed_k3
Strain_a_Tension_0.5pct,a,0.5,0.128006122,0.02297910187500002,0.0,-38.004397972807205,56,fixed_k3
Strain_a_Tension_0.5pct,a,0.5,0.131884746,0.02297910187500002,0.0,-371.566725986906,56,fixed_k3
Strain_a_Tension_0.5pct,a,0.5,0.13576337,0.02297910187500002,0.0,-235.0179085141236,56,fixed_k3
Strain_a_Tension_0.5pct,a,0.5,0.139641994,0.02297910187500002,0.0,-20.02059077373026,56,fixed_k3
Strain_a_Tension_0.5pct,a,0.5,0.143520618,0.02297910187500002,0.0,-2.177487081693832,56,fixed_k3
Strain_a_Tension_0.5pct,a,0.5,0.14739924199999999,0.02297910187500002,0.0,1.355246097986479,56,fixed_k3
Strain_a_Tension_0.5pct,a,0.5,0.15127786599999998,0.02297910187500002,0.0,2.3950142014207665,56,fixed_k3
Strain_a_Tension_0.5pct,a,0.5,0.15515649,0.02297910187500002,0.0,2.7344474301259702,56,fixed_k3
Strain_a_Tension_0.5pct,a,0.5,-0.1551334299999998,0.02626574000000001,0.0,1.952152181809883,56,fixed_k3
Strain_a_Tension_0.5pct,a,0.5,-0.1512548059999998,0.02626574000000001,0.0,1.85787150575468,56,fixed_k3
Strain_a_Tension_0.5pct,a,0.5,-0.1473761819999998,0.02626574000000001,0.0,1.2924575626555277,56,fixed_k3
Strain_a_Tension_0.5pct,a,0.5,-0.1434975579999998,0.02626574000000001,0.0,-0.9169851119740404,56,fixed_k3
Strain_a_Tension_0.5pct,a,0.5,-0.1396189339999998,0.02626574000000001,0.0,-11.866782410830957,56,fixed_k3
Strain_a_Tension_0.5pct,a,0.5,-0.1357403099999998,0.02626574000000001,0.0,-134.40208005826244,56,fixed_k3
Strain_a_Tension_0.5pct,a,0.5,-0.1318616859999998,0.02626574000000001,0.0,-299.45703544046273,56,fixed_k3
Strain_a_Tension_0.5pct,a,0.5,-0.12798306199999981,0.02626574000000001,0.0,-28.490037694772255,56,fixed_k3
Strain_a_Tension_0.5pct,a,0.5,-0.12410443799999982,0.02626574000000001,0.0,-8.100305331262067,56,fixed_k3
Strain_a_Tension_0.5pct,a,0.5,-0.12022581399999982,0.02626574000000001,0.0,-4.345367996169534,56,fixed_k3
Strain_a_Tension_0.5pct,a,0.5,-0.11634718999999982,0.02626574000000001,0.0,-3.3056704296548425,56,fixed_k3
Strain_a_Tension_0.5pct,a,0.5,-0.11246856599999983,0.02626574000000001,0.0,-2.52879973879525,56,fixed_k3
Strain_a_Tension_0.5pct,a,0.5,-0.10858994199999983,0.02626574000000001,0.0,-0.8280787915333097,56,fixed_k3
Strain_a_Tension_0.5pct,a,0.5,-0.10471131799999983,0.02626574000000001,0.0,2.5243026178700325,56,fixed_k3
Strain_a_Tension_0.5pct,a,0.5,-0.10083269399999983,0.02626574000000001,0.0,6.926547302652673,56,fixed_k3
Strain_a_Tension_0.5pct,a,0.5,-0.09695406999999984,0.02626574000000001,0.0,9.834286862243092,56,fixed_k3
Strain_a_Tension_0.5pct,a,0.5,-0.09307544599999984,0.02626574000000001,0.0,9.100677014593959,56,fixed_k3
Strain_a_Tension_0.5pct,a,0.5,-0.08919682199999984,0.02626574000000001,0.0,5.78863203476384,56,fixed_k3
Strain_a_Tension_0.5pct,a,0.5,-0.08531819799999985,0.02626574000000001,0.0,2.4307730149920035,56,fixed_k3
Strain_a_Tension_0.5pct,a,0.5,-0.08143957399999985,0.02626574000000001,0.0,0.2733981272914384,56,fixed_k3
Strain_a_Tension_0.5pct,a,0.5,-0.07756094999999985,0.02626574000000001,0.0,-0.7542779579291917,56,fixed_k3
Strain_a_Tension_0.5pct,a,0.5,-0.07368232599999985,0.02626574000000001,0.0,-1.0954862095683116,56,fixed_k3
Strain_a_Tension_0.5pct,a,0.5,-0.06980370199999986,0.02626574000000001,0.0,-1.1031922983358398,56,fixed_k3
Strain_a_Tension_0.5pct,a,0.5,-0.06592507799999986,0.02626574000000001,0.0,-0.9778976944858394,56,fixed_k3
Strain_a_Tension_0.5pct,a,0.5,-0.06204645399999986,0.02626574000000001,0.0,-0.8170645531032257,56,fixed_k3
Strain_a_Tension_0.5pct,a,0.5,-0.058167829999999865,0.02626574000000001,0.0,-0.6631321727851374,56,fixed_k3
Strain_a_Tension_0.5pct,a,0.5,-0.05428920599999987,0.02626574000000001,0.0,-0.5320534005509553,56,fixed_k3
Strain_a_Tension_0.5pct,a,0.5,-0.05041058199999987,0.02626574000000001,0.0,-0.42773002618975287,56,fixed_k3
Strain_a_Tension_0.5pct,a,0.5,-0.04653195799999987,0.02626574000000001,0.0,-0.3487917489128338,56,fixed_k3
Strain_a_Tension_0.5pct,a,0.5,-0.042653333999999876,0.02626574000000001,0.0,-0.29165468834281005,56,fixed_k3
Strain_a_Tension_0.5pct,a,0.5,-0.03877470999999988,0.02626574000000001,0.0,-0.25187649866936024,56,fixed_k3
Strain_a_Tension_0.5pct,a,0.5,-0.03489608599999988,0.02626574000000001,0.0,-0.2247700742335914,56,fixed_k3
Strain_a_Tension_0.5pct,a,0.5,-0.031017461999999885,0.02626574000000001,0.0,-0.20571732097767248,56,fixed_k3
Strain_a_Tension_0.5pct,a,0.5,-0.027138837999999887,0.02626574000000001,0.0,-0.19037715334257477,56,fixed_k3
Strain_a_Tension_0.5pct,a,0.5,-0.02326021399999989,0.02626574000000001,0.0,-0.17486419355284277,56,fixed_k3
Strain_a_Tension_0.5pct,a,0.5,-0.019381589999999893,0.02626574000000001,0.0,-0.15591701532150015,56,fixed_k3
Strain_a_Tension_0.5pct,a,0.5,-0.015502965999999896,0.02626574000000001,0.0,-0.13104588513165494,56,fixed_k3
Strain_a_Tension_0.5pct,a,0.5,-0.011624341999999899,0.02626574000000001,0.0,-0.09863687082262251,56,fixed_k3
Strain_a_Tension_0.5pct,a,0.5,-0.0077457179999999015,0.02626574000000001,0.0,-0.057987108169742285,56,fixed_k3
Strain_a_Tension_0.5pct,a,0.5,-0.0038670939999999043,0.02626574000000001,0.0,-0.00925292683727963,56,fixed_k3
Strain_a_Tension_0.5pct,a,0.5,1.1530000000092855e-05,0.02626574000000001,0.0,0.04669366070688086,56,fixed_k3
Strain_a_Tension_0.5pct,a,0.5,0.00389015400000009,0.02626574000000001,0.0,0.10848733714876413,56,fixed_k3
Strain_a_Tension_0.5pct,a,0.5,0.007768778000000087,0.02626574000000001,0.0,0.1745418552786493,56,fixed_k3
Strain_a_Tension_0.5pct,a,0.5,0.011647402000000084,0.02626574000000001,0.0,0.2433332574671534,56,fixed_k3
Strain_a_Tension_0.5pct,a,0.5,0.015526026000000082,0.02626574000000001,0.0,0.3136534016229946,56,fixed_k3
Strain_a_Tension_0.5pct,a,0.5,0.01940465000000008,0.02626574000000001,0.0,0.3848011401606376,56,fixed_k3
Strain_a_Tension_0.5pct,a,0.5,0.023283274000000076,0.02626574000000001,0.0,0.45669326790429654,56,fixed_k3
Strain_a_Tension_0.5pct,a,0.5,0.027161898000000073,0.02626574000000001,0.0,0.5298949289795958,56,fixed_k3
Strain_a_Tension_0.5pct,a,0.5,0.03104052200000007,0.02626574000000001,0.0,0.6055853804574994,56,fixed_k3
Strain_a_Tension_0.5pct,a,0.5,0.03491914600000007,0.02626574000000001,0.0,0.685486909845998,56,fixed_k3
Strain_a_Tension_0.5pct,a,0.5,0.038797770000000065,0.02626574000000001,0.0,0.7717909842592586,56,fixed_k3
Strain_a_Tension_0.5pct,a,0.5,0.04267639400000006,0.02626574000000001,0.0,0.8671158922202374,56,fixed_k3
Strain_a_Tension_0.5pct,a,0.5,0.04655501800000006,0.02626574000000001,0.0,0.9745223751642647,56,fixed_k3
Strain_a_Tension_0.5pct,a,0.5,0.050433642000000056,0.02626574000000001,0.0,1.0975904424318563,56,fixed_k3
Strain_a_Tension_0.5pct,a,0.5,0.05431226600000005,0.02626574000000001,0.0,1.2404994759516734,56,fixed_k3
Strain_a_Tension_0.5pct,a,0.5,0.05819089000000005,0.02626574000000001,0.0,1.4078991659810989,56,fixed_k3
Strain_a_Tension_0.5pct,a,0.5,0.06206951400000005,0.02626574000000001,0.0,1.6039840677293764,56,fixed_k3
Strain_a_Tension_0.5pct,a,0.5,0.06594813800000005,0.02626574000000001,0.0,1.8293320205180132,56,fixed_k3
Strain_a_Tension_0.5pct,a,0.5,0.06982676200000004,0.02626574000000001,0.0,2.0723274444226254,56,fixed_k3
Strain_a_Tension_0.5pct,a,0.5,0.07370538600000004,0.02626574000000001,0.0,2.289221496880494,56,fixed_k3
Strain_a_Tension_0.5pct,a,0.5,0.07758401000000004,0.02626574000000001,0.0,2.3656997037922585,56,fixed_k3
Strain_a_Tension_0.5pct,a,0.5,0.08146263400000003,0.02626574000000001,0.0,2.067573735886747,56,fixed_k3
Strain_a_Tension_0.5pct,a,0.5,0.08534125800000003,0.02626574000000001,0.0,1.0605831447685055,56,fixed_k3
Strain_a_Tension_0.5pct,a,0.5,0.08921988200000003,0.02626574000000001,0.0,-0.7673738678837776,56,fixed_k3
Strain_a_Tension_0.5pct,a,0.5,0.09309850600000003,0.02626574000000001,0.0,-2.557788433747156,56,fixed_k3
Strain_a_Tension_0.5pct,a,0.5,0.09697713000000002,0.02626574000000001,0.0,-2.4050112807335187,56,fixed_k3
Strain_a_Tension_0.5pct,a,0.5,0.10085575400000002,0.02626574000000001,0.0,0.4536270769027628,56,fixed_k3
Strain_a_Tension_0.5pct,a,0.5,0.10473437800000002,0.02626574000000001,0.0,4.08682116015493,56,fixed_k3
Strain_a_Tension_0.5pct,a,0.5,0.10861300200000001,0.02626574000000001,0.0,6.258812109254256,56,fixed_k3
Strain_a_Tension_0.5pct,a,0.5,0.11249162600000001,0.02626574000000001,0.0,6.4208317878542935,56,fixed_k3
Strain_a_Tension_0.5pct,a,0.5,0.11637025000000001,0.02626574000000001,0.0,4.854601257790968,56,fixed_k3
Strain_a_Tension_0.5pct,a,0.5,0.120248874,0.02626574000000001,0.0,1.145026265707798,56,fixed_k3
Strain_a_Tension_0.5pct,a,0.5,0.124127498,0.02626574000000001,0.0,-8.5464390901239,56,fixed_k3
Strain_a_Tension_0.5pct,a,0.5,0.128006122,0.02626574000000001,0.0,-52.46585833420089,56,fixed_k3
Strain_a_Tension_0.5pct,a,0.5,0.131884746,0.02626574000000001,0.0,-603.8743519543848,56,fixed_k3
Strain_a_Tension_0.5pct,a,0.5,0.13576337,0.02626574000000001,0.0,-238.36644332692376,56,fixed_k3
Strain_a_Tension_0.5pct,a,0.5,0.139641994,0.02626574000000001,0.0,-20.23156801121976,56,fixed_k3
Strain_a_Tension_0.5pct,a,0.5,0.143520618,0.02626574000000001,0.0,-2.0870882477689348,56,fixed_k3
Strain_a_Tension_0.5pct,a,0.5,0.14739924199999999,0.02626574000000001,0.0,1.58009157121879,56,fixed_k3
Strain_a_Tension_0.5pct,a,0.5,0.15127786599999998,0.02626574000000001,0.0,2.657577999447787,56,fixed_k3
Strain_a_Tension_0.5pct,a,0.5,0.15515649,0.02626574000000001,0.0,3.00026606765005,56,fixed_k3
Strain_a_Tension_0.5pct,a,0.5,-0.1551334299999998,0.029552378125,0.0,2.332323354435301,56,fixed_k3
Strain_a_Tension_0.5pct,a,0.5,-0.1512548059999998,0.029552378125,0.0,2.2442025442027185,56,fixed_k3
Strain_a_Tension_0.5pct,a,0.5,-0.1473761819999998,0.029552378125,0.0,1.6572615608800705,56,fixed_k3
Strain_a_Tension_0.5pct,a,0.5,-0.1434975579999998,0.029552378125,0.0,-0.638535684711881,56,fixed_k3
Strain_a_Tension_0.5pct,a,0.5,-0.1396189339999998,0.029552378125,0.0,-11.745609291017784,56,fixed_k3
Strain_a_Tension_0.5pct,a,0.5,-0.1357403099999998,0.029552378125,0.0,-133.6693105120316,56,fixed_k3
Strain_a_Tension_0.5pct,a,0.5,-0.1318616859999998,0.029552378125,0.0,-542.3013811304832,56,fixed_k3
Strain_a_Tension_0.5pct,a,0.5,-0.12798306199999981,0.029552378125,0.0,-41.08156017460067,56,fixed_k3
Strain_a_Tension_0.5pct,a,0.5,-0.12410443799999982,0.029552378125,0.0,-10.321818375409597,56,fixed_k3
Strain_a_Tension_0.5pct,a,0.5,-0.12022581399999982,0.029552378125,0.0,-4.884250666588546,56,fixed_k3
Strain_a_Tension_0.5pct,a,0.5,-0.11634718999999982,0.029552378125,0.0,-3.2604621233521462,56,fixed_k3
Strain_a_Tension_0.5pct,a,0.5,-0.11246856599999983,0.029552378125,0.0,-2.1213188903461067,56,fixed_k3
Strain_a_Tension_0.5pct,a,0.5,-0.10858994199999983,0.029552378125,0.0,-0.1023024405886121,56,fixed_k3
Strain_a_Tension_0.5pct,a,0.5,-0.10471131799999983,0.029552378125,0.0,3.4799875871492985,56,fixed_k3
Strain_a_Tension_0.5pct,a,0.5,-0.10083269399999983,0.029552378125,0.0,7.864333982860771,56,fixed_k3
Strain_a_Tension_0.5pct,a,0.5,-0.09695406999999984,0.029552378125,0.0,10.483035903853903,56,fixed_k3
Strain_a_Tension_0.5pct,a,0.5,-0.09307544599999984,0.029552378125,0.0,9.435595049077667,56,fixed_k3
Strain_a_Tension_0.5pct,a,0.5,-0.08919682199999984,0.029552378125,0.0,5.965290437050782,56,fixed_k3
Strain_a_Tension_0.5pct,a,0.5,-0.08531819799999985,0.029552378125,0.0,2.5551105963037406,56,fixed_k3
Strain_a_Tension_0.5pct,a,0.5,-0.08143957399999985,0.029552378125,0.0,0.37187814918893947,56,fixed_k3
Strain_a_Tension_0.5pct,a,0.5,-0.07756094999999985,0.029552378125,0.0,-0.6780844662861685,56,fixed_k3
Strain_a_Tension_0.5pct,a,0.5,-0.07368232599999985,0.029552378125,0.0,-1.0372045034723034,56,fixed_k3
Strain_a_Tension_0.5pct,a,0.5,-0.06980370199999986,0.029552378125,0.0,-1.0570157397796216,56,fixed_k3
Strain_a_Tension_0.5pct,a,0.5,-0.06592507799999986,0.029552378125,0.0,-0.9389797704110503,56,fixed_k3
Strain_a_Tension_0.5pct,a,0.5,-0.06204645399999986,0.029552378125,0.0,-0.7823062052252974,56,fixed_k3
Strain_a_Tension_0.5pct,a,0.5,-0.058167829999999865,0.029552378125,0.0,-0.630932843984132,56,fixed_k3
Strain_a_Tension_0.5pct,a,0.5,-0.05428920599999987,0.029552378125,0.0,-0.5018093092485624,56,fixed_k3
Strain_a_Tension_0.5pct,a,0.5,-0.05041058199999987,0.029552378125,0.0,-0.39940190849252677,56,fixed_k3
Strain_a_Tension_0.5pct,a,0.5,-0.04653195799999987,0.029552378125,0.0,-0.3226071262010308,56,fixed_k3
Strain_a_Tension_0.5pct,a,0.5,-0.042653333999999876,0.029552378125,0.0,-0.26792377778807164,56,fixed_k3
Strain_a_Tension_0.5pct,a,0.5,-0.03877470999999988,0.029552378125,0.0,-0.2308862200707371,56,fixed_k3
Strain_a_Tension_0.5pct,a,0.5,-0.03489608599999988,0.029552378125,0.0,-0.20672694883305132,56,fixed_k3
Strain_a_Tension_0.5pct,a,0.5,-0.031017461999999885,0.029552378125,0.0,-0.19071940174520852,56,fixed_k3
Strain_a_Tension_0.5pct,a,0.5,-0.027138837999999887,0.029552378125,0.0,-0.17840263328040717,56,fixed_k3
Strain_a_Tension_0.5pct,a,0.5,-0.02326021399999989,0.029552378125,0.0,-0.16576947305977652,56,fixed_k3
Strain_a_Tension_0.5pct,a,0.5,-0.019381589999999893,0.029552378125,0.0,-0.14944030343613335,56,fixed_k3
Strain_a_Tension_0.5pct,a,0.5,-0.015502965999999896,0.029552378125,0.0,-0.1268144628719714,56,fixed_k3
Strain_a_Tension_0.5pct,a,0.5,-0.011624341999999899,0.029552378125,0.0,-0.09617738906236284,56,fixed_k3
Strain_a_Tension_0.5pct,a,0.5,-0.0077457179999999015,0.029552378125,0.0,-0.05673898040319836,56,fixed_k3
Strain_a_Tension_0.5pct,a,0.5,-0.0038670939999999043,0.029552378125,0.0,-0.008585135496548268,56,fixed_k3
Strain_a_Tension_0.5pct,a,0.5,1.1530000000092855e-05,0.029552378125,0.0,0.047462130311626494,56,fixed_k3
Strain_a_Tension_0.5pct,a,0.5,0.00389015400000009,0.029552378125,0.0,0.11006361948724874,56,fixed_k3
Strain_a_Tension_0.5pct,a,0.5,0.007768778000000087,0.029552378125,0.0,0.17763264652867095,56,fixed_k3
Strain_a_Tension_0.5pct,a,0.5,0.011647402000000084,0.029552378125,0.0,0.24861693451687383,56,fixed_k3
Strain_a_Tension_0.5pct,a,0.5,0.015526026000000082,0.029552378125,0.0,0.3217526083641443,56,fixed_k3
Strain_a_Tension_0.5pct,a,0.5,0.01940465000000008,0.029552378125,0.0,0.39625776354906805,56,fixed_k3
Strain_a_Tension_0.5pct,a,0.5,0.023283274000000076,0.029552378125,0.0,0.47194751465899576,56,fixed_k3
Strain_a_Tension_0.5pct,a,0.5,0.027161898000000073,0.029552378125,0.0,0.5492697282154549,56,fixed_k3
Strain_a_Tension_0.5pct,a,0.5,0.03104052200000007,0.029552378125,0.0,0.62927674101159,56,fixed_k3
Strain_a_Tension_0.5pct,a,0.5,0.03491914600000007,0.029552378125,0.0,0.713560364219503,56,fixed_k3
Strain_a_Tension_0.5pct,a,0.5,0.038797770000000065,0.029552378125,0.0,0.8041840674321185,56,fixed_k3
Strain_a_Tension_0.5pct,a,0.5,0.04267639400000006,0.029552378125,0.0,0.9036469312122855,56,fixed_k3
Strain_a_Tension_0.5pct,a,0.5,0.04655501800000006,0.029552378125,0.0,1.0149069153754096,56,fixed_k3
Strain_a_Tension_0.5pct,a,0.5,0.050433642000000056,0.029552378125,0.0,1.1414687449675294,56,fixed_k3
Strain_a_Tension_0.5pct,a,0.5,0.05431226600000005,0.029552378125,0.0,1.2874824524461719,56,fixed_k3
Strain_a_Tension_0.5pct,a,0.5,0.05819089000000005,0.029552378125,0.0,1.4576479301500673,56,fixed_k3
Strain_a_Tension_0.5pct,a,0.5,0.06206951400000005,0.029552378125,0.0,1.656355725740428,56,fixed_k3
Strain_a_Tension_0.5pct,a,0.5,0.06594813800000005,0.029552378125,0.0,1.8846670178316631,56,fixed_k3
Strain_a_Tension_0.5pct,a,0.5,0.06982676200000004,0.029552378125,0.0,2.1320595649063945,56,fixed_k3
Strain_a_Tension_0.5pct,a,0.5,0.07370538600000004,0.029552378125,0.0,2.357225088705778,56,fixed_k3
Strain_a_Tension_0.5pct,a,0.5,0.07758401000000004,0.029552378125,0.0,2.4511143066124434,56,fixed_k3
Strain_a_Tension_0.5pct,a,0.5,0.08146263400000003,0.029552378125,0.0,2.1893269438800615,56,fixed_k3
Strain_a_Tension_0.5pct,a,0.5,0.08534125800000003,0.029552378125,0.0,1.2482657308194482,56,fixed_k3
Strain_a_Tension_0.5pct,a,0.5,0.08921988200000003,0.029552378125,0.0,-0.49787853066203613,56,fixed_k3
Strain_a_Tension_0.5pct,a,0.5,0.09309850600000003,0.029552378125,0.0,-2.2709255697810096,56,fixed_k3
Strain_a_Tension_0.5pct,a,0.5,0.09697713000000002,0.029552378125,0.0,-2.2496152238078415,56,fixed_k3
Strain_a_Tension_0.5pct,a,0.5,0.10085575400000002,0.029552378125,0.0,0.4394088767840809,56,fixed_k3
Strain_a_Tension_0.5pct,a,0.5,0.10473437800000002,0.029552378125,0.0,4.061514284229045,56,fixed_k3
Strain_a_Tension_0.5pct,a,0.5,0.10861300200000001,0.029552378125,0.0,6.3476645224461254,56,fixed_k3
Strain_a_Tension_0.5pct,a,0.5,0.11249162600000001,0.029552378125,0.0,6.572175714980531,56,fixed_k3
Strain_a_Tension_0.5pct,a,0.5,0.11637025000000001,0.029552378125,0.0,4.854907032045926,56,fixed_k3
Strain_a_Tension_0.5pct,a,0.5,0.120248874,0.029552378125,0.0,0.4799666975937832,56,fixed_k3
Strain_a_Tension_0.5pct,a,0.5,0.124127498,0.029552378125,0.0,-11.831720132396086,56,fixed_k3
Strain_a_Tension_0.5pct,a,0.5,0.128006122,0.029552378125,0.0,-74.1396326480994,56,fixed_k3
Strain_a_Tension_0.5pct,a,0.5,0.131884746,0.029552378125,0.0,-1062.2904761053649,56,fixed_k3
Strain_a_Tension_0.5pct,a,0.5,0.13576337,0.029552378125,0.0,-230.2357479693494,56,fixed_k3
Strain_a_Tension_0.5pct,a,0.5,0.139641994,0.029552378125,0.0,-19.868884008516453,56,fixed_k3
Strain_a_Tension_0.5pct,a,0.5,0.143520618,0.029552378125,0.0,-1.8872351194660786,56,fixed_k3
Strain_a_Tension_0.5pct,a,0.5,0.14739924199999999,0.029552378125,0.0,1.83425444377294,56,fixed_k3
Strain_a_Tension_0.5pct,a,0.5,0.15127786599999998,0.029552378125,0.0,2.925881864045061,56,fixed_k3
Strain_a_Tension_0.5pct,a,0.5,0.15515649,0.029552378125,0.0,3.2627266527602745,56,fixed_k3
Strain_a_Tension_0.5pct,a,0.5,-0.1551334299999998,0.03283901624999999,0.0,2.7196513171350833,56,fixed_k3
Strain_a_Tension_0.5pct,a,0.5,-0.1512548059999998,0.03283901624999999,0.0,2.6474599163741726,56,fixed_k3
Strain_a_Tension_0.5pct,a,0.5,-0.1473761819999998,0.03283901624999999,0.0,2.0611073723524327,56,fixed_k3
Strain_a_Tension_0.5pct,a,0.5,-0.1434975579999998,0.03283901624999999,0.0,-0.25417529066061983,56,fixed_k3
Strain_a_Tension_0.5pct,a,0.5,-0.1396189339999998,0.03283901624999999,0.0,-11.17883116158204,56,fixed_k3
Strain_a_Tension_0.5pct,a,0.5,-0.1357403099999998,0.03283901624999999,0.0,-125.7240993695799,56,fixed_k3
Strain_a_Tension_0.5pct,a,0.5,-0.1318616859999998,0.03283901624999999,0.0,-1070.9239461624586,56,fixed_k3
Strain_a_Tension_0.5pct,a,0.5,-0.12798306199999981,0.03283901624999999,0.0,-60.59345479029009,56,fixed_k3
Strain_a_Tension_0.5pct,a,0.5,-0.12410443799999982,0.03283901624999999,0.0,-13.301670662616303,56,fixed_k3
Strain_a_Tension_0.5pct,a,0.5,-0.12022581399999982,0.03283901624999999,0.0,-5.568340672527277,56,fixed_k3
Strain_a_Tension_0.5pct,a,0.5,-0.11634718999999982,0.03283901624999999,0.0,-3.206247337805218,56,fixed_k3
Strain_a_Tension_0.5pct,a,0.5,-0.11246856599999983,0.03283901624999999,0.0,-1.6376088343349287,56,fixed_k3
Strain_a_Tension_0.5pct,a,0.5,-0.10858994199999983,0.03283901624999999,0.0,0.7315280658235466,56,fixed_k3
Strain_a_Tension_0.5pct,a,0.5,-0.10471131799999983,0.03283901624999999,0.0,4.533793590804463,56,fixed_k3
Strain_a_Tension_0.5pct,a,0.5,-0.10083269399999983,0.03283901624999999,0.0,8.845741455073721,56,fixed_k3
Strain_a_Tension_0.5pct,a,0.5,-0.09695406999999984,0.03283901624999999,0.0,11.114984049857501,56,fixed_k3
Strain_a_Tension_0.5pct,a,0.5,-0.09307544599999984,0.03283901624999999,0.0,9.729239918762593,56,fixed_k3
Strain_a_Tension_0.5pct,a,0.5,-0.08919682199999984,0.03283901624999999,0.0,6.106930724343931,56,fixed_k3
Strain_a_Tension_0.5pct,a,0.5,-0.08531819799999985,0.03283901624999999,0.0,2.6582026267115566,56,fixed_k3
Strain_a_Tension_0.5pct,a,0.5,-0.08143957399999985,0.03283901624999999,0.0,0.459206124349387,56,fixed_k3
Strain_a_Tension_0.5pct,a,0.5,-0.07756094999999985,0.03283901624999999,0.0,-0.6077654125154675,56,fixed_k3
Strain_a_Tension_0.5pct,a,0.5,-0.07368232599999985,0.03283901624999999,0.0,-0.9825699754012749,56,fixed_k3
Strain_a_Tension_0.5pct,a,0.5,-0.06980370199999986,0.03283901624999999,0.0,-1.013727807233693,56,fixed_k3
Strain_a_Tension_0.5pct,a,0.5,-0.06592507799999986,0.03283901624999999,0.0,-0.9027773652559095,56,fixed_k3
Strain_a_Tension_0.5pct,a,0.5,-0.06204645399999986,0.03283901624999999,0.0,-0.7502750210037172,56,fixed_k3
Strain_a_Tension_0.5pct,a,0.5,-0.058167829999999865,0.03283901624999999,0.0,-0.601499950911824,56,fixed_k3
Strain_a_Tension_0.5pct,a,0.5,-0.05428920599999987,0.03283901624999999,0.0,-0.4743469299256915,56,fixed_k3
Strain_a_Tension_0.5pct,a,0.5,-0.05041058199999987,0.03283901624999999,0.0,-0.37383607733470225,56,fixed_k3
Strain_a_Tension_0.5pct,a,0.5,-0.04653195799999987,0.03283901624999999,0.0,-0.2991338877451084,56,fixed_k3
Strain_a_Tension_0.5pct,a,0.5,-0.042653333999999876,0.03283901624999999,0.0,-0.24682871990490862,56,fixed_k3
Strain_a_Tension_0.5pct,a,0.5,-0.03877470999999988,0.03283901624999999,0.0,-0.2124386036241348,56,fixed_k3
Strain_a_Tension_0.5pct,a,0.5,-0.03489608599999988,0.03283901624999999,0.0,-0.19112180604685336,56,fixed_k3
Strain_a_Tension_0.5pct,a,0.5,-0.031017461999999885,0.03283901624999999,0.0,-0.17804860582307347,56,fixed_k3
Strain_a_Tension_0.5pct,a,0.5,-0.027138837999999887,0.03283901624999999,0.0,-0.16864278946200983,56,fixed_k3
Strain_a_Tension_0.5pct,a,0.5,-0.02326021399999989,0.03283901624999999,0.0,-0.15877938339811115,56,fixed_k3
Strain_a_Tension_0.5pct,a,0.5,-0.019381589999999893,0.03283901624999999,0.0,-0.14496399059284837,56,fixed_k3
Strain_a_Tension_0.5pct,a,0.5,-0.015502965999999896,0.03283901624999999,0.0,-0.1244878016313482,56,fixed_k3
Strain_a_Tension_0.5pct,a,0.5,-0.011624341999999899,0.03283901624999999,0.0,-0.09553767819419046,56,fixed_k3
Strain_a_Tension_0.5pct,a,0.5,-0.0077457179999999015,0.03283901624999999,0.0,-0.05723752441213592,56,fixed_k3
Strain_a_Tension_0.5pct,a,0.5,-0.0038670939999999043,0.03283901624999999,0.0,-0.00960320776965451,56,fixed_k3
Strain_a_Tension_0.5pct,a,0.5,1.1530000000092855e-05,0.03283901624999999,0.0,0.04659364975483382,56,fixed_k3
Strain_a_Tension_0.5pct,a,0.5,0.00389015400000009,0.03283901624999999,0.0,0.11004103578552593,56,fixed_k3
Strain_a_Tension_0.5pct,a,0.5,0.007768778000000087,0.03283901624999999,0.0,0.17915337921949182,56,fixed_k3
Strain_a_Tension_0.5pct,a,0.5,0.011647402000000084,0.03283901624999999,0.0,0.2523519317440156,56,fixed_k3
Strain_a_Tension_0.5pct,a,0.5,0.015526026000000082,0.03283901624999999,0.0,0.3283190762724001,56,fixed_k3
Strain_a_Tension_0.5pct,a,0.5,0.01940465000000008,0.03283901624999999,0.0,0.40619421419215485,56,fixed_k3
Strain_a_Tension_0.5pct,a,0.5,0.023283274000000076,0.03283901624999999,0.0,0.4856929432527626,56,fixed_k3
Strain_a_Tension_0.5pct,a,0.5,0.027161898000000073,0.03283901624999999,0.0,0.5671482354580584,56,fixed_k3
Strain_a_Tension_0.5pct,a,0.5,0.03104052200000007,0.03283901624999999,0.0,0.6514882796111585,56,fixed_k3
Strain_a_Tension_0.5pct,a,0.5,0.03491914600000007,0.03283901624999999,0.0,0.7401777199244567,56,fixed_k3
Strain_a_Tension_0.5pct,a,0.5,0.038797770000000065,0.03283901624999999,0.0,0.8351558895842071,56,fixed_k3
Strain_a_Tension_0.5pct,a,0.5,0.04267639400000006,0.03283901624999999,0.0,0.9388067807196765,56,fixed_k3
Strain_a_Tension_0.5pct,a,0.5,0.04655501800000006,0.03283901624999999,0.0,1.053989058662681,56,fixed_k3
Strain_a_Tension_0.5pct,a,0.5,0.050433642000000056,0.03283901624999999,0.0,1.1841330301418616,56,fixed_k3
Strain_a_Tension_0.5pct,a,0.5,0.05431226600000005,0.03283901624999999,0.0,1.333353668678251,56,fixed_k3
Strain_a_Tension_0.5pct,a,0.5,0.05819089000000005,0.03283901624999999,0.0,1.5063814259859325,56,fixed_k3
Strain_a_Tension_0.5pct,a,0.5,0.06206951400000005,0.03283901624999999,0.0,1.7077563839918197,56,fixed_k3
Strain_a_Tension_0.5pct,a,0.5,0.06594813800000005,0.03283901624999999,0.0,1.9389290875336072,56,fixed_k3
Strain_a_Tension_0.5pct,a,0.5,0.06982676200000004,0.03283901624999999,0.0,2.1903008046042878,56,fixed_k3
Strain_a_Tension_0.5pct,a,0.5,0.07370538600000004,0.03283901624999999,0.0,2.4227327463561252,56,fixed_k3
Strain_a_Tension_0.5pct,a,0.5,0.07758401000000004,0.03283901624999999,0.0,2.532084403055107,56,fixed_k3
Strain_a_Tension_0.5pct,a,0.5,0.08146263400000003,0.03283901624999999,0.0,2.3034504154966795,56,fixed_k3
Strain_a_Tension_0.5pct,a,0.5,0.08534125800000003,0.03283901624999999,0.0,1.424087732519385,56,fixed_k3
Strain_a_Tension_0.5pct,a,0.5,0.08921988200000003,0.03283901624999999,0.0,-0.24434134973961097,56,fixed_k3
Strain_a_Tension_0.5pct,a,0.5,0.09309850600000003,0.03283901624999999,0.0,-2.003624965846063,56,fixed_k3
Strain_a_Tension_0.5pct,a,0.5,0.09697713000000002,0.03283901624999999,0.0,-2.123590831890361,56,fixed_k3
Strain_a_Tension_0.5pct,a,0.5,0.10085575400000002,0.03283901624999999,0.0,0.37524803511857907,56,fixed_k3
Strain_a_Tension_0.5pct,a,0.5,0.10473437800000002,0.03283901624999999,0.0,3.9759001077110407,56,fixed_k3
Strain_a_Tension_0.5pct,a,0.5,0.10861300200000001,0.03283901624999999,0.0,6.390957283195035,56,fixed_k3
Strain_a_Tension_0.5pct,a,0.5,0.11249162600000001,0.03283901624999999,0.0,6.695175968495356,56,fixed_k3
Strain_a_Tension_0.5pct,a,0.5,0.11637025000000001,0.03283901624999999,0.0,4.801867246717731,56,fixed_k3
Strain_a_Tension_0.5pct,a,0.5,0.120248874,0.03283901624999999,0.0,-0.4141792602400318,56,fixed_k3
Strain_a_Tension_0.5pct,a,0.5,0.124127498,0.03283901624999999,0.0,-16.310278243058953,56,fixed_k3
Strain_a_Tension_0.5pct,a,0.5,0.128006122,0.03283901624999999,0.0,-108.0681501583076,56,fixed_k3
Strain_a_Tension_0.5pct,a,0.5,0.131884746,0.03283901624999999,0.0,-2064.705616260696,56,fixed_k3
Strain_a_Tension_0.5pct,a,0.5,0.13576337,0.03283901624999999,0.0,-212.31724690557581,56,fixed_k3
Strain_a_Tension_0.5pct,a,0.5,0.139641994,0.03283901624999999,0.0,-18.99415430182241,56,fixed_k3
Strain_a_Tension_0.5pct,a,0.5,0.143520618,0.03283901624999999,0.0,-1.5815268979596786,56,fixed_k3
Strain_a_Tension_0.5pct,a,0.5,0.14739924199999999,0.03283901624999999,0.0,2.1177628780977655,56,fixed_k3
Strain_a_Tension_0.5pct,a,0.5,0.15127786599999998,0.03283901624999999,0.0,3.2000724383013326,56,fixed_k3
Strain_a_Tension_0.5pct,a,0.5,0.15515649,0.03283901624999999,0.0,3.521864337670575,56,fixed_k3
Strain_a_Tension_0.5pct,a,0.5,-0.1551334299999998,0.03612565437500001,0.0,3.112702853246576,56,fixed_k3
Strain_a_Tension_0.5pct,a,0.5,-0.1512548059999998,0.03612565437500001,0.0,3.066266307663752,56,fixed_k3
Strain_a_Tension_0.5pct,a,0.5,-0.1473761819999998,0.03612565437500001,0.0,2.502021121161295,56,fixed_k3
Strain_a_Tension_0.5pct,a,0.5,-0.1434975579999998,0.03612565437500001,0.0,0.22836421364353743,56,fixed_k3
Strain_a_Tension_0.5pct,a,0.5,-0.1396189339999998,0.03612565437500001,0.0,-10.237007303232447,56,fixed_k3
Strain_a_Tension_0.5pct,a,0.5,-0.1357403099999998,0.03612565437500001,0.0,-112.6700758682912,56,fixed_k3
Strain_a_Tension_0.5pct,a,0.5,-0.1318616859999998,0.03612565437500001,0.0,-2328.8538977181133,56,fixed_k3
Strain_a_Tension_0.5pct,a,0.5,-0.12798306199999981,0.03612565437500001,0.0,-92.42716367949211,56,fixed_k3
Strain_a_Tension_0.5pct,a,0.5,-0.12410443799999982,0.03612565437500001,0.0,-17.34917446934386,56,fixed_k3
Strain_a_Tension_0.5pct,a,0.5,-0.12022581399999982,0.03612565437500001,0.0,-6.425579802958744,56,fixed_k3
Strain_a_Tension_0.5pct,a,0.5,-0.11634718999999982,0.03612565437500001,0.0,-3.1250990219683477,56,fixed_k3
Strain_a_Tension_0.5pct,a,0.5,-0.11246856599999983,0.03612565437500001,0.0,-1.0503614475484488,56,fixed_k3
Strain_a_Tension_0.5pct,a,0.5,-0.10858994199999983,0.03612565437500001,0.0,1.6954233314857792,56,fixed_k3
Strain_a_Tension_0.5pct,a,0.5,-0.10471131799999983,0.03612565437500001,0.0,5.692276739133174,56,fixed_k3
Strain_a_Tension_0.5pct,a,0.5,-0.10083269399999983,0.03612565437500001,0.0,9.862227719701856,56,fixed_k3
Strain_a_Tension_0.5pct,a,0.5,-0.09695406999999984,0.03612565437500001,0.0,11.718606160671666,56,fixed_k3
Strain_a_Tension_0.5pct,a,0.5,-0.09307544599999984,0.03612565437500001,0.0,9.975415692263125,56,fixed_k3
Strain_a_Tension_0.5pct,a,0.5,-0.08919682199999984,0.03612565437500001,0.0,6.211431814316406,56,fixed_k3
Strain_a_Tension_0.5pct,a,0.5,-0.08531819799999985,0.03612565437500001,0.0,2.7392466347570794,56,fixed_k3
Strain_a_Tension_0.5pct,a,0.5,-0.08143957399999985,0.03612565437500001,0.0,0.53491592628787,56,fixed_k3
Strain_a_Tension_0.5pct,a,0.5,-0.07756094999999985,0.03612565437500001,0.0,-0.5436226282989076,56,fixed_k3
Strain_a_Tension_0.5pct,a,0.5,-0.07368232599999985,0.03612565437500001,0.0,-0.9317731514603607,56,fixed_k3
Strain_a_Tension_0.5pct,a,0.5,-0.06980370199999986,0.03612565437500001,0.0,-0.973457590805014,56,fixed_k3
Strain_a_Tension_0.5pct,a,0.5,-0.06592507799999986,0.03612565437500001,0.0,-0.8693952416503539,56,fixed_k3
Strain_a_Tension_0.5pct,a,0.5,-0.06204645399999986,0.03612565437500001,0.0,-0.7210717507452085,56,fixed_k3
Strain_a_Tension_0.5pct,a,0.5,-0.058167829999999865,0.03612565437500001,0.0,-0.5749385403246596,56,fixed_k3
Strain_a_Tension_0.5pct,a,0.5,-0.05428920599999987,0.03612565437500001,0.0,-0.4497774275148432,56,fixed_k3
Strain_a_Tension_0.5pct,a,0.5,-0.05041058199999987,0.03612565437500001,0.0,-0.35114881573487433,56,fixed_k3
Strain_a_Tension_0.5pct,a,0.5,-0.04653195799999987,0.03612565437500001,0.0,-0.2784915681130662,56,fixed_k3
Strain_a_Tension_0.5pct,a,0.5,-0.042653333999999876,0.03612565437500001,0.0,-0.22849046534132533,56,fixed_k3
Strain_a_Tension_0.5pct,a,0.5,-0.03877470999999988,0.03612565437500001,0.0,-0.19665455359648132,56,fixed_k3
Strain_a_Tension_0.5pct,a,0.5,-0.03489608599999988,0.03612565437500001,0.0,-0.17807449374897677,56,fixed_k3
Strain_a_Tension_0.5pct,a,0.5,-0.031017461999999885,0.03612565437500001,0.0,-0.1678231359035004,56,fixed_k3
Strain_a_Tension_0.5pct,a,0.5,-0.027138837999999887,0.03612565437500001,0.0,-0.16121394375777665,56,fixed_k3
Strain_a_Tension_0.5pct,a,0.5,-0.02326021399999989,0.03612565437500001,0.0,-0.15400841250979325,56,fixed_k3
Strain_a_Tension_0.5pct,a,0.5,-0.019381589999999893,0.03612565437500001,0.0,-0.14260100205911552,56,fixed_k3
Strain_a_Tension_0.5pct,a,0.5,-0.015502965999999896,0.03612565437500001,0.0,-0.1241777189544866,56,fixed_k3
Strain_a_Tension_0.5pct,a,0.5,-0.011624341999999899,0.03612565437500001,0.0,-0.09682906272041913,56,fixed_k3
Strain_a_Tension_0.5pct,a,0.5,-0.0077457179999999015,0.03612565437500001,0.0,-0.05959433383476709,56,fixed_k3
Strain_a_Tension_0.5pct,a,0.5,-0.0038670939999999043,0.03612565437500001,0.0,-0.012419907884332115,56,fixed_k3
Strain_a_Tension_0.5pct,a,0.5,1.1530000000092855e-05,0.03612565437500001,0.0,0.043973256548437645,56,fixed_k3
Strain_a_Tension_0.5pct,a,0.5,0.00389015400000009,0.03612565437500001,0.0,0.10830129706320624,56,fixed_k3
Strain_a_Tension_0.5pct,a,0.5,0.007768778000000087,0.03612565437500001,0.0,0.1789812520524594,56,fixed_k3
Strain_a_Tension_0.5pct,a,0.5,0.011647402000000084,0.03612565437500001,0.0,0.25440975277384126,56,fixed_k3
Strain_a_Tension_0.5pct,a,0.5,0.015526026000000082,0.03612565437500001,0.0,0.3332175088145588,56,fixed_k3
Strain_a_Tension_0.5pct,a,0.5,0.01940465000000008,0.03612565437500001,0.0,0.414467450187077,56,fixed_k3
Strain_a_Tension_0.5pct,a,0.5,0.023283274000000076,0.03612565437500001,0.0,0.49777806403305636,56,fixed_k3
Strain_a_Tension_0.5pct,a,0.5,0.027161898000000073,0.03612565437500001,0.0,0.5833701323191686,56,fixed_k3
Strain_a_Tension_0.5pct,a,0.5,0.03104052200000007,0.03612565437500001,0.0,0.6720508611601552,56,fixed_k3
Strain_a_Tension_0.5pct,a,0.5,0.03491914600000007,0.03612565437500001,0.0,0.7651614946824422,56,fixed_k3
Strain_a_Tension_0.5pct,a,0.5,0.038797770000000065,0.03612565437500001,0.0,0.8645216060456732,56,fixed_k3
Strain_a_Tension_0.5pct,a,0.5,0.04267639400000006,0.03612565437500001,0.0,0.972404783200779,56,fixed_k3
Strain_a_Tension_0.5pct,a,0.5,0.04655501800000006,0.03612565437500001,0.0,1.0915744832924403,56,fixed_k3
Strain_a_Tension_0.5pct,a,0.5,0.050433642000000056,0.03612565437500001,0.0,1.2253880650014346,56,fixed_k3
Strain_a_Tension_0.5pct,a,0.5,0.05431226600000005,0.03612565437500001,0.0,1.3779202921348732,56,fixed_k3
Strain_a_Tension_0.5pct,a,0.5,0.05819089000000005,0.03612565437500001,0.0,1.5539129742001065,56,fixed_k3
Strain_a_Tension_0.5pct,a,0.5,0.06206951400000005,0.03612565437500001,0.0,1.758009514577695,56,fixed_k3
Strain_a_Tension_0.5pct,a,0.5,0.06594813800000005,0.03612565437500001,0.0,1.991955816453976,56,fixed_k3
Strain_a_Tension_0.5pct,a,0.5,0.06982676200000004,0.03612565437500001,0.0,2.2469061703924216,56,fixed_k3
Strain_a_Tension_0.5pct,a,0.5,0.07370538600000004,0.03612565437500001,0.0,2.4856169315687358,56,fixed_k3
Strain_a_Tension_0.5pct,a,0.5,0.07758401000000004,0.03612565437500001,0.0,2.608486520158876,56,fixed_k3
Strain_a_Tension_0.5pct,a,0.5,0.08146263400000003,0.03612565437500001,0.0,2.4097747371835414,56,fixed_k3
Strain_a_Tension_0.5pct,a,0.5,0.08534125800000003,0.03612565437500001,0.0,1.5877633011808434,56,fixed_k3
Strain_a_Tension_0.5pct,a,0.5,0.08921988200000003,0.03612565437500001,0.0,-0.006920833284285388,56,fixed_k3
Strain_a_Tension_0.5pct,a,0.5,0.09309850600000003,0.03612565437500001,0.0,-1.7545217153758261,56,fixed_k3
Strain_a_Tension_0.5pct,a,0.5,0.09697713000000002,0.03612565437500001,0.0,-2.0224804706884942,56,fixed_k3
Strain_a_Tension_0.5pct,a,0.5,0.10085575400000002,0.03612565437500001,0.0,0.265470766192353,56,fixed_k3
Strain_a_Tension_0.5pct,a,0.5,0.10473437800000002,0.03612565437500001,0.0,3.8285540376302065,56,fixed_k3
Strain_a_Tension_0.5pct,a,0.5,0.10861300200000001,0.03612565437500001,0.0,6.382803369681374,56,fixed_k3
Strain_a_Tension_0.5pct,a,0.5,0.11249162600000001,0.03612565437500001,0.0,6.783119726706083,56,fixed_k3
Strain_a_Tension_0.5pct,a,0.5,0.11637025000000001,0.03612565437500001,0.0,4.680781083501734,56,fixed_k3
Strain_a_Tension_0.5pct,a,0.5,0.120248874,0.03612565437500001,0.0,-1.6106573015975294,56,fixed_k3
Strain_a_Tension_0.5pct,a,0.5,0.124127498,0.03612565437500001,0.0,-22.50616754694511,56,fixed_k3
Strain_a_Tension_0.5pct,a,0.5,0.128006122,0.03612565437500001,0.0,-164.01106728611737,56,fixed_k3
Strain_a_Tension_0.5pct,a,0.5,0.131884746,0.03612565437500001,0.0,-4449.00320666232,56,fixed_k3
Strain_a_Tension_0.5pct,a,0.5,0.13576337,0.03612565437500001,0.0,-187.9058615618157,56,fixed_k3
Strain_a_Tension_0.5pct,a,0.5,0.139641994,0.03612565437500001,0.0,-17.689801790679212,56,fixed_k3
Strain_a_Tension_0.5pct,a,0.5,0.143520618,0.03612565437500001,0.0,-1.1770258678696512,56,fixed_k3
Strain_a_Tension_0.5pct,a,0.5,0.14739924199999999,0.03612565437500001,0.0,2.4297139737052857,56,fixed_k3
Strain_a_Tension_0.5pct,a,0.5,0.15127786599999998,0.03612565437500001,0.0,3.480001719803306,56,fixed_k3
Strain_a_Tension_0.5pct,a,0.5,0.15515649,0.03612565437500001,0.0,3.7776424155924113,56,fixed_k3
Strain_a_Tension_0.5pct,a,0.5,-0.1551334299999998,0.0394122925,0.0,3.509747771382498,56,fixed_k3
Strain_a_Tension_0.5pct,a,0.5,-0.1512548059999998,0.0394122925,0.0,3.498769259991815,56,fixed_k3
Strain_a_Tension_0.5pct,a,0.5,-0.1473761819999998,0.0394122925,0.0,2.977150281174071,56,fixed_k3
Strain_a_Tension_0.5pct,a,0.5,-0.1434975579999998,0.0394122925,0.0,0.7992786117207483,56,fixed_k3
Strain_a_Tension_0.5pct,a,0.5,-0.1396189339999998,0.0394122925,0.0,-8.997094028248931,56,fixed_k3
Strain_a_Tension_0.5pct,a,0.5,-0.1357403099999998,0.0394122925,0.0,-96.98349890142877,56,fixed_k3
Strain_a_Tension_0.5pct,a,0.5,-0.1318616859999998,0.0394122925,0.0,-5129.170834073368,56,fixed_k3
Strain_a_Tension_0.5pct,a,0.5,-0.12798306199999981,0.0394122925,0.0,-147.67557485311906,56,fixed_k3
Strain_a_Tension_0.5pct,a,0.5,-0.12410443799999982,0.0394122925,0.0,-22.909671082201953,56,fixed_k3
Strain_a_Tension_0.5pct,a,0.5,-0.12022581399999982,0.0394122925,0.0,-7.482029877997217,56,fixed_k3
Strain_a_Tension_0.5pct,a,0.5,-0.11634718999999982,0.0394122925,0.0,-2.987619735183474,56,fixed_k3
Strain_a_Tension_0.5pct,a,0.5,-0.11246856599999983,0.0394122925,0.0,-0.3234926413754249,56,fixed_k3
Strain_a_Tension_0.5pct,a,0.5,-0.10858994199999983,0.0394122925,0.0,2.814571053613177,56,fixed_k3
Strain_a_Tension_0.5pct,a,0.5,-0.10471131799999983,0.0394122925,0.0,6.96011530622591,56,fixed_k3
Strain_a_Tension_0.5pct,a,0.5,-0.10083269399999983,0.0394122925,0.0,10.902342294473039,56,fixed_k3
Strain_a_Tension_0.5pct,a,0.5,-0.09695406999999984,0.0394122925,0.0,12.281553517385966,56,fixed_k3
Strain_a_Tension_0.5pct,a,0.5,-0.09307544599999984,0.0394122925,0.0,10.168487063197995,56,fixed_k3
Strain_a_Tension_0.5pct,a,0.5,-0.08919682199999984,0.0394122925,0.0,6.277312159729626,56,fixed_k3
Strain_a_Tension_0.5pct,a,0.5,-0.08531819799999985,0.0394122925,0.0,2.797830362730065,56,fixed_k3
Strain_a_Tension_0.5pct,a,0.5,-0.08143957399999985,0.0394122925,0.0,0.5987398075567705,56,fixed_k3
Strain_a_Tension_0.5pct,a,0.5,-0.07756094999999985,0.0394122925,0.0,-0.48586244291157277,56,fixed_k3
Strain_a_Tension_0.5pct,a,0.5,-0.07368232599999985,0.0394122925,0.0,-0.8849554864072775,56,fixed_k3
Strain_a_Tension_0.5pct,a,0.5,-0.06980370199999986,0.0394122925,0.0,-0.9363036615311942,56,fixed_k3
Strain_a_Tension_0.5pct,a,0.5,-0.06592507799999986,0.0394122925,0.0,-0.8389142998316033,56,fixed_k3
Strain_a_Tension_0.5pct,a,0.5,-0.06204645399999986,0.0394122925,0.0,-0.6947753471612035,56,fixed_k3
Strain_a_Tension_0.5pct,a,0.5,-0.058167829999999865,0.0394122925,0.0,-0.5513323127845162,56,fixed_k3
Strain_a_Tension_0.5pct,a,0.5,-0.05428920599999987,0.0394122925,0.0,-0.42819059320054276,56,fixed_k3
Strain_a_Tension_0.5pct,a,0.5,-0.05041058199999987,0.0394122925,0.0,-0.33143493579782435,56,fixed_k3
Strain_a_Tension_0.5pct,a,0.5,-0.04653195799999987,0.0394122925,0.0,-0.26077819984959527,56,fixed_k3
Strain_a_Tension_0.5pct,a,0.5,-0.042653333999999876,0.0394122925,0.0,-0.2130085320948213,56,fixed_k3
Strain_a_Tension_0.5pct,a,0.5,-0.03877470999999988,0.0394122925,0.0,-0.18363370899366305,56,fixed_k3
Strain_a_Tension_0.5pct,a,0.5,-0.03489608599999988,0.0394122925,0.0,-0.1676838444408698,56,fixed_k3
Strain_a_Tension_0.5pct,a,0.5,-0.031017461999999885,0.0394122925,0.0,-0.16014049202174574,56,fixed_k3
Strain_a_Tension_0.5pct,a,0.5,-0.027138837999999887,0.0394122925,0.0,-0.15621207043322483,56,fixed_k3
Strain_a_Tension_0.5pct,a,0.5,-0.02326021399999989,0.0394122925,0.0,-0.15155107819925395,56,fixed_k3
Strain_a_Tension_0.5pct,a,0.5,-0.019381589999999893,0.0394122925,0.0,-0.14244467428606766,56,fixed_k3
Strain_a_Tension_0.5pct,a,0.5,-0.015502965999999896,0.0394122925,0.0,-0.12597681224592594,56,fixed_k3
Strain_a_Tension_0.5pct,a,0.5,-0.011624341999999899,0.0394122925,0.0,-0.10014398933521962,56,fixed_k3
Strain_a_Tension_0.5pct,a,0.5,-0.0077457179999999015,0.0394122925,0.0,-0.0639024303238449,56,fixed_k3
Strain_a_Tension_0.5pct,a,0.5,-0.0038670939999999043,0.0394122925,0.0,-0.01712969129794839,56,fixed_k3
Strain_a_Tension_0.5pct,a,0.5,1.1530000000092855e-05,0.0394122925,0.0,0.039504078198068004,56,fixed_k3
Strain_a_Tension_0.5pct,a,0.5,0.00389015400000009,0.0394122925,0.0,0.1047440279066767,56,fixed_k3
Strain_a_Tension_0.5pct,a,0.5,0.007768778000000087,0.0394122925,0.0,0.1770112379873443,56,fixed_k3
Strain_a_Tension_0.5pct,a,0.5,0.011647402000000084,0.0394122925,0.0,0.25467956610338227,56,fixed_k3
Strain_a_Tension_0.5pct,a,0.5,0.015526026000000082,0.0394122925,0.0,0.33633018700732764,56,fixed_k3
Strain_a_Tension_0.5pct,a,0.5,0.01940465000000008,0.0394122925,0.0,0.42095193451722657,56,fixed_k3
Strain_a_Tension_0.5pct,a,0.5,0.023283274000000076,0.0394122925,0.0,0.5080688280248501,56,fixed_k3
Strain_a_Tension_0.5pct,a,0.5,0.027161898000000073,0.0394122925,0.0,0.5977924805344434,56,fixed_k3
Strain_a_Tension_0.5pct,a,0.5,0.03104052200000007,0.0394122925,0.0,0.690812670177922,56,fixed_k3
Strain_a_Tension_0.5pct,a,0.5,0.03491914600000007,0.0394122925,0.0,0.7883514625993344,56,fixed_k3
Strain_a_Tension_0.5pct,a,0.5,0.038797770000000065,0.0394122925,0.0,0.8921135609028432,56,fixed_k3
Strain_a_Tension_0.5pct,a,0.5,0.04267639400000006,0.0394122925,0.0,1.0042673994446063,56,fixed_k3
Strain_a_Tension_0.5pct,a,0.5,0.04655501800000006,0.0394122925,0.0,1.1274859245314974,56,fixed_k3
Strain_a_Tension_0.5pct,a,0.5,0.050433642000000056,0.0394122925,0.0,1.2650556615988982,56,fixed_k3
Strain_a_Tension_0.5pct,a,0.5,0.05431226600000005,0.0394122925,0.0,1.421006684256068,56,fixed_k3
Strain_a_Tension_0.5pct,a,0.5,0.05819089000000005,0.0394122925,0.0,1.600073680567954,56,fixed_k3
Strain_a_Tension_0.5pct,a,0.5,0.06206951400000005,0.0394122925,0.0,1.8069580754552166,56,fixed_k3
Strain_a_Tension_0.5pct,a,0.5,0.06594813800000005,0.0394122925,0.0,2.0436085975152976,56,fixed_k3
Strain_a_Tension_0.5pct,a,0.5,0.06982676200000004,0.0394122925,0.0,2.3017646564751537,56,fixed_k3
Strain_a_Tension_0.5pct,a,0.5,0.07370538600000004,0.0394122925,0.0,2.5458066161538193,56,fixed_k3
Strain_a_Tension_0.5pct,a,0.5,0.07758401000000004,0.0394122925,0.0,2.6803000111433795,56,fixed_k3
Strain_a_Tension_0.5pct,a,0.5,0.08146263400000003,0.0394122925,0.0,2.5083182926847085,56,fixed_k3
Strain_a_Tension_0.5pct,a,0.5,0.08534125800000003,0.0394122925,0.0,1.739316889318853,56,fixed_k3
Strain_a_Tension_0.5pct,a,0.5,0.08921988200000003,0.0394122925,0.0,0.21462211966240607,56,fixed_k3
Strain_a_Tension_0.5pct,a,0.5,0.09309850600000003,0.0394122925,0.0,-1.521887400169042,56,fixed_k3
Strain_a_Tension_0.5pct,a,0.5,0.09697713000000002,0.0394122925,0.0,-1.941215869594118,56,fixed_k3
Strain_a_Tension_0.5pct,a,0.5,0.10085575400000002,0.0394122925,0.0,0.11587042076283882,56,fixed_k3
Strain_a_Tension_0.5pct,a,0.5,0.10473437800000002,0.0394122925,0.0,3.619541090087252,56,fixed_k3
Strain_a_Tension_0.5pct,a,0.5,0.10861300200000001,0.0394122925,0.0,6.317825562546551,56,fixed_k3
Strain_a_Tension_0.5pct,a,0.5,0.11249162600000001,0.0394122925,0.0,6.82938751210597,56,fixed_k3
Strain_a_Tension_0.5pct,a,0.5,0.11637025000000001,0.0394122925,0.0,4.475474802136359,56,fixed_k3
Strain_a_Tension_0.5pct,a,0.5,0.120248874,0.0394122925,0.0,-3.203463430913664,56,fixed_k3
Strain_a_Tension_0.5pct,a,0.5,0.124127498,0.0394122925,0.0,-31.204358973728514,56,fixed_k3
Strain_a_Tension_0.5pct,a,0.5,0.128006122,0.0394122925,0.0,-262.2763430139935,56,fixed_k3
Strain_a_Tension_0.5pct,a,0.5,0.131884746,0.0394122925,0.0,-9579.095767551715,56,fixed_k3
Strain_a_Tension_0.5pct,a,0.5,0.13576337,0.0394122925,0.0,-160.7004709748889,56,fixed_k3
Strain_a_Tension_0.5pct,a,0.5,0.139641994,0.0394122925,0.0,-16.048781036418774,56,fixed_k3
Strain_a_Tension_0.5pct,a,0.5,0.143520618,0.0394122925,0.0,-0.6834083197068801,56,fixed_k3
Strain_a_Tension_0.5pct,a,0.5,0.14739924199999999,0.0394122925,0.0,2.7684356380761983,56,fixed_k3
Strain_a_Tension_0.5pct,a,0.5,0.15127786599999998,0.0394122925,0.0,3.76528504108867,56,fixed_k3
Strain_a_Tension_0.5pct,a,0.5,0.15515649,0.0394122925,0.0,4.029985321970312,56,fixed_k3
Strain_a_Tension_0.5pct,a,0.5,-0.1551334299999998,0.04269893062499999,0.0,3.9087789823607957,56,fixed_k3
Strain_a_Tension_0.5pct,a,0.5,-0.1512548059999998,0.04269893062499999,0.0,3.9426908242359335,56,fixed_k3
Strain_a_Tension_0.5pct,a,0.5,-0.1473761819999998,0.04269893062499999,0.0,3.4829368136009533,56,fixed_k3
Strain_a_Tension_0.5pct,a,0.5,-0.1434975579999998,0.04269893062499999,0.0,1.447529576855209,56,fixed_k3
Strain_a_Tension_0.5pct,a,0.5,-0.1396189339999998,0.04269893062499999,0.0,-7.534821892018838,56,fixed_k3
Strain_a_Tension_0.5pct,a,0.5,-0.1357403099999998,0.04269893062499999,0.0,-80.79424017021324,56,fixed_k3
Strain_a_Tension_0.5pct,a,0.5,-0.1318616859999998,0.04269893062499999,0.0,-7834.606128370919,56,fixed_k3
Strain_a_Tension_0.5pct,a,0.5,-0.12798306199999981,0.04269893062499999,0.0,-251.16790625288715,56,fixed_k3
Strain_a_Tension_0.5pct,a,0.5,-0.12410443799999982,0.04269893062499999,0.0,-30.62355152412699,56,fixed_k3
Strain_a_Tension_0.5pct,a,0.5,-0.12022581399999982,0.04269893062499999,0.0,-8.754039699266103,56,fixed_k3
Strain_a_Tension_0.5pct,a,0.5,-0.11634718999999982,0.04269893062499999,0.0,-2.7469826654765592,56,fixed_k3
Strain_a_Tension_0.5pct,a,0.5,-0.11246856599999983,0.04269893062499999,0.0,0.5901724283128568,56,fixed_k3
Strain_a_Tension_0.5pct,a,0.5,-0.10858994199999983,0.04269893062499999,0.0,4.11693802180724,56,fixed_k3
Strain_a_Tension_0.5pct,a,0.5,-0.10471131799999983,0.04269893062499999,0.0,8.33888880629114,56,fixed_k3
Strain_a_Tension_0.5pct,a,0.5,-0.10083269399999983,0.04269893062499999,0.0,11.951350767719621,56,fixed_k3
Strain_a_Tension_0.5pct,a,0.5,-0.09695406999999984,0.04269893062499999,0.0,12.790962628971958,56,fixed_k3
Strain_a_Tension_0.5pct,a,0.5,-0.09307544599999984,0.04269893062499999,0.0,10.303619147911585,56,fixed_k3
Strain_a_Tension_0.5pct,a,0.5,-0.08919682199999984,0.04269893062499999,0.0,6.303799982318096,56,fixed_k3
Strain_a_Tension_0.5pct,a,0.5,-0.08531819799999985,0.04269893062499999,0.0,2.833945811274213,56,fixed_k3
Strain_a_Tension_0.5pct,a,0.5,-0.08143957399999985,0.04269893062499999,0.0,0.6506135757336227,56,fixed_k3
Strain_a_Tension_0.5pct,a,0.5,-0.07756094999999985,0.04269893062499999,0.0,-0.4345918802398243,56,fixed_k3
Strain_a_Tension_0.5pct,a,0.5,-0.07368232599999985,0.04269893062499999,0.0,-0.8422065985603009,56,fixed_k3
Strain_a_Tension_0.5pct,a,0.5,-0.06980370199999986,0.04269893062499999,0.0,-0.9023321162793829,56,fixed_k3
Strain_a_Tension_0.5pct,a,0.5,-0.06592507799999986,0.04269893062499999,0.0,-0.8113900964783787,56,fixed_k3
Strain_a_Tension_0.5pct,a,0.5,-0.06204645399999986,0.04269893062499999,0.0,-0.6714417280389953,56,fixed_k3
Strain_a_Tension_0.5pct,a,0.5,-0.058167829999999865,0.04269893062499999,0.0,-0.5307425138060509,56,fixed_k3
Strain_a_Tension_0.5pct,a,0.5,-0.05428920599999987,0.04269893062499999,0.0,-0.40965381544607826,56,fixed_k3
Strain_a_Tension_0.5pct,a,0.5,-0.05041058199999987,0.04269893062499999,0.0,-0.31476681147537255,56,fixed_k3
Strain_a_Tension_0.5pct,a,0.5,-0.04653195799999987,0.04269893062499999,0.0,-0.246069401531958,56,fixed_k3
Strain_a_Tension_0.5pct,a,0.5,-0.042653333999999876,0.04269893062499999,0.0,-0.20046014592711736,56,fixed_k3
Strain_a_Tension_0.5pct,a,0.5,-0.03877470999999988,0.04269893062499999,0.0,-0.17345363370981204,56,fixed_k3
Strain_a_Tension_0.5pct,a,0.5,-0.03489608599999988,0.04269893062499999,0.0,-0.1600269117839872,56,fixed_k3
Strain_a_Tension_0.5pct,a,0.5,-0.031017461999999885,0.04269893062499999,0.0,-0.1550767501742878,56,fixed_k3
Strain_a_Tension_0.5pct,a,0.5,-0.027138837999999887,0.04269893062499999,0.0,-0.1537121117389051,56,fixed_k3
Strain_a_Tension_0.5pct,a,0.5,-0.02326021399999989,0.04269893062499999,0.0,-0.15148127499190855,56,fixed_k3
Strain_a_Tension_0.5pct,a,0.5,-0.019381589999999893,0.04269893062499999,0.0,-0.14456812692648668,56,fixed_k3
Strain_a_Tension_0.5pct,a,0.5,-0.015502965999999896,0.04269893062499999,0.0,-0.12995784950789213,56,fixed_k3
Strain_a_Tension_0.5pct,a,0.5,-0.011624341999999899,0.04269893062499999,0.0,-0.10555542956206354,56,fixed_k3
Strain_a_Tension_0.5pct,a,0.5,-0.0077457179999999015,0.04269893062499999,0.0,-0.07023567069125725,56,fixed_k3
Strain_a_Tension_0.5pct,a,0.5,-0.0038670939999999043,0.04269893062499999,0.0,-0.023808108150517704,56,fixed_k3
Strain_a_Tension_0.5pct,a,0.5,1.1530000000092855e-05,0.04269893062499999,0.0,0.033107941712028355,56,fixed_k3
Strain_a_Tension_0.5pct,a,0.5,0.00389015400000009,0.04269893062499999,0.0,0.09928739932985842,56,fixed_k3
Strain_a_Tension_0.5pct,a,0.5,0.007768778000000087,0.04269893062499999,0.0,0.17315675187151114,56,fixed_k3
Strain_a_Tension_0.5pct,a,0.5,0.011647402000000084,0.04269893062499999,0.0,0.2530689196009144,56,fixed_k3
Strain_a_Tension_0.5pct,a,0.5,0.015526026000000082,0.04269893062499999,0.0,0.3375577430300569,56,fixed_k3
Strain_a_Tension_0.5pct,a,0.5,0.01940465000000008,0.04269893062499999,0.0,0.42554047954893925,56,fixed_k3
Strain_a_Tension_0.5pct,a,0.5,0.023283274000000076,0.04269893062499999,0.0,0.516449552976306,56,fixed_k3
Strain_a_Tension_0.5pct,a,0.5,0.027161898000000073,0.04269893062499999,0.0,0.6102907385975973,56,fixed_k3
Strain_a_Tension_0.5pct,a,0.5,0.03104052200000007,0.04269893062499999,0.0,0.7076403250616954,56,fixed_k3
Strain_a_Tension_0.5pct,a,0.5,0.03491914600000007,0.04269893062499999,0.0,0.8096058709184989,56,fixed_k3
Strain_a_Tension_0.5pct,a,0.5,0.038797770000000065,0.04269893062499999,0.0,0.9177826089302827,56,fixed_k3
Strain_a_Tension_0.5pct,a,0.5,0.04267639400000006,0.04269893062499999,0.0,1.0342396364618196,56,fixed_k3
Strain_a_Tension_0.5pct,a,0.5,0.04655501800000006,0.04269893062499999,0.0,1.1615647079229645,56,fixed_k3
Strain_a_Tension_0.5pct,a,0.5,0.050433642000000056,0.04269893062499999,0.0,1.3029763146907176,56,fixed_k3
Strain_a_Tension_0.5pct,a,0.5,0.05431226600000005,0.04269893062499999,0.0,1.4624561423630555,56,fixed_k3
Strain_a_Tension_0.5pct,a,0.5,0.05819089000000005,0.04269893062499999,0.0,1.6447142825948124,56,fixed_k3
Strain_a_Tension_0.5pct,a,0.5,0.06206951400000005,0.04269893062499999,0.0,1.8544664560246737,56,fixed_k3
Strain_a_Tension_0.5pct,a,0.5,0.06594813800000005,0.04269893062499999,0.0,2.0937746299760995,56,fixed_k3
Strain_a_Tension_0.5pct,a,0.5,0.06982676200000004,0.04269893062499999,0.0,2.354801113183198,56,fixed_k3
Strain_a_Tension_0.5pct,a,0.5,0.07370538600000004,0.04269893062499999,0.0,2.603288430518989,56,fixed_k3
Strain_a_Tension_0.5pct,a,0.5,0.07758401000000004,0.04269893062499999,0.0,2.74760602648425,56,fixed_k3
Strain_a_Tension_0.5pct,a,0.5,0.08146263400000003,0.04269893062499999,0.0,2.599281429445567,56,fixed_k3
Strain_a_Tension_0.5pct,a,0.5,0.08534125800000003,0.04269893062499999,0.0,1.8790697634066875,56,fixed_k3
Strain_a_Tension_0.5pct,a,0.5,0.08921988200000003,0.04269893062499999,0.0,0.4208989798403173,56,fixed_k3
Strain_a_Tension_0.5pct,a,0.5,0.09309850600000003,0.04269893062499999,0.0,-1.303694887069133,56,fixed_k3
Strain_a_Tension_0.5pct,a,0.5,0.09697713000000002,0.04269893062499999,0.0,-1.8742429799274225,56,fixed_k3
Strain_a_Tension_0.5pct,a,0.5,0.10085575400000002,0.04269893062499999,0.0,-0.06620500941943286,56,fixed_k3
Strain_a_Tension_0.5pct,a,0.5,0.10473437800000002,0.04269893062499999,0.0,3.350989372981479,56,fixed_k3
Strain_a_Tension_0.5pct,a,0.5,0.10861300200000001,0.04269893062499999,0.0,6.1919464385595635,56,fixed_k3
Strain_a_Tension_0.5pct,a,0.5,0.11249162600000001,0.04269893062499999,0.0,6.828478180047954,56,fixed_k3
Strain_a_Tension_0.5pct,a,0.5,0.11637025000000001,0.04269893062499999,0.0,4.169788847156008,56,fixed_k3
Strain_a_Tension_0.5pct,a,0.5,0.120248874,0.04269893062499999,0.0,-5.310258730355027,56,fixed_k3
Strain_a_Tension_0.5pct,a,0.5,0.124127498,0.04269893062499999,0.0,-43.586136212498765,56,fixed_k3
Strain_a_Tension_0.5pct,a,0.5,0.128006122,0.04269893062499999,0.0,-448.8329420717585,56,fixed_k3
Strain_a_Tension_0.5pct,a,0.5,0.131884746,0.04269893062499999,0.0,-13590.818689197147,56,fixed_k3
Strain_a_Tension_0.5pct,a,0.5,0.13576337,0.04269893062499999,0.0,-133.76273522583614,56,fixed_k3
Strain_a_Tension_0.5pct,a,0.5,0.139641994,0.04269893062499999,0.0,-14.164764707745702,56,fixed_k3
Strain_a_Tension_0.5pct,a,0.5,0.143520618,0.04269893062499999,0.0,-0.1120454040315001,56,fixed_k3
Strain_a_Tension_0.5pct,a,0.5,0.14739924199999999,0.04269893062499999,0.0,3.1316710429826626,56,fixed_k3
Strain_a_Tension_0.5pct,a,0.5,0.15127786599999998,0.04269893062499999,0.0,4.055367713276568,56,fixed_k3
Strain_a_Tension_0.5pct,a,0.5,0.15515649,0.04269893062499999,0.0,4.278816289802745,56,fixed_k3
Strain_a_Tension_0.5pct,a,0.5,-0.1551334299999998,0.04598556875000001,0.0,4.3075382109447,56,fixed_k3
Strain_a_Tension_0.5pct,a,0.5,-0.1512548059999998,0.04598556875000001,0.0,4.3953829452805575,56,fixed_k3
Strain_a_Tension_0.5pct,a,0.5,-0.1473761819999998,0.04598556875000001,0.0,4.015290503149716,56,fixed_k3
Strain_a_Tension_0.5pct,a,0.5,-0.1434975579999998,0.04598556875000001,0.0,2.1616163820193197,56,fixed_k3
Strain_a_Tension_0.5pct,a,0.5,-0.1396189339999998,0.04598556875000001,0.0,-5.918780170151463,56,fixed_k3
Strain_a_Tension_0.5pct,a,0.5,-0.1357403099999998,0.04598556875000001,0.0,-65.53473339368607,56,fixed_k3
Strain_a_Tension_0.5pct,a,0.5,-0.1318616859999998,0.04598556875000001,0.0,-5492.224914060367,56,fixed_k3
Strain_a_Tension_0.5pct,a,0.5,-0.12798306199999981,0.04598556875000001,0.0,-464.2550941345358,56,fixed_k3
Strain_a_Tension_0.5pct,a,0.5,-0.12410443799999982,0.04598556875000001,0.0,-41.396286809516816,56,fixed_k3
Strain_a_Tension_0.5pct,a,0.5,-0.12022581399999982,0.04598556875000001,0.0,-10.232591264166667,56,fixed_k3
Strain_a_Tension_0.5pct,a,0.5,-0.11634718999999982,0.04598556875000001,0.0,-2.3303422963072986,56,fixed_k3
Strain_a_Tension_0.5pct,a,0.5,-0.11246856599999983,0.04598556875000001,0.0,1.7514283658442817,56,fixed_k3
Strain_a_Tension_0.5pct,a,0.5,-0.10858994199999983,0.04598556875000001,0.0,5.632285180490208,56,fixed_k3
Strain_a_Tension_0.5pct,a,0.5,-0.10471131799999983,0.04598556875000001,0.0,9.825575995703984,56,fixed_k3
Strain_a_Tension_0.5pct,a,0.5,-0.10083269399999983,0.04598556875000001,0.0,12.991010279228494,56,fixed_k3
Strain_a_Tension_0.5pct,a,0.5,-0.09695406999999984,0.04598556875000001,0.0,13.233881537239393,56,fixed_k3
Strain_a_Tension_0.5pct,a,0.5,-0.09307544599999984,0.04598556875000001,0.0,10.377017175654812,56,fixed_k3
Strain_a_Tension_0.5pct,a,0.5,-0.08919682199999984,0.04598556875000001,0.0,6.290884665228594,56,fixed_k3
Strain_a_Tension_0.5pct,a,0.5,-0.08531819799999985,0.04598556875000001,0.0,2.8479927147209763,56,fixed_k3
Strain_a_Tension_0.5pct,a,0.5,-0.08143957399999985,0.04598556875000001,0.0,0.6906772565738182,56,fixed_k3
Strain_a_Tension_0.5pct,a,0.5,-0.07756094999999985,0.04598556875000001,0.0,-0.389816514436786,56,fixed_k3
Strain_a_Tension_0.5pct,a,0.5,-0.07368232599999985,0.04598556875000001,0.0,-0.8035620043211882,56,fixed_k3
Strain_a_Tension_0.5pct,a,0.5,-0.06980370199999986,0.04598556875000001,0.0,-0.8715747224940331,56,fixed_k3
Strain_a_Tension_0.5pct,a,0.5,-0.06592507799999986,0.04598556875000001,0.0,-0.786851360670052,56,fixed_k3
Strain_a_Tension_0.5pct,a,0.5,-0.06204645399999986,0.04598556875000001,0.0,-0.6511025358054381,56,fixed_k3
Strain_a_Tension_0.5pct,a,0.5,-0.058167829999999865,0.04598556875000001,0.0,-0.5132068516561885,56,fixed_k3
Strain_a_Tension_0.5pct,a,0.5,-0.05428920599999987,0.04598556875000001,0.0,-0.3942111126910246,56,fixed_k3
Strain_a_Tension_0.5pct,a,0.5,-0.05041058199999987,0.04598556875000001,0.0,-0.30119350568585057,56,fixed_k3
Strain_a_Tension_0.5pct,a,0.5,-0.04653195799999987,0.04598556875000001,0.0,-0.23441758865383333,56,fixed_k3
Strain_a_Tension_0.5pct,a,0.5,-0.042653333999999876,0.04598556875000001,0.0,-0.19089952783583786,56,fixed_k3
Strain_a_Tension_0.5pct,a,0.5,-0.03877470999999988,0.04598556875000001,0.0,-0.16616917419022625,56,fixed_k3
Strain_a_Tension_0.5pct,a,0.5,-0.03489608599999988,0.04598556875000001,0.0,-0.1551583918384991,56,fixed_k3
Strain_a_Tension_0.5pct,a,0.5,-0.031017461999999885,0.04598556875000001,0.0,-0.15268604004800768,56,fixed_k3
Strain_a_Tension_0.5pct,a,0.5,-0.027138837999999887,0.04598556875000001,0.0,-0.15376750462314726,56,fixed_k3
Strain_a_Tension_0.5pct,a,0.5,-0.02326021399999989,0.04598556875000001,0.0,-0.15385184203958224,56,fixed_k3
Strain_a_Tension_0.5pct,a,0.5,-0.019381589999999893,0.04598556875000001,0.0,-0.14902386400347822,56,fixed_k3
Strain_a_Tension_0.5pct,a,0.5,-0.015502965999999896,0.04598556875000001,0.0,-0.13617339576123388,56,fixed_k3
Strain_a_Tension_0.5pct,a,0.5,-0.011624341999999899,0.04598556875000001,0.0,-0.11311652324915045,56,fixed_k3
Strain_a_Tension_0.5pct,a,0.5,-0.0077457179999999015,0.04598556875000001,0.0,-0.07864839893858755,56,fixed_k3
Strain_a_Tension_0.5pct,a,0.5,-0.0038670939999999043,0.04598556875000001,0.0,-0.03251145461678906,56,fixed_k3
Strain_a_Tension_0.5pct,a,0.5,1.1530000000092855e-05,0.04598556875000001,0.0,0.024725733035817266,56,fixed_k3
Strain_a_Tension_0.5pct,a,0.5,0.00389015400000009,0.04598556875000001,0.0,0.09186851019032694,56,fixed_k3
Strain_a_Tension_0.5pct,a,0.5,0.007768778000000087,0.04598556875000001,0.0,0.16735006603865044,56,fixed_k3
Strain_a_Tension_0.5pct,a,0.5,0.011647402000000084,0.04598556875000001,0.0,0.2495042032028818,56,fixed_k3
Strain_a_Tension_0.5pct,a,0.5,0.015526026000000082,0.04598556875000001,0.0,0.3368196831496133,56,fixed_k3
Strain_a_Tension_0.5pct,a,0.5,0.01940465000000008,0.04598556875000001,0.0,0.428144842900791,56,fixed_k3
Strain_a_Tension_0.5pct,a,0.5,0.023283274000000076,0.04598556875000001,0.0,0.5228236038147407,56,fixed_k3
Strain_a_Tension_0.5pct,a,0.5,0.027161898000000073,0.04598556875000001,0.0,0.6207595367855525,56,fixed_k3
Strain_a_Tension_0.5pct,a,0.5,0.03104052200000007,0.04598556875000001,0.0,0.7224197555363798,56,fixed_k3
Strain_a_Tension_0.5pct,a,0.5,0.03491914600000007,0.04598556875000001,0.0,0.8288024253073398,56,fixed_k3
Strain_a_Tension_0.5pct,a,0.5,0.038797770000000065,0.04598556875000001,0.0,0.941399211545318,56,fixed_k3
Strain_a_Tension_0.5pct,a,0.5,0.04267639400000006,0.04598556875000001,0.0,1.0621862543660057,56,fixed_k3
Strain_a_Tension_0.5pct,a,0.5,0.04655501800000006,0.04598556875000001,0.0,1.1936720649577628,56,fixed_k3
Strain_a_Tension_0.5pct,a,0.5,0.050433642000000056,0.04598556875000001,0.0,1.3390106218574815,56,fixed_k3
Strain_a_Tension_0.5pct,a,0.5,0.05431226600000005,0.04598556875000001,0.0,1.502132417224208,56,fixed_k3
Strain_a_Tension_0.5pct,a,0.5,0.05819089000000005,0.04598556875000001,0.0,1.687706751161865,56,fixed_k3
Strain_a_Tension_0.5pct,a,0.5,0.06206951400000005,0.04598556875000001,0.0,1.9004221276354392,56,fixed_k3
Strain_a_Tension_0.5pct,a,0.5,0.06594813800000005,0.04598556875000001,0.0,2.1423685103333354,56,fixed_k3
Strain_a_Tension_0.5pct,a,0.5,0.06982676200000004,0.04598556875000001,0.0,2.4059774507215694,56,fixed_k3
Strain_a_Tension_0.5pct,a,0.5,0.07370538600000004,0.04598556875000001,0.0,2.658106589063468,56,fixed_k3
Strain_a_Tension_0.5pct,a,0.5,0.07758401000000004,0.04598556875000001,0.0,2.8105841063025885,56,fixed_k3
Strain_a_Tension_0.5pct,a,0.5,0.08146263400000003,0.04598556875000001,0.0,2.6830361143457826,56,fixed_k3
Strain_a_Tension_0.5pct,a,0.5,0.08534125800000003,0.04598556875000001,0.0,2.007619122664574,56,fixed_k3
Strain_a_Tension_0.5pct,a,0.5,0.08921988200000003,0.04598556875000001,0.0,0.6128603762898208,56,fixed_k3
Strain_a_Tension_0.5pct,a,0.5,0.09309850600000003,0.04598556875000001,0.0,-1.0976885636761764,56,fixed_k3
Strain_a_Tension_0.5pct,a,0.5,0.09697713000000002,0.04598556875000001,0.0,-1.8156869728588108,56,fixed_k3
Strain_a_Tension_0.5pct,a,0.5,0.10085575400000002,0.04598556875000001,0.0,-0.27188289951347877,56,fixed_k3
Strain_a_Tension_0.5pct,a,0.5,0.10473437800000002,0.04598556875000001,0.0,3.027628848769156,56,fixed_k3
Strain_a_Tension_0.5pct,a,0.5,0.10861300200000001,0.04598556875000001,0.0,6.003378014874416,56,fixed_k3
Strain_a_Tension_0.5pct,a,0.5,0.11249162600000001,0.04598556875000001,0.0,6.77761764847963,56,fixed_k3
Strain_a_Tension_0.5pct,a,0.5,0.11637025000000001,0.04598556875000001,0.0,3.7506399582086196,56,fixed_k3
Strain_a_Tension_0.5pct,a,0.5,0.120248874,0.04598556875000001,0.0,-8.071759996700935,56,fixed_k3
Strain_a_Tension_0.5pct,a,0.5,0.124127498,0.04598556875000001,0.0,-61.415833514655986,56,fixed_k3
Strain_a_Tension_0.5pct,a,0.5,0.128006122,0.04598556875000001,0.0,-837.7186228732343,56,fixed_k3
Strain_a_Tension_0.5pct,a,0.5,0.131884746,0.04598556875000001,0.0,-8829.748386955967,56,fixed_k3
Strain_a_Tension_0.5pct,a,0.5,0.13576337,0.04598556875000001,0.0,-109.05608477371122,56,fixed_k3
Strain_a_Tension_0.5pct,a,0.5,0.139641994,0.04598556875000001,0.0,-12.1242194317174,56,fixed_k3
Strain_a_Tension_0.5pct,a,0.5,0.143520618,0.04598556875000001,0.0,0.5248947330993867,56,fixed_k3
Strain_a_Tension_0.5pct,a,0.5,0.14739924199999999,0.04598556875000001,0.0,3.5167711931664196,56,fixed_k3
Strain_a_Tension_0.5pct,a,0.5,0.15127786599999998,0.04598556875000001,0.0,4.349596162084555,56,fixed_k3
Strain_a_Tension_0.5pct,a,0.5,0.15515649,0.04598556875000001,0.0,4.524097813002482,56,fixed_k3
Strain_a_Tension_0.5pct,a,0.5,-0.1551334299999998,0.049272206875,0.0,4.703545771064556,56,fixed_k3
Strain_a_Tension_0.5pct,a,0.5,-0.1512548059999998,0.049272206875,0.0,4.853884427430723,56,fixed_k3
Strain_a_Tension_0.5pct,a,0.5,-0.1473761819999998,0.049272206875,0.0,4.569749010038035,56,fixed_k3
Strain_a_Tension_0.5pct,a,0.5,-0.1434975579999998,0.049272206875,0.0,2.930222762792799,56,fixed_k3
Strain_a_Tension_0.5pct,a,0.5,-0.1396189339999998,0.049272206875,0.0,-4.2066448104713565,56,fixed_k3
Strain_a_Tension_0.5pct,a,0.5,-0.1357403099999998,0.049272206875,0.0,-51.942480012816546,56,fixed_k3
Strain_a_Tension_0.5pct,a,0.5,-0.1318616859999998,0.049272206875,0.0,-2508.5889082638964,56,fixed_k3
Strain_a_Tension_0.5pct,a,0.5,-0.12798306199999981,0.049272206875,0.0,-953.840017096111,56,fixed_k3
Strain_a_Tension_0.5pct,a,0.5,-0.12410443799999982,0.049272206875,0.0,-56.44703805822889,56,fixed_k3
Strain_a_Tension_0.5pct,a,0.5,-0.12022581399999982,0.049272206875,0.0,-11.853980496020789,56,fixed_k3
Strain_a_Tension_0.5pct,a,0.5,-0.11634718999999982,0.049272206875,0.0,-1.6268476222855124,56,fixed_k3
Strain_a_Tension_0.5pct,a,0.5,-0.11246856599999983,0.049272206875,0.0,3.23712103146631,56,fixed_k3
Strain_a_Tension_0.5pct,a,0.5,-0.10858994199999983,0.049272206875,0.0,7.390324139070244,56,fixed_k3
Strain_a_Tension_0.5pct,a,0.5,-0.10471131799999983,0.049272206875,0.0,11.410819334398722,56,fixed_k3
Strain_a_Tension_0.5pct,a,0.5,-0.10083269399999983,0.049272206875,0.0,13.999584877276959,56,fixed_k3
Strain_a_Tension_0.5pct,a,0.5,-0.09695406999999984,0.049272206875,0.0,13.59780938452451,56,fixed_k3
Strain_a_Tension_0.5pct,a,0.5,-0.09307544599999984,0.049272206875,0.0,10.386150386315032,56,fixed_k3
Strain_a_Tension_0.5pct,a,0.5,-0.08919682199999984,0.049272206875,0.0,6.2393450301522275,56,fixed_k3
Strain_a_Tension_0.5pct,a,0.5,-0.08531819799999985,0.049272206875,0.0,2.840770962730873,56,fixed_k3
Strain_a_Tension_0.5pct,a,0.5,-0.08143957399999985,0.049272206875,0.0,0.7192712446388105,56,fixed_k3
Strain_a_Tension_0.5pct,a,0.5,-0.07756094999999985,0.049272206875,0.0,-0.3514399894877809,56,fixed_k3
Strain_a_Tension_0.5pct,a,0.5,-0.07368232599999985,0.049272206875,0.0,-0.769001361320661,56,fixed_k3
Strain_a_Tension_0.5pct,a,0.5,-0.06980370199999986,0.049272206875,0.0,-0.8440271625300579,56,fixed_k3
Strain_a_Tension_0.5pct,a,0.5,-0.06592507799999986,0.049272206875,0.0,-0.7652984996093184,56,fixed_k3
Strain_a_Tension_0.5pct,a,0.5,-0.06204645399999986,0.049272206875,0.0,-0.6337638837175779,56,fixed_k3
Strain_a_Tension_0.5pct,a,0.5,-0.058167829999999865,0.049272206875,0.0,-0.4987384310274603,56,fixed_k3
Strain_a_Tension_0.5pct,a,0.5,-0.05428920599999987,0.049272206875,0.0,-0.38188221741659634,56,fixed_k3
Strain_a_Tension_0.5pct,a,0.5,-0.05041058199999987,0.049272206875,0.0,-0.2907399820611669,56,fixed_k3
Strain_a_Tension_0.5pct,a,0.5,-0.04653195799999987,0.049272206875,0.0,-0.225851298015725,56,fixed_k3
Strain_a_Tension_0.5pct,a,0.5,-0.042653333999999876,0.049272206875,0.0,-0.18435731938726563,56,fixed_k3
Strain_a_Tension_0.5pct,a,0.5,-0.03877470999999988,0.049272206875,0.0,-0.1618119752716083,56,fixed_k3
Strain_a_Tension_0.5pct,a,0.5,-0.03489608599999988,0.049272206875,0.0,-0.15311021935619729,56,fixed_k3
Strain_a_Tension_0.5pct,a,0.5,-0.031017461999999885,0.049272206875,0.0,-0.15300021177713363,56,fixed_k3
Strain_a_Tension_0.5pct,a,0.5,-0.027138837999999887,0.049272206875,0.0,-0.1564099079885961,56,fixed_k3
Strain_a_Tension_0.5pct,a,0.5,-0.02326021399999989,0.049272206875,0.0,-0.15869434102113633,56,fixed_k3
Strain_a_Tension_0.5pct,a,0.5,-0.019381589999999893,0.049272206875,0.0,-0.155843592788659,56,fixed_k3
Strain_a_Tension_0.5pct,a,0.5,-0.015502965999999896,0.049272206875,0.0,-0.1446556634315359,56,fixed_k3
Strain_a_Tension_0.5pct,a,0.5,-0.011624341999999899,0.049272206875,0.0,-0.12286045109320098,56,fixed_k3
Strain_a_Tension_0.5pct,a,0.5,-0.0077457179999999015,0.049272206875,0.0,-0.08917533138927669,56,fixed_k3
Strain_a_Tension_0.5pct,a,0.5,-0.0038670939999999043,0.049272206875,0.0,-0.04327666067721392,56,fixed_k3
Strain_a_Tension_0.5pct,a,0.5,1.1530000000092855e-05,0.049272206875,0.0,0.014317517400195046,56,fixed_k3
Strain_a_Tension_0.5pct,a,0.5,0.00389015400000009,0.049272206875,0.0,0.08244352737604954,56,fixed_k3
Strain_a_Tension_0.5pct,a,0.5,0.007768778000000087,0.049272206875,0.0,0.15954248303144292,56,fixed_k3
Strain_a_Tension_0.5pct,a,0.5,0.011647402000000084,0.049272206875,0.0,0.24393086760471805,56,fixed_k3
Strain_a_Tension_0.5pct,a,0.5,0.015526026000000082,0.049272206875,0.0,0.33405466608859524,56,fixed_k3
Strain_a_Tension_0.5pct,a,0.5,0.01940465000000008,0.049272206875,0.0,0.42869607884859806,56,fixed_k3
Strain_a_Tension_0.5pct,a,0.5,0.023283274000000076,0.049272206875,0.0,0.5271138294270961,56,fixed_k3
Strain_a_Tension_0.5pct,a,0.5,0.027161898000000073,0.049272206875,0.0,0.6291132099658434,56,fixed_k3
Strain_a_Tension_0.5pct,a,0.5,0.03104052200000007,0.049272206875,0.0,0.7350568398901107,56,fixed_k3
Strain_a_Tension_0.5pct,a,0.5,0.03491914600000007,0.049272206875,0.0,0.8458390372293241,56,fixed_k3
Strain_a_Tension_0.5pct,a,0.5,0.038797770000000065,0.049272206875,0.0,0.9628542969937697,56,fixed_k3
Strain_a_Tension_0.5pct,a,0.5,0.04267639400000006,0.049272206875,0.0,1.0879927387607813,56,fixed_k3
Strain_a_Tension_0.5pct,a,0.5,0.04655501800000006,0.049272206875,0.0,1.2236902134844787,56,fixed_k3
Strain_a_Tension_0.5pct,a,0.5,0.050433642000000056,0.049272206875,0.0,1.3730404635434446,56,fixed_k3
Strain_a_Tension_0.5pct,a,0.5,0.05431226600000005,0.049272206875,0.0,1.5399209779209206,56,fixed_k3
Strain_a_Tension_0.5pct,a,0.5,0.05819089000000005,0.049272206875,0.0,1.7289456115291888,56,fixed_k3
Strain_a_Tension_0.5pct,a,0.5,0.06206951400000005,0.049272206875,0.0,1.9447369543590574,56,fixed_k3
Strain_a_Tension_0.5pct,a,0.5,0.06594813800000005,0.049272206875,0.0,2.189333359171574,56,fixed_k3
Strain_a_Tension_0.5pct,a,0.5,0.06982676200000004,0.049272206875,0.0,2.455293117690286,56,fixed_k3
Strain_a_Tension_0.5pct,a,0.5,0.07370538600000004,0.049272206875,0.0,2.7103615510105445,56,fixed_k3
Strain_a_Tension_0.5pct,a,0.5,0.07758401000000004,0.049272206875,0.0,2.8695064454986134,56,fixed_k3
Strain_a_Tension_0.5pct,a,0.5,0.08146263400000003,0.049272206875,0.0,2.7601113626726357,56,fixed_k3
Strain_a_Tension_0.5pct,a,0.5,0.08534125800000003,0.049272206875,0.0,2.1258103780381625,56,fixed_k3
Strain_a_Tension_0.5pct,a,0.5,0.08921988200000003,0.049272206875,0.0,0.7917553835887781,56,fixed_k3
Strain_a_Tension_0.5pct,a,0.5,0.09309850600000003,0.049272206875,0.0,-0.9014578177788262,56,fixed_k3
Strain_a_Tension_0.5pct,a,0.5,0.09697713000000002,0.049272206875,0.0,-1.759550340819299,56,fixed_k3
Strain_a_Tension_0.5pct,a,0.5,0.10085575400000002,0.049272206875,0.0,-0.49093961716022627,56,fixed_k3
Strain_a_Tension_0.5pct,a,0.5,0.10473437800000002,0.049272206875,0.0,2.6572080882473594,56,fixed_k3
Strain_a_Tension_0.5pct,a,0.5,0.10861300200000001,0.049272206875,0.0,5.753747203168457,56,fixed_k3
Strain_a_Tension_0.5pct,a,0.5,0.11249162600000001,0.049272206875,0.0,6.679082284781373,56,fixed_k3
Strain_a_Tension_0.5pct,a,0.5,0.11637025000000001,0.049272206875,0.0,3.2135845317714433,56,fixed_k3
Strain_a_Tension_0.5pct,a,0.5,0.120248874,0.049272206875,0.0,-11.642389847525939,56,fixed_k3
Strain_a_Tension_0.5pct,a,0.5,0.124127498,0.049272206875,0.0,-87.24554997282803,56,fixed_k3
Strain_a_Tension_0.5pct,a,0.5,0.128006122,0.049272206875,0.0,-1732.6459086722996,56,fixed_k3
Strain_a_Tension_0.5pct,a,0.5,0.131884746,0.049272206875,0.0,-3957.079691793691,56,fixed_k3
Strain_a_Tension_0.5pct,a,0.5,0.13576337,0.049272206875,0.0,-87.503133600487,56,fixed_k3
Strain_a_Tension_0.5pct,a,0.5,0.139641994,0.049272206875,0.0,-10.00109908984038,56,fixed_k3
Strain_a_Tension_0.5pct,a,0.5,0.143520618,0.049272206875,0.0,1.215249208376021,56,fixed_k3
Strain_a_Tension_0.5pct,a,0.5,0.14739924199999999,0.049272206875,0.0,3.92088302350368,56,fixed_k3
Strain_a_Tension_0.5pct,a,0.5,0.15127786599999998,0.049272206875,0.0,4.647289994472845,56,fixed_k3
Strain_a_Tension_0.5pct,a,0.5,0.15515649,0.049272206875,0.0,4.765873314801506,56,fixed_k3
Strain_a_Tension_0.5pct,a,0.5,-0.1551334299999998,0.05255884499999999,0.0,5.094133011880596,56,fixed_k3
Strain_a_Tension_0.5pct,a,0.5,-0.1512548059999998,0.05255884499999999,0.0,5.314976276437118,56,fixed_k3
Strain_a_Tension_0.5pct,a,0.5,-0.1473761819999998,0.05255884499999999,0.0,5.141614970601983,56,fixed_k3
Strain_a_Tension_0.5pct,a,0.5,-0.1434975579999998,0.05255884499999999,0.0,3.742704909014106,56,fixed_k3
Strain_a_Tension_0.5pct,a,0.5,-0.1396189339999998,0.05255884499999999,0.0,-2.4434782187162036,56,fixed_k3
Strain_a_Tension_0.5pct,a,0.5,-0.1357403099999998,0.05255884499999999,0.0,-40.24117938304942,56,fixed_k3
Strain_a_Tension_0.5pct,a,0.5,-0.1318616859999998,0.05255884499999999,0.0,-1135.0225482789406,56,fixed_k3
Strain_a_Tension_0.5pct,a,0.5,-0.12798306199999981,0.05255884499999999,0.0,-2175.7030830626604,56,fixed_k3
Strain_a_Tension_0.5pct,a,0.5,-0.12410443799999982,0.05255884499999999,0.0,-77.22245953522733,56,fixed_k3
Strain_a_Tension_0.5pct,a,0.5,-0.12022581399999982,0.05255884499999999,0.0,-13.448088996479457,56,fixed_k3
Strain_a_Tension_0.5pct,a,0.5,-0.11634718999999982,0.05255884499999999,0.0,-0.47164987698381944,56,fixed_k3
Strain_a_Tension_0.5pct,a,0.5,-0.11246856599999983,0.05255884499999999,0.0,5.141886334290004,56,fixed_k3
Strain_a_Tension_0.5pct,a,0.5,-0.10858994199999983,0.05255884499999999,0.0,9.417711165794294,56,fixed_k3
Strain_a_Tension_0.5pct,a,0.5,-0.10471131799999983,0.05255884499999999,0.0,13.077081095714416,56,fixed_k3
Strain_a_Tension_0.5pct,a,0.5,-0.10083269399999983,0.05255884499999999,0.0,14.95219536749421,56,fixed_k3
Strain_a_Tension_0.5pct,a,0.5,-0.09695406999999984,0.05255884499999999,0.0,13.871329693592658,56,fixed_k3
Strain_a_Tension_0.5pct,a,0.5,-0.09307544599999984,0.05255884499999999,0.0,10.329942471061129,56,fixed_k3
Strain_a_Tension_0.5pct,a,0.5,-0.08919682199999984,0.05255884499999999,0.0,6.150751094347006,56,fixed_k3
Strain_a_Tension_0.5pct,a,0.5,-0.08531819799999985,0.05255884499999999,0.0,2.813461900795632,56,fixed_k3
Strain_a_Tension_0.5pct,a,0.5,-0.08143957399999985,0.05255884499999999,0.0,0.7369280655727963,56,fixed_k3
Strain_a_Tension_0.5pct,a,0.5,-0.07756094999999985,0.05255884499999999,0.0,-0.31926518387923086,56,fixed_k3
Strain_a_Tension_0.5pct,a,0.5,-0.07368232599999985,0.05255884499999999,0.0,-0.7384472347023556,56,fixed_k3
Strain_a_Tension_0.5pct,a,0.5,-0.06980370199999986,0.05255884499999999,0.0,-0.819647388598439,56,fixed_k3
Strain_a_Tension_0.5pct,a,0.5,-0.06592507799999986,0.05255884499999999,0.0,-0.746702096658542,56,fixed_k3
Strain_a_Tension_0.5pct,a,0.5,-0.06204645399999986,0.05255884499999999,0.0,-0.619405085565607,56,fixed_k3
Strain_a_Tension_0.5pct,a,0.5,-0.058167829999999865,0.05255884499999999,0.0,-0.48732469655559973,56,fixed_k3
Strain_a_Tension_0.5pct,a,0.5,-0.05428920599999987,0.05255884499999999,0.0,-0.37266170400774334,56,fixed_k3
Strain_a_Tension_0.5pct,a,0.5,-0.05041058199999987,0.05255884499999999,0.0,-0.28340639285293556,56,fixed_k3
Strain_a_Tension_0.5pct,a,0.5,-0.04653195799999987,0.05255884499999999,0.0,-0.22037461638348477,56,fixed_k3
Strain_a_Tension_0.5pct,a,0.5,-0.042653333999999876,0.05255884499999999,0.0,-0.18084013587726888,56,fixed_k3
Strain_a_Tension_0.5pct,a,0.5,-0.03877470999999988,0.05255884499999999,0.0,-0.16039014328232604,56,fixed_k3
Strain_a_Tension_0.5pct,a,0.5,-0.03489608599999988,0.05255884499999999,0.0,-0.15389132723807775,56,fixed_k3
Strain_a_Tension_0.5pct,a,0.5,-0.031017461999999885,0.05255884499999999,0.0,-0.15602867883559668,56,fixed_k3
Strain_a_Tension_0.5pct,a,0.5,-0.027138837999999887,0.05255884499999999,0.0,-0.16164911664857984,56,fixed_k3
Strain_a_Tension_0.5pct,a,0.5,-0.02326021399999989,0.05255884499999999,0.0,-0.1660190293337176,56,fixed_k3
Strain_a_Tension_0.5pct,a,0.5,-0.019381589999999893,0.05255884499999999,0.0,-0.1650382449610286,56,fixed_k3
Strain_a_Tension_0.5pct,a,0.5,-0.015502965999999896,0.05255884499999999,0.0,-0.15541657073509763,56,fixed_k3
Strain_a_Tension_0.5pct,a,0.5,-0.011624341999999899,0.05255884499999999,0.0,-0.13480051987848007,56,fixed_k3
Strain_a_Tension_0.5pct,a,0.5,-0.0077457179999999015,0.05255884499999999,0.0,-0.10183165853243215,56,fixed_k3
Strain_a_Tension_0.5pct,a,0.5,-0.0038670939999999043,0.05255884499999999,0.0,-0.05612139806170058,56,fixed_k3
Strain_a_Tension_0.5pct,a,0.5,1.1530000000092855e-05,0.05255884499999999,0.0,0.001862436377883192,56,fixed_k3
Strain_a_Tension_0.5pct,a,0.5,0.00389015400000009,0.05255884499999999,0.0,0.07098759981767189,56,fixed_k3
Strain_a_Tension_0.5pct,a,0.5,0.007768778000000087,0.05255884499999999,0.0,0.14970427944650755,56,fixed_k3
Strain_a_Tension_0.5pct,a,0.5,0.011647402000000084,0.05255884499999999,0.0,0.23631341155844088,56,fixed_k3
Strain_a_Tension_0.5pct,a,0.5,0.015526026000000082,0.05255884499999999,0.0,0.32922054772571885,56,fixed_k3
Strain_a_Tension_0.5pct,a,0.5,0.01940465000000008,0.05255884499999999,0.0,0.4271446541037025,56,fixed_k3
Strain_a_Tension_0.5pct,a,0.5,0.023283274000000076,0.05255884499999999,0.0,0.5292627622108013,56,fixed_k3
Strain_a_Tension_0.5pct,a,0.5,0.027161898000000073,0.05255884499999999,0.0,0.6352860919291594,56,fixed_k3
Strain_a_Tension_0.5pct,a,0.5,0.03104052200000007,0.05255884499999999,0.0,0.7454778027449946,56,fixed_k3
Strain_a_Tension_0.5pct,a,0.5,0.03491914600000007,0.05255884499999999,0.0,0.8606343308556785,56,fixed_k3
Strain_a_Tension_0.5pct,a,0.5,0.038797770000000065,0.05255884499999999,0.0,0.9820598786068842,56,fixed_k3
Strain_a_Tension_0.5pct,a,0.5,0.04267639400000006,0.05255884499999999,0.0,1.1115660285005768,56,fixed_k3
Strain_a_Tension_0.5pct,a,0.5,0.04655501800000006,0.05255884499999999,0.0,1.2515231882949651,56,fixed_k3
Strain_a_Tension_0.5pct,a,0.5,0.050433642000000056,0.05255884499999999,0.0,1.4049699233875084,56,fixed_k3
Strain_a_Tension_0.5pct,a,0.5,0.05431226600000005,0.05255884499999999,0.0,1.5757299984608288,56,fixed_k3
Strain_a_Tension_0.5pct,a,0.5,0.05819089000000005,0.05255884499999999,0.0,1.7683489511302737,56,fixed_k3
Strain_a_Tension_0.5pct,a,0.5,0.06206951400000005,0.05255884499999999,0.0,1.9873481234441241,56,fixed_k3
Strain_a_Tension_0.5pct,a,0.5,0.06594813800000005,0.05255884499999999,0.0,2.234641436172326,56,fixed_k3
Strain_a_Tension_0.5pct,a,0.5,0.06982676200000004,0.05255884499999999,0.0,2.5027848078493067,56,fixed_k3
Strain_a_Tension_0.5pct,a,0.5,0.07370538600000004,0.05255884499999999,0.0,2.7602074044668523,56,fixed_k3
Strain_a_Tension_0.5pct,a,0.5,0.07758401000000004,0.05255884499999999,0.0,2.924729944744875,56,fixed_k3
Strain_a_Tension_0.5pct,a,0.5,0.08146263400000003,0.05255884499999999,0.0,2.831174847664701,56,fixed_k3
Strain_a_Tension_0.5pct,a,0.5,0.08534125800000003,0.05255884499999999,0.0,2.2347033698615735,56,fixed_k3
Strain_a_Tension_0.5pct,a,0.5,0.08921988200000003,0.05255884499999999,0.0,0.9590840390633939,56,fixed_k3
Strain_a_Tension_0.5pct,a,0.5,0.09309850600000003,0.05255884499999999,0.0,-0.7125113543369488,56,fixed_k3
Strain_a_Tension_0.5pct,a,0.5,0.09697713000000002,0.05255884499999999,0.0,-1.699931899700156,56,fixed_k3
Strain_a_Tension_0.5pct,a,0.5,0.10085575400000002,0.05255884499999999,0.0,-0.7121296033835189,56,fixed_k3
Strain_a_Tension_0.5pct,a,0.5,0.10473437800000002,0.05255884499999999,0.0,2.250684481702538,56,fixed_k3
Strain_a_Tension_0.5pct,a,0.5,0.10861300200000001,0.05255884499999999,0.0,5.449210352403494,56,fixed_k3
Strain_a_Tension_0.5pct,a,0.5,0.11249162600000001,0.05255884499999999,0.0,6.543270682912972,56,fixed_k3
Strain_a_Tension_0.5pct,a,0.5,0.11637025000000001,0.05255884499999999,0.0,2.572049242284475,56,fixed_k3
Strain_a_Tension_0.5pct,a,0.5,0.120248874,0.05255884499999999,0.0,-16.162737228335192,56,fixed_k3
Strain_a_Tension_0.5pct,a,0.5,0.124127498,0.05255884499999999,0.0,-124.46263139796291,56,fixed_k3
Strain_a_Tension_0.5pct,a,0.5,0.128006122,0.05255884499999999,0.0,-3870.455465989698,56,fixed_k3
Strain_a_Tension_0.5pct,a,0.5,0.131884746,0.05255884499999999,0.0,-1802.9153765517378,56,fixed_k3
Strain_a_Tension_0.5pct,a,0.5,0.13576337,0.05255884499999999,0.0,-69.28582598553825,56,fixed_k3
Strain_a_Tension_0.5pct,a,0.5,0.139641994,0.05255884499999999,0.0,-7.8541946076395845,56,fixed_k3
Strain_a_Tension_0.5pct,a,0.5,0.143520618,0.05255884499999999,0.0,1.9475175342001116,56,fixed_k3
Strain_a_Tension_0.5pct,a,0.5,0.14739924199999999,0.05255884499999999,0.0,4.341123451892661,56,fixed_k3
Strain_a_Tension_0.5pct,a,0.5,0.15127786599999998,0.05255884499999999,0.0,4.9478123447053255,56,fixed_k3
Strain_a_Tension_0.5pct,a,0.5,0.15515649,0.05255884499999999,0.0,5.004308810496541,56,fixed_k3
Strain_a_Tension_0.5pct,a,0.5,-0.1551334299999998,0.055845483124999984,0.0,5.476476323834364,56,fixed_k3
Strain_a_Tension_0.5pct,a,0.5,-0.1512548059999998,0.055845483124999984,0.0,5.775233431383298,56,fixed_k3
Strain_a_Tension_0.5pct,a,0.5,-0.1473761819999998,0.055845483124999984,0.0,5.726064977332236,56,fixed_k3
Strain_a_Tension_0.5pct,a,0.5,-0.1434975579999998,0.055845483124999984,0.0,4.589411001636835,56,fixed_k3
Strain_a_Tension_0.5pct,a,0.5,-0.1396189339999998,0.055845483124999984,0.0,-0.6616929995310807,56,fixed_k3
Strain_a_Tension_0.5pct,a,0.5,-0.1357403099999998,0.055845483124999984,0.0,-30.34693967087371,56,fixed_k3
Strain_a_Tension_0.5pct,a,0.5,-0.1318616859999998,0.055845483124999984,0.0,-565.8500117269131,56,fixed_k3
Strain_a_Tension_0.5pct,a,0.5,-0.12798306199999981,0.055845483124999984,0.0,-4730.749315937882,56,fixed_k3
Strain_a_Tension_0.5pct,a,0.5,-0.12410443799999982,0.055845483124999984,0.0,-104.86725390179475,56,fixed_k3
Strain_a_Tension_0.5pct,a,0.5,-0.12022581399999982,0.055845483124999984,0.0,-14.653303980793211,56,fixed_k3
Strain_a_Tension_0.5pct,a,0.5,-0.11634718999999982,0.055845483124999984,0.0,1.3740984216555947,56,fixed_k3
Strain_a_Tension_0.5pct,a,0.5,-0.11246856599999983,0.055845483124999984,0.0,7.578205003402008,56,fixed_k3
Strain_a_Tension_0.5pct,a,0.5,-0.10858994199999983,0.055845483124999984,0.0,11.733600307550253,56,fixed_k3
Strain_a_Tension_0.5pct,a,0.5,-0.10471131799999983,0.055845483124999984,0.0,14.796920372264328,56,fixed_k3
Strain_a_Tension_0.5pct,a,0.5,-0.10083269399999983,0.055845483124999984,0.0,15.821587983852766,56,fixed_k3
Strain_a_Tension_0.5pct,a,0.5,-0.09695406999999984,0.055845483124999984,0.0,14.044800249976326,56,fixed_k3
Strain_a_Tension_0.5pct,a,0.5,-0.09307544599999984,0.055845483124999984,0.0,10.208910546747077,56,fixed_k3
Strain_a_Tension_0.5pct,a,0.5,-0.08919682199999984,0.055845483124999984,0.0,6.027437189625081,56,fixed_k3
Strain_a_Tension_0.5pct,a,0.5,-0.08531819799999985,0.055845483124999984,0.0,2.767598904702213,56,fixed_k3
Strain_a_Tension_0.5pct,a,0.5,-0.08143957399999985,0.055845483124999984,0.0,0.7443599989252796,56,fixed_k3
Strain_a_Tension_0.5pct,a,0.5,-0.07756094999999985,0.055845483124999984,0.0,-0.29299697828068694,56,fixed_k3
Strain_a_Tension_0.5pct,a,0.5,-0.07368232599999985,0.055845483124999984,0.0,-0.7117644074839895,56,fixed_k3
Strain_a_Tension_0.5pct,a,0.5,-0.06980370199999986,0.055845483124999984,0.0,-0.798354111796743,56,fixed_k3
Strain_a_Tension_0.5pct,a,0.5,-0.06592507799999986,0.055845483124999984,0.0,-0.7310014154107685,56,fixed_k3
Strain_a_Tension_0.5pct,a,0.5,-0.06204645399999986,0.055845483124999984,0.0,-0.607977374161571,56,fixed_k3
Strain_a_Tension_0.5pct,a,0.5,-0.058167829999999865,0.055845483124999984,0.0,-0.47892638585922387,56,fixed_k3
Strain_a_Tension_0.5pct,a,0.5,-0.05428920599999987,0.055845483124999984,0.0,-0.36651815653323205,56,fixed_k3
Strain_a_Tension_0.5pct,a,0.5,-0.05041058199999987,0.055845483124999984,0.0,-0.2791674365991408,56,fixed_k3
Strain_a_Tension_0.5pct,a,0.5,-0.04653195799999987,0.055845483124999984,0.0,-0.21796670502107052,56,fixed_k3
Strain_a_Tension_0.5pct,a,0.5,-0.042653333999999876,0.055845483124999984,0.0,-0.18033023713943708,56,fixed_k3
Strain_a_Tension_0.5pct,a,0.5,-0.03877470999999988,0.055845483124999984,0.0,-0.16188804453341232,56,fixed_k3
Strain_a_Tension_0.5pct,a,0.5,-0.03489608599999988,0.055845483124999984,0.0,-0.1574875556790576,56,fixed_k3
Strain_a_Tension_0.5pct,a,0.5,-0.031017461999999885,0.055845483124999984,0.0,-0.16175842207200786,56,fixed_k3
Strain_a_Tension_0.5pct,a,0.5,-0.027138837999999887,0.055845483124999984,0.0,-0.16947314558492987,56,fixed_k3
Strain_a_Tension_0.5pct,a,0.5,-0.02326021399999989,0.055845483124999984,0.0,-0.17581501093995766,56,fixed_k3
Strain_a_Tension_0.5pct,a,0.5,-0.019381589999999893,0.055845483124999984,0.0,-0.17659818138477368,56,fixed_k3
Strain_a_Tension_0.5pct,a,0.5,-0.015502965999999896,0.055845483124999984,0.0,-0.16844798860341248,56,fixed_k3
Strain_a_Tension_0.5pct,a,0.5,-0.011624341999999899,0.055845483124999984,0.0,-0.1489304404586258,56,fixed_k3
Strain_a_Tension_0.5pct,a,0.5,-0.0077457179999999015,0.055845483124999984,0.0,-0.11661334334269013,56,fixed_k3
Strain_a_Tension_0.5pct,a,0.5,-0.0038670939999999043,0.055845483124999984,0.0,-0.07104438818052006,56,fixed_k3
Strain_a_Tension_0.5pct,a,0.5,1.1530000000092855e-05,0.055845483124999984,0.0,-0.012641598521880404,56,fixed_k3
Strain_a_Tension_0.5pct,a,0.5,0.00389015400000009,0.055845483124999984,0.0,0.057494565477887116,56,fixed_k3
Strain_a_Tension_0.5pct,a,0.5,0.007768778000000087,0.055845483124999984,0.0,0.13782443903544594,56,fixed_k3
Strain_a_Tension_0.5pct,a,0.5,0.011647402000000084,0.055845483124999984,0.0,0.226635154547423,56,fixed_k3
Strain_a_Tension_0.5pct,a,0.5,0.015526026000000082,0.055845483124999984,0.0,0.32229420716888124,56,fixed_k3
Strain_a_Tension_0.5pct,a,0.5,0.01940465000000008,0.055845483124999984,0.0,0.42346034091034057,56,fixed_k3
Strain_a_Tension_0.5pct,a,0.5,0.023283274000000076,0.055845483124999984,0.0,0.5292325909107027,56,fixed_k3
Strain_a_Tension_0.5pct,a,0.5,0.027161898000000073,0.055845483124999984,0.0,0.6392325789911095,56,fixed_k3
Strain_a_Tension_0.5pct,a,0.5,0.03104052200000007,0.055845483124999984,0.0,0.7536293779928775,56,fixed_k3
Strain_a_Tension_0.5pct,a,0.5,0.03491914600000007,0.055845483124999984,0.0,0.8731279107024879,56,fixed_k3
Strain_a_Tension_0.5pct,a,0.5,0.038797770000000065,0.055845483124999984,0.0,0.9989494285545097,56,fixed_k3
Strain_a_Tension_0.5pct,a,0.5,0.04267639400000006,0.055845483124999984,0.0,1.1328349921075753,56,fixed_k3
Strain_a_Tension_0.5pct,a,0.5,0.04655501800000006,0.055845483124999984,0.0,1.277097410581314,56,fixed_k3
Strain_a_Tension_0.5pct,a,0.5,0.050433642000000056,0.055845483124999984,0.0,1.434725932414618,56,fixed_k3
Strain_a_Tension_0.5pct,a,0.5,0.05431226600000005,0.055845483124999984,0.0,1.6094910438851524,56,fixed_k3
Strain_a_Tension_0.5pct,a,0.5,0.05819089000000005,0.055845483124999984,0.0,1.8058590853536631,56,fixed_k3
Strain_a_Tension_0.5pct,a,0.5,0.06206951400000005,0.055845483124999984,0.0,2.028218659912878,56,fixed_k3
Strain_a_Tension_0.5pct,a,0.5,0.06594813800000005,0.055845483124999984,0.0,2.278294203637129,56,fixed_k3
Strain_a_Tension_0.5pct,a,0.5,0.06982676200000004,0.055845483124999984,0.0,2.5485253639991594,56,fixed_k3
Strain_a_Tension_0.5pct,a,0.5,0.07370538600000004,0.055845483124999984,0.0,2.8078479918546737,56,fixed_k3
Strain_a_Tension_0.5pct,a,0.5,0.07758401000000004,0.055845483124999984,0.0,2.976686219558313,56,fixed_k3
Strain_a_Tension_0.5pct,a,0.5,0.08146263400000003,0.055845483124999984,0.0,2.897011209832078,56,fixed_k3
Strain_a_Tension_0.5pct,a,0.5,0.08534125800000003,0.055845483124999984,0.0,2.3355335114370996,56,fixed_k3
Strain_a_Tension_0.5pct,a,0.5,0.08921988200000003,0.055845483124999984,0.0,1.1165440991160582,56,fixed_k3
Strain_a_Tension_0.5pct,a,0.5,0.09309850600000003,0.055845483124999984,0.0,-0.5283499921255908,56,fixed_k3
Strain_a_Tension_0.5pct,a,0.5,0.09697713000000002,0.055845483124999984,0.0,-1.6312505260401107,56,fixed_k3
Strain_a_Tension_0.5pct,a,0.5,0.10085575400000002,0.055845483124999984,0.0,-0.9236608661122223,56,fixed_k3
Strain_a_Tension_0.5pct,a,0.5,0.10473437800000002,0.055845483124999984,0.0,1.8220839991486328,56,fixed_k3
Strain_a_Tension_0.5pct,a,0.5,0.10861300200000001,0.055845483124999984,0.0,5.101308610819893,56,fixed_k3
Strain_a_Tension_0.5pct,a,0.5,0.11249162600000001,0.055845483124999984,0.0,6.39233607574968,56,fixed_k3
Strain_a_Tension_0.5pct,a,0.5,0.11637025000000001,0.055845483124999984,0.0,1.8714115163595182,56,fixed_k3
Strain_a_Tension_0.5pct,a,0.5,0.120248874,0.055845483124999984,0.0,-21.69906136144847,56,fixed_k3
Strain_a_Tension_0.5pct,a,0.5,0.124127498,0.055845483124999984,0.0,-176.62070789019563,56,fixed_k3
Strain_a_Tension_0.5pct,a,0.5,0.128006122,0.055845483124999984,0.0,-7539.702819285257,56,fixed_k3
Strain_a_Tension_0.5pct,a,0.5,0.131884746,0.055845483124999984,0.0,-911.6372679652844,56,fixed_k3
Strain_a_Tension_0.5pct,a,0.5,0.13576337,0.055845483124999984,0.0,-54.16303374183034,56,fixed_k3
Strain_a_Tension_0.5pct,a,0.5,0.139641994,0.055845483124999984,0.0,-5.72669427696011,56,fixed_k3
Strain_a_Tension_0.5pct,a,0.5,0.143520618,0.055845483124999984,0.0,2.7113511483611825,56,fixed_k3
Strain_a_Tension_0.5pct,a,0.5,0.14739924199999999,0.055845483124999984,0.0,4.774733464285819,56,fixed_k3
Strain_a_Tension_0.5pct,a,0.5,0.15127786599999998,0.055845483124999984,0.0,5.250636939457937,56,fixed_k3
Strain_a_Tension_0.5pct,a,0.5,0.15515649,0.055845483124999984,0.0,5.239733854039448,56,fixed_k3
Strain_a_Tension_0.5pct,a,0.5,-0.1551334299999998,0.059132121249999975,0.0,5.847631898020427,56,fixed_k3
Strain_a_Tension_0.5pct,a,0.5,-0.1512548059999998,0.059132121249999975,0.0,6.23107216602858,56,fixed_k3
Strain_a_Tension_0.5pct,a,0.5,-0.1473761819999998,0.059132121249999975,0.0,6.3182297813012065,56,fixed_k3
Strain_a_Tension_0.5pct,a,0.5,-0.1434975579999998,0.059132121249999975,0.0,5.461843504478096,56,fixed_k3
Strain_a_Tension_0.5pct,a,0.5,-0.1396189339999998,0.059132121249999975,0.0,1.117863812903129,56,fixed_k3
Strain_a_Tension_0.5pct,a,0.5,-0.1357403099999998,0.059132121249999975,0.0,-22.02706446512677,56,fixed_k3
Strain_a_Tension_0.5pct,a,0.5,-0.1318616859999998,0.059132121249999975,0.0,-309.3659741799356,56,fixed_k3
Strain_a_Tension_0.5pct,a,0.5,-0.12798306199999981,0.059132121249999975,0.0,-5777.298900535088,56,fixed_k3
Strain_a_Tension_0.5pct,a,0.5,-0.12410443799999982,0.059132121249999975,0.0,-138.6253740146248,56,fixed_k3
Strain_a_Tension_0.5pct,a,0.5,-0.12022581399999982,0.059132121249999975,0.0,-14.789547862478376,56,fixed_k3
Strain_a_Tension_0.5pct,a,0.5,-0.11634718999999982,0.059132121249999975,0.0,4.245935890014282,56,fixed_k3
Strain_a_Tension_0.5pct,a,0.5,-0.11246856599999983,0.059132121249999975,0.0,10.673300747033723,56,fixed_k3
Strain_a_Tension_0.5pct,a,0.5,-0.10858994199999983,0.059132121249999975,0.0,14.34361106281848,56,fixed_k3
Strain_a_Tension_0.5pct,a,0.5,-0.10471131799999983,0.059132121249999975,0.0,16.53173944694905,56,fixed_k3
Strain_a_Tension_0.5pct,a,0.5,-0.10083269399999983,0.059132121249999975,0.0,16.579373199975656,56,fixed_k3
Strain_a_Tension_0.5pct,a,0.5,-0.09695406999999984,0.059132121249999975,0.0,14.11104517370299,56,fixed_k3
Strain_a_Tension_0.5pct,a,0.5,-0.09307544599999984,0.059132121249999975,0.0,10.025236364774827,56,fixed_k3
Strain_a_Tension_0.5pct,a,0.5,-0.08919682199999984,0.059132121249999975,0.0,5.872445957548498,56,fixed_k3
Strain_a_Tension_0.5pct,a,0.5,-0.08531819799999985,0.059132121249999975,0.0,2.70502810101786,56,fixed_k3
Strain_a_Tension_0.5pct,a,0.5,-0.08143957399999985,0.059132121249999975,0.0,0.742442930572426,56,fixed_k3
Strain_a_Tension_0.5pct,a,0.5,-0.07756094999999985,0.059132121249999975,0.0,-0.2722465612584297,56,fixed_k3
Strain_a_Tension_0.5pct,a,0.5,-0.07368232599999985,0.059132121249999975,0.0,-0.6887597620438453,56,fixed_k3
Strain_a_Tension_0.5pct,a,0.5,-0.06980370199999986,0.059132121249999975,0.0,-0.7800254614144153,56,fixed_k3
Strain_a_Tension_0.5pct,a,0.5,-0.06592507799999986,0.059132121249999975,0.0,-0.7181029354237272,56,fixed_k3
Strain_a_Tension_0.5pct,a,0.5,-0.06204645399999986,0.059132121249999975,0.0,-0.5994026231500829,56,fixed_k3
Strain_a_Tension_0.5pct,a,0.5,-0.058167829999999865,0.059132121249999975,0.0,-0.4734764984349229,56,fixed_k3
Strain_a_Tension_0.5pct,a,0.5,-0.05428920599999987,0.059132121249999975,0.0,-0.3633933770191562,56,fixed_k3
Strain_a_Tension_0.5pct,a,0.5,-0.05041058199999987,0.059132121249999975,0.0,-0.27797178194609806,56,fixed_k3
Strain_a_Tension_0.5pct,a,0.5,-0.04653195799999987,0.059132121249999975,0.0,-0.21858141320882285,56,fixed_k3
Strain_a_Tension_0.5pct,a,0.5,-0.042653333999999876,0.059132121249999975,0.0,-0.18278530634235968,56,fixed_k3
Strain_a_Tension_0.5pct,a,0.5,-0.03877470999999988,0.059132121249999975,0.0,-0.16626622708939465,56,fixed_k3
Strain_a_Tension_0.5pct,a,0.5,-0.03489608599999988,0.059132121249999975,0.0,-0.16386169665037786,56,fixed_k3
Strain_a_Tension_0.5pct,a,0.5,-0.031017461999999885,0.059132121249999975,0.0,-0.17015413849295236,56,fixed_k3
Strain_a_Tension_0.5pct,a,0.5,-0.027138837999999887,0.059132121249999975,0.0,-0.1798484663050146,56,fixed_k3
Strain_a_Tension_0.5pct,a,0.5,-0.02326021399999989,0.059132121249999975,0.0,-0.18805054509787977,56,fixed_k3
Strain_a_Tension_0.5pct,a,0.5,-0.019381589999999893,0.059132121249999975,0.0,-0.19049355942525814,56,fixed_k3
Strain_a_Tension_0.5pct,a,0.5,-0.015502965999999896,0.059132121249999975,0.0,-0.18372215406366532,56,fixed_k3
Strain_a_Tension_0.5pct,a,0.5,-0.011624341999999899,0.059132121249999975,0.0,-0.16522477568587957,56,fixed_k3
Strain_a_Tension_0.5pct,a,0.5,-0.0077457179999999015,0.059132121249999975,0.0,-0.13349759289954943,56,fixed_k3
Strain_a_Tension_0.5pct,a,0.5,-0.0038670939999999043,0.059132121249999975,0.0,-0.08802588680195722,56,fixed_k3
Strain_a_Tension_0.5pct,a,0.5,1.1530000000092855e-05,0.059132121249999975,0.0,-0.02917839273291989,56,fixed_k3
Strain_a_Tension_0.5pct,a,0.5,0.00389015400000009,0.059132121249999975,0.0,0.04197647370523838,56,fixed_k3
Strain_a_Tension_0.5pct,a,0.5,0.007768778000000087,0.059132121249999975,0.0,0.12391019651030266,56,fixed_k3
Strain_a_Tension_0.5pct,a,0.5,0.011647402000000084,0.059132121249999975,0.0,0.21489781497337512,56,fixed_k3
Strain_a_Tension_0.5pct,a,0.5,0.015526026000000082,0.059132121249999975,0.0,0.3132711726720443,56,fixed_k3
Strain_a_Tension_0.5pct,a,0.5,0.01940465000000008,0.059132121249999975,0.0,0.4176319039009986,56,fixed_k3
Strain_a_Tension_0.5pct,a,0.5,0.023283274000000076,0.059132121249999975,0.0,0.5270049207600647,56,fixed_k3
Strain_a_Tension_0.5pct,a,0.5,0.027161898000000073,0.059132121249999975,0.0,0.6409269741013877,56,fixed_k3
Strain_a_Tension_0.5pct,a,0.5,0.03104052200000007,0.059132121249999975,0.0,0.7594787450110219,56,fixed_k3
Strain_a_Tension_0.5pct,a,0.5,0.03491914600000007,0.059132121249999975,0.0,0.883280394652247,56,fixed_k3
Strain_a_Tension_0.5pct,a,0.5,0.038797770000000065,0.059132121249999975,0.0,1.0134780079217394,56,fixed_k3
Strain_a_Tension_0.5pct,a,0.5,0.04267639400000006,0.059132121249999975,0.0,1.1517506494859906,56,fixed_k3
Strain_a_Tension_0.5pct,a,0.5,0.04655501800000006,0.059132121249999975,0.0,1.3003619883151736,56,fixed_k3
Strain_a_Tension_0.5pct,a,0.5,0.050433642000000056,0.059132121249999975,0.0,1.4622586240761053,56,fixed_k3
Strain_a_Tension_0.5pct,a,0.5,0.05431226600000005,0.059132121249999975,0.0,1.6411594373018494,56,fixed_k3
Strain_a_Tension_0.5pct,a,0.5,0.05819089000000005,0.059132121249999975,0.0,1.8414428568889942,56,fixed_k3
Strain_a_Tension_0.5pct,a,0.5,0.06206951400000005,0.059132121249999975,0.0,2.0673374957666075,56,fixed_k3
Strain_a_Tension_0.5pct,a,0.5,0.06594813800000005,0.059132121249999975,0.0,2.320321808429812,56,fixed_k3
Strain_a_Tension_0.5pct,a,0.5,0.06982676200000004,0.059132121249999975,0.0,2.5926218644813335,56,fixed_k3
Strain_a_Tension_0.5pct,a,0.5,0.07370538600000004,0.059132121249999975,0.0,2.853531825293042,56,fixed_k3
Strain_a_Tension_0.5pct,a,0.5,0.07758401000000004,0.059132121249999975,0.0,3.025869793863565,56,fixed_k3
Strain_a_Tension_0.5pct,a,0.5,0.08146263400000003,0.059132121249999975,0.0,2.9584976797732834,56,fixed_k3
Strain_a_Tension_0.5pct,a,0.5,0.08534125800000003,0.059132121249999975,0.0,2.4296690242472696,56,fixed_k3
Strain_a_Tension_0.5pct,a,0.5,0.08921988200000003,0.059132121249999975,0.0,1.2659733177017178,56,fixed_k3
Strain_a_Tension_0.5pct,a,0.5,0.09309850600000003,0.059132121249999975,0.0,-0.34653586595104624,56,fixed_k3
Strain_a_Tension_0.5pct,a,0.5,0.09697713000000002,0.059132121249999975,0.0,-1.548455613538013,56,fixed_k3
Strain_a_Tension_0.5pct,a,0.5,0.10085575400000002,0.059132121249999975,0.0,-1.1137832044807952,56,fixed_k3
Strain_a_Tension_0.5pct,a,0.5,0.10473437800000002,0.059132121249999975,0.0,1.3879553268013645,56,fixed_k3
Strain_a_Tension_0.5pct,a,0.5,0.10861300200000001,0.059132121249999975,0.0,4.727221422139723,56,fixed_k3
Strain_a_Tension_0.5pct,a,0.5,0.11249162600000001,0.059132121249999975,0.0,6.263801701312609,56,fixed_k3
Strain_a_Tension_0.5pct,a,0.5,0.11637025000000001,0.059132121249999975,0.0,1.2085792252222691,56,fixed_k3
Strain_a_Tension_0.5pct,a,0.5,0.120248874,0.059132121249999975,0.0,-28.13200698529657,56,fixed_k3
Strain_a_Tension_0.5pct,a,0.5,0.124127498,0.059132121249999975,0.0,-244.79589033253615,56,fixed_k3
Strain_a_Tension_0.5pct,a,0.5,0.128006122,0.059132121249999975,0.0,-7781.092762160141,56,fixed_k3
Strain_a_Tension_0.5pct,a,0.5,0.131884746,0.059132121249999975,0.0,-507.7518910175115,56,fixed_k3
Strain_a_Tension_0.5pct,a,0.5,0.13576337,0.059132121249999975,0.0,-41.70632512879911,56,fixed_k3
Strain_a_Tension_0.5pct,a,0.5,0.139641994,0.059132121249999975,0.0,-3.6472854896739735,56,fixed_k3
Strain_a_Tension_0.5pct,a,0.5,0.143520618,0.059132121249999975,0.0,3.497877334454285,56,fixed_k3
Strain_a_Tension_0.5pct,a,0.5,0.14739924199999999,0.059132121249999975,0.0,5.2192100906450545,56,fixed_k3
Strain_a_Tension_0.5pct,a,0.5,0.15127786599999998,0.059132121249999975,0.0,5.555411462716155,56,fixed_k3
Strain_a_Tension_0.5pct,a,0.5,0.15515649,0.059132121249999975,0.0,5.472681617416433,56,fixed_k3
Strain_a_Tension_0.5pct,a,0.5,-0.1551334299999998,0.062418759374999994,0.0,6.2045706681409625,56,fixed_k3
Strain_a_Tension_0.5pct,a,0.5,-0.1512548059999998,0.062418759374999994,0.0,6.678793516940134,56,fixed_k3
Strain_a_Tension_0.5pct,a,0.5,-0.1473761819999998,0.062418759374999994,0.0,6.913248953480936,56,fixed_k3
Strain_a_Tension_0.5pct,a,0.5,-0.1434975579999998,0.062418759374999994,0.0,6.352690291630575,56,fixed_k3
Strain_a_Tension_0.5pct,a,0.5,-0.1396189339999998,0.062418759374999994,0.0,2.8842280643313316,56,fixed_k3
Strain_a_Tension_0.5pct,a,0.5,-0.1357403099999998,0.062418759374999994,0.0,-14.998927837378837,56,fixed_k3
Strain_a_Tension_0.5pct,a,0.5,-0.1318616859999998,0.062418759374999994,0.0,-180.9757144820935,56,fixed_k3
Strain_a_Tension_0.5pct,a,0.5,-0.12798306199999981,0.062418759374999994,0.0,-3131.1811022337247,56,fixed_k3
Strain_a_Tension_0.5pct,a,0.5,-0.12410443799999982,0.062418759374999994,0.0,-172.61358587075236,56,fixed_k3
Strain_a_Tension_0.5pct,a,0.5,-0.12022581399999982,0.062418759374999994,0.0,-12.695515768631775,56,fixed_k3
Strain_a_Tension_0.5pct,a,0.5,-0.11634718999999982,0.062418759374999994,0.0,8.597992288425374,56,fixed_k3
Strain_a_Tension_0.5pct,a,0.5,-0.11246856599999983,0.062418759374999994,0.0,14.56094003033446,56,fixed_k3
Strain_a_Tension_0.5pct,a,0.5,-0.10858994199999983,0.062418759374999994,0.0,17.232366722779805,56,fixed_k3
Strain_a_Tension_0.5pct,a,0.5,-0.10471131799999983,0.062418759374999994,0.0,18.23145508812855,56,fixed_k3
Strain_a_Tension_0.5pct,a,0.5,-0.10083269399999983,0.062418759374999994,0.0,17.197726344053727,56,fixed_k3
Strain_a_Tension_0.5pct,a,0.5,-0.09695406999999984,0.062418759374999994,0.0,14.065981146055792,56,fixed_k3
Strain_a_Tension_0.5pct,a,0.5,-0.09307544599999984,0.062418759374999994,0.0,9.782757377457134,56,fixed_k3
Strain_a_Tension_0.5pct,a,0.5,-0.08919682199999984,0.062418759374999994,0.0,5.689444576376303,56,fixed_k3
Strain_a_Tension_0.5pct,a,0.5,-0.08531819799999985,0.062418759374999994,0.0,2.627860563574112,56,fixed_k3
Strain_a_Tension_0.5pct,a,0.5,-0.08143957399999985,0.062418759374999994,0.0,0.7321969139655968,56,fixed_k3
Strain_a_Tension_0.5pct,a,0.5,-0.07756094999999985,0.062418759374999994,0.0,-0.25653718622435195,56,fixed_k3
Strain_a_Tension_0.5pct,a,0.5,-0.07368232599999985,0.062418759374999994,0.0,-0.6691827649946591,56,fixed_k3
Strain_a_Tension_0.5pct,a,0.5,-0.06980370199999986,0.062418759374999994,0.0,-0.7644978631006238,56,fixed_k3
Strain_a_Tension_0.5pct,a,0.5,-0.06592507799999986,0.062418759374999994,0.0,-0.707878957450816,56,fixed_k3
Strain_a_Tension_0.5pct,a,0.5,-0.06204645399999986,0.062418759374999994,0.0,-0.5935720964997746,56,fixed_k3
Strain_a_Tension_0.5pct,a,0.5,-0.058167829999999865,0.062418759374999994,0.0,-0.4708792940407298,56,fixed_k3
Strain_a_Tension_0.5pct,a,0.5,-0.05428920599999987,0.062418759374999994,0.0,-0.3632016399576199,56,fixed_k3
Strain_a_Tension_0.5pct,a,0.5,-0.05041058199999987,0.062418759374999994,0.0,-0.2797415574977964,56,fixed_k3
Strain_a_Tension_0.5pct,a,0.5,-0.04653195799999987,0.062418759374999994,0.0,-0.22214697602965017,56,fixed_k3
Strain_a_Tension_0.5pct,a,0.5,-0.042653333999999876,0.062418759374999994,0.0,-0.18813832829617994,56,fixed_k3
Strain_a_Tension_0.5pct,a,0.5,-0.03877470999999988,0.062418759374999994,0.0,-0.1734614540943129,56,fixed_k3
Strain_a_Tension_0.5pct,a,0.5,-0.03489608599999988,0.062418759374999994,0.0,-0.17295365915701622,56,fixed_k3
Strain_a_Tension_0.5pct,a,0.5,-0.031017461999999885,0.062418759374999994,0.0,-0.18115851774491665,56,fixed_k3
Strain_a_Tension_0.5pct,a,0.5,-0.027138837999999887,0.062418759374999994,0.0,-0.19272037605180503,56,fixed_k3
Strain_a_Tension_0.5pct,a,0.5,-0.02326021399999989,0.062418759374999994,0.0,-0.2026734918599986,56,fixed_k3
Strain_a_Tension_0.5pct,a,0.5,-0.019381589999999893,0.062418759374999994,0.0,-0.2066748401673455,56,fixed_k3
Strain_a_Tension_0.5pct,a,0.5,-0.015502965999999896,0.062418759374999994,0.0,-0.2011922262358985,56,fixed_k3
Strain_a_Tension_0.5pct,a,0.5,-0.011624341999999899,0.062418759374999994,0.0,-0.1836395335879577,56,fixed_k3
Strain_a_Tension_0.5pct,a,0.5,-0.0077457179999999015,0.062418759374999994,0.0,-0.15244347808813807,56,fixed_k3
Strain_a_Tension_0.5pct,a,0.5,-0.0038670939999999043,0.062418759374999994,0.0,-0.10702832007655272,56,fixed_k3
Strain_a_Tension_0.5pct,a,0.5,1.1530000000092855e-05,0.062418759374999994,0.0,-0.04771411074934595,56,fixed_k3
Strain_a_Tension_0.5pct,a,0.5,0.00389015400000009,0.062418759374999994,0.0,0.02446294770183388,56,fixed_k3
Strain_a_Tension_0.5pct,a,0.5,0.007768778000000087,0.062418759374999994,0.0,0.10798641595428671,56,fixed_k3
Strain_a_Tension_0.5pct,a,0.5,0.011647402000000084,0.062418759374999994,0.0,0.20112091657470144,56,fixed_k3
Strain_a_Tension_0.5pct,a,0.5,0.015526026000000082,0.062418759374999994,0.0,0.302165068554604,56,fixed_k3
Strain_a_Tension_0.5pct,a,0.5,0.01940465000000008,0.062418759374999994,0.0,0.40966659993078114,56,fixed_k3
Strain_a_Tension_0.5pct,a,0.5,0.023283274000000076,0.062418759374999994,0.0,0.522580337855975,56,fixed_k3
Strain_a_Tension_0.5pct,a,0.5,0.027161898000000073,0.062418759374999994,0.0,0.6403631257175522,56,fixed_k3
Strain_a_Tension_0.5pct,a,0.5,0.03104052200000007,0.062418759374999994,0.0,0.7630132493781836,56,fixed_k3
Strain_a_Tension_0.5pct,a,0.5,0.03491914600000007,0.062418759374999994,0.0,0.8910732201671625,56,fixed_k3
Strain_a_Tension_0.5pct,a,0.5,0.038797770000000065,0.062418759374999994,0.0,1.0256221571767001,56,fixed_k3
Strain_a_Tension_0.5pct,a,0.5,0.04267639400000006,0.062418759374999994,0.0,1.1682861388922894,56,fixed_k3
Strain_a_Tension_0.5pct,a,0.5,0.04655501800000006,0.062418759374999994,0.0,1.3212887430340303,56,fixed_k3
Strain_a_Tension_0.5pct,a,0.5,0.050433642000000056,0.062418759374999994,0.0,1.4875413907787696,56,fixed_k3
Strain_a_Tension_0.5pct,a,0.5,0.05431226600000005,0.062418759374999994,0.0,1.670714293382967,56,fixed_k3
Strain_a_Tension_0.5pct,a,0.5,0.05819089000000005,0.062418759374999994,0.0,1.8750915492150608,56,fixed_k3
Strain_a_Tension_0.5pct,a,0.5,0.06206951400000005,0.062418759374999994,0.0,2.1047190710807193,56,fixed_k3
Strain_a_Tension_0.5pct,a,0.5,0.06594813800000005,0.062418759374999994,0.0,2.3607819626459694,56,fixed_k3
Strain_a_Tension_0.5pct,a,0.5,0.06982676200000004,0.062418759374999994,0.0,2.635212895307589,56,fixed_k3
Strain_a_Tension_0.5pct,a,0.5,0.07370538600000004,0.062418759374999994,0.0,2.8975458701429524,56,fixed_k3
Strain_a_Tension_0.5pct,a,0.5,0.07758401000000004,0.062418759374999994,0.0,3.072824752057257,56,fixed_k3
Strain_a_Tension_0.5pct,a,0.5,0.08146263400000003,0.062418759374999994,0.0,3.0165777011127055,56,fixed_k3
Strain_a_Tension_0.5pct,a,0.5,0.08534125800000003,0.062418759374999994,0.0,2.518565566845432,56,fixed_k3
Strain_a_Tension_0.5pct,a,0.5,0.08921988200000003,0.062418759374999994,0.0,1.4092887771295475,56,fixed_k3
Strain_a_Tension_0.5pct,a,0.5,0.09309850600000003,0.062418759374999994,0.0,-0.16475640809999947,56,fixed_k3
Strain_a_Tension_0.5pct,a,0.5,0.09697713000000002,0.062418759374999994,0.0,-1.447207068189383,56,fixed_k3
Strain_a_Tension_0.5pct,a,0.5,0.10085575400000002,0.062418759374999994,0.0,-1.2714321330819267,56,fixed_k3
Strain_a_Tension_0.5pct,a,0.5,0.10473437800000002,0.062418759374999994,0.0,0.9664054933318375,56,fixed_k3
Strain_a_Tension_0.5pct,a,0.5,0.10861300200000001,0.062418759374999994,0.0,4.34903662964721,56,fixed_k3
Strain_a_Tension_0.5pct,a,0.5,0.11249162600000001,0.062418759374999994,0.0,6.21301878136047,56,fixed_k3
Strain_a_Tension_0.5pct,a,0.5,0.11637025000000001,0.062418759374999994,0.0,0.7562410639094355,56,fixed_k3
Strain_a_Tension_0.5pct,a,0.5,0.120248874,0.062418759374999994,0.0,-34.984792522412974,56,fixed_k3
Strain_a_Tension_0.5pct,a,0.5,0.124127498,0.062418759374999994,0.0,-321.64012269600346,56,fixed_k3
Strain_a_Tension_0.5pct,a,0.5,0.128006122,0.062418759374999994,0.0,-4138.066291756479,56,fixed_k3
Strain_a_Tension_0.5pct,a,0.5,0.131884746,0.062418759374999994,0.0,-304.6469013709972,56,fixed_k3
Strain_a_Tension_0.5pct,a,0.5,0.13576337,0.062418759374999994,0.0,-31.442216995689172,56,fixed_k3
Strain_a_Tension_0.5pct,a,0.5,0.139641994,0.062418759374999994,0.0,-1.6321222349215267,56,fixed_k3
Strain_a_Tension_0.5pct,a,0.5,0.143520618,0.062418759374999994,0.0,4.299878272591838,56,fixed_k3
Strain_a_Tension_0.5pct,a,0.5,0.14739924199999999,0.062418759374999994,0.0,5.672417582517942,56,fixed_k3
Strain_a_Tension_0.5pct,a,0.5,0.15127786599999998,0.062418759374999994,0.0,5.862017868414423,56,fixed_k3
Strain_a_Tension_0.5pct,a,0.5,0.15515649,0.062418759374999994,0.0,5.703928521319229,56,fixed_k3
Strain_a_Tension_0.5pct,a,0.5,-0.1551334299999998,0.06570539749999998,0.0,6.544212943151688,56,fixed_k3
Strain_a_Tension_0.5pct,a,0.5,-0.1512548059999998,0.06570539749999998,0.0,7.114623754284584,56,fixed_k3
Strain_a_Tension_0.5pct,a,0.5,-0.1473761819999998,0.06570539749999998,0.0,7.506305978023631,56,fixed_k3
Strain_a_Tension_0.5pct,a,0.5,-0.1434975579999998,0.06570539749999998,0.0,7.255758870980099,56,fixed_k3
Strain_a_Tension_0.5pct,a,0.5,-0.1396189339999998,0.06570539749999998,0.0,4.634450433180716,56,fixed_k3
Strain_a_Tension_0.5pct,a,0.5,-0.1357403099999998,0.06570539749999998,0.0,-8.98182050183271,56,fixed_k3
Strain_a_Tension_0.5pct,a,0.5,-0.1318616859999998,0.06570539749999998,0.0,-110.26922744161254,56,fixed_k3
Strain_a_Tension_0.5pct,a,0.5,-0.12798306199999981,0.06570539749999998,0.0,-1312.4394880029095,56,fixed_k3
Strain_a_Tension_0.5pct,a,0.5,-0.12410443799999982,0.06570539749999998,0.0,-192.77688595413684,56,fixed_k3
Strain_a_Tension_0.5pct,a,0.5,-0.12022581399999982,0.06570539749999998,0.0,-6.570514423997299,56,fixed_k3
Strain_a_Tension_0.5pct,a,0.5,-0.11634718999999982,0.06570539749999998,0.0,15.01798090945226,56,fixed_k3
Strain_a_Tension_0.5pct,a,0.5,-0.11246856599999983,0.06570539749999998,0.0,19.365926901697996,56,fixed_k3
Strain_a_Tension_0.5pct,a,0.5,-0.10858994199999983,0.06570539749999998,0.0,20.355274079657715,56,fixed_k3
Strain_a_Tension_0.5pct,a,0.5,-0.10471131799999983,0.06570539749999998,0.0,19.83559925274311,56,fixed_k3
Strain_a_Tension_0.5pct,a,0.5,-0.10083269399999983,0.06570539749999998,0.0,17.65145773741303,56,fixed_k3
Strain_a_Tension_0.5pct,a,0.5,-0.09695406999999984,0.06570539749999998,0.0,13.909103618660582,56,fixed_k3
Strain_a_Tension_0.5pct,a,0.5,-0.09307544599999984,0.06570539749999998,0.0,9.486871233289664,56,fixed_k3
Strain_a_Tension_0.5pct,a,0.5,-0.08919682199999984,0.06570539749999998,0.0,5.482616457772113,56,fixed_k3
Strain_a_Tension_0.5pct,a,0.5,-0.08531819799999985,0.06570539749999998,0.0,2.5384177193032844,56,fixed_k3
Strain_a_Tension_0.5pct,a,0.5,-0.08143957399999985,0.06570539749999998,0.0,0.7147640138164455,56,fixed_k3
Strain_a_Tension_0.5pct,a,0.5,-0.07756094999999985,0.06570539749999998,0.0,-0.2453112716127055,56,fixed_k3
Strain_a_Tension_0.5pct,a,0.5,-0.07368232599999985,0.06570539749999998,0.0,-0.6527265911910209,56,fixed_k3
Strain_a_Tension_0.5pct,a,0.5,-0.06980370199999986,0.06570539749999998,0.0,-0.7515651956587879,56,fixed_k3
Strain_a_Tension_0.5pct,a,0.5,-0.06592507799999986,0.06570539749999998,0.0,-0.700166327771288,56,fixed_k3
Strain_a_Tension_0.5pct,a,0.5,-0.06204645399999986,0.06570539749999998,0.0,-0.5903452600274659,56,fixed_k3
Strain_a_Tension_0.5pct,a,0.5,-0.058167829999999865,0.06570539749999998,0.0,-0.4710093418812493,56,fixed_k3
Strain_a_Tension_0.5pct,a,0.5,-0.05428920599999987,0.06570539749999998,0.0,-0.36582900443534583,56,fixed_k3
Strain_a_Tension_0.5pct,a,0.5,-0.05041058199999987,0.06570539749999998,0.0,-0.28437191154378594,56,fixed_k3
Strain_a_Tension_0.5pct,a,0.5,-0.04653195799999987,0.06570539749999998,0.0,-0.22856579444023595,56,fixed_k3
Strain_a_Tension_0.5pct,a,0.5,-0.042653333999999876,0.06570539749999998,0.0,-0.19629756053626246,56,fixed_k3
Strain_a_Tension_0.5pct,a,0.5,-0.03877470999999988,0.06570539749999998,0.0,-0.18338683797317823,56,fixed_k3
Strain_a_Tension_0.5pct,a,0.5,-0.03489608599999988,0.06570539749999998,0.0,-0.18468074119915623,56,fixed_k3
Strain_a_Tension_0.5pct,a,0.5,-0.031017461999999885,0.06570539749999998,0.0,-0.19469262927910513,56,fixed_k3
Strain_a_Tension_0.5pct,a,0.5,-0.027138837999999887,0.06570539749999998,0.0,-0.2080134803515501,56,fixed_k3
Strain_a_Tension_0.5pct,a,0.5,-0.02326021399999989,0.06570539749999998,0.0,-0.21961187271377303,56,fixed_k3
Strain_a_Tension_0.5pct,a,0.5,-0.019381589999999893,0.06570539749999998,0.0,-0.22507341215995136,56,fixed_k3
Strain_a_Tension_0.5pct,a,0.5,-0.015502965999999896,0.06570539749999998,0.0,-0.2207929602231844,56,fixed_k3
Strain_a_Tension_0.5pct,a,0.5,-0.011624341999999899,0.06570539749999998,0.0,-0.20411288009736017,56,fixed_k3
Strain_a_Tension_0.5pct,a,0.5,-0.0077457179999999015,0.06570539749999998,0.0,-0.17339267505330835,56,fixed_k3
Strain_a_Tension_0.5pct,a,0.5,-0.0038670939999999043,0.06570539749999998,0.0,-0.12799704528930977,56,fixed_k3
Strain_a_Tension_0.5pct,a,0.5,1.1530000000092855e-05,0.06570539749999998,0.0,-0.06819804690061204,56,fixed_k3
Strain_a_Tension_0.5pct,a,0.5,0.00389015400000009,0.06570539749999998,0.0,0.00500041330270351,56,fixed_k3
Strain_a_Tension_0.5pct,a,0.5,0.007768778000000087,0.06570539749999998,0.0,0.09009482934450519,56,fixed_k3
Strain_a_Tension_0.5pct,a,0.5,0.011647402000000084,0.06570539749999998,0.0,0.18534104753410463,56,fixed_k3
Strain_a_Tension_0.5pct,a,0.5,0.015526026000000082,0.06570539749999998,0.0,0.2890069061891296,56,fixed_k3
Strain_a_Tension_0.5pct,a,0.5,0.01940465000000008,0.06570539749999998,0.0,0.3995895122131783,56,fixed_k3
Strain_a_Tension_0.5pct,a,0.5,0.023283274000000076,0.06570539749999998,0.0,0.5159777969594761,56,fixed_k3
Strain_a_Tension_0.5pct,a,0.5,0.027161898000000073,0.06570539749999998,0.0,0.637553878144727,56,fixed_k3
Strain_a_Tension_0.5pct,a,0.5,0.03104052200000007,0.06570539749999998,0.0,0.7642399219284237,56,fixed_k3
Strain_a_Tension_0.5pct,a,0.5,0.03491914600000007,0.06570539749999998,0.0,0.8965082343270123,56,fixed_k3
Strain_a_Tension_0.5pct,a,0.5,0.038797770000000065,0.06570539749999998,0.0,1.0353795540881454,56,fixed_k3
Strain_a_Tension_0.5pct,a,0.5,0.04267639400000006,0.06570539749999998,0.0,1.1824364323202712,56,fixed_k3
Strain_a_Tension_0.5pct,a,0.5,0.04655501800000006,0.06570539749999998,0.0,1.3398719619755282,56,fixed_k3
Strain_a_Tension_0.5pct,a,0.5,0.050433642000000056,0.06570539749999998,0.0,1.5105706363947582,56,fixed_k3
Strain_a_Tension_0.5pct,a,0.5,0.05431226600000005,0.06570539749999998,0.0,1.6981582083174018,56,fixed_k3
Strain_a_Tension_0.5pct,a,0.5,0.05819089000000005,0.06570539749999998,0.0,1.9068204003508487,56,fixed_k3
Strain_a_Tension_0.5pct,a,0.5,0.06206951400000005,0.06570539749999998,0.0,2.140402451828082,56,fixed_k3
Strain_a_Tension_0.5pct,a,0.5,0.06594813800000005,0.06570539749999998,0.0,2.399758214718005,56,fixed_k3
Strain_a_Tension_0.5pct,a,0.5,0.06982676200000004,0.06570539749999998,0.0,2.6764650289208007,56,fixed_k3
Strain_a_Tension_0.5pct,a,0.5,0.07370538600000004,0.06570539749999998,0.0,2.9402083029512323,56,fixed_k3
Strain_a_Tension_0.5pct,a,0.5,0.07758401000000004,0.06570539749999998,0.0,3.118130162291605,56,fixed_k3
Strain_a_Tension_0.5pct,a,0.5,0.08146263400000003,0.06570539749999998,0.0,3.0722332881236545,56,fixed_k3
Strain_a_Tension_0.5pct,a,0.5,0.08534125800000003,0.06570539749999998,0.0,2.6037196421296303,56,fixed_k3
Strain_a_Tension_0.5pct,a,0.5,0.08921988200000003,0.06570539749999998,0.0,1.5484249974860673,56,fixed_k3
Strain_a_Tension_0.5pct,a,0.5,0.09309850600000003,0.06570539749999998,0.0,0.019118003647270454,56,fixed_k3
Strain_a_Tension_0.5pct,a,0.5,0.09697713000000002,0.06570539749999998,0.0,-1.324011207556993,56,fixed_k3
Strain_a_Tension_0.5pct,a,0.5,0.10085575400000002,0.06570539749999998,0.0,-1.3868556490703396,56,fixed_k3
Strain_a_Tension_0.5pct,a,0.5,0.10473437800000002,0.06570539749999998,0.0,0.5757945167613536,56,fixed_k3
Strain_a_Tension_0.5pct,a,0.5,0.10861300200000001,0.06570539749999998,0.0,3.99173855794521,56,fixed_k3
Strain_a_Tension_0.5pct,a,0.5,0.11249162600000001,0.06570539749999998,0.0,6.312680238929164,56,fixed_k3
Strain_a_Tension_0.5pct,a,0.5,0.11637025000000001,0.06570539749999998,0.0,0.7883519789978042,56,fixed_k3
Strain_a_Tension_0.5pct,a,0.5,0.120248874,0.06570539749999998,0.0,-41.21378241602753,56,fixed_k3
Strain_a_Tension_0.5pct,a,0.5,0.124127498,0.06570539749999998,0.0,-385.12380116368274,56,fixed_k3
Strain_a_Tension_0.5pct,a,0.5,0.128006122,0.06570539749999998,0.0,-1868.0626090059666,56,fixed_k3
Strain_a_Tension_0.5pct,a,0.5,0.131884746,0.06570539749999998,0.0,-192.75157443532672,56,fixed_k3
Strain_a_Tension_0.5pct,a,0.5,0.13576337,0.06570539749999998,0.0,-22.92387871484681,56,fixed_k3
Strain_a_Tension_0.5pct,a,0.5,0.139641994,0.06570539749999998,0.0,0.3128950760336616,56,fixed_k3
Strain_a_Tension_0.5pct,a,0.5,0.143520618,0.06570539749999998,0.0,5.111857644091139,56,fixed_k3
Strain_a_Tension_0.5pct,a,0.5,0.14739924199999999,0.06570539749999998,0.0,6.132681851751873,56,fixed_k3
Strain_a_Tension_0.5pct,a,0.5,0.15127786599999998,0.06570539749999998,0.0,6.170631171787654,56,fixed_k3
Strain_a_Tension_0.5pct,a,0.5,0.15515649,0.06570539749999998,0.0,5.934534366475646,56,fixed_k3
Strain_a_Tension_0.5pct,a,0.5,-0.1551334299999998,0.06899203562499998,0.0,6.863462089638727,56,fixed_k3
Strain_a_Tension_0.5pct,a,0.5,-0.1512548059999998,0.06899203562499998,0.0,7.534752954427357,56,fixed_k3
Strain_a_Tension_0.5pct,a,0.5,-0.1473761819999998,0.06899203562499998,0.0,8.092650910399048,56,fixed_k3
Strain_a_Tension_0.5pct,a,0.5,-0.1434975579999998,0.06899203562499998,0.0,8.16584973759592,56,fixed_k3
Strain_a_Tension_0.5pct,a,0.5,-0.1396189339999998,0.06899203562499998,0.0,6.371820312257641,56,fixed_k3
Strain_a_Tension_0.5pct,a,0.5,-0.1357403099999998,0.06899203562499998,0.0,-3.718807913054394,56,fixed_k3
Strain_a_Tension_0.5pct,a,0.5,-0.1318616859999998,0.06899203562499998,0.0,-67.85354019625657,56,fixed_k3
Strain_a_Tension_0.5pct,a,0.5,-0.12798306199999981,0.06899203562499998,0.0,-582.316592231667,56,fixed_k3
Strain_a_Tension_0.5pct,a,0.5,-0.12410443799999982,0.06899203562499998,0.0,-181.2191545864856,56,fixed_k3
Strain_a_Tension_0.5pct,a,0.5,-0.12022581399999982,0.06899203562499998,0.0,6.095984930798338,56,fixed_k3
Strain_a_Tension_0.5pct,a,0.5,-0.11634718999999982,0.06899203562499998,0.0,24.227332197314627,56,fixed_k3
Strain_a_Tension_0.5pct,a,0.5,-0.11246856599999983,0.06899203562499998,0.0,25.179310795298278,56,fixed_k3
Strain_a_Tension_0.5pct,a,0.5,-0.10858994199999983,0.06899203562499998,0.0,23.630939849558644,56,fixed_k3
Strain_a_Tension_0.5pct,a,0.5,-0.10471131799999983,0.06899203562499998,0.0,21.276284877232474,56,fixed_k3
Strain_a_Tension_0.5pct,a,0.5,-0.10083269399999983,0.06899203562499998,0.0,17.920263455801766,56,fixed_k3
Strain_a_Tension_0.5pct,a,0.5,-0.09695406999999984,0.06899203562499998,0.0,13.643763393630726,56,fixed_k3
Strain_a_Tension_0.5pct,a,0.5,-0.09307544599999984,0.06899203562499998,0.0,9.14435467819616,56,fixed_k3
Strain_a_Tension_0.5pct,a,0.5,-0.08919682199999984,0.06899203562499998,0.0,5.256533376117233,56,fixed_k3
Strain_a_Tension_0.5pct,a,0.5,-0.08531819799999985,0.06899203562499998,0.0,2.4391720124778944,56,fixed_k3
Strain_a_Tension_0.5pct,a,0.5,-0.08143957399999985,0.06899203562499998,0.0,0.6913840792210999,56,fixed_k3
Strain_a_Tension_0.5pct,a,0.5,-0.07756094999999985,0.06899203562499998,0.0,-0.23793871675688982,56,fixed_k3
Strain_a_Tension_0.5pct,a,0.5,-0.07368232599999985,0.06899203562499998,0.0,-0.6390299237119477,56,fixed_k3
Strain_a_Tension_0.5pct,a,0.5,-0.06980370199999986,0.06899203562499998,0.0,-0.7409782954691513,56,fixed_k3
Strain_a_Tension_0.5pct,a,0.5,-0.06592507799999986,0.06899203562499998,0.0,-0.694765342133103,56,fixed_k3
Strain_a_Tension_0.5pct,a,0.5,-0.06204645399999986,0.06899203562499998,0.0,-0.5895486989921457,56,fixed_k3
Strain_a_Tension_0.5pct,a,0.5,-0.058167829999999865,0.06899203562499998,0.0,-0.4737106497105499,56,fixed_k3
Strain_a_Tension_0.5pct,a,0.5,-0.05428920599999987,0.06899203562499998,0.0,-0.3711327011852237,56,fixed_k3
Strain_a_Tension_0.5pct,a,0.5,-0.05041058199999987,0.06899203562499998,0.0,-0.29173064993137454,56,fixed_k3
Strain_a_Tension_0.5pct,a,0.5,-0.04653195799999987,0.06899203562499998,0.0,-0.2377142988047738,56,fixed_k3
Strain_a_Tension_0.5pct,a,0.5,-0.042653333999999876,0.06899203562499998,0.0,-0.20714659272665337,56,fixed_k3
Strain_a_Tension_0.5pct,a,0.5,-0.03877470999999988,0.06899203562499998,0.0,-0.1959320663890587,56,fixed_k3
Strain_a_Tension_0.5pct,a,0.5,-0.03489608599999988,0.06899203562499998,0.0,-0.19893799542307566,56,fixed_k3
Strain_a_Tension_0.5pct,a,0.5,-0.031017461999999885,0.06899203562499998,0.0,-0.21065640390576146,56,fixed_k3
Strain_a_Tension_0.5pct,a,0.5,-0.027138837999999887,0.06899203562499998,0.0,-0.2256322698165656,56,fixed_k3
Strain_a_Tension_0.5pct,a,0.5,-0.02326021399999989,0.06899203562499998,0.0,-0.23877452496406826,56,fixed_k3
Strain_a_Tension_0.5pct,a,0.5,-0.019381589999999893,0.06899203562499998,0.0,-0.24560230842610853,56,fixed_k3
Strain_a_Tension_0.5pct,a,0.5,-0.015502965999999896,0.06899203562499998,0.0,-0.24244147415864314,56,fixed_k3
Strain_a_Tension_0.5pct,a,0.5,-0.011624341999999899,0.06899203562499998,0.0,-0.22656594549251485,56,fixed_k3
Strain_a_Tension_0.5pct,a,0.5,-0.0077457179999999015,0.06899203562499998,0.0,-0.1962703018456169,56,fixed_k3
Strain_a_Tension_0.5pct,a,0.5,-0.0038670939999999043,0.06899203562499998,0.0,-0.15086120939229586,56,fixed_k3
Strain_a_Tension_0.5pct,a,0.5,1.1530000000092855e-05,0.06899203562499998,0.0,-0.090563497771035,56,fixed_k3
Strain_a_Tension_0.5pct,a,0.5,0.00389015400000009,0.06899203562499998,0.0,-0.016348779143777303,56,fixed_k3
Strain_a_Tension_0.5pct,a,0.5,0.007768778000000087,0.06899203562499998,0.0,0.07029316142399544,56,fixed_k3
Strain_a_Tension_0.5pct,a,0.5,0.011647402000000084,0.06899203562499998,0.0,0.16761099766374876,56,fixed_k3
Strain_a_Tension_0.5pct,a,0.5,0.015526026000000082,0.06899203562499998,0.0,0.2738442432728143,56,fixed_k3
Strain_a_Tension_0.5pct,a,0.5,0.01940465000000008,0.06899203562499998,0.0,0.3874427414501449,56,fixed_k3
Strain_a_Tension_0.5pct,a,0.5,0.023283274000000076,0.06899203562499998,0.0,0.5072338535505472,56,fixed_k3
Strain_a_Tension_0.5pct,a,0.5,0.027161898000000073,0.06899203562499998,0.0,0.6325303519443024,56,fixed_k3
Strain_a_Tension_0.5pct,a,0.5,0.03104052200000007,0.06899203562499998,0.0,0.7631848121610503,56,fixed_k3
Strain_a_Tension_0.5pct,a,0.5,0.03491914600000007,0.06899203562499998,0.0,0.8996070807604237,56,fixed_k3
Strain_a_Tension_0.5pct,a,0.5,0.038797770000000065,0.06899203562499998,0.0,1.0427684488955065,56,fixed_k3
Strain_a_Tension_0.5pct,a,0.5,0.04267639400000006,0.06899203562499998,0.0,1.1942178055280785,56,fixed_k3
Strain_a_Tension_0.5pct,a,0.5,0.04655501800000006,0.06899203562499998,0.0,1.3561278779670973,56,fixed_k3
Strain_a_Tension_0.5pct,a,0.5,0.050433642000000056,0.06899203562499998,0.0,1.5313652232200414,56,fixed_k3
Strain_a_Tension_0.5pct,a,0.5,0.05431226600000005,0.06899203562499998,0.0,1.7235166009853158,56,fixed_k3
Strain_a_Tension_0.5pct,a,0.5,0.05819089000000005,0.06899203562499998,0.0,1.9366677090707318,56,fixed_k3
Strain_a_Tension_0.5pct,a,0.5,0.06206951400000005,0.06899203562499998,0.0,2.174449957572258,56,fixed_k3
Strain_a_Tension_0.5pct,a,0.5,0.06594813800000005,0.06899203562499998,0.0,2.437357614685336,56,fixed_k3
Strain_a_Tension_0.5pct,a,0.5,0.06982676200000004,0.06899203562499998,0.0,2.716568548578267,56,fixed_k3
Strain_a_Tension_0.5pct,a,0.5,0.07370538600000004,0.06899203562499998,0.0,2.981860375293927,56,fixed_k3
Strain_a_Tension_0.5pct,a,0.5,0.07758401000000004,0.06899203562499998,0.0,3.162384612891092,56,fixed_k3
Strain_a_Tension_0.5pct,a,0.5,0.08146263400000003,0.06899203562499998,0.0,3.126456873026558,56,fixed_k3
Strain_a_Tension_0.5pct,a,0.5,0.08534125800000003,0.06899203562499998,0.0,2.6866221913278427,56,fixed_k3
Strain_a_Tension_0.5pct,a,0.5,0.08921988200000003,0.06899203562499998,0.0,1.685272674013771,56,fixed_k3
Strain_a_Tension_0.5pct,a,0.5,0.09309850600000003,0.06899203562499998,0.0,0.20698336998410394,56,fixed_k3
Strain_a_Tension_0.5pct,a,0.5,0.09697713000000002,0.06899203562499998,0.0,-1.176304589023968,56,fixed_k3
Strain_a_Tension_0.5pct,a,0.5,0.10085575400000002,0.06899203562499998,0.0,-1.4521482126083807,56,fixed_k3
Strain_a_Tension_0.5pct,a,0.5,0.10473437800000002,0.06899203562499998,0.0,0.23326460763478485,56,fixed_k3
Strain_a_Tension_0.5pct,a,0.5,0.10861300200000001,0.06899203562499998,0.0,3.679880549464965,56,fixed_k3
Strain_a_Tension_0.5pct,a,0.5,0.11249162600000001,0.06899203562499998,0.0,6.6471090278656835,56,fixed_k3
Strain_a_Tension_0.5pct,a,0.5,0.11637025000000001,0.06899203562499998,0.0,1.700163521661478,56,fixed_k3
Strain_a_Tension_0.5pct,a,0.5,0.120248874,0.06899203562499998,0.0,-45.04260461417633,56,fixed_k3
Strain_a_Tension_0.5pct,a,0.5,0.124127498,0.06899203562499998,0.0,-404.7425750347197,56,fixed_k3
Strain_a_Tension_0.5pct,a,0.5,0.128006122,0.06899203562499998,0.0,-902.0968542106892,56,fixed_k3
Strain_a_Tension_0.5pct,a,0.5,0.131884746,0.06899203562499998,0.0,-126.1086546939108,56,fixed_k3
Strain_a_Tension_0.5pct,a,0.5,0.13576337,0.06899203562499998,0.0,-15.759220387210352,56,fixed_k3
Strain_a_Tension_0.5pct,a,0.5,0.139641994,0.06899203562499998,0.0,2.189912152547575,56,fixed_k3
Strain_a_Tension_0.5pct,a,0.5,0.143520618,0.06899203562499998,0.0,5.930031957466377,56,fixed_k3
Strain_a_Tension_0.5pct,a,0.5,0.14739924199999999,0.06899203562499998,0.0,6.598874004644671,56,fixed_k3
Strain_a_Tension_0.5pct,a,0.5,0.15127786599999998,0.06899203562499998,0.0,6.481778857530393,56,fixed_k3
Strain_a_Tension_0.5pct,a,0.5,0.15515649,0.06899203562499998,0.0,6.165884363293936,56,fixed_k3
Strain_a_Tension_0.5pct,a,0.5,-0.1551334299999998,0.07227867375,0.0,7.1592362058072245,56,fixed_k3
Strain_a_Tension_0.5pct,a,0.5,-0.1512548059999998,0.07227867375,0.0,7.93537201880234,56,fixed_k3
Strain_a_Tension_0.5pct,a,0.5,-0.1473761819999998,0.07227867375,0.0,8.667617021954005,56,fixed_k3
Strain_a_Tension_0.5pct,a,0.5,-0.1434975579999998,0.07227867375,0.0,9.078601012424729,56,fixed_k3
Strain_a_Tension_0.5pct,a,0.5,-0.1396189339999998,0.07227867375,0.0,8.104333220462559,56,fixed_k3
Strain_a_Tension_0.5pct,a,0.5,-0.1357403099999998,0.07227867375,0.0,1.0181126714999884,56,fixed_k3
Strain_a_Tension_0.5pct,a,0.5,-0.1318616859999998,0.07227867375,0.0,-40.22978727242764,56,fixed_k3
Strain_a_Tension_0.5pct,a,0.5,-0.12798306199999981,0.07227867375,0.0,-281.6789699202679,56,fixed_k3
Strain_a_Tension_0.5pct,a,0.5,-0.12410443799999982,0.07227867375,0.0,-131.61455437809988,56,fixed_k3
Strain_a_Tension_0.5pct,a,0.5,-0.12022581399999982,0.07227867375,0.0,28.434749001768367,56,fixed_k3
Strain_a_Tension_0.5pct,a,0.5,-0.11634718999999982,0.07227867375,0.0,37.05920374246425,56,fixed_k3
Strain_a_Tension_0.5pct,a,0.5,-0.11246856599999983,0.07227867375,0.0,32.02337916132728,56,fixed_k3
Strain_a_Tension_0.5pct,a,0.5,-0.10858994199999983,0.07227867375,0.0,26.936442019518154,56,fixed_k3
Strain_a_Tension_0.5pct,a,0.5,-0.10471131799999983,0.07227867375,0.0,22.48323124876073,56,fixed_k3
Strain_a_Tension_0.5pct,a,0.5,-0.10083269399999983,0.07227867375,0.0,17.99088004332065,56,fixed_k3
Strain_a_Tension_0.5pct,a,0.5,-0.09695406999999984,0.07227867375,0.0,13.277180760227976,56,fixed_k3
Strain_a_Tension_0.5pct,a,0.5,-0.09307544599999984,0.07227867375,0.0,8.763105801363627,56,fixed_k3
Strain_a_Tension_0.5pct,a,0.5,-0.08919682199999984,0.07227867375,0.0,5.016014374331748,56,fixed_k3
Strain_a_Tension_0.5pct,a,0.5,-0.08531819799999985,0.07227867375,0.0,2.3326850779026542,56,fixed_k3
Strain_a_Tension_0.5pct,a,0.5,-0.08143957399999985,0.07227867375,0.0,0.663369141821329,56,fixed_k3
Strain_a_Tension_0.5pct,a,0.5,-0.07756094999999985,0.07227867375,0.0,-0.2337262878785702,56,fixed_k3
Strain_a_Tension_0.5pct,a,0.5,-0.07368232599999985,0.07227867375,0.0,-0.6276794649524466,56,fixed_k3
Strain_a_Tension_0.5pct,a,0.5,-0.06980370199999986,0.07227867375,0.0,-0.7324448842373037,56,fixed_k3
Strain_a_Tension_0.5pct,a,0.5,-0.06592507799999986,0.07227867375,0.0,-0.6914388990704965,56,fixed_k3
Strain_a_Tension_0.5pct,a,0.5,-0.06204645399999986,0.07227867375,0.0,-0.5909751947913913,56,fixed_k3
Strain_a_Tension_0.5pct,a,0.5,-0.058167829999999865,0.07227867375,0.0,-0.47879590952814666,56,fixed_k3
Strain_a_Tension_0.5pct,a,0.5,-0.05428920599999987,0.07227867375,0.0,-0.3789406178947816,56,fixed_k3
Strain_a_Tension_0.5pct,a,0.5,-0.05041058199999987,0.07227867375,0.0,-0.3016579649241047,56,fixed_k3
Strain_a_Tension_0.5pct,a,0.5,-0.04653195799999987,0.07227867375,0.0,-0.2494429005926646,56,fixed_k3
Strain_a_Tension_0.5pct,a,0.5,-0.042653333999999876,0.07227867375,0.0,-0.22054449258087638,56,fixed_k3
Strain_a_Tension_0.5pct,a,0.5,-0.03877470999999988,0.07227867375,0.0,-0.21096371290544602,56,fixed_k3
Strain_a_Tension_0.5pct,a,0.5,-0.03489608599999988,0.07227867375,0.0,-0.2155986770739189,56,fixed_k3
Strain_a_Tension_0.5pct,a,0.5,-0.031017461999999885,0.07227867375,0.0,-0.2289291947382781,56,fixed_k3
Strain_a_Tension_0.5pct,a,0.5,-0.027138837999999887,0.07227867375,0.0,-0.24546177321546359,56,fixed_k3
Strain_a_Tension_0.5pct,a,0.5,-0.02326021399999989,0.07227867375,0.0,-0.26005182940997207,56,fixed_k3
Strain_a_Tension_0.5pct,a,0.5,-0.019381589999999893,0.07227867375,0.0,-0.2681569942891282,56,fixed_k3
Strain_a_Tension_0.5pct,a,0.5,-0.015502965999999896,0.07227867375,0.0,-0.26603808540900253,56,fixed_k3
Strain_a_Tension_0.5pct,a,0.5,-0.011624341999999899,0.07227867375,0.0,-0.25090369940359203,56,fixed_k3
Strain_a_Tension_0.5pct,a,0.5,-0.0077457179999999015,0.07227867375,0.0,-0.2209858242940621,56,fixed_k3
Strain_a_Tension_0.5pct,a,0.5,-0.0038670939999999043,0.07227867375,0.0,-0.1755346788651635,56,fixed_k3
Strain_a_Tension_0.5pct,a,0.5,1.1530000000092855e-05,0.07227867375,0.0,-0.1147287096104943,56,fixed_k3
Strain_a_Tension_0.5pct,a,0.5,0.00389015400000009,0.07227867375,0.0,-0.039507313237832964,56,fixed_k3
Strain_a_Tension_0.5pct,a,0.5,0.007768778000000087,0.07227867375,0.0,0.048654167130167014,56,fixed_k3
Strain_a_Tension_0.5pct,a,0.5,0.011647402000000084,0.07227867375,0.0,0.1479987992362357,56,fixed_k3
Strain_a_Tension_0.5pct,a,0.5,0.015526026000000082,0.07227867375,0.0,0.25674023601905205,56,fixed_k3
Strain_a_Tension_0.5pct,a,0.5,0.01940465000000008,0.07227867375,0.0,0.3732844773616182,56,fixed_k3
Strain_a_Tension_0.5pct,a,0.5,0.023283274000000076,0.07227867375,0.0,0.49640176198972097,56,fixed_k3
Strain_a_Tension_0.5pct,a,0.5,0.027161898000000073,0.07227867375,0.0,0.6253410743625598,56,fixed_k3
Strain_a_Tension_0.5pct,a,0.5,0.03104052200000007,0.07227867375,0.0,0.759892153727636,56,fixed_k3
Strain_a_Tension_0.5pct,a,0.5,0.03491914600000007,0.07227867375,0.0,0.9004103986403615,56,fixed_k3
Strain_a_Tension_0.5pct,a,0.5,0.038797770000000065,0.07227867375,0.0,1.0478268890274485,56,fixed_k3
Strain_a_Tension_0.5pct,a,0.5,0.04267639400000006,0.07227867375,0.0,1.203667071874255,56,fixed_k3
Strain_a_Tension_0.5pct,a,0.5,0.04655501800000006,0.07227867375,0.0,1.370093882949386,56,fixed_k3
Strain_a_Tension_0.5pct,a,0.5,0.050433642000000056,0.07227867375,0.0,1.5499656160110622,56,fixed_k3
Strain_a_Tension_0.5pct,a,0.5,0.05431226600000005,0.07227867375,0.0,1.7468367052236997,56,fixed_k3
Strain_a_Tension_0.5pct,a,0.5,0.05819089000000005,0.07227867375,0.0,1.9646935323105656,56,fixed_k3
Strain_a_Tension_0.5pct,a,0.5,0.06206951400000005,0.07227867375,0.0,2.2069453010069786,56,fixed_k3
Strain_a_Tension_0.5pct,a,0.5,0.06594813800000005,0.07227867375,0.0,2.4737077899203297,56,fixed_k3
Strain_a_Tension_0.5pct,a,0.5,0.06982676200000004,0.07227867375,0.0,2.755732475074069,56,fixed_k3
Strain_a_Tension_0.5pct,a,0.5,0.07370538600000004,0.07227867375,0.0,3.02285753738973,56,fixed_k3
Strain_a_Tension_0.5pct,a,0.5,0.07758401000000004,0.07227867375,0.0,3.2061902218320464,56,fixed_k3
Strain_a_Tension_0.5pct,a,0.5,0.08146263400000003,0.07227867375,0.0,3.1802233911839943,56,fixed_k3
Strain_a_Tension_0.5pct,a,0.5,0.08534125800000003,0.07227867375,0.0,2.7687137439934077,56,fixed_k3
Strain_a_Tension_0.5pct,a,0.5,0.08921988200000003,0.07227867375,0.0,1.8216199248471483,56,fixed_k3
Strain_a_Tension_0.5pct,a,0.5,0.09309850600000003,0.07227867375,0.0,0.40045864833243283,56,fixed_k3
Strain_a_Tension_0.5pct,a,0.5,0.09697713000000002,0.07227867375,0.0,-1.0024844478709571,56,fixed_k3
Strain_a_Tension_0.5pct,a,0.5,0.10085575400000002,0.07227867375,0.0,-1.4616291446378744,56,fixed_k3
Strain_a_Tension_0.5pct,a,0.5,0.10473437800000002,0.07227867375,0.0,-0.04664878330693312,56,fixed_k3
Strain_a_Tension_0.5pct,a,0.5,0.10861300200000001,0.07227867375,0.0,3.43336476999113,56,fixed_k3
Strain_a_Tension_0.5pct,a,0.5,0.11249162600000001,0.07227867375,0.0,7.29910376491236,56,fixed_k3
Strain_a_Tension_0.5pct,a,0.5,0.11637025000000001,0.07227867375,0.0,4.01348339387838,56,fixed_k3
Strain_a_Tension_0.5pct,a,0.5,0.120248874,0.07227867375,0.0,-43.95567511467333,56,fixed_k3
Strain_a_Tension_0.5pct,a,0.5,0.124127498,0.07227867375,0.0,-366.3128144808408,56,fixed_k3
Strain_a_Tension_0.5pct,a,0.5,0.128006122,0.07227867375,0.0,-478.2794902767176,56,fixed_k3
Strain_a_Tension_0.5pct,a,0.5,0.131884746,0.07227867375,0.0,-83.56303843015097,56,fixed_k3
Strain_a_Tension_0.5pct,a,0.5,0.13576337,0.07227867375,0.0,-9.615545689997564,56,fixed_k3
Strain_a_Tension_0.5pct,a,0.5,0.139641994,0.07227867375,0.0,4.007209115967012,56,fixed_k3
Strain_a_Tension_0.5pct,a,0.5,0.143520618,0.07227867375,0.0,6.752282507814797,56,fixed_k3
Strain_a_Tension_0.5pct,a,0.5,0.14739924199999999,0.07227867375,0.0,7.070489423884096,56,fixed_k3
Strain_a_Tension_0.5pct,a,0.5,0.15127786599999998,0.07227867375,0.0,6.796403297439653,56,fixed_k3
Strain_a_Tension_0.5pct,a,0.5,0.15515649,0.07227867375,0.0,6.399734780051291,56,fixed_k3
Strain_a_Tension_0.5pct,a,0.5,-0.1551334299999998,0.07556531187499999,0.0,7.428496047613083,56,fixed_k3
Strain_a_Tension_0.5pct,a,0.5,-0.1512548059999998,0.07556531187499999,0.0,8.312706941201066,56,fixed_k3
Strain_a_Tension_0.5pct,a,0.5,-0.1473761819999998,0.07556531187499999,0.0,9.226635090435538,56,fixed_k3
Strain_a_Tension_0.5pct,a,0.5,-0.1434975579999998,0.07556531187499999,0.0,9.99032770276776,56,fixed_k3
Strain_a_Tension_0.5pct,a,0.5,-0.1396189339999998,0.07556531187499999,0.0,9.843451568931183,56,fixed_k3
Strain_a_Tension_0.5pct,a,0.5,-0.1357403099999998,0.07556531187499999,0.0,5.431098925418481,56,fixed_k3
Strain_a_Tension_0.5pct,a,0.5,-0.1318616859999998,0.07556531187499999,0.0,-20.607599066209527,56,fixed_k3
Strain_a_Tension_0.5pct,a,0.5,-0.12798306199999981,0.07556531187499999,0.0,-140.6847916010284,56,fixed_k3
Strain_a_Tension_0.5pct,a,0.5,-0.12410443799999982,0.07556531187499999,0.0,-57.38839755167364,56,fixed_k3
Strain_a_Tension_0.5pct,a,0.5,-0.12022581399999982,0.07556531187499999,0.0,64.04517071281963,56,fixed_k3
Strain_a_Tension_0.5pct,a,0.5,-0.11634718999999982,0.07556531187499999,0.0,54.41008600189591,56,fixed_k3
Strain_a_Tension_0.5pct,a,0.5,-0.11246856599999983,0.07556531187499999,0.0,39.80775656813081,56,fixed_k3
Strain_a_Tension_0.5pct,a,0.5,-0.10858994199999983,0.07556531187499999,0.0,30.1083159850453,56,fixed_k3
Strain_a_Tension_0.5pct,a,0.5,-0.10471131799999983,0.07556531187499999,0.0,23.390613082989013,56,fixed_k3
Strain_a_Tension_0.5pct,a,0.5,-0.10083269399999983,0.07556531187499999,0.0,17.858815493054138,56,fixed_k3
Strain_a_Tension_0.5pct,a,0.5,-0.09695406999999984,0.07556531187499999,0.0,12.82017235418662,56,fixed_k3
Strain_a_Tension_0.5pct,a,0.5,-0.09307544599999984,0.07556531187499999,0.0,8.35182599333448,56,fixed_k3
Strain_a_Tension_0.5pct,a,0.5,-0.08919682199999984,0.07556531187499999,0.0,4.765978672463687,56,fixed_k3
Strain_a_Tension_0.5pct,a,0.5,-0.08531819799999985,0.07556531187499999,0.0,2.221545744861598,56,fixed_k3
Strain_a_Tension_0.5pct,a,0.5,-0.08143957399999985,0.07556531187499999,0.0,0.6320771555560536,56,fixed_k3
Strain_a_Tension_0.5pct,a,0.5,-0.07756094999999985,0.07556531187499999,0.0,-0.23192791304707128,56,fixed_k3
Strain_a_Tension_0.5pct,a,0.5,-0.07368232599999985,0.07556531187499999,0.0,-0.6182131889401519,56,fixed_k3
Strain_a_Tension_0.5pct,a,0.5,-0.06980370199999986,0.07556531187499999,0.0,-0.7256299991833304,56,fixed_k3
Strain_a_Tension_0.5pct,a,0.5,-0.06592507799999986,0.07556531187499999,0.0,-0.6899119795821345,56,fixed_k3
Strain_a_Tension_0.5pct,a,0.5,-0.06204645399999986,0.07556531187499999,0.0,-0.5943830215874066,56,fixed_k3
Strain_a_Tension_0.5pct,a,0.5,-0.058167829999999865,0.07556531187499999,0.0,-0.48604590354258015,56,fixed_k3
Strain_a_Tension_0.5pct,a,0.5,-0.05428920599999987,0.07556531187499999,0.0,-0.38905091184426976,56,fixed_k3
Strain_a_Tension_0.5pct,a,0.5,-0.05041058199999987,0.07556531187499999,0.0,-0.3139662725498742,56,fixed_k3
Strain_a_Tension_0.5pct,a,0.5,-0.04653195799999987,0.07556531187499999,0.0,-0.2635760405952572,56,fixed_k3
Strain_a_Tension_0.5pct,a,0.5,-0.042653333999999876,0.07556531187499999,0.0,-0.23632603945002906,56,fixed_k3
Strain_a_Tension_0.5pct,a,0.5,-0.03877470999999988,0.07556531187499999,0.0,-0.22832562770933462,56,fixed_k3
Strain_a_Tension_0.5pct,a,0.5,-0.03489608599999988,0.07556531187499999,0.0,-0.23451476491062628,56,fixed_k3
Strain_a_Tension_0.5pct,a,0.5,-0.031017461999999885,0.07556531187499999,0.0,-0.24937040434365998,56,fixed_k3
Strain_a_Tension_0.5pct,a,0.5,-0.027138837999999887,0.07556531187499999,0.0,-0.2673682704826448,56,fixed_k3
Strain_a_Tension_0.5pct,a,0.5,-0.02326021399999989,0.07556531187499999,0.0,-0.28331649242885804,56,fixed_k3
Strain_a_Tension_0.5pct,a,0.5,-0.019381589999999893,0.07556531187499999,0.0,-0.29261620509172537,56,fixed_k3
Strain_a_Tension_0.5pct,a,0.5,-0.015502965999999896,0.07556531187499999,0.0,-0.2914671934014712,56,fixed_k3
Strain_a_Tension_0.5pct,a,0.5,-0.011624341999999899,0.07556531187499999,0.0,-0.27701587062478517,56,fixed_k3
Strain_a_Tension_0.5pct,a,0.5,-0.0077457179999999015,0.07556531187499999,0.0,-0.24743400648204794,56,fixed_k3
Strain_a_Tension_0.5pct,a,0.5,-0.0038670939999999043,0.07556531187499999,0.0,-0.2019170156975716,56,fixed_k3
Strain_a_Tension_0.5pct,a,0.5,1.1530000000092855e-05,0.07556531187499999,0.0,-0.14059787522706912,56,fixed_k3
Strain_a_Tension_0.5pct,a,0.5,0.00389015400000009,0.07556531187499999,0.0,-0.06438391974632474,56,fixed_k3
Strain_a_Tension_0.5pct,a,0.5,0.007768778000000087,0.07556531187499999,0.0,0.02526460700266364,56,fixed_k3
Strain_a_Tension_0.5pct,a,0.5,0.011647402000000084,0.07556531187499999,0.0,0.12658669649867038,56,fixed_k3
Strain_a_Tension_0.5pct,a,0.5,0.015526026000000082,0.07556531187499999,0.0,0.2377726086726515,56,fixed_k3
Strain_a_Tension_0.5pct,a,0.5,0.01940465000000008,0.07556531187499999,0.0,0.3571879741133841,56,fixed_k3
Strain_a_Tension_0.5pct,a,0.5,0.023283274000000076,0.07556531187499999,0.0,0.4835504620784481,56,fixed_k3
Strain_a_Tension_0.5pct,a,0.5,0.027161898000000073,0.07556531187499999,0.0,0.6160509805852754,56,fixed_k3
Strain_a_Tension_0.5pct,a,0.5,0.03104052200000007,0.07556531187499999,0.0,0.7544233809944443,56,fixed_k3
Strain_a_Tension_0.5pct,a,0.5,0.03491914600000007,0.07556531187499999,0.0,0.8989768506270717,56,fixed_k3
Strain_a_Tension_0.5pct,a,0.5,0.038797770000000065,0.07556531187499999,0.0,1.050611747893751,56,fixed_k3
Strain_a_Tension_0.5pct,a,0.5,0.04267639400000006,0.07556531187499999,0.0,1.210840591922202,56,fixed_k3
Strain_a_Tension_0.5pct,a,0.5,0.04655501800000006,0.07556531187499999,0.0,1.3818274844597198,56,fixed_k3
Strain_a_Tension_0.5pct,a,0.5,0.050433642000000056,0.07556531187499999,0.0,1.5664327299866558,56,fixed_k3
Strain_a_Tension_0.5pct,a,0.5,0.05431226600000005,0.07556531187499999,0.0,1.7681862184432147,56,fixed_k3
Strain_a_Tension_0.5pct,a,0.5,0.05819089000000005,0.07556531187499999,0.0,1.990977979504306,56,fixed_k3
Strain_a_Tension_0.5pct,a,0.5,0.06206951400000005,0.07556531187499999,0.0,2.2379912507596877,56,fixed_k3
Strain_a_Tension_0.5pct,a,0.5,0.06594813800000005,0.07556531187499999,0.0,2.508953460507026,56,fixed_k3
Strain_a_Tension_0.5pct,a,0.5,0.06982676200000004,0.07556531187499999,0.0,2.7941789695296526,56,fixed_k3
Strain_a_Tension_0.5pct,a,0.5,0.07370538600000004,0.07556531187499999,0.0,3.0635599937686395,56,fixed_k3
Strain_a_Tension_0.5pct,a,0.5,0.07758401000000004,0.07556531187499999,0.0,3.2501364868872487,56,fixed_k3
Strain_a_Tension_0.5pct,a,0.5,0.08146263400000003,0.07556531187499999,0.0,3.234463318569601,56,fixed_k3
Strain_a_Tension_0.5pct,a,0.5,0.08534125800000003,0.07556531187499999,0.0,2.851342395075799,56,fixed_k3
Strain_a_Tension_0.5pct,a,0.5,0.08921988200000003,0.07556531187499999,0.0,1.959097864339714,56,fixed_k3
Strain_a_Tension_0.5pct,a,0.5,0.09309850600000003,0.07556531187499999,0.0,0.6008496710112372,56,fixed_k3
Strain_a_Tension_0.5pct,a,0.5,0.09697713000000002,0.07556531187499999,0.0,-0.8018907361208556,56,fixed_k3
Strain_a_Tension_0.5pct,a,0.5,0.10085575400000002,0.07556531187499999,0.0,-1.4120290716207202,56,fixed_k3
Strain_a_Tension_0.5pct,a,0.5,0.10473437800000002,0.07556531187499999,0.0,-0.2530672957046376,56,fixed_k3
Strain_a_Tension_0.5pct,a,0.5,0.10861300200000001,0.07556531187499999,0.0,3.2633007633777615,56,fixed_k3
Strain_a_Tension_0.5pct,a,0.5,0.11249162600000001,0.07556531187499999,0.0,8.32828301656095,56,fixed_k3
Strain_a_Tension_0.5pct,a,0.5,0.11637025000000001,0.07556531187499999,0.0,8.356684578555962,56,fixed_k3
Strain_a_Tension_0.5pct,a,0.5,0.120248874,0.07556531187499999,0.0,-34.86923199506922,56,fixed_k3
Strain_a_Tension_0.5pct,a,0.5,0.124127498,0.07556531187499999,0.0,-286.04293055315844,56,fixed_k3
Strain_a_Tension_0.5pct,a,0.5,0.128006122,0.07556531187499999,0.0,-271.24588416090796,56,fixed_k3
Strain_a_Tension_0.5pct,a,0.5,0.131884746,0.07556531187499999,0.0,-54.52213779621993,56,fixed_k3
Strain_a_Tension_0.5pct,a,0.5,0.13576337,0.07556531187499999,0.0,-4.213261884357503,56,fixed_k3
Strain_a_Tension_0.5pct,a,0.5,0.139641994,0.07556531187499999,0.0,5.777677918688646,56,fixed_k3
Strain_a_Tension_0.5pct,a,0.5,0.143520618,0.07556531187499999,0.0,7.578097750687569,56,fixed_k3
Strain_a_Tension_0.5pct,a,0.5,0.14739924199999999,0.07556531187499999,0.0,7.547728186884143,56,fixed_k3
Strain_a_Tension_0.5pct,a,0.5,0.15127786599999998,0.07556531187499999,0.0,7.115929403965667,56,fixed_k3
Strain_a_Tension_0.5pct,a,0.5,0.15515649,0.07556531187499999,0.0,6.638264082344174,56,fixed_k3
Strain_a_Tension_0.5pct,a,0.5,-0.1551334299999998,0.07885194999999998,0.0,7.668266580847425,56,fixed_k3
Strain_a_Tension_0.5pct,a,0.5,-0.1512548059999998,0.07885194999999998,0.0,8.663046767413547,56,fixed_k3
Strain_a_Tension_0.5pct,a,0.5,-0.1473761819999998,0.07885194999999998,0.0,9.765244113225913,56,fixed_k3
Strain_a_Tension_0.5pct,a,0.5,-0.1434975579999998,0.07885194999999998,0.0,10.897865514975297,56,fixed_k3
Strain_a_Tension_0.5pct,a,0.5,-0.1396189339999998,0.07885194999999998,0.0,11.603128067167862,56,fixed_k3
Strain_a_Tension_0.5pct,a,0.5,-0.1357403099999998,0.07885194999999998,0.0,9.702966113533762,56,fixed_k3
Strain_a_Tension_0.5pct,a,0.5,-0.1318616859999998,0.07885194999999998,0.0,-5.235626445780424,56,fixed_k3
Strain_a_Tension_0.5pct,a,0.5,-0.12798306199999981,0.07885194999999998,0.0,-63.693149610810714,56,fixed_k3
Strain_a_Tension_0.5pct,a,0.5,-0.12410443799999982,0.07885194999999998,0.0,22.92234531617483,56,fixed_k3
Strain_a_Tension_0.5pct,a,0.5,-0.12022581399999982,0.07885194999999998,0.0,117.23330413471194,56,fixed_k3
Strain_a_Tension_0.5pct,a,0.5,-0.11634718999999982,0.07885194999999998,0.0,77.1592578107802,56,fixed_k3
Strain_a_Tension_0.5pct,a,0.5,-0.11246856599999983,0.07885194999999998,0.0,48.28182814174606,56,fixed_k3
Strain_a_Tension_0.5pct,a,0.5,-0.10858994199999983,0.07885194999999998,0.0,32.95211024583579,56,fixed_k3
Strain_a_Tension_0.5pct,a,0.5,-0.10471131799999983,0.07885194999999998,0.0,23.944937146975604,56,fixed_k3
Strain_a_Tension_0.5pct,a,0.5,-0.10083269399999983,0.07885194999999998,0.0,17.529340451818012,56,fixed_k3
Strain_a_Tension_0.5pct,a,0.5,-0.09695406999999984,0.07885194999999998,0.0,12.28660114159023,56,fixed_k3
Strain_a_Tension_0.5pct,a,0.5,-0.09307544599999984,0.07885194999999998,0.0,7.919663798485875,56,fixed_k3
Strain_a_Tension_0.5pct,a,0.5,-0.08919682199999984,0.07885194999999998,0.0,4.511300094547264,56,fixed_k3
Strain_a_Tension_0.5pct,a,0.5,-0.08531819799999985,0.07885194999999998,0.0,2.108310128697086,56,fixed_k3
Strain_a_Tension_0.5pct,a,0.5,-0.08143957399999985,0.07885194999999998,0.0,0.5988857865483925,56,fixed_k3
Strain_a_Tension_0.5pct,a,0.5,-0.07756094999999985,0.07885194999999998,0.0,-0.23175571195873435,56,fixed_k3
Strain_a_Tension_0.5pct,a,0.5,-0.07368232599999985,0.07885194999999998,0.0,-0.6101243567454853,56,fixed_k3
Strain_a_Tension_0.5pct,a,0.5,-0.06980370199999986,0.07885194999999998,0.0,-0.7201570045464218,56,fixed_k3
Strain_a_Tension_0.5pct,a,0.5,-0.06592507799999986,0.07885194999999998,0.0,-0.6898715346596909,56,fixed_k3
Strain_a_Tension_0.5pct,a,0.5,-0.06204645399999986,0.07885194999999998,0.0,-0.5994955298187439,56,fixed_k3
Strain_a_Tension_0.5pct,a,0.5,-0.058167829999999865,0.07885194999999998,0.0,-0.49520912016383245,56,fixed_k3
Strain_a_Tension_0.5pct,a,0.5,-0.05428920599999987,0.07885194999999998,0.0,-0.40123178434453743,56,fixed_k3
Strain_a_Tension_0.5pct,a,0.5,-0.05041058199999987,0.07885194999999998,0.0,-0.3284401803912096,56,fixed_k3
Strain_a_Tension_0.5pct,a,0.5,-0.04653195799999987,0.07885194999999998,0.0,-0.2799123457296582,56,fixed_k3
Strain_a_Tension_0.5pct,a,0.5,-0.042653333999999876,0.07885194999999998,0.0,-0.2543020498157418,56,fixed_k3
Strain_a_Tension_0.5pct,a,0.5,-0.03877470999999988,0.07885194999999998,0.0,-0.24783940642551694,56,fixed_k3
Strain_a_Tension_0.5pct,a,0.5,-0.03489608599999988,0.07885194999999998,0.0,-0.25551754813454686,56,fixed_k3
Strain_a_Tension_0.5pct,a,0.5,-0.031017461999999885,0.07885194999999998,0.0,-0.2718201671487084,56,fixed_k3
Strain_a_Tension_0.5pct,a,0.5,-0.027138837999999887,0.07885194999999998,0.0,-0.29120005147790584,56,fixed_k3
Strain_a_Tension_0.5pct,a,0.5,-0.02326021399999989,0.07885194999999998,0.0,-0.3084243656818737,56,fixed_k3
Strain_a_Tension_0.5pct,a,0.5,-0.019381589999999893,0.07885194999999998,0.0,-0.3188428149428182,56,fixed_k3
Strain_a_Tension_0.5pct,a,0.5,-0.015502965999999896,0.07885194999999998,0.0,-0.31859818859806355,56,fixed_k3
Strain_a_Tension_0.5pct,a,0.5,-0.011624341999999899,0.07885194999999998,0.0,-0.30477789001690825,56,fixed_k3
Strain_a_Tension_0.5pct,a,0.5,-0.0077457179999999015,0.07885194999999998,0.0,-0.27549588317871,56,fixed_k3
Strain_a_Tension_0.5pct,a,0.5,-0.0038670939999999043,0.07885194999999998,0.0,-0.22989447619208914,56,fixed_k3
Strain_a_Tension_0.5pct,a,0.5,1.1530000000092855e-05,0.07885194999999998,0.0,-0.16806215661597568,56,fixed_k3
Strain_a_Tension_0.5pct,a,0.5,0.00389015400000009,0.07885194999999998,0.0,-0.09087442058925355,56,fixed_k3
Strain_a_Tension_0.5pct,a,0.5,0.007768778000000087,0.07885194999999998,0.0,0.00022418461344697604,56,fixed_k3
Strain_a_Tension_0.5pct,a,0.5,0.011647402000000084,0.07885194999999998,0.0,0.10347006777146328,56,fixed_k3
Strain_a_Tension_0.5pct,a,0.5,0.015526026000000082,0.07885194999999998,0.0,0.21703256391318337,56,fixed_k3
Strain_a_Tension_0.5pct,a,0.5,0.01940465000000008,0.07885194999999998,0.0,0.33924045265019664,56,fixed_k3
Strain_a_Tension_0.5pct,a,0.5,0.023283274000000076,0.07885194999999998,0.0,0.46876347624575665,56,fixed_k3
Strain_a_Tension_0.5pct,a,0.5,0.027161898000000073,0.07885194999999998,0.0,0.6047403069854664,56,fixed_k3
Strain_a_Tension_0.5pct,a,0.5,0.03104052200000007,0.07885194999999998,0.0,0.7468560165307672,56,fixed_k3
Strain_a_Tension_0.5pct,a,0.5,0.03491914600000007,0.07885194999999998,0.0,0.8953819980558191,56,fixed_k3
Strain_a_Tension_0.5pct,a,0.5,0.038797770000000065,0.07885194999999998,0.0,1.0511975742591906,56,fixed_k3
Strain_a_Tension_0.5pct,a,0.5,0.04267639400000006,0.07885194999999998,0.0,1.2158130734222774,56,fixed_k3
Strain_a_Tension_0.5pct,a,0.5,0.04655501800000006,0.07885194999999998,0.0,1.3914050178271677,56,fixed_k3
Strain_a_Tension_0.5pct,a,0.5,0.050433642000000056,0.07885194999999998,0.0,1.5808464940848475,56,fixed_k3
Strain_a_Tension_0.5pct,a,0.5,0.05431226600000005,0.07885194999999998,0.0,1.7876516174831558,56,fixed_k3
Strain_a_Tension_0.5pct,a,0.5,0.05819089000000005,0.07885194999999998,0.0,2.0156191169661346,56,fixed_k3
Strain_a_Tension_0.5pct,a,0.5,0.06206951400000005,0.07885194999999998,0.0,2.267706838667108,56,fixed_k3
Strain_a_Tension_0.5pct,a,0.5,0.06594813800000005,0.07885194999999998,0.0,2.5432524364716196,56,fixed_k3
Strain_a_Tension_0.5pct,a,0.5,0.06982676200000004,0.07885194999999998,0.0,2.8321372020312165,56,fixed_k3
Strain_a_Tension_0.5pct,a,0.5,0.07370538600000004,0.07885194999999998,0.0,3.104322877845645,56,fixed_k3
Strain_a_Tension_0.5pct,a,0.5,0.07758401000000004,0.07885194999999998,0.0,3.294784340280001,56,fixed_k3
Strain_a_Tension_0.5pct,a,0.5,0.08146263400000003,0.07885194999999998,0.0,3.290037318576672,56,fixed_k3
Strain_a_Tension_0.5pct,a,0.5,0.08534125800000003,0.07885194999999998,0.0,2.935725728573034,56,fixed_k3
Strain_a_Tension_0.5pct,a,0.5,0.08921988200000003,0.07885194999999998,0.0,2.0991321502164584,56,fixed_k3
Strain_a_Tension_0.5pct,a,0.5,0.09309850600000003,0.07885194999999998,0.0,0.8091204416546212,56,fixed_k3
Strain_a_Tension_0.5pct,a,0.5,0.09697713000000002,0.07885194999999998,0.0,-0.5747495074759605,56,fixed_k3
Strain_a_Tension_0.5pct,a,0.5,0.10085575400000002,0.07885194999999998,0.0,-1.3024815390462212,56,fixed_k3
Strain_a_Tension_0.5pct,a,0.5,0.10473437800000002,0.07885194999999998,0.0,-0.3792969101589314,56,fixed_k3
Strain_a_Tension_0.5pct,a,0.5,0.10861300200000001,0.07885194999999998,0.0,3.1693181104441086,56,fixed_k3
Strain_a_Tension_0.5pct,a,0.5,0.11249162600000001,0.07885194999999998,0.0,9.742668635285984,56,fixed_k3
Strain_a_Tension_0.5pct,a,0.5,0.11637025000000001,0.07885194999999998,0.0,15.406708027487351,56,fixed_k3
Strain_a_Tension_0.5pct,a,0.5,0.120248874,0.07885194999999998,0.0,-14.214174564458254,56,fixed_k3
Strain_a_Tension_0.5pct,a,0.5,0.124127498,0.07885194999999998,0.0,-191.58691788243277,56,fixed_k3
Strain_a_Tension_0.5pct,a,0.5,0.128006122,0.07885194999999998,0.0,-157.73801792263774,56,fixed_k3
Strain_a_Tension_0.5pct,a,0.5,0.131884746,0.07885194999999998,0.0,-33.249219682122934,56,fixed_k3
Strain_a_Tension_0.5pct,a,0.5,0.13576337,0.07885194999999998,0.0,0.6844658084054946,56,fixed_k3
Strain_a_Tension_0.5pct,a,0.5,0.139641994,0.07885194999999998,0.0,7.517685401665702,56,fixed_k3
Strain_a_Tension_0.5pct,a,0.5,0.143520618,0.07885194999999998,0.0,8.408525683270806,56,fixed_k3
Strain_a_Tension_0.5pct,a,0.5,0.14739924199999999,0.07885194999999998,0.0,8.031580546081107,56,fixed_k3
Strain_a_Tension_0.5pct,a,0.5,0.15127786599999998,0.07885194999999998,0.0,7.442339081723061,56,fixed_k3
Strain_a_Tension_0.5pct,a,0.5,0.15515649,0.07885194999999998,0.0,6.8841313629005665,56,fixed_k3
Strain_a_Tension_0.5pct,a,0.5,-0.1551334299999998,0.08213858812499997,0.0,7.875648566081479,56,fixed_k3
Strain_a_Tension_0.5pct,a,0.5,-0.1512548059999998,0.08213858812499997,0.0,8.982758616922451,56,fixed_k3
Strain_a_Tension_0.5pct,a,0.5,-0.1473761819999998,0.08213858812499997,0.0,10.279090254686553,56,fixed_k3
Strain_a_Tension_0.5pct,a,0.5,-0.1434975579999998,0.08213858812499997,0.0,11.798411056988815,56,fixed_k3
Strain_a_Tension_0.5pct,a,0.5,-0.1396189339999998,0.08213858812499997,0.0,13.39898983174621,56,fixed_k3
Strain_a_Tension_0.5pct,a,0.5,-0.1357403099999998,0.08213858812499997,0.0,14.004420571609904,56,fixed_k3
Strain_a_Tension_0.5pct,a,0.5,-0.1318616859999998,0.08213858812499997,0.0,8.203218762019139,56,fixed_k3
Strain_a_Tension_0.5pct,a,0.5,-0.12798306199999981,0.08213858812499997,0.0,-13.263181026372571,56,fixed_k3
Strain_a_Tension_0.5pct,a,0.5,-0.12410443799999982,0.08213858812499997,0.0,102.58343681973186,56,fixed_k3
Strain_a_Tension_0.5pct,a,0.5,-0.12022581399999982,0.08213858812499997,0.0,194.4488407900157,56,fixed_k3
Strain_a_Tension_0.5pct,a,0.5,-0.11634718999999982,0.08213858812499997,0.0,106.02805230603765,56,fixed_k3
Strain_a_Tension_0.5pct,a,0.5,-0.11246856599999983,0.08213858812499997,0.0,56.99483715140828,56,fixed_k3
Strain_a_Tension_0.5pct,a,0.5,-0.10858994199999983,0.08213858812499997,0.0,35.262163305714395,56,fixed_k3
Strain_a_Tension_0.5pct,a,0.5,-0.10471131799999983,0.08213858812499997,0.0,24.11261546934371,56,fixed_k3
Strain_a_Tension_0.5pct,a,0.5,-0.10083269399999983,0.08213858812499997,0.0,17.017510673472966,56,fixed_k3
Strain_a_Tension_0.5pct,a,0.5,-0.09695406999999984,0.08213858812499997,0.0,11.692596212792708,56,fixed_k3
Strain_a_Tension_0.5pct,a,0.5,-0.09307544599999984,0.08213858812499997,0.0,7.475846188302901,56,fixed_k3
Strain_a_Tension_0.5pct,a,0.5,-0.08919682199999984,0.08213858812499997,0.0,4.2566702005420645,56,fixed_k3
Strain_a_Tension_0.5pct,a,0.5,-0.08531819799999985,0.08213858812499997,0.0,1.9954458738234515,56,fixed_k3
Strain_a_Tension_0.5pct,a,0.5,-0.08143957399999985,0.08213858812499997,0.0,0.5651669264598633,56,fixed_k3
Strain_a_Tension_0.5pct,a,0.5,-0.07756094999999985,0.08213858812499997,0.0,-0.2323915766678588,56,fixed_k3
Strain_a_Tension_0.5pct,a,0.5,-0.07368232599999985,0.08213858812499997,0.0,-0.602866305255227,56,fixed_k3
Strain_a_Tension_0.5pct,a,0.5,-0.06980370199999986,0.08213858812499997,0.0,-0.7156092590033882,56,fixed_k3
Strain_a_Tension_0.5pct,a,0.5,-0.06592507799999986,0.08213858812499997,0.0,-0.6909668635144373,56,fixed_k3
Strain_a_Tension_0.5pct,a,0.5,-0.06204645399999986,0.08213858812499997,0.0,-0.6060010876308053,56,fixed_k3
Strain_a_Tension_0.5pct,a,0.5,-0.058167829999999865,0.08213858812499997,0.0,-0.5060016345573544,56,fixed_k3
Strain_a_Tension_0.5pct,a,0.5,-0.05428920599999987,0.08213858812499997,0.0,-0.415221455978527,56,fixed_k3
Strain_a_Tension_0.5pct,a,0.5,-0.05041058199999987,0.08213858812499997,0.0,-0.34483661184370096,56,fixed_k3
Strain_a_Tension_0.5pct,a,0.5,-0.04653195799999987,0.08213858812499997,0.0,-0.2982249100218797,56,fixed_k3
Strain_a_Tension_0.5pct,a,0.5,-0.042653333999999876,0.08213858812499997,0.0,-0.27425980203539213,56,fixed_k3
Strain_a_Tension_0.5pct,a,0.5,-0.03877470999999988,0.08213858812499997,0.0,-0.2693049378466652,56,fixed_k3
Strain_a_Tension_0.5pct,a,0.5,-0.03489608599999988,0.08213858812499997,0.0,-0.27841827499907,56,fixed_k3
Strain_a_Tension_0.5pct,a,0.5,-0.031017461999999885,0.08213858812499997,0.0,-0.2961000786631032,56,fixed_k3
Strain_a_Tension_0.5pct,a,0.5,-0.027138837999999887,0.08213858812499997,0.0,-0.3167882087961207,56,fixed_k3
Strain_a_Tension_0.5pct,a,0.5,-0.02326021399999989,0.08213858812499997,0.0,-0.3352152891466438,56,fixed_k3
Strain_a_Tension_0.5pct,a,0.5,-0.019381589999999893,0.08213858812499997,0.0,-0.34668472016393803,56,fixed_k3
Strain_a_Tension_0.5pct,a,0.5,-0.015502965999999896,0.08213858812499997,0.0,-0.3472863696742845,56,fixed_k3
Strain_a_Tension_0.5pct,a,0.5,-0.011624341999999899,0.08213858812499997,0.0,-0.3340518373124275,56,fixed_k3
Strain_a_Tension_0.5pct,a,0.5,-0.0077457179999999015,0.08213858812499997,0.0,-0.3050397340788611,56,fixed_k3
Strain_a_Tension_0.5pct,a,0.5,-0.0038670939999999043,0.08213858812499997,0.0,-0.2593410117035013,56,fixed_k3
Strain_a_Tension_0.5pct,a,0.5,1.1530000000092855e-05,0.08213858812499997,0.0,-0.19700071189280255,56,fixed_k3
Strain_a_Tension_0.5pct,a,0.5,0.00389015400000009,0.08213858812499997,0.0,-0.1188627817664556,56,fixed_k3
Strain_a_Tension_0.5pct,a,0.5,0.007768778000000087,0.08213858812499997,0.0,-0.026355531888085704,56,fixed_k3
Strain_a_Tension_0.5pct,a,0.5,0.011647402000000084,0.08213858812499997,0.0,0.07875632236633745,56,fixed_k3
Strain_a_Tension_0.5pct,a,0.5,0.015526026000000082,0.08213858812499997,0.0,0.194623656377654,56,fixed_k3
Strain_a_Tension_0.5pct,a,0.5,0.01940465000000008,0.08213858812499997,0.0,0.3195419519979463,56,fixed_k3
Strain_a_Tension_0.5pct,a,0.5,0.023283274000000076,0.08213858812499997,0.0,0.45213773905343313,56,fixed_k3
Strain_a_Tension_0.5pct,a,0.5,0.027161898000000073,0.08213858812499997,0.0,0.5915033974900137,56,fixed_k3
Strain_a_Tension_0.5pct,a,0.5,0.03104052200000007,0.08213858812499997,0.0,0.7372824498749222,56,fixed_k3
Strain_a_Tension_0.5pct,a,0.5,0.03491914600000007,0.08213858812499997,0.0,0.8897170427353807,56,fixed_k3
Strain_a_Tension_0.5pct,a,0.5,0.038797770000000065,0.08213858812499997,0.0,1.0496752804644416,56,fixed_k3
Strain_a_Tension_0.5pct,a,0.5,0.04267639400000006,0.08213858812499997,0.0,1.2186761787915033,56,fixed_k3
Strain_a_Tension_0.5pct,a,0.5,0.04655501800000006,0.08213858812499997,0.0,1.3989201302301297,56,fixed_k3
Strain_a_Tension_0.5pct,a,0.5,0.050433642000000056,0.08213858812499997,0.0,1.5933041452345742,56,fixed_k3
Strain_a_Tension_0.5pct,a,0.5,0.05431226600000005,0.08213858812499997,0.0,1.8053361584869798,56,fixed_k3
Strain_a_Tension_0.5pct,a,0.5,0.05819089000000005,0.08213858812499997,0.0,2.0387305031414753,56,fixed_k3
Strain_a_Tension_0.5pct,a,0.5,0.06206951400000005,0.08213858812499997,0.0,2.2962241429387853,56,fixed_k3
Strain_a_Tension_0.5pct,a,0.5,0.06594813800000005,0.08213858812499997,0.0,2.5767711521512453,56,fixed_k3
Strain_a_Tension_0.5pct,a,0.5,0.06982676200000004,0.08213858812499997,0.0,2.869836790676419,56,fixed_k3
Strain_a_Tension_0.5pct,a,0.5,0.07370538600000004,0.08213858812499997,0.0,3.1454862424117396,56,fixed_k3
Strain_a_Tension_0.5pct,a,0.5,0.07758401000000004,0.08213858812499997,0.0,3.3406507585592955,56,fixed_k3
Strain_a_Tension_0.5pct,a,0.5,0.08146263400000003,0.08213858812499997,0.0,3.347713077588513,56,fixed_k3
Strain_a_Tension_0.5pct,a,0.5,0.08534125800000003,0.08213858812499997,0.0,3.022917613805973,56,fixed_k3
Strain_a_Tension_0.5pct,a,0.5,0.08921988200000003,0.08213858812499997,0.0,2.242901894204164,56,fixed_k3
Strain_a_Tension_0.5pct,a,0.5,0.09309850600000003,0.08213858812499997,0.0,1.0258719051892766,56,fixed_k3
Strain_a_Tension_0.5pct,a,0.5,0.09697713000000002,0.08213858812499997,0.0,-0.32208984515672245,56,fixed_k3
Strain_a_Tension_0.5pct,a,0.5,0.10085575400000002,0.08213858812499997,0.0,-1.1343484613509427,56,fixed_k3
Strain_a_Tension_0.5pct,a,0.5,0.10473437800000002,0.08213858812499997,0.0,-0.42278779030293134,56,fixed_k3
Strain_a_Tension_0.5pct,a,0.5,0.10861300200000001,0.08213858812499997,0.0,3.1396461080715,56,fixed_k3
Strain_a_Tension_0.5pct,a,0.5,0.11249162600000001,0.08213858812499997,0.0,11.469937839759545,56,fixed_k3
Strain_a_Tension_0.5pct,a,0.5,0.11637025000000001,0.08213858812499997,0.0,25.76911826055513,56,fixed_k3
Strain_a_Tension_0.5pct,a,0.5,0.120248874,0.08213858812499997,0.0,22.65115059796909,56,fixed_k3
Strain_a_Tension_0.5pct,a,0.5,0.124127498,0.08213858812499997,0.0,-99.16103577663253,56,fixed_k3
Strain_a_Tension_0.5pct,a,0.5,0.128006122,0.08213858812499997,0.0,-87.3801725411945,56,fixed_k3
Strain_a_Tension_0.5pct,a,0.5,0.131884746,0.08213858812499997,0.0,-16.37230801588466,56,fixed_k3
Strain_a_Tension_0.5pct,a,0.5,0.13576337,0.08213858812499997,0.0,5.2825691122928395,56,fixed_k3
Strain_a_Tension_0.5pct,a,0.5,0.139641994,0.08213858812499997,0.0,9.246243930421699,56,fixed_k3
Strain_a_Tension_0.5pct,a,0.5,0.143520618,0.08213858812499997,0.0,9.246141789692274,56,fixed_k3
Strain_a_Tension_0.5pct,a,0.5,0.14739924199999999,0.08213858812499997,0.0,8.523917570545049,56,fixed_k3
Strain_a_Tension_0.5pct,a,0.5,0.15127786599999998,0.08213858812499997,0.0,7.778252768684324,56,fixed_k3
Strain_a_Tension_0.5pct,a,0.5,0.15515649,0.08213858812499997,0.0,7.140543481246635,56,fixed_k3
Strain_a_Tension_0.5pct,a,0.5,-0.1551334299999998,0.08542522624999996,0.0,8.047815746238808,56,fixed_k3
Strain_a_Tension_0.5pct,a,0.5,-0.1512548059999998,0.08542522624999996,0.0,9.26827954343578,56,fixed_k3
Strain_a_Tension_0.5pct,a,0.5,-0.1473761819999998,0.08542522624999996,0.0,10.76389695497414,56,fixed_k3
Strain_a_Tension_0.5pct,a,0.5,-0.1434975579999998,0.08542522624999996,0.0,12.68932705358746,56,fixed_k3
Strain_a_Tension_0.5pct,a,0.5,-0.1396189339999998,0.08542522624999996,0.0,15.24750344613477,56,fixed_k3
Strain_a_Tension_0.5pct,a,0.5,-0.1357403099999998,0.08542522624999996,0.0,18.500253833549632,56,fixed_k3
Strain_a_Tension_0.5pct,a,0.5,-0.1318616859999998,0.08542522624999996,0.0,21.362847344041164,56,fixed_k3
Strain_a_Tension_0.5pct,a,0.5,-0.12798306199999981,0.08542522624999996,0.0,28.142325285056558,56,fixed_k3
Strain_a_Tension_0.5pct,a,0.5,-0.12410443799999982,0.08542522624999996,0.0,189.88173048133703,56,fixed_k3
Strain_a_Tension_0.5pct,a,0.5,-0.12022581399999982,0.08542522624999996,0.0,308.0071922482971,56,fixed_k3
Strain_a_Tension_0.5pct,a,0.5,-0.11634718999999982,0.08542522624999996,0.0,141.28862581102283,56,fixed_k3
Strain_a_Tension_0.5pct,a,0.5,-0.11246856599999983,0.08542522624999996,0.0,65.28350641160591,56,fixed_k3
Strain_a_Tension_0.5pct,a,0.5,-0.10858994199999983,0.08542522624999996,0.0,36.850519567541824,56,fixed_k3
Strain_a_Tension_0.5pct,a,0.5,-0.10471131799999983,0.08542522624999996,0.0,23.885618366313466,56,fixed_k3
Strain_a_Tension_0.5pct,a,0.5,-0.10083269399999983,0.08542522624999996,0.0,16.34714472956247,56,fixed_k3
Strain_a_Tension_0.5pct,a,0.5,-0.09695406999999984,0.08542522624999996,0.0,11.055619362077493,56,fixed_k3
Strain_a_Tension_0.5pct,a,0.5,-0.09307544599999984,0.08542522624999996,0.0,7.02932320368476,56,fixed_k3
Strain_a_Tension_0.5pct,a,0.5,-0.08919682199999984,0.08542522624999996,0.0,4.0064764182594015,56,fixed_k3
Strain_a_Tension_0.5pct,a,0.5,-0.08531819799999985,0.08542522624999996,0.0,1.8852823089500554,56,fixed_k3
Strain_a_Tension_0.5pct,a,0.5,-0.08143957399999985,0.08542522624999996,0.0,0.5322625417157716,56,fixed_k3
Strain_a_Tension_0.5pct,a,0.5,-0.07756094999999985,0.08542522624999996,0.0,-0.23299911293286635,56,fixed_k3
Strain_a_Tension_0.5pct,a,0.5,-0.07368232599999985,0.08542522624999996,0.0,-0.5958580048604589,56,fixed_k3
Strain_a_Tension_0.5pct,a,0.5,-0.06980370199999986,0.08542522624999996,0.0,-0.7115325051355366,56,fixed_k3
Strain_a_Tension_0.5pct,a,0.5,-0.06592507799999986,0.08542522624999996,0.0,-0.6928105632682611,56,fixed_k3
Strain_a_Tension_0.5pct,a,0.5,-0.06204645399999986,0.08542522624999996,0.0,-0.6135534528544926,56,fixed_k3
Strain_a_Tension_0.5pct,a,0.5,-0.058167829999999865,0.08542522624999996,0.0,-0.5181073114835519,56,fixed_k3
Strain_a_Tension_0.5pct,a,0.5,-0.05428920599999987,0.08542522624999996,0.0,-0.4307283852731154,56,fixed_k3
Strain_a_Tension_0.5pct,a,0.5,-0.05041058199999987,0.08542522624999996,0.0,-0.36288511633251197,56,fixed_k3
Strain_a_Tension_0.5pct,a,0.5,-0.04653195799999987,0.08542522624999996,0.0,-0.31826171855112095,56,fixed_k3
Strain_a_Tension_0.5pct,a,0.5,-0.042653333999999876,0.08542522624999996,0.0,-0.29596357062152157,56,fixed_k3
Strain_a_Tension_0.5pct,a,0.5,-0.03877470999999988,0.08542522624999996,0.0,-0.2925010341925147,56,fixed_k3
Strain_a_Tension_0.5pct,a,0.5,-0.03489608599999988,0.08542522624999996,0.0,-0.3030088614761035,56,fixed_k3
Strain_a_Tension_0.5pct,a,0.5,-0.031017461999999885,0.08542522624999996,0.0,-0.3220139657896528,56,fixed_k3
Strain_a_Tension_0.5pct,a,0.5,-0.027138837999999887,0.08542522624999996,0.0,-0.3439474556775117,56,fixed_k3
Strain_a_Tension_0.5pct,a,0.5,-0.02326021399999989,0.08542522624999996,0.0,-0.36351394600569,56,fixed_k3
Strain_a_Tension_0.5pct,a,0.5,-0.019381589999999893,0.08542522624999996,0.0,-0.3759757239682955,56,fixed_k3
Strain_a_Tension_0.5pct,a,0.5,-0.015502965999999896,0.08542522624999996,0.0,-0.3773738538868363,56,fixed_k3
Strain_a_Tension_0.5pct,a,0.5,-0.011624341999999899,0.08542522624999996,0.0,-0.3646873755732227,56,fixed_k3
Strain_a_Tension_0.5pct,a,0.5,-0.0077457179999999015,0.08542522624999996,0.0,-0.3359220426195364,56,fixed_k3
Strain_a_Tension_0.5pct,a,0.5,-0.0038670939999999043,0.08542522624999996,0.0,-0.29011925328227894,56,fixed_k3
Strain_a_Tension_0.5pct,a,0.5,1.1530000000092855e-05,0.08542522624999996,0.0,-0.22728170783256152,56,fixed_k3
Strain_a_Tension_0.5pct,a,0.5,0.00389015400000009,0.08542522624999996,0.0,-0.14822215595998456,56,fixed_k3
Strain_a_Tension_0.5pct,a,0.5,0.007768778000000087,0.08542522624999996,0.0,-0.05435218435431777,56,fixed_k3
Strain_a_Tension_0.5pct,a,0.5,0.011647402000000084,0.08542522624999996,0.0,0.05256379248635046,56,fixed_k3
Strain_a_Tension_0.5pct,a,0.5,0.015526026000000082,0.08542522624999996,0.0,0.17066064977379547,56,fixed_k3
Strain_a_Tension_0.5pct,a,0.5,0.01940465000000008,0.08542522624999996,0.0,0.29820415021040025,56,fixed_k3
Strain_a_Tension_0.5pct,a,0.5,0.023283274000000076,0.08542522624999996,0.0,0.43378237977759726,56,fixed_k3
Strain_a_Tension_0.5pct,a,0.5,0.027161898000000073,0.08542522624999996,0.0,0.5764474437663627,56,fixed_k3
Strain_a_Tension_0.5pct,a,0.5,0.03104052200000007,0.08542522624999996,0.0,0.7258086280700506,56,fixed_k3
Strain_a_Tension_0.5pct,a,0.5,0.03491914600000007,0.08542522624999996,0.0,0.8820874555360381,56,fixed_k3
Strain_a_Tension_0.5pct,a,0.5,0.038797770000000065,0.08542522624999996,0.0,1.0461506892839034,56,fixed_k3
Strain_a_Tension_0.5pct,a,0.5,0.04267639400000006,0.08542522624999996,0.0,1.2195369595732073,56,fixed_k3
Strain_a_Tension_0.5pct,a,0.5,0.04655501800000006,0.08542522624999996,0.0,1.4044820561180127,56,fixed_k3
Strain_a_Tension_0.5pct,a,0.5,0.050433642000000056,0.08542522624999996,0.0,1.6039182739511504,56,fixed_k3
Strain_a_Tension_0.5pct,a,0.5,0.05431226600000005,0.08542522624999996,0.0,1.8213575835954372,56,fixed_k3
Strain_a_Tension_0.5pct,a,0.5,0.05819089000000005,0.08542522624999996,0.0,2.060438383548051,56,fixed_k3
Strain_a_Tension_0.5pct,a,0.5,0.06206951400000005,0.08542522624999996,0.0,2.3236846889231155,56,fixed_k3
Strain_a_Tension_0.5pct,a,0.5,0.06594813800000005,0.08542522624999996,0.0,2.6096798056989816,56,fixed_k3
Strain_a_Tension_0.5pct,a,0.5,0.06982676200000004,0.08542522624999996,0.0,2.9075009288780276,56,fixed_k3
Strain_a_Tension_0.5pct,a,0.5,0.07370538600000004,0.08542522624999996,0.0,3.187365069096445,56,fixed_k3
Strain_a_Tension_0.5pct,a,0.5,0.07758401000000004,0.08542522624999996,0.0,3.388194256044499,56,fixed_k3
Strain_a_Tension_0.5pct,a,0.5,0.08146263400000003,0.08542522624999996,0.0,3.4081448160866965,56,fixed_k3
Strain_a_Tension_0.5pct,a,0.5,0.08534125800000003,0.08542522624999996,0.0,3.113780577751999,56,fixed_k3
Strain_a_Tension_0.5pct,a,0.5,0.08921988200000003,0.08542522624999996,0.0,2.391306995485227,56,fixed_k3
Strain_a_Tension_0.5pct,a,0.5,0.09309850600000003,0.08542522624999996,0.0,1.2513283783488618,56,fixed_k3
Strain_a_Tension_0.5pct,a,0.5,0.09697713000000002,0.08542522624999996,0.0,-0.04564655314204824,56,fixed_k3
Strain_a_Tension_0.5pct,a,0.5,0.10085575400000002,0.08542522624999996,0.0,-0.9109294833694361,56,fixed_k3
Strain_a_Tension_0.5pct,a,0.5,0.10473437800000002,0.08542522624999996,0.0,-0.38464043268285675,56,fixed_k3
Strain_a_Tension_0.5pct,a,0.5,0.10861300200000001,0.08542522624999996,0.0,3.154517634680678,56,fixed_k3
Strain_a_Tension_0.5pct,a,0.5,0.11249162600000001,0.08542522624999996,0.0,13.340541112072728,56,fixed_k3
Strain_a_Tension_0.5pct,a,0.5,0.11637025000000001,0.08542522624999996,0.0,39.745900970365234,56,fixed_k3
Strain_a_Tension_0.5pct,a,0.5,0.120248874,0.08542522624999996,0.0,83.44996165415874,56,fixed_k3
Strain_a_Tension_0.5pct,a,0.5,0.124127498,0.08542522624999996,0.0,-8.740155587797222,56,fixed_k3
Strain_a_Tension_0.5pct,a,0.5,0.128006122,0.08542522624999996,0.0,-36.80475080251578,56,fixed_k3
Strain_a_Tension_0.5pct,a,0.5,0.131884746,0.08542522624999996,0.0,-1.7041349354683708,56,fixed_k3
Strain_a_Tension_0.5pct,a,0.5,0.13576337,0.08542522624999996,0.0,9.763524144153799,56,fixed_k3
Strain_a_Tension_0.5pct,a,0.5,0.139641994,0.08542522624999996,0.0,10.984342704307691,56,fixed_k3
Strain_a_Tension_0.5pct,a,0.5,0.143520618,0.08542522624999996,0.0,10.095019692461255,56,fixed_k3
Strain_a_Tension_0.5pct,a,0.5,0.14739924199999999,0.08542522624999996,0.0,9.027581581139582,56,fixed_k3
Strain_a_Tension_0.5pct,a,0.5,0.15127786599999998,0.08542522624999996,0.0,8.12701630972314,56,fixed_k3
Strain_a_Tension_0.5pct,a,0.5,0.15515649,0.08542522624999996,0.0,7.411331523631633,56,fixed_k3
Strain_a_Tension_0.5pct,a,0.5,-0.1551334299999998,0.08871186437499998,0.0,8.181992832637471,56,fixed_k3
Strain_a_Tension_0.5pct,a,0.5,-0.1512548059999998,0.08871186437499998,0.0,9.51607121497266,56,fixed_k3
Strain_a_Tension_0.5pct,a,0.5,-0.1473761819999998,0.08871186437499998,0.0,11.215378664049291,56,fixed_k3
Strain_a_Tension_0.5pct,a,0.5,-0.1434975579999998,0.08871186437499998,0.0,13.567852428365697,56,fixed_k3
Strain_a_Tension_0.5pct,a,0.5,-0.1396189339999998,0.08871186437499998,0.0,17.16484056930163,56,fixed_k3
Strain_a_Tension_0.5pct,a,0.5,-0.1357403099999998,0.08871186437499998,0.0,23.35264692767533,56,fixed_k3
Strain_a_Tension_0.5pct,a,0.5,-0.1318616859999998,0.08871186437499998,0.0,35.644003905957106,56,fixed_k3
Strain_a_Tension_0.5pct,a,0.5,-0.12798306199999981,0.08871186437499998,0.0,71.63535315535125,56,fixed_k3
Strain_a_Tension_0.5pct,a,0.5,-0.12410443799999982,0.08871186437499998,0.0,308.6659327991948,56,fixed_k3
Strain_a_Tension_0.5pct,a,0.5,-0.12022581399999982,0.08871186437499998,0.0,484.00894625227244,56,fixed_k3
Strain_a_Tension_0.5pct,a,0.5,-0.11634718999999982,0.08871186437499998,0.0,182.1389708649706,56,fixed_k3
Strain_a_Tension_0.5pct,a,0.5,-0.11246856599999983,0.08871186437499998,0.0,72.3151729951039,56,fixed_k3
Strain_a_Tension_0.5pct,a,0.5,-0.10858994199999983,0.08871186437499998,0.0,37.58001432547352,56,fixed_k3
Strain_a_Tension_0.5pct,a,0.5,-0.10471131799999983,0.08871186437499998,0.0,23.28375509963838,56,fixed_k3
Strain_a_Tension_0.5pct,a,0.5,-0.10083269399999983,0.08871186437499998,0.0,15.548866568494565,56,fixed_k3
Strain_a_Tension_0.5pct,a,0.5,-0.09695406999999984,0.08871186437499998,0.0,10.393473722733614,56,fixed_k3
Strain_a_Tension_0.5pct,a,0.5,-0.09307544599999984,0.08871186437499998,0.0,6.588449447655647,56,fixed_k3
Strain_a_Tension_0.5pct,a,0.5,-0.08919682199999984,0.08871186437499998,0.0,3.7647001300427485,56,fixed_k3
Strain_a_Tension_0.5pct,a,0.5,-0.08531819799999985,0.08871186437499998,0.0,1.7799678893596276,56,fixed_k3
Strain_a_Tension_0.5pct,a,0.5,-0.08143957399999985,0.08871186437499998,0.0,0.5014623895383226,56,fixed_k3
Strain_a_Tension_0.5pct,a,0.5,-0.07756094999999985,0.08871186437499998,0.0,-0.23273574937172592,56,fixed_k3
Strain_a_Tension_0.5pct,a,0.5,-0.07368232599999985,0.08871186437499998,0.0,-0.588490364322557,56,fixed_k3
Strain_a_Tension_0.5pct,a,0.5,-0.06980370199999986,0.08871186437499998,0.0,-0.7074380343550355,56,fixed_k3
Strain_a_Tension_0.5pct,a,0.5,-0.06592507799999986,0.08871186437499998,0.0,-0.6949801249425538,56,fixed_k3
Strain_a_Tension_0.5pct,a,0.5,-0.06204645399999986,0.08871186437499998,0.0,-0.6217726468922105,56,fixed_k3
Strain_a_Tension_0.5pct,a,0.5,-0.058167829999999865,0.08871186437499998,0.0,-0.5311783893574673,56,fixed_k3
Strain_a_Tension_0.5pct,a,0.5,-0.05428920599999987,0.08871186437499998,0.0,-0.44743177565833836,56,fixed_k3
Strain_a_Tension_0.5pct,a,0.5,-0.05041058199999987,0.08871186437499998,0.0,-0.38228839759744204,56,fixed_k3
Strain_a_Tension_0.5pct,a,0.5,-0.04653195799999987,0.08871186437499998,0.0,-0.3397462358350225,56,fixed_k3
Strain_a_Tension_0.5pct,a,0.5,-0.042653333999999876,0.08871186437499998,0.0,-0.31915528301875895,56,fixed_k3
Strain_a_Tension_0.5pct,a,0.5,-0.03877470999999988,0.08871186437499998,0.0,-0.3171861501614277,56,fixed_k3
Strain_a_Tension_0.5pct,a,0.5,-0.03489608599999988,0.08871186437499998,0.0,-0.3290626610411169,56,fixed_k3
Strain_a_Tension_0.5pct,a,0.5,-0.031017461999999885,0.08871186437499998,0.0,-0.34934869526093415,56,fixed_k3
Strain_a_Tension_0.5pct,a,0.5,-0.027138837999999887,0.08871186437499998,0.0,-0.3724769629424527,56,fixed_k3
Strain_a_Tension_0.5pct,a,0.5,-0.02326021399999989,0.08871186437499998,0.0,-0.39313072089429113,56,fixed_k3
Strain_a_Tension_0.5pct,a,0.5,-0.019381589999999893,0.08871186437499998,0.0,-0.40653641200371693,56,fixed_k3
Strain_a_Tension_0.5pct,a,0.5,-0.015502965999999896,0.08871186437499998,0.0,-0.4086904687680111,56,fixed_k3
Strain_a_Tension_0.5pct,a,0.5,-0.011624341999999899,0.08871186437499998,0.0,-0.3965226602523444,56,fixed_k3
Strain_a_Tension_0.5pct,a,0.5,-0.0077457179999999015,0.08871186437499998,0.0,-0.36798842533180043,56,fixed_k3
Strain_a_Tension_0.5pct,a,0.5,-0.0038670939999999043,0.08871186437499998,0.0,-0.3220814653314745,56,fixed_k3
Strain_a_Tension_0.5pct,a,0.5,1.1530000000092855e-05,0.08871186437499998,0.0,-0.25876330235411604,56,fixed_k3
Strain_a_Tension_0.5pct,a,0.5,0.00389015400000009,0.08871186437499998,0.0,-0.17881589842353085,56,fixed_k3
Strain_a_Tension_0.5pct,a,0.5,0.007768778000000087,0.08871186437499998,0.0,-0.08363367827810153,56,fixed_k3
Strain_a_Tension_0.5pct,a,0.5,0.011647402000000084,0.08871186437499998,0.0,0.02502063784700148,56,fixed_k3
Strain_a_Tension_0.5pct,a,0.5,0.015526026000000082,0.08871186437499998,0.0,0.1452683759743194,56,fixed_k3
Strain_a_Tension_0.5pct,a,0.5,0.01940465000000008,0.08871186437499998,0.0,0.275349173946672,56,fixed_k3
Strain_a_Tension_0.5pct,a,0.5,0.023283274000000076,0.08871186437499998,0.0,0.41381747759261334,56,fixed_k3
Strain_a_Tension_0.5pct,a,0.5,0.027161898000000073,0.08871186437499998,0.0,0.5596911792057679,56,fixed_k3
Strain_a_Tension_0.5pct,a,0.5,0.03104052200000007,0.08871186437499998,0.0,0.712552678336434,56,fixed_k3
Strain_a_Tension_0.5pct,a,0.5,0.03491914600000007,0.08871186437499998,0.0,0.8726115124803526,56,fixed_k3
Strain_a_Tension_0.5pct,a,0.5,0.038797770000000065,0.08871186437499998,0.0,1.0407429605339769,56,fixed_k3
Strain_a_Tension_0.5pct,a,0.5,0.04267639400000006,0.08871186437499998,0.0,1.218516139578961,56,fixed_k3
Strain_a_Tension_0.5pct,a,0.5,0.04655501800000006,0.08871186437499998,0.0,1.408213706773327,56,fixed_k3
Strain_a_Tension_0.5pct,a,0.5,0.050433642000000056,0.08871186437499998,0.0,1.6128146461220445,56,fixed_k3
Strain_a_Tension_0.5pct,a,0.5,0.05431226600000005,0.08871186437499998,0.0,1.8358455634466742,56,fixed_k3
Strain_a_Tension_0.5pct,a,0.5,0.05819089000000005,0.08871186437499998,0.0,2.080878582314147,56,fixed_k3
Strain_a_Tension_0.5pct,a,0.5,0.06206951400000005,0.08871186437499998,0.0,2.350235519641002,56,fixed_k3
Strain_a_Tension_0.5pct,a,0.5,0.06594813800000005,0.08871186437499998,0.0,2.642147184060769,56,fixed_k3
Strain_a_Tension_0.5pct,a,0.5,0.06982676200000004,0.08871186437499998,0.0,2.94533933027464,56,fixed_k3
Strain_a_Tension_0.5pct,a,0.5,0.07370538600000004,0.08871186437499998,0.0,3.230239501652577,56,fixed_k3
Strain_a_Tension_0.5pct,a,0.5,0.07758401000000004,0.08871186437499998,0.0,3.4378015608518475,56,fixed_k3
Strain_a_Tension_0.5pct,a,0.5,0.08146263400000003,0.08871186437499998,0.0,3.4718558597458085,56,fixed_k3
Strain_a_Tension_0.5pct,a,0.5,0.08534125800000003,0.08871186437499998,0.0,3.208964220065682,56,fixed_k3
Strain_a_Tension_0.5pct,a,0.5,0.08921988200000003,0.08871186437499998,0.0,2.5449445780399413,56,fixed_k3
Strain_a_Tension_0.5pct,a,0.5,0.09309850600000003,0.08871186437499998,0.0,1.4853318858539488,56,fixed_k3
Strain_a_Tension_0.5pct,a,0.5,0.09697713000000002,0.08871186437499998,0.0,0.25224111762941104,56,fixed_k3
Strain_a_Tension_0.5pct,a,0.5,0.10085575400000002,0.08871186437499998,0.0,-0.637112239961735,56,fixed_k3
Strain_a_Tension_0.5pct,a,0.5,0.10473437800000002,0.08871186437499998,0.0,-0.2688820925925395,56,fixed_k3
Strain_a_Tension_0.5pct,a,0.5,0.10861300200000001,0.08871186437499998,0.0,3.1921252874832735,56,fixed_k3
Strain_a_Tension_0.5pct,a,0.5,0.11249162600000001,0.08871186437499998,0.0,15.098520469700198,56,fixed_k3
Strain_a_Tension_0.5pct,a,0.5,0.11637025000000001,0.08871186437499998,0.0,56.91912963374697,56,fixed_k3
Strain_a_Tension_0.5pct,a,0.5,0.120248874,0.08871186437499998,0.0,183.43506731335577,56,fixed_k3
Strain_a_Tension_0.5pct,a,0.5,0.124127498,0.08871186437499998,0.0,93.7529456811049,56,fixed_k3
Strain_a_Tension_0.5pct,a,0.5,0.128006122,0.08871186437499998,0.0,7.167049993279658,56,fixed_k3
Strain_a_Tension_0.5pct,a,0.5,0.131884746,0.08871186437499998,0.0,12.364074823345224,56,fixed_k3
Strain_a_Tension_0.5pct,a,0.5,0.13576337,0.08871186437499998,0.0,14.293893136861657,56,fixed_k3
Strain_a_Tension_0.5pct,a,0.5,0.139641994,0.08871186437499998,0.0,12.754211556501781,56,fixed_k3
Strain_a_Tension_0.5pct,a,0.5,0.143520618,0.08871186437499998,0.0,10.960667578033345,56,fixed_k3
Strain_a_Tension_0.5pct,a,0.5,0.14739924199999999,0.08871186437499998,0.0,9.546463239910493,56,fixed_k3
Strain_a_Tension_0.5pct,a,0.5,0.15127786599999998,0.08871186437499998,0.0,8.49278830011252,56,fixed_k3
Strain_a_Tension_0.5pct,a,0.5,0.15515649,0.08871186437499998,0.0,7.701035762826558,56,fixed_k3
Strain_a_Tension_0.5pct,a,0.5,-0.1551334299999998,0.09199850249999997,0.0,8.27541011089428,56,fixed_k3
Strain_a_Tension_0.5pct,a,0.5,-0.1512548059999998,0.09199850249999997,0.0,9.722519912582262,56,fixed_k3
Strain_a_Tension_0.5pct,a,0.5,-0.1473761819999998,0.09199850249999997,0.0,11.629059283248237,56,fixed_k3
Strain_a_Tension_0.5pct,a,0.5,-0.1434975579999998,0.09199850249999997,0.0,14.430623033364947,56,fixed_k3
Strain_a_Tension_0.5pct,a,0.5,-0.1396189339999998,0.09199850249999997,0.0,19.16502800830663,56,fixed_k3
Strain_a_Tension_0.5pct,a,0.5,-0.1357403099999998,0.09199850249999997,0.0,28.718724625595996,56,fixed_k3
Strain_a_Tension_0.5pct,a,0.5,-0.1318616859999998,0.09199850249999997,0.0,52.42669398640085,56,fixed_k3
Strain_a_Tension_0.5pct,a,0.5,-0.12798306199999981,0.09199850249999997,0.0,128.09435673618074,56,fixed_k3
Strain_a_Tension_0.5pct,a,0.5,-0.12410443799999982,0.09199850249999997,0.0,513.533880708282,56,fixed_k3
Strain_a_Tension_0.5pct,a,0.5,-0.12022581399999982,0.09199850249999997,0.0,778.8966778653323,56,fixed_k3
Strain_a_Tension_0.5pct,a,0.5,-0.11634718999999982,0.09199850249999997,0.0,225.559727932545,56,fixed_k3
Strain_a_Tension_0.5pct,a,0.5,-0.11246856599999983,0.09199850249999997,0.0,77.21273478644578,56,fixed_k3
Strain_a_Tension_0.5pct,a,0.5,-0.10858994199999983,0.09199850249999997,0.0,37.39298805580761,56,fixed_k3
Strain_a_Tension_0.5pct,a,0.5,-0.10471131799999983,0.09199850249999997,0.0,22.35280171412749,56,fixed_k3
Strain_a_Tension_0.5pct,a,0.5,-0.10083269399999983,0.09199850249999997,0.0,14.65749253006646,56,fixed_k3
Strain_a_Tension_0.5pct,a,0.5,-0.09695406999999984,0.09199850249999997,0.0,9.723352716090508,56,fixed_k3
Strain_a_Tension_0.5pct,a,0.5,-0.09307544599999984,0.09199850249999997,0.0,6.160721052864448,56,fixed_k3
Strain_a_Tension_0.5pct,a,0.5,-0.08919682199999984,0.09199850249999997,0.0,3.5348380430380297,56,fixed_k3
Strain_a_Tension_0.5pct,a,0.5,-0.08531819799999985,0.09199850249999997,0.0,1.6814358651654846,56,fixed_k3
Strain_a_Tension_0.5pct,a,0.5,-0.08143957399999985,0.09199850249999997,0.0,0.4739840342138053,56,fixed_k3
Strain_a_Tension_0.5pct,a,0.5,-0.07756094999999985,0.09199850249999997,0.0,-0.23076482244412744,56,fixed_k3
Strain_a_Tension_0.5pct,a,0.5,-0.07368232599999985,0.09199850249999997,0.0,-0.5801332415510361,56,fixed_k3
Strain_a_Tension_0.5pct,a,0.5,-0.06980370199999986,0.09199850249999997,0.0,-0.7028066639099131,56,fixed_k3
Strain_a_Tension_0.5pct,a,0.5,-0.06592507799999986,0.09199850249999997,0.0,-0.6970202407261232,56,fixed_k3
Strain_a_Tension_0.5pct,a,0.5,-0.06204645399999986,0.09199850249999997,0.0,-0.6302463975226429,56,fixed_k3
Strain_a_Tension_0.5pct,a,0.5,-0.058167829999999865,0.09199850249999997,0.0,-0.5448365034060316,56,fixed_k3
Strain_a_Tension_0.5pct,a,0.5,-0.05428920599999987,0.09199850249999997,0.0,-0.4649824163396903,56,fixed_k3
Strain_a_Tension_0.5pct,a,0.5,-0.05041058199999987,0.09199850249999997,0.0,-0.4027230937484907,56,fixed_k3
Strain_a_Tension_0.5pct,a,0.5,-0.04653195799999987,0.09199850249999997,0.0,-0.36237818211262773,56,fixed_k3
Strain_a_Tension_0.5pct,a,0.5,-0.042653333999999876,0.09199850249999997,0.0,-0.34355531403130524,56,fixed_k3
Strain_a_Tension_0.5pct,a,0.5,-0.03877470999999988,0.09199850249999997,0.0,-0.34309919941783296,56,fixed_k3
Strain_a_Tension_0.5pct,a,0.5,-0.03489608599999988,0.09199850249999997,0.0,-0.35633529919074114,56,fixed_k3
Strain_a_Tension_0.5pct,a,0.5,-0.031017461999999885,0.09199850249999997,0.0,-0.37787501995947714,56,fixed_k3
Strain_a_Tension_0.5pct,a,0.5,-0.027138837999999887,0.09199850249999997,0.0,-0.4021612117688216,56,fixed_k3
Strain_a_Tension_0.5pct,a,0.5,-0.02326021399999989,0.09199850249999997,0.0,-0.4238625560781273,56,fixed_k3
Strain_a_Tension_0.5pct,a,0.5,-0.019381589999999893,0.09199850249999997,0.0,-0.4381750115799097,56,fixed_k3
Strain_a_Tension_0.5pct,a,0.5,-0.015502965999999896,0.09199850249999997,0.0,-0.4410546165948328,56,fixed_k3
Strain_a_Tension_0.5pct,a,0.5,-0.011624341999999899,0.09199850249999997,0.0,-0.4293852131609528,56,fixed_k3
Strain_a_Tension_0.5pct,a,0.5,-0.0077457179999999015,0.09199850249999997,0.0,-0.4010745210611004,56,fixed_k3
Strain_a_Tension_0.5pct,a,0.5,-0.0038670939999999043,0.09199850249999997,0.0,-0.3550704567113594,56,fixed_k3
Strain_a_Tension_0.5pct,a,0.5,1.1530000000092855e-05,0.09199850249999997,0.0,-0.291294584524624,56,fixed_k3
Strain_a_Tension_0.5pct,a,0.5,0.00389015400000009,0.09199850249999997,0.0,-0.21049854287677228,56,fixed_k3
Strain_a_Tension_0.5pct,a,0.5,0.007768778000000087,0.09199850249999997,0.0,-0.11405920130370717,56,fixed_k3
Strain_a_Tension_0.5pct,a,0.5,0.011647402000000084,0.09199850249999997,0.0,-0.003736221872969292,56,fixed_k3
Strain_a_Tension_0.5pct,a,0.5,0.015526026000000082,0.09199850249999997,0.0,0.11858061213974036,56,fixed_k3
Strain_a_Tension_0.5pct,a,0.5,0.01940465000000008,0.09199850249999997,0.0,0.2511084137012918,56,fixed_k3
Strain_a_Tension_0.5pct,a,0.5,0.023283274000000076,0.09199850249999997,0.0,0.39237280734179647,56,fixed_k3
Strain_a_Tension_0.5pct,a,0.5,0.027161898000000073,0.09199850249999997,0.0,0.5413635456727426,56,fixed_k3
Strain_a_Tension_0.5pct,a,0.5,0.03104052200000007,0.09199850249999997,0.0,0.6976434828387705,56,fixed_k3
Strain_a_Tension_0.5pct,a,0.5,0.03491914600000007,0.09199850249999997,0.0,0.8614187593456322,56,fixed_k3
Strain_a_Tension_0.5pct,a,0.5,0.038797770000000065,0.09199850249999997,0.0,1.0335829196328057,56,fixed_k3
Strain_a_Tension_0.5pct,a,0.5,0.04267639400000006,0.09199850249999997,0.0,1.215746270455205,56,fixed_k3
Strain_a_Tension_0.5pct,a,0.5,0.04655501800000006,0.09199850249999997,0.0,1.410249599955827,56,fixed_k3
Strain_a_Tension_0.5pct,a,0.5,0.050433642000000056,0.09199850249999997,0.0,1.620129830375737,56,fixed_k3
Strain_a_Tension_0.5pct,a,0.5,0.05431226600000005,0.09199850249999997,0.0,1.848938910597912,56,fixed_k3
Strain_a_Tension_0.5pct,a,0.5,0.05819089000000005,0.09199850249999997,0.0,2.1001931353842225,56,fixed_k3
Strain_a_Tension_0.5pct,a,0.5,0.06206951400000005,0.09199850249999997,0.0,2.376024998445076,56,fixed_k3
Strain_a_Tension_0.5pct,a,0.5,0.06594813800000005,0.09199850249999997,0.0,2.674335265384218,56,fixed_k3
Strain_a_Tension_0.5pct,a,0.5,0.06982676200000004,0.09199850249999997,0.0,2.9835411302575223,56,fixed_k3
Strain_a_Tension_0.5pct,a,0.5,0.07370538600000004,0.09199850249999997,0.0,3.274345505935922,56,fixed_k3
Strain_a_Tension_0.5pct,a,0.5,0.07758401000000004,0.09199850249999997,0.0,3.4897757374307004,56,fixed_k3
Strain_a_Tension_0.5pct,a,0.5,0.08146263400000003,0.09199850249999997,0.0,3.539224548514242,56,fixed_k3
Strain_a_Tension_0.5pct,a,0.5,0.08534125800000003,0.09199850249999997,0.0,3.3088899007365384,56,fixed_k3
Strain_a_Tension_0.5pct,a,0.5,0.08921988200000003,0.09199850249999997,0.0,2.704094817318296,56,fixed_k3
Strain_a_Tension_0.5pct,a,0.5,0.09309850600000003,0.09199850249999997,0.0,1.7273446224789004,56,fixed_k3
Strain_a_Tension_0.5pct,a,0.5,0.09697713000000002,0.09199850249999997,0.0,0.5687275351759578,56,fixed_k3
Strain_a_Tension_0.5pct,a,0.5,0.10085575400000002,0.09199850249999997,0.0,-0.31901369805156277,56,fixed_k3
Strain_a_Tension_0.5pct,a,0.5,0.10473437800000002,0.09199850249999997,0.0,-0.08175331229602234,56,fixed_k3
Strain_a_Tension_0.5pct,a,0.5,0.10861300200000001,0.09199850249999997,0.0,3.2350504386491465,56,fixed_k3
Strain_a_Tension_0.5pct,a,0.5,0.11249162600000001,0.09199850249999997,0.0,16.451264486827217,56,fixed_k3
Strain_a_Tension_0.5pct,a,0.5,0.11637025000000001,0.09199850249999997,0.0,75.55248396030807,56,fixed_k3
Strain_a_Tension_0.5pct,a,0.5,0.120248874,0.09199850249999997,0.0,353.97013918334585,56,fixed_k3
Strain_a_Tension_0.5pct,a,0.5,0.124127498,0.09199850249999997,0.0,243.5365673116923,56,fixed_k3
Strain_a_Tension_0.5pct,a,0.5,0.128006122,0.09199850249999997,0.0,54.899756712489044,56,fixed_k3
Strain_a_Tension_0.5pct,a,0.5,0.131884746,0.09199850249999997,0.0,27.19412376498242,56,fixed_k3
Strain_a_Tension_0.5pct,a,0.5,0.13576337,0.09199850249999997,0.0,19.025935631599225,56,fixed_k3
Strain_a_Tension_0.5pct,a,0.5,0.139641994,0.09199850249999997,0.0,14.578178872676473,56,fixed_k3
Strain_a_Tension_0.5pct,a,0.5,0.143520618,0.09199850249999997,0.0,11.849861884953432,56,fixed_k3
Strain_a_Tension_0.5pct,a,0.5,0.14739924199999999,0.09199850249999997,0.0,10.08554136924493,56,fixed_k3
Strain_a_Tension_0.5pct,a,0.5,0.15127786599999998,0.09199850249999997,0.0,8.88061844698829,56,fixed_k3
Strain_a_Tension_0.5pct,a,0.5,0.15515649,0.09199850249999997,0.0,8.014995953928645,56,fixed_k3
Strain_a_Tension_0.5pct,a,0.5,-0.1551334299999998,0.09528514062499996,0.0,8.325233013130449,56,fixed_k3
Strain_a_Tension_0.5pct,a,0.5,-0.1512548059999998,0.09528514062499996,0.0,9.883762072783991,56,fixed_k3
Strain_a_Tension_0.5pct,a,0.5,-0.1473761819999998,0.09528514062499996,0.0,11.999945416826147,56,fixed_k3
Strain_a_Tension_0.5pct,a,0.5,-0.1434975579999998,0.09528514062499996,0.0,15.272871713209984,56,fixed_k3
Strain_a_Tension_0.5pct,a,0.5,-0.1396189339999998,0.09528514062499996,0.0,21.25679650399614,56,fixed_k3
Strain_a_Tension_0.5pct,a,0.5,-0.1357403099999998,0.09528514062499996,0.0,34.73754626421276,56,fixed_k3
Strain_a_Tension_0.5pct,a,0.5,-0.1318616859999998,0.09528514062499996,0.0,73.16660508501147,56,fixed_k3
Strain_a_Tension_0.5pct,a,0.5,-0.12798306199999981,0.09528514062499996,0.0,212.94810776520706,56,fixed_k3
Strain_a_Tension_0.5pct,a,0.5,-0.12410443799999982,0.09528514062499996,0.0,956.9193941785634,56,fixed_k3
Strain_a_Tension_0.5pct,a,0.5,-0.12022581399999982,0.09528514062499996,0.0,1310.5384724457012,56,fixed_k3
Strain_a_Tension_0.5pct,a,0.5,-0.11634718999999982,0.09528514062499996,0.0,264.93354106109393,56,fixed_k3
Strain_a_Tension_0.5pct,a,0.5,-0.11246856599999983,0.09528514062499996,0.0,79.26071752615105,56,fixed_k3
Strain_a_Tension_0.5pct,a,0.5,-0.10858994199999983,0.09528514062499996,0.0,36.326101274922024,56,fixed_k3
Strain_a_Tension_0.5pct,a,0.5,-0.10471131799999983,0.09528514062499996,0.0,21.158706940582782,56,fixed_k3
Strain_a_Tension_0.5pct,a,0.5,-0.10083269399999983,0.09528514062499996,0.0,13.709150742393925,56,fixed_k3
Strain_a_Tension_0.5pct,a,0.5,-0.09695406999999984,0.09528514062499996,0.0,9.06101548117521,56,fixed_k3
Strain_a_Tension_0.5pct,a,0.5,-0.09307544599999984,0.09528514062499996,0.0,5.7525803390447265,56,fixed_k3
Strain_a_Tension_0.5pct,a,0.5,-0.08919682199999984,0.09528514062499996,0.0,3.31984843946681,56,fixed_k3
Strain_a_Tension_0.5pct,a,0.5,-0.08531819799999985,0.09528514062499996,0.0,1.5913786630612181,56,fixed_k3
Strain_a_Tension_0.5pct,a,0.5,-0.08143957399999985,0.09528514062499996,0.0,0.45095549020222836,56,fixed_k3
Strain_a_Tension_0.5pct,a,0.5,-0.07756094999999985,0.09528514062499996,0.0,-0.22626744985241265,56,fixed_k3
Strain_a_Tension_0.5pct,a,0.5,-0.07368232599999985,0.09528514062499996,0.0,-0.5701430981123194,56,fixed_k3
Strain_a_Tension_0.5pct,a,0.5,-0.06980370199999986,0.09528514062499996,0.0,-0.6970935421893341,56,fixed_k3
Strain_a_Tension_0.5pct,a,0.5,-0.06592507799999986,0.09528514062499996,0.0,-0.6984458737214916,56,fixed_k3
Strain_a_Tension_0.5pct,a,0.5,-0.06204645399999986,0.09528514062499996,0.0,-0.638532209941828,56,fixed_k3
Strain_a_Tension_0.5pct,a,0.5,-0.058167829999999865,0.09528514062499996,0.0,-0.5586742023001063,56,fixed_k3
Strain_a_Tension_0.5pct,a,0.5,-0.05428920599999987,0.09528514062499996,0.0,-0.48300390161767215,56,fixed_k3
Strain_a_Tension_0.5pct,a,0.5,-0.05041058199999987,0.09528514062499996,0.0,-0.423840843119764,56,fixed_k3
Strain_a_Tension_0.5pct,a,0.5,-0.04653195799999987,0.09528514062499996,0.0,-0.38583452212108194,56,fixed_k3
Strain_a_Tension_0.5pct,a,0.5,-0.042653333999999876,0.09528514062499996,0.0,-0.3688634346948785,56,fixed_k3
Strain_a_Tension_0.5pct,a,0.5,-0.03877470999999988,0.09528514062499996,0.0,-0.3699604791461426,56,fixed_k3
Strain_a_Tension_0.5pct,a,0.5,-0.03489608599999988,0.09528514062499996,0.0,-0.38456557858994245,56,fixed_k3
Strain_a_Tension_0.5pct,a,0.5,-0.031017461999999885,0.09528514062499996,0.0,-0.40734846544722814,56,fixed_k3
Strain_a_Tension_0.5pct,a,0.5,-0.027138837999999887,0.09528514062499996,0.0,-0.4327708619401509,56,fixed_k3
Strain_a_Tension_0.5pct,a,0.5,-0.02326021399999989,0.09528514062499996,0.0,-0.45549380315331867,56,fixed_k3
Strain_a_Tension_0.5pct,a,0.5,-0.019381589999999893,0.09528514062499996,0.0,-0.47068823060674836,56,fixed_k3
Strain_a_Tension_0.5pct,a,0.5,-0.015502965999999896,0.09528514062499996,0.0,-0.4742741063993221,56,fixed_k3
Strain_a_Tension_0.5pct,a,0.5,-0.011624341999999899,0.09528514062499996,0.0,-0.46309275506517134,56,fixed_k3
Strain_a_Tension_0.5pct,a,0.5,-0.0077457179999999015,0.09528514062499996,0.0,-0.4350068328074075,56,fixed_k3
Strain_a_Tension_0.5pct,a,0.5,-0.0038670939999999043,0.09528514062499996,0.0,-0.38892044113295166,56,fixed_k3
Strain_a_Tension_0.5pct,a,0.5,1.1530000000092855e-05,0.09528514062499996,0.0,-0.32471646298196344,56,fixed_k3
Strain_a_Tension_0.5pct,a,0.5,0.00389015400000009,0.09528514062499996,0.0,-0.24311672730575795,56,fixed_k3
Strain_a_Tension_0.5pct,a,0.5,0.007768778000000087,0.09528514062499996,0.0,-0.14548019545088264,56,fixed_k3
Strain_a_Tension_0.5pct,a,0.5,0.011647402000000084,0.09528514062499996,0.0,-0.033562134443377634,56,fixed_k3
Strain_a_Tension_0.5pct,a,0.5,0.015526026000000082,0.09528514062499996,0.0,0.09073898943125691,56,fixed_k3
Strain_a_Tension_0.5pct,a,0.5,0.01940465000000008,0.09528514062499996,0.0,0.22562135955969165,56,fixed_k3
Strain_a_Tension_0.5pct,a,0.5,0.023283274000000076,0.09528514062499996,0.0,0.3695865921772943,56,fixed_k3
Strain_a_Tension_0.5pct,a,0.5,0.027161898000000073,0.09528514062499996,0.0,0.5216023507713636,56,fixed_k3
Strain_a_Tension_0.5pct,a,0.5,0.03104052200000007,0.09528514062499996,0.0,0.68121922488299,56,fixed_k3
Strain_a_Tension_0.5pct,a,0.5,0.03491914600000007,0.09528514062499996,0.0,0.8486484258509117,56,fixed_k3
Strain_a_Tension_0.5pct,a,0.5,0.038797770000000065,0.09528514062499996,0.0,1.0248113112155952,56,fixed_k3
Strain_a_Tension_0.5pct,a,0.5,0.04267639400000006,0.09528514062499996,0.0,1.2113697852791618,56,fixed_k3
Strain_a_Tension_0.5pct,a,0.5,0.04655501800000006,0.09528514062499996,0.0,1.4107336585793895,56,fixed_k3
Strain_a_Tension_0.5pct,a,0.5,0.050433642000000056,0.09528514062499996,0.0,1.62600866481771,56,fixed_k3
Strain_a_Tension_0.5pct,a,0.5,0.05431226600000005,0.09528514062499996,0.0,1.8607826050861689,56,fixed_k3
Strain_a_Tension_0.5pct,a,0.5,0.05819089000000005,0.09528514062499996,0.0,2.1185267184357093,56,fixed_k3
Strain_a_Tension_0.5pct,a,0.5,0.06206951400000005,0.09528514062499996,0.0,2.40119841605825,56,fixed_k3
Strain_a_Tension_0.5pct,a,0.5,0.06594813800000005,0.09528514062499996,0.0,2.70639370143806,56,fixed_k3
Strain_a_Tension_0.5pct,a,0.5,0.06982676200000004,0.09528514062499996,0.0,3.0222678905601197,56,fixed_k3
Strain_a_Tension_0.5pct,a,0.5,0.07370538600000004,0.09528514062499996,0.0,3.319866153761268,56,fixed_k3
Strain_a_Tension_0.5pct,a,0.5,0.07758401000000004,0.09528514062499996,0.0,3.5443259809104006,56,fixed_k3
Strain_a_Tension_0.5pct,a,0.5,0.08146263400000003,0.09528514062499996,0.0,3.6104736565622035,56,fixed_k3
Strain_a_Tension_0.5pct,a,0.5,0.08534125800000003,0.09528514062499996,0.0,3.4137417078641836,56,fixed_k3
Strain_a_Tension_0.5pct,a,0.5,0.08921988200000003,0.09528514062499996,0.0,2.868716056733089,56,fixed_k3
Strain_a_Tension_0.5pct,a,0.5,0.09309850600000003,0.09528514062499996,0.0,1.9764596326247739,56,fixed_k3
Strain_a_Tension_0.5pct,a,0.5,0.09697713000000002,0.09528514062499996,0.0,0.9005517136971604,56,fixed_k3
Strain_a_Tension_0.5pct,a,0.5,0.10085575400000002,0.09528514062499996,0.0,0.03635282508430926,56,fixed_k3
Strain_a_Tension_0.5pct,a,0.5,0.10473437800000002,0.09528514062499996,0.0,0.16883380568829232,56,fixed_k3
Strain_a_Tension_0.5pct,a,0.5,0.10861300200000001,0.09528514062499996,0.0,3.2746299399615064,56,fixed_k3
Strain_a_Tension_0.5pct,a,0.5,0.11249162600000001,0.09528514062499996,0.0,17.151575148117338,56,fixed_k3
Strain_a_Tension_0.5pct,a,0.5,0.11637025000000001,0.09528514062499996,0.0,92.14609238702403,56,fixed_k3
Strain_a_Tension_0.5pct,a,0.5,0.120248874,0.09528514062499996,0.0,654.5382237372116,56,fixed_k3
Strain_a_Tension_0.5pct,a,0.5,0.124127498,0.09528514062499996,0.0,539.594150036047,56,fixed_k3
Strain_a_Tension_0.5pct,a,0.5,0.128006122,0.09528514062499996,0.0,118.78407435376428,56,fixed_k3
Strain_a_Tension_0.5pct,a,0.5,0.131884746,0.09528514062499996,0.0,44.063124017126725,56,fixed_k3
Strain_a_Tension_0.5pct,a,0.5,0.13576337,0.09528514062499996,0.0,24.090902088091198,56,fixed_k3
Strain_a_Tension_0.5pct,a,0.5,0.139641994,0.09528514062499996,0.0,16.476637295076063,56,fixed_k3
Strain_a_Tension_0.5pct,a,0.5,0.143520618,0.09528514062499996,0.0,12.77026881870714,56,fixed_k3
Strain_a_Tension_0.5pct,a,0.5,0.14739924199999999,0.09528514062499996,0.0,10.6508468269381,56,fixed_k3
Strain_a_Tension_0.5pct,a,0.5,0.15127786599999998,0.09528514062499996,0.0,9.296500811516573,56,fixed_k3
Strain_a_Tension_0.5pct,a,0.5,0.15515649,0.09528514062499996,0.0,8.359440127636251,56,fixed_k3
Strain_a_Tension_0.5pct,a,0.5,-0.1551334299999998,0.09857177874999998,0.0,8.328470982088255,56,fixed_k3
Strain_a_Tension_0.5pct,a,0.5,-0.1512548059999998,0.09857177874999998,0.0,9.995416211490035,56,fixed_k3
Strain_a_Tension_0.5pct,a,0.5,-0.1473761819999998,0.09857177874999998,0.0,12.321996684502228,56,fixed_k3
Strain_a_Tension_0.5pct,a,0.5,-0.1434975579999998,0.09857177874999998,0.0,16.087143235526405,56,fixed_k3
Strain_a_Tension_0.5pct,a,0.5,-0.1396189339999998,0.09857177874999998,0.0,23.43837372598202,56,fixed_k3
Strain_a_Tension_0.5pct,a,0.5,-0.1357403099999998,0.09857177874999998,0.0,41.499102714475995,56,fixed_k3
Strain_a_Tension_0.5pct,a,0.5,-0.1318616859999998,0.09857177874999998,0.0,99.27654536416514,56,fixed_k3
Strain_a_Tension_0.5pct,a,0.5,-0.12798306199999981,0.09857177874999998,0.0,351.6613919322343,56,fixed_k3
Strain_a_Tension_0.5pct,a,0.5,-0.12410443799999982,0.09857177874999998,0.0,2206.390470443202,56,fixed_k3
Strain_a_Tension_0.5pct,a,0.5,-0.12022581399999982,0.09857177874999998,0.0,2266.7825186524014,56,fixed_k3
Strain_a_Tension_0.5pct,a,0.5,-0.11634718999999982,0.09857177874999998,0.0,290.06011486132184,56,fixed_k3
Strain_a_Tension_0.5pct,a,0.5,-0.11246856599999983,0.09857177874999998,0.0,78.13456505719988,56,fixed_k3
Strain_a_Tension_0.5pct,a,0.5,-0.10858994199999983,0.09857177874999998,0.0,34.50500223953959,56,fixed_k3
Strain_a_Tension_0.5pct,a,0.5,-0.10471131799999983,0.09857177874999998,0.0,19.779105048298586,56,fixed_k3
Strain_a_Tension_0.5pct,a,0.5,-0.10083269399999983,0.09857177874999998,0.0,12.738540613672,56,fixed_k3
Strain_a_Tension_0.5pct,a,0.5,-0.09695406999999984,0.09857177874999998,0.0,8.420151274802947,56,fixed_k3
Strain_a_Tension_0.5pct,a,0.5,-0.09307544599999984,0.09857177874999998,0.0,5.369293402066723,56,fixed_k3
Strain_a_Tension_0.5pct,a,0.5,-0.08919682199999984,0.09857177874999998,0.0,3.1221222376956224,56,fixed_k3
Strain_a_Tension_0.5pct,a,0.5,-0.08531819799999985,0.09857177874999998,0.0,1.511231034612405,56,fixed_k3
Strain_a_Tension_0.5pct,a,0.5,-0.08143957399999985,0.09857177874999998,0.0,0.43340070812783615,56,fixed_k3
Strain_a_Tension_0.5pct,a,0.5,-0.07756094999999985,0.09857177874999998,0.0,-0.2184540127888217,56,fixed_k3
Strain_a_Tension_0.5pct,a,0.5,-0.07368232599999985,0.09857177874999998,0.0,-0.5578712135932617,56,fixed_k3
Strain_a_Tension_0.5pct,a,0.5,-0.06980370199999986,0.09857177874999998,0.0,-0.6897337747591616,56,fixed_k3
Strain_a_Tension_0.5pct,a,0.5,-0.06592507799999986,0.09857177874999998,0.0,-0.6987461237565857,56,fixed_k3
Strain_a_Tension_0.5pct,a,0.5,-0.06204645399999986,0.09857177874999998,0.0,-0.6461601143161402,56,fixed_k3
Strain_a_Tension_0.5pct,a,0.5,-0.058167829999999865,0.09857177874999998,0.0,-0.5722570064082251,56,fixed_k3
Strain_a_Tension_0.5pct,a,0.5,-0.05428920599999987,0.09857177874999998,0.0,-0.5010942701720777,56,fixed_k3
Strain_a_Tension_0.5pct,a,0.5,-0.05041058199999987,0.09857177874999998,0.0,-0.4452696688727582,56,fixed_k3
Strain_a_Tension_0.5pct,a,0.5,-0.04653195799999987,0.09857177874999998,0.0,-0.4097706910852281,56,fixed_k3
Strain_a_Tension_0.5pct,a,0.5,-0.042653333999999876,0.09857177874999998,0.0,-0.39475993331134696,56,fixed_k3
Strain_a_Tension_0.5pct,a,0.5,-0.03877470999999988,0.09857177874999998,0.0,-0.3974727147968369,56,fixed_k3
Strain_a_Tension_0.5pct,a,0.5,-0.03489608599999988,0.09857177874999998,0.0,-0.41347646268583116,56,fixed_k3
Strain_a_Tension_0.5pct,a,0.5,-0.031017461999999885,0.09857177874999998,0.0,-0.43751026132191173,56,fixed_k3
Strain_a_Tension_0.5pct,a,0.5,-0.027138837999999887,0.09857177874999998,0.0,-0.4640636378211882,56,fixed_k3
Strain_a_Tension_0.5pct,a,0.5,-0.02326021399999989,0.09857177874999998,0.0,-0.48779707075301193,56,fixed_k3
Strain_a_Tension_0.5pct,a,0.5,-0.019381589999999893,0.09857177874999998,0.0,-0.5038620753705816,56,fixed_k3
Strain_a_Tension_0.5pct,a,0.5,-0.015502965999999896,0.09857177874999998,0.0,-0.5081469515528743,56,fixed_k3
Strain_a_Tension_0.5pct,a,0.5,-0.011624341999999899,0.09857177874999998,0.0,-0.49745399397303647,56,fixed_k3
Strain_a_Tension_0.5pct,a,0.5,-0.0077457179999999015,0.09857177874999998,0.0,-0.4696035183593401,56,fixed_k3
Strain_a_Tension_0.5pct,a,0.5,-0.0038670939999999043,0.09857177874999998,0.0,-0.4234578420672266,56,fixed_k3
Strain_a_Tension_0.5pct,a,0.5,1.1530000000092855e-05,0.09857177874999998,0.0,-0.3588624970134324,56,fixed_k3
Strain_a_Tension_0.5pct,a,0.5,0.00389015400000009,0.09857177874999998,0.0,-0.27651006280537027,56,fixed_k3
Strain_a_Tension_0.5pct,a,0.5,0.007768778000000087,0.09857177874999998,0.0,-0.1777412749613405,56,fixed_k3
Strain_a_Tension_0.5pct,a,0.5,0.011647402000000084,0.09857177874999998,0.0,-0.06430569289532206,56,fixed_k3
Strain_a_Tension_0.5pct,a,0.5,0.015526026000000082,0.09857177874999998,0.0,0.061891944261311505,56,fixed_k3
Strain_a_Tension_0.5pct,a,0.5,0.01940465000000008,0.09857177874999998,0.0,0.19903447007871033,56,fixed_k3
Strain_a_Tension_0.5pct,a,0.5,0.023283274000000076,0.09857177874999998,0.0,0.3456042774488459,56,fixed_k3
Strain_a_Tension_0.5pct,a,0.5,0.027161898000000073,0.09857177874999998,0.0,0.500552931966411,56,fixed_k3
Strain_a_Tension_0.5pct,a,0.5,0.03104052200000007,0.09857177874999998,0.0,0.6634259250284762,56,fixed_k3
Strain_a_Tension_0.5pct,a,0.5,0.03491914600000007,0.09857177874999998,0.0,0.8344478103420547,56,fixed_k3
Strain_a_Tension_0.5pct,a,0.5,0.038797770000000065,0.09857177874999998,0.0,1.014577001533595,56,fixed_k3
Strain_a_Tension_0.5pct,a,0.5,0.04267639400000006,0.09857177874999998,0.0,1.2055369773798035,56,fixed_k3
Strain_a_Tension_0.5pct,a,0.5,0.04655501800000006,0.09857177874999998,0.0,1.4098169101431393,56,fixed_k3
Strain_a_Tension_0.5pct,a,0.5,0.050433642000000056,0.09857177874999998,0.0,1.6306016010884963,56,fixed_k3
Strain_a_Tension_0.5pct,a,0.5,0.05431226600000005,0.09857177874999998,0.0,1.871524679136887,56,fixed_k3
Strain_a_Tension_0.5pct,a,0.5,0.05819089000000005,0.09857177874999998,0.0,2.1360229302052813,56,fixed_k3
Strain_a_Tension_0.5pct,a,0.5,0.06206951400000005,0.09857177874999998,0.0,2.425893483455535,56,fixed_k3
Strain_a_Tension_0.5pct,a,0.5,0.06594813800000005,0.09857177874999998,0.0,2.738454292039016,56,fixed_k3
Strain_a_Tension_0.5pct,a,0.5,0.06982676200000004,0.09857177874999998,0.0,3.0616468586229195,56,fixed_k3
Strain_a_Tension_0.5pct,a,0.5,0.07370538600000004,0.09857177874999998,0.0,3.3669237191360217,56,fixed_k3
Strain_a_Tension_0.5pct,a,0.5,0.07758401000000004,0.09857177874999998,0.0,3.6015592679822435,56,fixed_k3
Strain_a_Tension_0.5pct,a,0.5,0.08146263400000003,0.09857177874999998,0.0,3.6856633969762065,56,fixed_k3
Strain_a_Tension_0.5pct,a,0.5,0.08534125800000003,0.09857177874999998,0.0,3.523463515100567,56,fixed_k3
Strain_a_Tension_0.5pct,a,0.5,0.08921988200000003,0.09857177874999998,0.0,3.0384487680897765,56,fixed_k3
Strain_a_Tension_0.5pct,a,0.5,0.09309850600000003,0.09857177874999998,0.0,2.2314195759016493,56,fixed_k3
Strain_a_Tension_0.5pct,a,0.5,0.09697713000000002,0.09857177874999998,0.0,1.244120321056032,56,fixed_k3
Strain_a_Tension_0.5pct,a,0.5,0.10085575400000002,0.09857177874999998,0.0,0.4213682161178829,56,fixed_k3
Strain_a_Tension_0.5pct,a,0.5,0.10473437800000002,0.09857177874999998,0.0,0.47362901673508007,56,fixed_k3
Strain_a_Tension_0.5pct,a,0.5,0.10861300200000001,0.09857177874999998,0.0,3.311586714454724,56,fixed_k3
Strain_a_Tension_0.5pct,a,0.5,0.11249162600000001,0.09857177874999998,0.0,17.07999806793648,56,fixed_k3
Strain_a_Tension_0.5pct,a,0.5,0.11637025000000001,0.09857177874999998,0.0,102.0232399353503,56,fixed_k3
Strain_a_Tension_0.5pct,a,0.5,0.120248874,0.09857177874999998,0.0,1153.136010003381,56,fixed_k3
Strain_a_Tension_0.5pct,a,0.5,0.124127498,0.09857177874999998,0.0,1364.8215663486608,56,fixed_k3
Strain_a_Tension_0.5pct,a,0.5,0.128006122,0.09857177874999998,0.0,218.42513734266313,56,fixed_k3
Strain_a_Tension_0.5pct,a,0.5,0.131884746,0.09857177874999998,0.0,64.13498975514807,56,fixed_k3
Strain_a_Tension_0.5pct,a,0.5,0.13576337,0.09857177874999998,0.0,29.57868175483587,56,fixed_k3
Strain_a_Tension_0.5pct,a,0.5,0.139641994,0.09857177874999998,0.0,18.4644584636469,56,fixed_k3
Strain_a_Tension_0.5pct,a,0.5,0.143520618,0.09857177874999998,0.0,13.729693698266844,56,fixed_k3
Strain_a_Tension_0.5pct,a,0.5,0.14739924199999999,0.09857177874999998,0.0,11.249292058340366,56,fixed_k3
Strain_a_Tension_0.5pct,a,0.5,0.15127786599999998,0.09857177874999998,0.0,9.747376246123112,56,fixed_k3
Strain_a_Tension_0.5pct,a,0.5,0.15515649,0.09857177874999998,0.0,8.741559484371734,56,fixed_k3
Strain_a_Tension_0.5pct,a,0.5,-0.1551334299999998,0.10185841687499997,0.0,8.281882086615502,56,fixed_k3
Strain_a_Tension_0.5pct,a,0.5,-0.1512548059999998,0.10185841687499997,0.0,10.052208752903184,56,fixed_k3
Strain_a_Tension_0.5pct,a,0.5,-0.1473761819999998,0.10185841687499997,0.0,12.587336185007501,56,fixed_k3
Strain_a_Tension_0.5pct,a,0.5,-0.1434975579999998,0.10185841687499997,0.0,16.861346928969084,56,fixed_k3
Strain_a_Tension_0.5pct,a,0.5,-0.1396189339999998,0.10185841687499997,0.0,25.68940817422404,56,fixed_k3
Strain_a_Tension_0.5pct,a,0.5,-0.1357403099999998,0.10185841687499997,0.0,48.98612541643733,56,fixed_k3
Strain_a_Tension_0.5pct,a,0.5,-0.1318616859999998,0.10185841687499997,0.0,131.5636875853277,56,fixed_k3
Strain_a_Tension_0.5pct,a,0.5,-0.12798306199999981,0.10185841687499997,0.0,582.3808394425538,56,fixed_k3
Strain_a_Tension_0.5pct,a,0.5,-0.12410443799999982,0.10185841687499997,0.0,7426.188141946077,56,fixed_k3
Strain_a_Tension_0.5pct,a,0.5,-0.12022581399999982,0.10185841687499997,0.0,3548.4030128508803,56,fixed_k3
Strain_a_Tension_0.5pct,a,0.5,-0.11634718999999982,0.10185841687499997,0.0,291.21448637799244,56,fixed_k3
Strain_a_Tension_0.5pct,a,0.5,-0.11246856599999983,0.10185841687499997,0.0,74.04127287901409,56,fixed_k3
Strain_a_Tension_0.5pct,a,0.5,-0.10858994199999983,0.10185841687499997,0.0,32.119520223650575,56,fixed_k3
Strain_a_Tension_0.5pct,a,0.5,-0.10471131799999983,0.10185841687499997,0.0,18.293973177867123,56,fixed_k3
Strain_a_Tension_0.5pct,a,0.5,-0.10083269399999983,0.10185841687499997,0.0,11.776673049350473,56,fixed_k3
Strain_a_Tension_0.5pct,a,0.5,-0.09695406999999984,0.10185841687499997,0.0,7.811965628857161,56,fixed_k3
Strain_a_Tension_0.5pct,a,0.5,-0.09307544599999984,0.10185841687499997,0.0,5.014899285288882,56,fixed_k3
Strain_a_Tension_0.5pct,a,0.5,-0.08919682199999984,0.10185841687499997,0.0,2.943477338698541,56,fixed_k3
Strain_a_Tension_0.5pct,a,0.5,-0.08531819799999985,0.10185841687499997,0.0,1.442161634057869,56,fixed_k3
Strain_a_Tension_0.5pct,a,0.5,-0.08143957399999985,0.10185841687499997,0.0,0.42222801194398074,56,fixed_k3
Strain_a_Tension_0.5pct,a,0.5,-0.07756094999999985,0.10185841687499997,0.0,-0.20657507795029195,56,fixed_k3
Strain_a_Tension_0.5pct,a,0.5,-0.07368232599999985,0.10185841687499997,0.0,-0.5426723544070757,56,fixed_k3
Strain_a_Tension_0.5pct,a,0.5,-0.06980370199999986,0.10185841687499997,0.0,-0.6801488374585483,56,fixed_k3
Strain_a_Tension_0.5pct,a,0.5,-0.06592507799999986,0.10185841687499997,0.0,-0.6973889017169324,56,fixed_k3
Strain_a_Tension_0.5pct,a,0.5,-0.06204645399999986,0.10185841687499997,0.0,-0.6526361236024232,56,fixed_k3
Strain_a_Tension_0.5pct,a,0.5,-0.058167829999999865,0.10185841687499997,0.0,-0.5851260468351716,56,fixed_k3
Strain_a_Tension_0.5pct,a,0.5,-0.05428920599999987,0.10185841687499997,0.0,-0.5188281006510875,56,fixed_k3
Strain_a_Tension_0.5pct,a,0.5,-0.05041058199999987,0.10185841687499997,0.0,-0.46661571265301927,56,fixed_k3
Strain_a_Tension_0.5pct,a,0.5,-0.04653195799999987,0.10185841687499997,0.0,-0.43382208163665625,56,fixed_k3
Strain_a_Tension_0.5pct,a,0.5,-0.042653333999999876,0.10185841687499997,0.0,-0.4209069264481906,56,fixed_k3
Strain_a_Tension_0.5pct,a,0.5,-0.03877470999999988,0.10185841687499997,0.0,-0.4253222380276611,56,fixed_k3
Strain_a_Tension_0.5pct,a,0.5,-0.03489608599999988,0.10185841687499997,0.0,-0.44277614711107915,56,fixed_k3
Strain_a_Tension_0.5pct,a,0.5,-0.031017461999999885,0.10185841687499997,0.0,-0.4680883240131246,56,fixed_k3
Strain_a_Tension_0.5pct,a,0.5,-0.027138837999999887,0.10185841687499997,0.0,-0.49578523666925367,56,fixed_k3
Strain_a_Tension_0.5pct,a,0.5,-0.02326021399999989,0.10185841687499997,0.0,-0.520534071419521,56,fixed_k3
Strain_a_Tension_0.5pct,a,0.5,-0.019381589999999893,0.10185841687499997,0.0,-0.537472649198059,56,fixed_k3
Strain_a_Tension_0.5pct,a,0.5,-0.015502965999999896,0.10185841687499997,0.0,-0.5424621340570228,56,fixed_k3
Strain_a_Tension_0.5pct,a,0.5,-0.011624341999999899,0.10185841687499997,0.0,-0.5322693694146579,56,fixed_k3
Strain_a_Tension_0.5pct,a,0.5,-0.0077457179999999015,0.10185841687499997,0.0,-0.5046751291543714,56,fixed_k3
Strain_a_Tension_0.5pct,a,0.5,-0.0038670939999999043,0.10185841687499997,0.0,-0.4585020407007936,56,fixed_k3
Strain_a_Tension_0.5pct,a,0.5,1.1530000000092855e-05,0.10185841687499997,0.0,-0.3935596677681916,56,fixed_k3
Strain_a_Tension_0.5pct,a,0.5,0.00389015400000009,0.10185841687499997,0.0,-0.3105119417633877,56,fixed_k3
Strain_a_Tension_0.5pct,a,0.5,0.007768778000000087,0.10185841687499997,0.0,-0.21068108471547076,56,fixed_k3
Strain_a_Tension_0.5pct,a,0.5,0.011647402000000084,0.10185841687499997,0.0,-0.09580965716141732,56,fixed_k3
Strain_a_Tension_0.5pct,a,0.5,0.015526026000000082,0.10185841687499997,0.0,0.03219372039062263,56,fixed_k3
Strain_a_Tension_0.5pct,a,0.5,0.01940465000000008,0.10185841687499997,0.0,0.17150008452135213,56,fixed_k3
Strain_a_Tension_0.5pct,a,0.5,0.023283274000000076,0.10185841687499997,0.0,0.3205773382222681,56,fixed_k3
Strain_a_Tension_0.5pct,a,0.5,0.027161898000000073,0.10185841687499997,0.0,0.47836684232756266,56,fixed_k3
Strain_a_Tension_0.5pct,a,0.5,0.03104052200000007,0.10185841687499997,0.0,0.6444159845662956,56,fixed_k3
Strain_a_Tension_0.5pct,a,0.5,0.03491914600000007,0.10185841687499997,0.0,0.8189706554859657,56,fixed_k3
Strain_a_Tension_0.5pct,a,0.5,0.038797770000000065,0.10185841687499997,0.0,1.003035153766948,56,fixed_k3
Strain_a_Tension_0.5pct,a,0.5,0.04267639400000006,0.10185841687499997,0.0,1.1984039329240808,56,fixed_k3
Strain_a_Tension_0.5pct,a,0.5,0.04655501800000006,0.10185841687499997,0.0,1.4076551210963417,56,fixed_k3
Strain_a_Tension_0.5pct,a,0.5,0.050433642000000056,0.10185841687499997,0.0,1.6340619675127763,56,fixed_k3
Strain_a_Tension_0.5pct,a,0.5,0.05431226600000005,0.10185841687499997,0.0,1.8813130134451415,56,fixed_k3
Strain_a_Tension_0.5pct,a,0.5,0.05819089000000005,0.10185841687499997,0.0,2.152820498940734,56,fixed_k3
Strain_a_Tension_0.5pct,a,0.5,0.06206951400000005,0.10185841687499997,0.0,2.450235800376383,56,fixed_k3
Strain_a_Tension_0.5pct,a,0.5,0.06594813800000005,0.10185841687499997,0.0,2.7706255712781553,56,fixed_k3
Strain_a_Tension_0.5pct,a,0.5,0.06982676200000004,0.10185841687499997,0.0,3.1017646361985847,56,fixed_k3
Strain_a_Tension_0.5pct,a,0.5,0.07370538600000004,0.10185841687499997,0.0,3.4155727636850295,56,fixed_k3
Strain_a_Tension_0.5pct,a,0.5,0.07758401000000004,0.10185841687499997,0.0,3.6614740083438693,56,fixed_k3
Strain_a_Tension_0.5pct,a,0.5,0.08146263400000003,0.10185841687499997,0.0,3.764687996012614,56,fixed_k3
Strain_a_Tension_0.5pct,a,0.5,0.08534125800000003,0.10185841687499997,0.0,3.6377617740133523,56,fixed_k3
Strain_a_Tension_0.5pct,a,0.5,0.08921988200000003,0.10185841687499997,0.0,3.21262762182925,56,fixed_k3
Strain_a_Tension_0.5pct,a,0.5,0.09309850600000003,0.10185841687499997,0.0,2.4906431648938754,56,fixed_k3
Strain_a_Tension_0.5pct,a,0.5,0.09697713000000002,0.10185841687499997,0.0,1.5955836178841705,56,fixed_k3
Strain_a_Tension_0.5pct,a,0.5,0.10085575400000002,0.10185841687499997,0.0,0.8280535870417112,56,fixed_k3
Strain_a_Tension_0.5pct,a,0.5,0.10473437800000002,0.10185841687499997,0.0,0.8222399330840218,56,fixed_k3
Strain_a_Tension_0.5pct,a,0.5,0.10861300200000001,0.10185841687499997,0.0,3.353034795290349,56,fixed_k3
Strain_a_Tension_0.5pct,a,0.5,0.11249162600000001,0.10185841687499997,0.0,16.28339282794655,56,fixed_k3
Strain_a_Tension_0.5pct,a,0.5,0.11637025000000001,0.10185841687499997,0.0,101.63982871332077,56,fixed_k3
Strain_a_Tension_0.5pct,a,0.5,0.120248874,0.10185841687499997,0.0,1701.7252741813015,56,fixed_k3
Strain_a_Tension_0.5pct,a,0.5,0.124127498,0.10185841687499997,0.0,5140.833386307302,56,fixed_k3
Strain_a_Tension_0.5pct,a,0.5,0.128006122,0.10185841687499997,0.0,384.9924734694679,56,fixed_k3
Strain_a_Tension_0.5pct,a,0.5,0.131884746,0.10185841687499997,0.0,88.08733837789362,56,fixed_k3
Strain_a_Tension_0.5pct,a,0.5,0.13576337,0.10185841687499997,0.0,35.497093502201764,56,fixed_k3
Strain_a_Tension_0.5pct,a,0.5,0.139641994,0.10185841687499997,0.0,20.54506811248636,56,fixed_k3
Strain_a_Tension_0.5pct,a,0.5,0.143520618,0.10185841687499997,0.0,14.734742750363127,56,fixed_k3
Strain_a_Tension_0.5pct,a,0.5,0.14739924199999999,0.10185841687499997,0.0,11.88828292342617,56,fixed_k3
Strain_a_Tension_0.5pct,a,0.5,0.15127786599999998,0.10185841687499997,0.0,10.241045183985596,56,fixed_k3
Strain_a_Tension_0.5pct,a,0.5,0.15515649,0.10185841687499997,0.0,9.16954892281171,56,fixed_k3
Strain_a_Tension_0.5pct,a,0.5,-0.1551334299999998,0.10514505499999996,0.0,8.181912722000302,56,fixed_k3
Strain_a_Tension_0.5pct,a,0.5,-0.1512548059999998,0.10514505499999996,0.0,10.047499982249352,56,fixed_k3
Strain_a_Tension_0.5pct,a,0.5,-0.1473761819999998,0.10514505499999996,0.0,12.78516458140035,56,fixed_k3
Strain_a_Tension_0.5pct,a,0.5,-0.1434975579999998,0.10514505499999996,0.0,17.57601163382499,56,fixed_k3
Strain_a_Tension_0.5pct,a,0.5,-0.1396189339999998,0.10514505499999996,0.0,27.95950785415099,56,fixed_k3
Strain_a_Tension_0.5pct,a,0.5,-0.1357403099999998,0.10514505499999996,0.0,56.983113515410786,56,fixed_k3
Strain_a_Tension_0.5pct,a,0.5,-0.1318616859999998,0.10514505499999996,0.0,168.8974357640991,56,fixed_k3
Strain_a_Tension_0.5pct,a,0.5,-0.12798306199999981,0.10514505499999996,0.0,928.7153158776119,56,fixed_k3
Strain_a_Tension_0.5pct,a,0.5,-0.12410443799999982,0.10514505499999996,0.0,46195.729999088486,56,fixed_k3
Strain_a_Tension_0.5pct,a,0.5,-0.12022581399999982,0.10514505499999996,0.0,3812.9054985604002,56,fixed_k3
Strain_a_Tension_0.5pct,a,0.5,-0.11634718999999982,0.10514505499999996,0.0,266.3904543476106,56,fixed_k3
Strain_a_Tension_0.5pct,a,0.5,-0.11246856599999983,0.10514505499999996,0.0,67.67417037547428,56,fixed_k3
Strain_a_Tension_0.5pct,a,0.5,-0.10858994199999983,0.10514505499999996,0.0,29.387288015235313,56,fixed_k3
Strain_a_Tension_0.5pct,a,0.5,-0.10471131799999983,0.10514505499999996,0.0,16.77728420294734,56,fixed_k3
Strain_a_Tension_0.5pct,a,0.5,-0.10083269399999983,0.10514505499999996,0.0,10.849305274343777,56,fixed_k3
Strain_a_Tension_0.5pct,a,0.5,-0.09695406999999984,0.10514505499999996,0.0,7.2449913147842375,56,fixed_k3
Strain_a_Tension_0.5pct,a,0.5,-0.09307544599999984,0.10514505499999996,0.0,4.692223917340357,56,fixed_k3
Strain_a_Tension_0.5pct,a,0.5,-0.08919682199999984,0.10514505499999996,0.0,2.785173586524195,56,fixed_k3
Strain_a_Tension_0.5pct,a,0.5,-0.08531819799999985,0.10514505499999996,0.0,1.3850723642167522,56,fixed_k3
Strain_a_Tension_0.5pct,a,0.5,-0.08143957399999985,0.10514505499999996,0.0,0.4182214952061074,56,fixed_k3
Strain_a_Tension_0.5pct,a,0.5,-0.07756094999999985,0.10514505499999996,0.0,-0.189931603350048,56,fixed_k3
Strain_a_Tension_0.5pct,a,0.5,-0.07368232599999985,0.10514505499999996,0.0,-0.5239137709880857,56,fixed_k3
Strain_a_Tension_0.5pct,a,0.5,-0.06980370199999986,0.10514505499999996,0.0,-0.6677537150032022,56,fixed_k3
Strain_a_Tension_0.5pct,a,0.5,-0.06592507799999986,0.10514505499999996,0.0,-0.6938264007447974,56,fixed_k3
Strain_a_Tension_0.5pct,a,0.5,-0.06204645399999986,0.10514505499999996,0.0,-0.6574464178004424,56,fixed_k3
Strain_a_Tension_0.5pct,a,0.5,-0.058167829999999865,0.10514505499999996,0.0,-0.5968013126109071,56,fixed_k3
Strain_a_Tension_0.5pct,a,0.5,-0.05428920599999987,0.10514505499999996,0.0,-0.5357590925249105,56,fixed_k3
Strain_a_Tension_0.5pct,a,0.5,-0.05041058199999987,0.10514505499999996,0.0,-0.48746534328775626,56,fixed_k3
Strain_a_Tension_0.5pct,a,0.5,-0.04653195799999987,0.10514505499999996,0.0,-0.45760581314129567,56,fixed_k3
Strain_a_Tension_0.5pct,a,0.5,-0.042653333999999876,0.10514505499999996,0.0,-0.4469498769087168,56,fixed_k3
Strain_a_Tension_0.5pct,a,0.5,-0.03877470999999988,0.10514505499999996,0.0,-0.45318031105751677,56,fixed_k3
Strain_a_Tension_0.5pct,a,0.5,-0.03489608599999988,0.10514505499999996,0.0,-0.4721592291688901,56,fixed_k3
Strain_a_Tension_0.5pct,a,0.5,-0.031017461999999885,0.10514505499999996,0.0,-0.49879829915769713,56,fixed_k3
Strain_a_Tension_0.5pct,a,0.5,-0.027138837999999887,0.10514505499999996,0.0,-0.5276702659244306,56,fixed_k3
Strain_a_Tension_0.5pct,a,0.5,-0.02326021399999989,0.10514505499999996,0.0,-0.553456473193429,56,fixed_k3
Strain_a_Tension_0.5pct,a,0.5,-0.019381589999999893,0.10514505499999996,0.0,-0.5712869367318705,56,fixed_k3
Strain_a_Tension_0.5pct,a,0.5,-0.015502965999999896,0.10514505499999996,0.0,-0.577000339556784,56,fixed_k3
Strain_a_Tension_0.5pct,a,0.5,-0.011624341999999899,0.10514505499999996,0.0,-0.5673317560249851,56,fixed_k3
Strain_a_Tension_0.5pct,a,0.5,-0.0077457179999999015,0.10514505499999996,0.0,-0.5400252999183683,56,fixed_k3
Strain_a_Tension_0.5pct,a,0.5,-0.0038670939999999043,0.10514505499999996,0.0,-0.4938660685833698,56,fixed_k3
Strain_a_Tension_0.5pct,a,0.5,1.1530000000092855e-05,0.10514505499999996,0.0,-0.42862909021295525,56,fixed_k3
Strain_a_Tension_0.5pct,a,0.5,0.00389015400000009,0.10514505499999996,0.0,-0.3449502847462158,56,fixed_k3
Strain_a_Tension_0.5pct,a,0.5,0.007768778000000087,0.10514505499999996,0.0,-0.24413309713194709,56,fixed_k3
Strain_a_Tension_0.5pct,a,0.5,0.011647402000000084,0.10514505499999996,0.0,-0.12791181577715394,56,fixed_k3
Strain_a_Tension_0.5pct,a,0.5,0.015526026000000082,0.10514505499999996,0.0,0.0018034275434999358,56,fixed_k3
Strain_a_Tension_0.5pct,a,0.5,0.01940465000000008,0.10514505499999996,0.0,0.1431753862871168,56,fixed_k3
Strain_a_Tension_0.5pct,a,0.5,0.023283274000000076,0.10514505499999996,0.0,0.2946621307077222,56,fixed_k3
Strain_a_Tension_0.5pct,a,0.5,0.027161898000000073,0.10514505499999996,0.0,0.45520057094038613,56,fixed_k3
Strain_a_Tension_0.5pct,a,0.5,0.03104052200000007,0.10514505499999996,0.0,0.6243467525639761,56,fixed_k3
Strain_a_Tension_0.5pct,a,0.5,0.03491914600000007,0.10514505499999996,0.0,0.8023755348333128,56,fixed_k3
Strain_a_Tension_0.5pct,a,0.5,0.038797770000000065,0.10514505499999996,0.0,0.9903454004334185,56,fixed_k3
Strain_a_Tension_0.5pct,a,0.5,0.04267639400000006,0.10514505499999996,0.0,1.1901304467559843,56,fixed_k3
Strain_a_Tension_0.5pct,a,0.5,0.04655501800000006,0.10514505499999996,0.0,1.4044064023568124,56,fixed_k3
Strain_a_Tension_0.5pct,a,0.5,0.050433642000000056,0.10514505499999996,0.0,1.6365431964460968,56,fixed_k3
Strain_a_Tension_0.5pct,a,0.5,0.05431226600000005,0.10514505499999996,0.0,1.8902921022272585,56,fixed_k3
Strain_a_Tension_0.5pct,a,0.5,0.05819089000000005,0.10514505499999996,0.0,2.169049485981761,56,fixed_k3
Strain_a_Tension_0.5pct,a,0.5,0.06206951400000005,0.10514505499999996,0.0,2.474334396305844,56,fixed_k3
Strain_a_Tension_0.5pct,a,0.5,0.06594813800000005,0.10514505499999996,0.0,2.8029876312870847,56,fixed_k3
Strain_a_Tension_0.5pct,a,0.5,0.06982676200000004,0.10514505499999996,0.0,3.1426614118680916,56,fixed_k3
Strain_a_Tension_0.5pct,a,0.5,0.07370538600000004,0.10514505499999996,0.0,3.4657943742497563,56,fixed_k3
Strain_a_Tension_0.5pct,a,0.5,0.07758401000000004,0.10514505499999996,0.0,3.723955801170412,56,fixed_k3
Strain_a_Tension_0.5pct,a,0.5,0.08146263400000003,0.10514505499999996,0.0,3.847275745610821,56,fixed_k3
Strain_a_Tension_0.5pct,a,0.5,0.08534125800000003,0.10514505499999996,0.0,3.7561135605642892,56,fixed_k3
Strain_a_Tension_0.5pct,a,0.5,0.08921988200000003,0.10514505499999996,0.0,3.390300718452674,56,fixed_k3
Strain_a_Tension_0.5pct,a,0.5,0.09309850600000003,0.10514505499999996,0.0,2.7522585641419126,56,fixed_k3
Strain_a_Tension_0.5pct,a,0.5,0.09697713000000002,0.10514505499999996,0.0,1.9509062023223733,56,fixed_k3
Strain_a_Tension_0.5pct,a,0.5,0.10085575400000002,0.10514505499999996,0.0,1.2482783284112124,56,fixed_k3
Strain_a_Tension_0.5pct,a,0.5,0.10473437800000002,0.10514505499999996,0.0,1.2033069860154906,56,fixed_k3
Strain_a_Tension_0.5pct,a,0.5,0.10861300200000001,0.10514505499999996,0.0,3.407596826520426,56,fixed_k3
Strain_a_Tension_0.5pct,a,0.5,0.11249162600000001,0.10514505499999996,0.0,14.94630304828814,56,fixed_k3
Strain_a_Tension_0.5pct,a,0.5,0.11637025000000001,0.10514505499999996,0.0,91.2455403602358,56,fixed_k3
Strain_a_Tension_0.5pct,a,0.5,0.120248874,0.10514505499999996,0.0,1669.7810401135462,56,fixed_k3
Strain_a_Tension_0.5pct,a,0.5,0.124127498,0.10514505499999996,0.0,50069.15606892865,56,fixed_k3
Strain_a_Tension_0.5pct,a,0.5,0.128006122,0.10514505499999996,0.0,644.3823335641415,56,fixed_k3
Strain_a_Tension_0.5pct,a,0.5,0.131884746,0.10514505499999996,0.0,115.14835282140928,56,fixed_k3
Strain_a_Tension_0.5pct,a,0.5,0.13576337,0.10514505499999996,0.0,41.706662497417234,56,fixed_k3
Strain_a_Tension_0.5pct,a,0.5,0.139641994,0.10514505499999996,0.0,22.701481079693544,56,fixed_k3
Strain_a_Tension_0.5pct,a,0.5,0.143520618,0.10514505499999996,0.0,15.788638834377657,56,fixed_k3
Strain_a_Tension_0.5pct,a,0.5,0.14739924199999999,0.10514505499999996,0.0,12.57500094487551,56,fixed_k3
Strain_a_Tension_0.5pct,a,0.5,0.15127786599999998,0.10514505499999996,0.0,10.785934976330523,56,fixed_k3
Strain_a_Tension_0.5pct,a,0.5,0.15515649,0.10514505499999996,0.0,9.652581676194284,56,fixed_k3
Strain_a_Tension_0.5pct,a,0.5,-0.1551334299999998,0.10843169312499995,0.0,8.024752736773301,56,fixed_k3
Strain_a_Tension_0.5pct,a,0.5,-0.1512548059999998,0.10843169312499995,0.0,9.972757471847727,56,fixed_k3
Strain_a_Tension_0.5pct,a,0.5,-0.1473761819999998,0.10843169312499995,0.0,12.900400797147167,56,fixed_k3
Strain_a_Tension_0.5pct,a,0.5,-0.1434975579999998,0.10843169312499995,0.0,18.200765151962866,56,fixed_k3
Strain_a_Tension_0.5pct,a,0.5,-0.1396189339999998,0.10843169312499995,0.0,30.153970478578948,56,fixed_k3
Strain_a_Tension_0.5pct,a,0.5,-0.1357403099999998,0.10843169312499995,0.0,64.96492233674863,56,fixed_k3
Strain_a_Tension_0.5pct,a,0.5,-0.1318616859999998,0.10843169312499995,0.0,206.20594626021477,56,fixed_k3
Strain_a_Tension_0.5pct,a,0.5,-0.12798306199999981,0.10843169312499995,0.0,1281.3229218074302,56,fixed_k3
Strain_a_Tension_0.5pct,a,0.5,-0.12410443799999982,0.10843169312499995,0.0,75554.99946051682,56,fixed_k3
Strain_a_Tension_0.5pct,a,0.5,-0.12022581399999982,0.10843169312499995,0.0,2510.466594872976,56,fixed_k3
Strain_a_Tension_0.5pct,a,0.5,-0.11634718999999982,0.10843169312499995,0.0,224.07591522688438,56,fixed_k3
Strain_a_Tension_0.5pct,a,0.5,-0.11246856599999983,0.10843169312499995,0.0,59.98950338935493,56,fixed_k3
Strain_a_Tension_0.5pct,a,0.5,-0.10858994199999983,0.10843169312499995,0.0,26.5172484532906,56,fixed_k3
Strain_a_Tension_0.5pct,a,0.5,-0.10471131799999983,0.10843169312499995,0.0,15.290985349065322,56,fixed_k3
Strain_a_Tension_0.5pct,a,0.5,-0.10083269399999983,0.10843169312499995,0.0,9.97613775710098,56,fixed_k3
Strain_a_Tension_0.5pct,a,0.5,-0.09695406999999984,0.10843169312499995,0.0,6.725102319056788,56,fixed_k3
Strain_a_Tension_0.5pct,a,0.5,-0.09307544599999984,0.10843169312499995,0.0,4.402948109954922,56,fixed_k3
Strain_a_Tension_0.5pct,a,0.5,-0.08919682199999984,0.10843169312499995,0.0,2.647944886544063,56,fixed_k3
Strain_a_Tension_0.5pct,a,0.5,-0.08531819799999985,0.10843169312499995,0.0,1.3406045823108539,56,fixed_k3
Strain_a_Tension_0.5pct,a,0.5,-0.08143957399999985,0.10843169312499995,0.0,0.4220352961011389,56,fixed_k3
Strain_a_Tension_0.5pct,a,0.5,-0.07756094999999985,0.10843169312499995,0.0,-0.1678842867213537,56,fixed_k3
Strain_a_Tension_0.5pct,a,0.5,-0.07368232599999985,0.10843169312499995,0.0,-0.5009843785458323,56,fixed_k3
Strain_a_Tension_0.5pct,a,0.5,-0.06980370199999986,0.10843169312499995,0.0,-0.6519646749474655,56,fixed_k3
Strain_a_Tension_0.5pct,a,0.5,-0.06592507799999986,0.10843169312499995,0.0,-0.6875013261157408,56,fixed_k3
Strain_a_Tension_0.5pct,a,0.5,-0.06204645399999986,0.10843169312499995,0.0,-0.660062250211991,56,fixed_k3
Strain_a_Tension_0.5pct,a,0.5,-0.058167829999999865,0.10843169312499995,0.0,-0.6067855189408222,56,fixed_k3
Strain_a_Tension_0.5pct,a,0.5,-0.05428920599999987,0.10843169312499995,0.0,-0.5514231515914179,56,fixed_k3
Strain_a_Tension_0.5pct,a,0.5,-0.05041058199999987,0.10843169312499995,0.0,-0.5073876604819789,56,fixed_k3
Strain_a_Tension_0.5pct,a,0.5,-0.04653195799999987,0.10843169312499995,0.0,-0.4807228013821945,56,fixed_k3
Strain_a_Tension_0.5pct,a,0.5,-0.042653333999999876,0.10843169312499995,0.0,-0.4725193338967961,56,fixed_k3
Strain_a_Tension_0.5pct,a,0.5,-0.03877470999999988,0.10843169312499995,0.0,-0.4807046101299042,56,fixed_k3
Strain_a_Tension_0.5pct,a,0.5,-0.03489608599999988,0.10843169312499995,0.0,-0.5013079860934786,56,fixed_k3
Strain_a_Tension_0.5pct,a,0.5,-0.031017461999999885,0.10843169312499995,0.0,-0.5293446728213671,56,fixed_k3
Strain_a_Tension_0.5pct,a,0.5,-0.027138837999999887,0.10843169312499995,0.0,-0.5594432177507809,56,fixed_k3
Strain_a_Tension_0.5pct,a,0.5,-0.02326021399999989,0.10843169312499995,0.0,-0.5863067635239156,56,fixed_k3
Strain_a_Tension_0.5pct,a,0.5,-0.019381589999999893,0.10843169312499995,0.0,-0.6050635809090608,56,fixed_k3
Strain_a_Tension_0.5pct,a,0.5,-0.015502965999999896,0.10843169312499995,0.0,-0.6115346696861894,56,fixed_k3
Strain_a_Tension_0.5pct,a,0.5,-0.011624341999999899,0.10843169312499995,0.0,-0.6024271325045261,56,fixed_k3
Strain_a_Tension_0.5pct,a,0.5,-0.0077457179999999015,0.10843169312499995,0.0,-0.575451394490579,56,fixed_k3
Strain_a_Tension_0.5pct,a,0.5,-0.0038670939999999043,0.10843169312499995,0.0,-0.5293572495389092,56,fixed_k3
Strain_a_Tension_0.5pct,a,0.5,1.1530000000092855e-05,0.10843169312499995,0.0,-0.4638866693465422,56,fixed_k3
Strain_a_Tension_0.5pct,a,0.5,0.00389015400000009,0.10843169312499995,0.0,-0.3796482283423508,56,fixed_k3
Strain_a_Tension_0.5pct,a,0.5,0.007768778000000087,0.10843169312499995,0.0,-0.2779263482980765,56,fixed_k3
Strain_a_Tension_0.5pct,a,0.5,0.011647402000000084,0.10843169312499995,0.0,-0.1604457866285287,56,fixed_k3
Strain_a_Tension_0.5pct,a,0.5,0.015526026000000082,0.10843169312499995,0.0,-0.02911584040033155,56,fixed_k3
Strain_a_Tension_0.5pct,a,0.5,0.01940465000000008,0.10843169312499995,0.0,0.11422142294396043,56,fixed_k3
Strain_a_Tension_0.5pct,a,0.5,0.023283274000000076,0.10843169312499995,0.0,0.268018795707353,56,fixed_k3
Strain_a_Tension_0.5pct,a,0.5,0.027161898000000073,0.10843169312499995,0.0,0.43121430919114623,56,fixed_k3
Strain_a_Tension_0.5pct,a,0.5,0.03104052200000007,0.10843169312499995,0.0,0.6033791312517836,56,fixed_k3
Strain_a_Tension_0.5pct,a,0.5,0.03491914600000007,0.10843169312499995,0.0,0.7848242691976122,56,fixed_k3
Strain_a_Tension_0.5pct,a,0.5,0.038797770000000065,0.10843169312499995,0.0,0.9766700368249879,56,fixed_k3
Strain_a_Tension_0.5pct,a,0.5,0.04267639400000006,0.10843169312499995,0.0,1.1808779515217056,56,fixed_k3
Strain_a_Tension_0.5pct,a,0.5,0.04655501800000006,0.10843169312499995,0.0,1.4002288237271272,56,fixed_k3
Strain_a_Tension_0.5pct,a,0.5,0.050433642000000056,0.10843169312499995,0.0,1.6381960635935633,56,fixed_k3
Strain_a_Tension_0.5pct,a,0.5,0.05431226600000005,0.10843169312499995,0.0,1.8985998481966755,56,fixed_k3
Strain_a_Tension_0.5pct,a,0.5,0.05819089000000005,0.10843169312499995,0.0,2.184827565494668,56,fixed_k3
Strain_a_Tension_0.5pct,a,0.5,0.06206951400000005,0.10843169312499995,0.0,2.498277446237789,56,fixed_k3
Strain_a_Tension_0.5pct,a,0.5,0.06594813800000005,0.10843169312499995,0.0,2.8355873129925953,56,fixed_k3
Strain_a_Tension_0.5pct,a,0.5,0.06982676200000004,0.10843169312499995,0.0,3.184325909553075,56,fixed_k3
Strain_a_Tension_0.5pct,a,0.5,0.07370538600000004,0.10843169312499995,0.0,3.5174916995546615,56,fixed_k3
Strain_a_Tension_0.5pct,a,0.5,0.07758401000000004,0.10843169312499995,0.0,3.788775364008296,56,fixed_k3
Strain_a_Tension_0.5pct,a,0.5,0.08146263400000003,0.10843169312499995,0.0,3.932992381320964,56,fixed_k3
Strain_a_Tension_0.5pct,a,0.5,0.08534125800000003,0.10843169312499995,0.0,3.8777793090966233,56,fixed_k3
Strain_a_Tension_0.5pct,a,0.5,0.08921988200000003,0.10843169312499995,0.0,3.5702548962507494,56,fixed_k3
Strain_a_Tension_0.5pct,a,0.5,0.09309850600000003,0.10843169312499995,0.0,3.0141427758246966,56,fixed_k3
Strain_a_Tension_0.5pct,a,0.5,0.09697713000000002,0.10843169312499995,0.0,2.3059345090234915,56,fixed_k3
Strain_a_Tension_0.5pct,a,0.5,0.10085575400000002,0.10843169312499995,0.0,1.6739394623421124,56,fixed_k3
Strain_a_Tension_0.5pct,a,0.5,0.10473437800000002,0.10843169312499995,0.0,1.604752913949063,56,fixed_k3
Strain_a_Tension_0.5pct,a,0.5,0.10861300200000001,0.10843169312499995,0.0,3.4808966724562866,56,fixed_k3
Strain_a_Tension_0.5pct,a,0.5,0.11249162600000001,0.10843169312499995,0.0,13.313854259996912,56,fixed_k3
Strain_a_Tension_0.5pct,a,0.5,0.11637025000000001,0.10843169312499995,0.0,74.88010218962154,56,fixed_k3
Strain_a_Tension_0.5pct,a,0.5,0.120248874,0.10843169312499995,0.0,1051.3331172599671,56,fixed_k3
Strain_a_Tension_0.5pct,a,0.5,0.124127498,0.10843169312499995,0.0,88749.58524650324,56,fixed_k3
Strain_a_Tension_0.5pct,a,0.5,0.128006122,0.10843169312499995,0.0,916.966304292669,56,fixed_k3
Strain_a_Tension_0.5pct,a,0.5,0.131884746,0.10843169312499995,0.0,141.60565682974854,56,fixed_k3
Strain_a_Tension_0.5pct,a,0.5,0.13576337,0.10843169312499995,0.0,47.840025679947566,56,fixed_k3
Strain_a_Tension_0.5pct,a,0.5,0.139641994,0.10843169312499995,0.0,24.884251736545593,56,fixed_k3
Strain_a_Tension_0.5pct,a,0.5,0.143520618,0.10843169312499995,0.0,16.887943404204584,56,fixed_k3
Strain_a_Tension_0.5pct,a,0.5,0.14739924199999999,0.10843169312499995,0.0,13.315219729743294,56,fixed_k3
Strain_a_Tension_0.5pct,a,0.5,0.15127786599999998,0.10843169312499995,0.0,11.390646774731465,56,fixed_k3
Strain_a_Tension_0.5pct,a,0.5,0.15515649,0.10843169312499995,0.0,10.200672713318662,56,fixed_k3
Strain_a_Tension_0.5pct,a,0.5,-0.1551334299999998,0.11171833124999994,0.0,7.806656318921103,56,fixed_k3
Strain_a_Tension_0.5pct,a,0.5,-0.1512548059999998,0.11171833124999994,0.0,9.817104587000232,56,fixed_k3
Strain_a_Tension_0.5pct,a,0.5,-0.1473761819999998,0.11171833124999994,0.0,12.912202548561039,56,fixed_k3
Strain_a_Tension_0.5pct,a,0.5,-0.1434975579999998,0.11171833124999994,0.0,18.690427212476518,56,fixed_k3
Strain_a_Tension_0.5pct,a,0.5,-0.1396189339999998,0.11171833124999994,0.0,32.119737172518626,56,fixed_k3
Strain_a_Tension_0.5pct,a,0.5,-0.1357403099999998,0.11171833124999994,0.0,72.01859545510233,56,fixed_k3
Strain_a_Tension_0.5pct,a,0.5,-0.1318616859999998,0.11171833124999994,0.0,233.60208845438885,56,fixed_k3
Strain_a_Tension_0.5pct,a,0.5,-0.12798306199999981,0.11171833124999994,0.0,1337.420442621835,56,fixed_k3
Strain_a_Tension_0.5pct,a,0.5,-0.12410443799999982,0.11171833124999994,0.0,10726.909188886428,56,fixed_k3
Strain_a_Tension_0.5pct,a,0.5,-0.12022581399999982,0.11171833124999994,0.0,1298.879987593971,56,fixed_k3
Strain_a_Tension_0.5pct,a,0.5,-0.11634718999999982,0.11171833124999994,0.0,177.10835163944986,56,fixed_k3
Strain_a_Tension_0.5pct,a,0.5,-0.11246856599999983,0.11171833124999994,0.0,51.925413268319126,56,fixed_k3
Strain_a_Tension_0.5pct,a,0.5,-0.10858994199999983,0.11171833124999994,0.0,23.682711632117346,56,fixed_k3
Strain_a_Tension_0.5pct,a,0.5,-0.10471131799999983,0.11171833124999994,0.0,13.881845310727618,56,fixed_k3
Strain_a_Tension_0.5pct,a,0.5,-0.10083269399999983,0.11171833124999994,0.0,9.170712220064882,56,fixed_k3
Strain_a_Tension_0.5pct,a,0.5,-0.09695406999999984,0.11171833124999994,0.0,6.255692042427991,56,fixed_k3
Strain_a_Tension_0.5pct,a,0.5,-0.09307544599999984,0.11171833124999994,0.0,4.1477167382547275,56,fixed_k3
Strain_a_Tension_0.5pct,a,0.5,-0.08919682199999984,0.11171833124999994,0.0,2.532044606947729,56,fixed_k3
Strain_a_Tension_0.5pct,a,0.5,-0.08531819799999985,0.11171833124999994,0.0,1.3091510937557975,56,fixed_k3
Strain_a_Tension_0.5pct,a,0.5,-0.08143957399999985,0.11171833124999994,0.0,0.434190597315238,56,fixed_k3
Strain_a_Tension_0.5pct,a,0.5,-0.07756094999999985,0.11171833124999994,0.0,-0.13986193163959948,56,fixed_k3
Strain_a_Tension_0.5pct,a,0.5,-0.07368232599999985,0.11171833124999994,0.0,-0.47330396039634426,56,fixed_k3
Strain_a_Tension_0.5pct,a,0.5,-0.06980370199999986,0.11171833124999994,0.0,-0.6322075587640024,56,fixed_k3
Strain_a_Tension_0.5pct,a,0.5,-0.06592507799999986,0.11171833124999994,0.0,-0.6778538175692184,56,fixed_k3
Strain_a_Tension_0.5pct,a,0.5,-0.06204645399999986,0.11171833124999994,0.0,-0.6599455483601173,56,fixed_k3
Strain_a_Tension_0.5pct,a,0.5,-0.058167829999999865,0.11171833124999994,0.0,-0.6145685924875073,56,fixed_k3
Strain_a_Tension_0.5pct,a,0.5,-0.05428920599999987,0.11171833124999994,0.0,-0.5653419877771415,56,fixed_k3
Strain_a_Tension_0.5pct,a,0.5,-0.05041058199999987,0.11171833124999994,0.0,-0.5259374057261046,56,fixed_k3
Strain_a_Tension_0.5pct,a,0.5,-0.04653195799999987,0.11171833124999994,0.0,-0.5027601417007488,56,fixed_k3
Strain_a_Tension_0.5pct,a,0.5,-0.042653333999999876,0.11171833124999994,0.0,-0.497232907816755,56,fixed_k3
Strain_a_Tension_0.5pct,a,0.5,-0.03877470999999988,0.11171833124999994,0.0,-0.5075408794796927,56,fixed_k3
Strain_a_Tension_0.5pct,a,0.5,-0.03489608599999988,0.11171833124999994,0.0,-0.5298937725685544,56,fixed_k3
Strain_a_Tension_0.5pct,a,0.5,-0.031017461999999885,0.11171833124999994,0.0,-0.5594219614142553,56,fixed_k3
Strain_a_Tension_0.5pct,a,0.5,-0.027138837999999887,0.11171833124999994,0.0,-0.5908194903145549,56,fixed_k3
Strain_a_Tension_0.5pct,a,0.5,-0.02326021399999989,0.11171833124999994,0.0,-0.6188191347754763,56,fixed_k3
Strain_a_Tension_0.5pct,a,0.5,-0.019381589999999893,0.11171833124999994,0.0,-0.6385536617532162,56,fixed_k3
Strain_a_Tension_0.5pct,a,0.5,-0.015502965999999896,0.11171833124999994,0.0,-0.6458313406392988,56,fixed_k3
Strain_a_Tension_0.5pct,a,0.5,-0.011624341999999899,0.11171833124999994,0.0,-0.6373352244937278,56,fixed_k3
Strain_a_Tension_0.5pct,a,0.5,-0.0077457179999999015,0.11171833124999994,0.0,-0.6107451158222323,56,fixed_k3
Strain_a_Tension_0.5pct,a,0.5,-0.0038670939999999043,0.11171833124999994,0.0,-0.5647777980669555,56,fixed_k3
Strain_a_Tension_0.5pct,a,0.5,1.1530000000092855e-05,0.11171833124999994,0.0,-0.499143706894964,56,fixed_k3
Strain_a_Tension_0.5pct,a,0.5,0.00389015400000009,0.11171833124999994,0.0,-0.4144247589173724,56,fixed_k3
Strain_a_Tension_0.5pct,a,0.5,0.007768778000000087,0.11171833124999994,0.0,-0.31188611674899835,56,fixed_k3
Strain_a_Tension_0.5pct,a,0.5,0.011647402000000084,0.11171833124999994,0.0,-0.1932417583434871,56,fixed_k3
Strain_a_Tension_0.5pct,a,0.5,0.015526026000000082,0.11171833124999994,0.0,-0.06039782709694208,56,fixed_k3
Strain_a_Tension_0.5pct,a,0.5,0.01940465000000008,0.11171833124999994,0.0,0.08480218588495081,56,fixed_k3
Strain_a_Tension_0.5pct,a,0.5,0.023283274000000076,0.11171833124999994,0.0,0.24081021996910845,56,fixed_k3
Strain_a_Tension_0.5pct,a,0.5,0.027161898000000073,0.11171833124999994,0.0,0.4065707721429326,56,fixed_k3
Strain_a_Tension_0.5pct,a,0.5,0.03104052200000007,0.11171833124999994,0.0,0.5816762328714793,56,fixed_k3
Strain_a_Tension_0.5pct,a,0.5,0.03491914600000007,0.11171833124999994,0.0,0.7664803905752269,56,fixed_k3
Strain_a_Tension_0.5pct,a,0.5,0.038797770000000065,0.11171833124999994,0.0,0.9621722587345167,56,fixed_k3
Strain_a_Tension_0.5pct,a,0.5,0.04267639400000006,0.11171833124999994,0.0,1.1708074901282006,56,fixed_k3
Strain_a_Tension_0.5pct,a,0.5,0.04655501800000006,0.11171833124999994,0.0,1.395278075813668,56,fixed_k3
Strain_a_Tension_0.5pct,a,0.5,0.050433642000000056,0.11171833124999994,0.0,1.63916598893955,56,fixed_k3
Strain_a_Tension_0.5pct,a,0.5,0.05431226600000005,0.11171833124999994,0.0,1.9063644515075215,56,fixed_k3
Strain_a_Tension_0.5pct,a,0.5,0.05819089000000005,0.11171833124999994,0.0,2.2002564631304216,56,fixed_k3
Strain_a_Tension_0.5pct,a,0.5,0.06206951400000005,0.11171833124999994,0.0,2.522128267059577,56,fixed_k3
Strain_a_Tension_0.5pct,a,0.5,0.06594813800000005,0.11171833124999994,0.0,2.868433894419943,56,fixed_k3
Strain_a_Tension_0.5pct,a,0.5,0.06982676200000004,0.11171833124999994,0.0,3.2266911996788883,56,fixed_k3
Strain_a_Tension_0.5pct,a,0.5,0.07370538600000004,0.11171833124999994,0.0,3.5704869150656373,56,fixed_k3
Strain_a_Tension_0.5pct,a,0.5,0.07758401000000004,0.11171833124999994,0.0,3.85558866740023,56,fixed_k3
Strain_a_Tension_0.5pct,a,0.5,0.08146263400000003,0.11171833124999994,0.0,4.021247586577886,56,fixed_k3
Strain_a_Tension_0.5pct,a,0.5,0.08534125800000003,0.11171833124999994,0.0,4.0018196206912675,56,fixed_k3
Strain_a_Tension_0.5pct,a,0.5,0.08921988200000003,0.11171833124999994,0.0,3.751045973144005,56,fixed_k3
Strain_a_Tension_0.5pct,a,0.5,0.09309850600000003,0.11171833124999994,0.0,3.273965845017943,56,fixed_k3
Strain_a_Tension_0.5pct,a,0.5,0.09697713000000002,0.11171833124999994,0.0,2.656462534798481,56,fixed_k3
Strain_a_Tension_0.5pct,a,0.5,0.10085575400000002,0.11171833124999994,0.0,2.097120111713372,56,fixed_k3
Strain_a_Tension_0.5pct,a,0.5,0.10473437800000002,0.11171833124999994,0.0,2.014143341627339,56,fixed_k3
Strain_a_Tension_0.5pct,a,0.5,0.10861300200000001,0.11171833124999994,0.0,3.573005726154065,56,fixed_k3
Strain_a_Tension_0.5pct,a,0.5,0.11249162600000001,0.11171833124999994,0.0,11.611611580816371,56,fixed_k3
Strain_a_Tension_0.5pct,a,0.5,0.11637025000000001,0.11171833124999994,0.0,57.458804698851246,56,fixed_k3
Strain_a_Tension_0.5pct,a,0.5,0.120248874,0.11171833124999994,0.0,537.8965395263222,56,fixed_k3
Strain_a_Tension_0.5pct,a,0.5,0.124127498,0.11171833124999994,0.0,6689.122630924825,56,fixed_k3
Strain_a_Tension_0.5pct,a,0.5,0.128006122,0.11171833124999994,0.0,945.8342202662536,56,fixed_k3
Strain_a_Tension_0.5pct,a,0.5,0.131884746,0.11171833124999994,0.0,160.1933878382956,56,fixed_k3
Strain_a_Tension_0.5pct,a,0.5,0.13576337,0.11171833124999994,0.0,53.24610414019479,56,fixed_k3
Strain_a_Tension_0.5pct,a,0.5,0.139641994,0.11171833124999994,0.0,26.99803548355838,56,fixed_k3
Strain_a_Tension_0.5pct,a,0.5,0.143520618,0.11171833124999994,0.0,18.01808426863396,56,fixed_k3
Strain_a_Tension_0.5pct,a,0.5,0.14739924199999999,0.11171833124999994,0.0,14.111517966841625,56,fixed_k3
Strain_a_Tension_0.5pct,a,0.5,0.15127786599999998,0.11171833124999994,0.0,12.063191270361644,56,fixed_k3
Strain_a_Tension_0.5pct,a,0.5,0.15515649,0.11171833124999994,0.0,10.824371148985376,56,fixed_k3
Strain_a_Tension_0.5pct,a,0.5,-0.1551334299999998,0.11500496937499996,0.0,7.524791106845804,56,fixed_k3
Strain_a_Tension_0.5pct,a,0.5,-0.1512548059999998,0.11500496937499996,0.0,9.567213849727645,56,fixed_k3
Strain_a_Tension_0.5pct,a,0.5,-0.1473761819999998,0.11500496937499996,0.0,12.79276288588245,56,fixed_k3
Strain_a_Tension_0.5pct,a,0.5,-0.1434975579999998,0.11500496937499996,0.0,18.98178458133252,56,fixed_k3
Strain_a_Tension_0.5pct,a,0.5,-0.1396189339999998,0.11500496937499996,0.0,33.63865292402197,56,fixed_k3
Strain_a_Tension_0.5pct,a,0.5,-0.1357403099999998,0.11500496937499996,0.0,76.90514372078347,56,fixed_k3
Strain_a_Tension_0.5pct,a,0.5,-0.1318616859999998,0.11500496937499996,0.0,240.1811690476424,56,fixed_k3
Strain_a_Tension_0.5pct,a,0.5,-0.12798306199999981,0.11500496937499996,0.0,1031.0887220346892,56,fixed_k3
Strain_a_Tension_0.5pct,a,0.5,-0.12410443799999982,0.11500496937499996,0.0,2589.680367516698,56,fixed_k3
Strain_a_Tension_0.5pct,a,0.5,-0.12022581399999982,0.11500496937499996,0.0,663.600335431128,56,fixed_k3
Strain_a_Tension_0.5pct,a,0.5,-0.11634718999999982,0.11500496937499996,0.0,134.87910722985063,56,fixed_k3
Strain_a_Tension_0.5pct,a,0.5,-0.11246856599999983,0.11500496937499996,0.0,44.19971534955566,56,fixed_k3
Strain_a_Tension_0.5pct,a,0.5,-0.10858994199999983,0.11500496937499996,0.0,21.008264034228326,56,fixed_k3
Strain_a_Tension_0.5pct,a,0.5,-0.10471131799999983,0.11500496937499996,0.0,12.580972529408214,56,fixed_k3
Strain_a_Tension_0.5pct,a,0.5,-0.10083269399999983,0.11500496937499996,0.0,8.440862947903037,56,fixed_k3
Strain_a_Tension_0.5pct,a,0.5,-0.09695406999999984,0.11500496937499996,0.0,5.837968608988159,56,fixed_k3
Strain_a_Tension_0.5pct,a,0.5,-0.09307544599999984,0.11500496937499996,0.0,3.926275654651303,56,fixed_k3
Strain_a_Tension_0.5pct,a,0.5,-0.08919682199999984,0.11500496937499996,0.0,2.4373003048612816,56,fixed_k3
Strain_a_Tension_0.5pct,a,0.5,-0.08531819799999985,0.11500496937499996,0.0,1.2908727783941918,56,fixed_k3
Strain_a_Tension_0.5pct,a,0.5,-0.08143957399999985,0.11500496937499996,0.0,0.45507513970106994,56,fixed_k3
Strain_a_Tension_0.5pct,a,0.5,-0.07756094999999985,0.11500496937499996,0.0,-0.10536872367241434,56,fixed_k3
Strain_a_Tension_0.5pct,a,0.5,-0.07368232599999985,0.11500496937499996,0.0,-0.44033222016723306,56,fixed_k3
Strain_a_Tension_0.5pct,a,0.5,-0.06980370199999986,0.11500496937499996,0.0,-0.6079264451252206,56,fixed_k3
Strain_a_Tension_0.5pct,a,0.5,-0.06592507799999986,0.11500496937499996,0.0,-0.6643289692234826,56,fixed_k3
Strain_a_Tension_0.5pct,a,0.5,-0.06204645399999986,0.11500496937499996,0.0,-0.6565551575123902,56,fixed_k3
Strain_a_Tension_0.5pct,a,0.5,-0.058167829999999865,0.11500496937499996,0.0,-0.6196327506156032,56,fixed_k3
Strain_a_Tension_0.5pct,a,0.5,-0.05428920599999987,0.11500496937499996,0.0,-0.5770272191951489,56,fixed_k3
Strain_a_Tension_0.5pct,a,0.5,-0.05041058199999987,0.11500496937499996,0.0,-0.5426582832779805,56,fixed_k3
Strain_a_Tension_0.5pct,a,0.5,-0.04653195799999987,0.11500496937499996,0.0,-0.5232938125775073,56,fixed_k3
Strain_a_Tension_0.5pct,a,0.5,-0.042653333999999876,0.11500496937499996,0.0,-0.5206974883984752,56,fixed_k3
Strain_a_Tension_0.5pct,a,0.5,-0.03877470999999988,0.11500496937499996,0.0,-0.5333247651469608,56,fixed_k3
Strain_a_Tension_0.5pct,a,0.5,-0.03489608599999988,0.11500496937499996,0.0,-0.5575785471620085,56,fixed_k3
Strain_a_Tension_0.5pct,a,0.5,-0.031017461999999885,0.11500496937499996,0.0,-0.5887159902413379,56,fixed_k3
Strain_a_Tension_0.5pct,a,0.5,-0.027138837999999887,0.11500496937499996,0.0,-0.621506466046168,56,fixed_k3
Strain_a_Tension_0.5pct,a,0.5,-0.02326021399999989,0.11500496937499996,0.0,-0.650720401874822,56,fixed_k3
Strain_a_Tension_0.5pct,a,0.5,-0.019381589999999893,0.11500496937499996,0.0,-0.6715014877387944,56,fixed_k3
Strain_a_Tension_0.5pct,a,0.5,-0.015502965999999896,0.11500496937499996,0.0,-0.6796503787804986,56,fixed_k3
Strain_a_Tension_0.5pct,a,0.5,-0.011624341999999899,0.11500496937499996,0.0,-0.671830132017464,56,fixed_k3
Strain_a_Tension_0.5pct,a,0.5,-0.0077457179999999015,0.11500496937499996,0.0,-0.6456930904096008,56,fixed_k3
Strain_a_Tension_0.5pct,a,0.5,-0.0038670939999999043,0.11500496937499996,0.0,-0.5999253838180842,56,fixed_k3
Strain_a_Tension_0.5pct,a,0.5,1.1530000000092855e-05,0.11500496937499996,0.0,-0.5342074671353982,56,fixed_k3
Strain_a_Tension_0.5pct,a,0.5,0.00389015400000009,0.11500496937499996,0.0,-0.4490952997033344,56,fixed_k3
Strain_a_Tension_0.5pct,a,0.5,0.007768778000000087,0.11500496937499996,0.0,-0.34583455080790637,56,fixed_k3
Strain_a_Tension_0.5pct,a,0.5,0.011647402000000084,0.11500496937499996,0.0,-0.22612717640540403,56,fixed_k3
Strain_a_Tension_0.5pct,a,0.5,0.015526026000000082,0.11500496937499996,0.0,-0.0918738772296872,56,fixed_k3
Strain_a_Tension_0.5pct,a,0.5,0.01940465000000008,0.11500496937499996,0.0,0.05508375023829881,56,fixed_k3
Strain_a_Tension_0.5pct,a,0.5,0.023283274000000076,0.11500496937499996,0.0,0.21320105907141151,56,fixed_k3
Strain_a_Tension_0.5pct,a,0.5,0.027161898000000073,0.11500496937499996,0.0,0.381434082138179,56,fixed_k3
Strain_a_Tension_0.5pct,a,0.5,0.03104052200000007,0.11500496937499996,0.0,0.5594020992463125,56,fixed_k3
Strain_a_Tension_0.5pct,a,0.5,0.03491914600000007,0.11500496937499996,0.0,0.7475076697991532,56,fixed_k3
Strain_a_Tension_0.5pct,a,0.5,0.038797770000000065,0.11500496937499996,0.0,0.9470144666177966,56,fixed_k3
Strain_a_Tension_0.5pct,a,0.5,0.04267639400000006,0.11500496937499996,0.0,1.1600777610423432,56,fixed_k3
Strain_a_Tension_0.5pct,a,0.5,0.04655501800000006,0.11500496937499996,0.0,1.3897052181780063,56,fixed_k3
Strain_a_Tension_0.5pct,a,0.5,0.050433642000000056,0.11500496937499996,0.0,1.639590449796271,56,fixed_k3
Strain_a_Tension_0.5pct,a,0.5,0.05431226600000005,0.11500496937499996,0.0,1.9137014583093577,56,fixed_k3
Strain_a_Tension_0.5pct,a,0.5,0.05819089000000005,0.11500496937499996,0.0,2.2154186382687646,56,fixed_k3
Strain_a_Tension_0.5pct,a,0.5,0.06206951400000005,0.11500496937499996,0.0,2.5459217016588083,56,fixed_k3
Strain_a_Tension_0.5pct,a,0.5,0.06594813800000005,0.11500496937499996,0.0,2.9014954053815107,56,fixed_k3
Strain_a_Tension_0.5pct,a,0.5,0.06982676200000004,0.11500496937499996,0.0,3.269631511070709,56,fixed_k3
Strain_a_Tension_0.5pct,a,0.5,0.07370538600000004,0.11500496937499996,0.0,3.624519725749974,56,fixed_k3
Strain_a_Tension_0.5pct,a,0.5,0.07758401000000004,0.11500496937499996,0.0,3.9239392780398257,56,fixed_k3
Strain_a_Tension_0.5pct,a,0.5,0.08146263400000003,0.11500496937499996,0.0,4.111304392630392,56,fixed_k3
Strain_a_Tension_0.5pct,a,0.5,0.08534125800000003,0.11500496937499996,0.0,4.127115521783856,56,fixed_k3
Strain_a_Tension_0.5pct,a,0.5,0.08921988200000003,0.11500496937499996,0.0,3.9310327935901554,56,fixed_k3
Strain_a_Tension_0.5pct,a,0.5,0.09309850600000003,0.11500496937499996,0.0,3.5292386179964046,56,fixed_k3
Strain_a_Tension_0.5pct,a,0.5,0.09697713000000002,0.11500496937499996,0.0,2.9982965520324365,56,fixed_k3
Strain_a_Tension_0.5pct,a,0.5,0.10085575400000002,0.11500496937499996,0.0,2.510231639143054,56,fixed_k3
Strain_a_Tension_0.5pct,a,0.5,0.10473437800000002,0.11500496937499996,0.0,2.419134897693072,56,fixed_k3
Strain_a_Tension_0.5pct,a,0.5,0.10861300200000001,0.11500496937499996,0.0,3.678198381935339,56,fixed_k3
Strain_a_Tension_0.5pct,a,0.5,0.11249162600000001,0.11500496937499996,0.0,9.998077432411229,56,fixed_k3
Strain_a_Tension_0.5pct,a,0.5,0.11637025000000001,0.11500496937499996,0.0,42.191750723340576,56,fixed_k3
Strain_a_Tension_0.5pct,a,0.5,0.120248874,0.11500496937499996,0.0,269.989129842885,56,fixed_k3
Strain_a_Tension_0.5pct,a,0.5,0.124127498,0.11500496937499996,0.0,1430.663108701054,56,fixed_k3
Strain_a_Tension_0.5pct,a,0.5,0.128006122,0.11500496937499996,0.0,690.689519661006,56,fixed_k3
Strain_a_Tension_0.5pct,a,0.5,0.131884746,0.11500496937499996,0.0,163.15477269347556,56,fixed_k3
Strain_a_Tension_0.5pct,a,0.5,0.13576337,0.11500496937499996,0.0,57.03878861139765,56,fixed_k3
Strain_a_Tension_0.5pct,a,0.5,0.139641994,0.11500496937499996,0.0,28.891667923876998,56,fixed_k3
Strain_a_Tension_0.5pct,a,0.5,0.143520618,0.11500496937499996,0.0,19.14800410873948,56,fixed_k3
Strain_a_Tension_0.5pct,a,0.5,0.14739924199999999,0.11500496937499996,0.0,14.960811950118721,56,fixed_k3
Strain_a_Tension_0.5pct,a,0.5,0.15127786599999998,0.11500496937499996,0.0,12.809824501748684,56,fixed_k3
Strain_a_Tension_0.5pct,a,0.5,0.15515649,0.11500496937499996,0.0,11.534213209389817,56,fixed_k3
Strain_a_Tension_0.5pct,a,0.5,-0.1551334299999998,0.11829160749999995,0.0,7.179040879243841,56,fixed_k3
Strain_a_Tension_0.5pct,a,0.5,-0.1512548059999998,0.11829160749999995,0.0,9.208040439494944,56,fixed_k3
Strain_a_Tension_0.5pct,a,0.5,-0.1473761819999998,0.11829160749999995,0.0,12.50716909741754,56,fixed_k3
Strain_a_Tension_0.5pct,a,0.5,-0.1434975579999998,0.11829160749999995,0.0,18.993130890839115,56,fixed_k3
Strain_a_Tension_0.5pct,a,0.5,-0.1396189339999998,0.11829160749999995,0.0,34.43951020249545,56,fixed_k3
Strain_a_Tension_0.5pct,a,0.5,-0.1357403099999998,0.11829160749999995,0.0,78.36781071694033,56,fixed_k3
Strain_a_Tension_0.5pct,a,0.5,-0.1318616859999998,0.11829160749999995,0.0,222.17326046299823,56,fixed_k3
Strain_a_Tension_0.5pct,a,0.5,-0.12798306199999981,0.11829160749999995,0.0,660.2783042792266,56,fixed_k3
Strain_a_Tension_0.5pct,a,0.5,-0.12410443799999982,0.11829160749999995,0.0,950.3082612397933,56,fixed_k3
Strain_a_Tension_0.5pct,a,0.5,-0.12022581399999982,0.11829160749999995,0.0,361.68069174262007,56,fixed_k3
Strain_a_Tension_0.5pct,a,0.5,-0.11634718999999982,0.11829160749999995,0.0,101.08486565817812,56,fixed_k3
Strain_a_Tension_0.5pct,a,0.5,-0.11246856599999983,0.11829160749999995,0.0,37.24248498959636,56,fixed_k3
Strain_a_Tension_0.5pct,a,0.5,-0.10858994199999983,0.11829160749999995,0.0,18.56931786253346,56,fixed_k3
Strain_a_Tension_0.5pct,a,0.5,-0.10471131799999983,0.11829160749999995,0.0,11.40532747285349,56,fixed_k3
Strain_a_Tension_0.5pct,a,0.5,-0.10083269399999983,0.11829160749999995,0.0,7.789535418819559,56,fixed_k3
Strain_a_Tension_0.5pct,a,0.5,-0.09695406999999984,0.11829160749999995,0.0,5.4713195624566024,56,fixed_k3
Strain_a_Tension_0.5pct,a,0.5,-0.09307544599999984,0.11829160749999995,0.0,3.7376236180545312,56,fixed_k3
Strain_a_Tension_0.5pct,a,0.5,-0.08919682199999984,0.11829160749999995,0.0,2.3631740097247538,56,fixed_k3
Strain_a_Tension_0.5pct,a,0.5,-0.08531819799999985,0.11829160749999995,0.0,1.2857186825915887,56,fixed_k3
Strain_a_Tension_0.5pct,a,0.5,-0.08143957399999985,0.11829160749999995,0.0,0.48494499833779914,56,fixed_k3
Strain_a_Tension_0.5pct,a,0.5,-0.07756094999999985,0.11829160749999995,0.0,-0.06399032678626737,56,fixed_k3
Strain_a_Tension_0.5pct,a,0.5,-0.07368232599999985,0.11829160749999995,0.0,-0.4015775006811273,56,fixed_k3
Strain_a_Tension_0.5pct,a,0.5,-0.06980370199999986,0.11829160749999995,0.0,-0.5785925166162378,56,fixed_k3
Strain_a_Tension_0.5pct,a,0.5,-0.06592507799999986,0.11829160749999995,0.0,-0.6463848241800672,56,fixed_k3
Strain_a_Tension_0.5pct,a,0.5,-0.06204645399999986,0.11829160749999995,0.0,-0.6493536491437091,56,fixed_k3
Strain_a_Tension_0.5pct,a,0.5,-0.058167829999999865,0.11829160749999995,0.0,-0.6214581309831564,56,fixed_k3
Strain_a_Tension_0.5pct,a,0.5,-0.05428920599999987,0.11829160749999995,0.0,-0.5859849611287564,56,fixed_k3
Strain_a_Tension_0.5pct,a,0.5,-0.05041058199999987,0.11829160749999995,0.0,-0.5570866832485852,56,fixed_k3
Strain_a_Tension_0.5pct,a,0.5,-0.04653195799999987,0.11829160749999995,0.0,-0.541891699314963,56,fixed_k3
Strain_a_Tension_0.5pct,a,0.5,-0.042653333999999876,0.11829160749999995,0.0,-0.5425117101013699,56,fixed_k3
Strain_a_Tension_0.5pct,a,0.5,-0.03877470999999988,0.11829160749999995,0.0,-0.557683835152448,56,fixed_k3
Strain_a_Tension_0.5pct,a,0.5,-0.03489608599999988,0.11829160749999995,0.0,-0.5840165359005645,56,fixed_k3
Strain_a_Tension_0.5pct,a,0.5,-0.031017461999999885,0.11829160749999995,0.0,-0.616905270197933,56,fixed_k3
Strain_a_Tension_0.5pct,a,0.5,-0.027138837999999887,0.11829160749999995,0.0,-0.651204657443702,56,fixed_k3
Strain_a_Tension_0.5pct,a,0.5,-0.02326021399999989,0.11829160749999995,0.0,-0.6817309634999527,56,fixed_k3
Strain_a_Tension_0.5pct,a,0.5,-0.019381589999999893,0.11829160749999995,0.0,-0.7036454117477522,56,fixed_k3
Strain_a_Tension_0.5pct,a,0.5,-0.015502965999999896,0.11829160749999995,0.0,-0.7127463256700075,56,fixed_k3
Strain_a_Tension_0.5pct,a,0.5,-0.011624341999999899,0.11829160749999995,0.0,-0.7056809539510298,56,fixed_k3
Strain_a_Tension_0.5pct,a,0.5,-0.0077457179999999015,0.11829160749999995,0.0,-0.6800774393672584,56,fixed_k3
Strain_a_Tension_0.5pct,a,0.5,-0.0038670939999999043,0.11829160749999995,0.0,-0.6345936738147251,56,fixed_k3
Strain_a_Tension_0.5pct,a,0.5,1.1530000000092855e-05,0.11829160749999995,0.0,-0.5688817126603456,56,fixed_k3
Strain_a_Tension_0.5pct,a,0.5,0.00389015400000009,0.11829160749999995,0.0,-0.4834722608851165,56,fixed_k3
Strain_a_Tension_0.5pct,a,0.5,0.007768778000000087,0.11829160749999995,0.0,-0.37959125267507865,56,fixed_k3
Strain_a_Tension_0.5pct,a,0.5,0.011647402000000084,0.11829160749999995,0.0,-0.2589273803971497,56,fixed_k3
Strain_a_Tension_0.5pct,a,0.5,0.015526026000000082,0.11829160749999995,0.0,-0.12337364605289958,56,fixed_k3
Strain_a_Tension_0.5pct,a,0.5,0.01940465000000008,0.11829160749999995,0.0,0.02523347333176451,56,fixed_k3
Strain_a_Tension_0.5pct,a,0.5,0.023283274000000076,0.11829160749999995,0.0,0.18535682315917956,56,fixed_k3
Strain_a_Tension_0.5pct,a,0.5,0.027161898000000073,0.11829160749999995,0.0,0.3559687195240926,56,fixed_k3
Strain_a_Tension_0.5pct,a,0.5,0.03104052200000007,0.11829160749999995,0.0,0.5367204932523069,56,fixed_k3
Strain_a_Tension_0.5pct,a,0.5,0.03491914600000007,0.11829160749999995,0.0,0.7280687222296089,56,fixed_k3
Strain_a_Tension_0.5pct,a,0.5,0.038797770000000065,0.11829160749999995,0.0,0.9313566567505203,56,fixed_k3
Strain_a_Tension_0.5pct,a,0.5,0.04267639400000006,0.11829160749999995,0.0,1.1488432646968083,56,fixed_k3
Strain_a_Tension_0.5pct,a,0.5,0.04655501800000006,0.11829160749999995,0.0,1.383654551682504,56,fixed_k3
Strain_a_Tension_0.5pct,a,0.5,0.050433642000000056,0.11829160749999995,0.0,1.639596556216549,56,fixed_k3
Strain_a_Tension_0.5pct,a,0.5,0.05431226600000005,0.11829160749999995,0.0,1.9207110346310468,56,fixed_k3
Strain_a_Tension_0.5pct,a,0.5,0.05819089000000005,0.11829160749999995,0.0,2.2303742945136307,56,fixed_k3
Strain_a_Tension_0.5pct,a,0.5,0.06206951400000005,0.11829160749999995,0.0,2.5696609964479804,56,fixed_k3
Strain_a_Tension_0.5pct,a,0.5,0.06594813800000005,0.11829160749999995,0.0,2.9346956923947776,56,fixed_k3
Strain_a_Tension_0.5pct,a,0.5,0.06982676200000004,0.11829160749999995,0.0,3.312960169932694,56,fixed_k3
Strain_a_Tension_0.5pct,a,0.5,0.07370538600000004,0.11829160749999995,0.0,3.6792474954737524,56,fixed_k3
Strain_a_Tension_0.5pct,a,0.5,0.07758401000000004,0.11829160749999995,0.0,3.9932628861091857,56,fixed_k3
Strain_a_Tension_0.5pct,a,0.5,0.08146263400000003,0.11829160749999995,0.0,4.202291225404789,56,fixed_k3
Strain_a_Tension_0.5pct,a,0.5,0.08534125800000003,0.11829160749999995,0.0,4.252391568139485,56,fixed_k3
Strain_a_Tension_0.5pct,a,0.5,0.08921988200000003,0.11829160749999995,0.0,4.108414024043922,56,fixed_k3
Strain_a_Tension_0.5pct,a,0.5,0.09309850600000003,0.11829160749999995,0.0,3.7773627876613958,56,fixed_k3
Strain_a_Tension_0.5pct,a,0.5,0.09697713000000002,0.11829160749999995,0.0,3.327318881933817,56,fixed_k3
Strain_a_Tension_0.5pct,a,0.5,0.10085575400000002,0.11829160749999995,0.0,2.9061408313834693,56,fixed_k3
Strain_a_Tension_0.5pct,a,0.5,0.10473437800000002,0.11829160749999995,0.0,2.807951275435398,56,fixed_k3
Strain_a_Tension_0.5pct,a,0.5,0.10861300200000001,0.11829160749999995,0.0,3.786400533499174,56,fixed_k3
Strain_a_Tension_0.5pct,a,0.5,0.11249162600000001,0.11829160749999995,0.0,8.556191234503848,56,fixed_k3
Strain_a_Tension_0.5pct,a,0.5,0.11637025000000001,0.11829160749999995,0.0,30.182431326704986,56,fixed_k3
Strain_a_Tension_0.5pct,a,0.5,0.120248874,0.11829160749999995,0.0,141.55287540609297,56,fixed_k3
Strain_a_Tension_0.5pct,a,0.5,0.124127498,0.11829160749999995,0.0,492.61168430723103,56,fixed_k3
Strain_a_Tension_0.5pct,a,0.5,0.128006122,0.11829160749999995,0.0,414.362755849036,56,fixed_k3
Strain_a_Tension_0.5pct,a,0.5,0.131884746,0.11829160749999995,0.0,148.50716287762813,56,fixed_k3
Strain_a_Tension_0.5pct,a,0.5,0.13576337,0.11829160749999995,0.0,58.32799461789507,56,fixed_k3
Strain_a_Tension_0.5pct,a,0.5,0.139641994,0.11829160749999995,0.0,30.360713785855133,56,fixed_k3
Strain_a_Tension_0.5pct,a,0.5,0.143520618,0.11829160749999995,0.0,20.225075246576285,56,fixed_k3
Strain_a_Tension_0.5pct,a,0.5,0.14739924199999999,0.11829160749999995,0.0,15.851318701313836,56,fixed_k3
Strain_a_Tension_0.5pct,a,0.5,0.15127786599999998,0.11829160749999995,0.0,13.633442419193244,56,fixed_k3
Strain_a_Tension_0.5pct,a,0.5,0.15515649,0.11829160749999995,0.0,12.339878135654303,56,fixed_k3
Strain_a_Tension_0.5pct,a,0.5,-0.1551334299999998,0.12157824562499994,0.0,6.775383968011751,56,fixed_k3
Strain_a_Tension_0.5pct,a,0.5,-0.1512548059999998,0.12157824562499994,0.0,8.725193770545978,56,fixed_k3
Strain_a_Tension_0.5pct,a,0.5,-0.1473761819999998,0.12157824562499994,0.0,12.01561955222632,56,fixed_k3
Strain_a_Tension_0.5pct,a,0.5,-0.1434975579999998,0.12157824562499994,0.0,18.62972903790226,56,fixed_k3
Strain_a_Tension_0.5pct,a,0.5,-0.1396189339999998,0.12157824562499994,0.0,34.24088208675394,56,fixed_k3
Strain_a_Tension_0.5pct,a,0.5,-0.1357403099999998,0.12157824562499994,0.0,75.64700765245469,56,fixed_k3
Strain_a_Tension_0.5pct,a,0.5,-0.1318616859999998,0.12157824562499994,0.0,186.66654477661,56,fixed_k3
Strain_a_Tension_0.5pct,a,0.5,-0.12798306199999981,0.12157824562499994,0.0,398.04428301662637,56,fixed_k3
Strain_a_Tension_0.5pct,a,0.5,-0.12410443799999982,0.12157824562499994,0.0,441.18860700290924,56,fixed_k3
Strain_a_Tension_0.5pct,a,0.5,-0.12022581399999982,0.12157824562499994,0.0,212.11547871885972,56,fixed_k3
Strain_a_Tension_0.5pct,a,0.5,-0.11634718999999982,0.12157824562499994,0.0,75.64146165774477,56,fixed_k3
Strain_a_Tension_0.5pct,a,0.5,-0.11246856599999983,0.12157824562499994,0.0,31.233045637663604,56,fixed_k3
Strain_a_Tension_0.5pct,a,0.5,-0.10858994199999983,0.12157824562499994,0.0,16.399910318010726,56,fixed_k3
Strain_a_Tension_0.5pct,a,0.5,-0.10471131799999983,0.12157824562499994,0.0,10.360387324628991,56,fixed_k3
Strain_a_Tension_0.5pct,a,0.5,-0.10083269399999983,0.12157824562499994,0.0,7.215789757672136,56,fixed_k3
Strain_a_Tension_0.5pct,a,0.5,-0.09695406999999984,0.12157824562499994,0.0,5.15370333195901,56,fixed_k3
Strain_a_Tension_0.5pct,a,0.5,-0.09307544599999984,0.12157824562499994,0.0,3.580168163883531,56,fixed_k3
Strain_a_Tension_0.5pct,a,0.5,-0.08919682199999984,0.12157824562499994,0.0,2.3088246920363638,56,fixed_k3
Strain_a_Tension_0.5pct,a,0.5,-0.08531819799999985,0.12157824562499994,0.0,1.2934484598618314,56,fixed_k3
Strain_a_Tension_0.5pct,a,0.5,-0.08143957399999985,0.12157824562499994,0.0,0.5239283452595376,56,fixed_k3
Strain_a_Tension_0.5pct,a,0.5,-0.07756094999999985,0.12157824562499994,0.0,-0.015398728526911931,56,fixed_k3
Strain_a_Tension_0.5pct,a,0.5,-0.07368232599999985,0.12157824562499994,0.0,-0.3566049834730083,56,fixed_k3
Strain_a_Tension_0.5pct,a,0.5,-0.06980370199999986,0.12157824562499994,0.0,-0.5437129411757269,56,fixed_k3
Strain_a_Tension_0.5pct,a,0.5,-0.06592507799999986,0.12157824562499994,0.0,-0.6235006945656458,56,fixed_k3
Strain_a_Tension_0.5pct,a,0.5,-0.06204645399999986,0.12157824562499994,0.0,-0.6378145910479289,56,fixed_k3
Strain_a_Tension_0.5pct,a,0.5,-0.058167829999999865,0.12157824562499994,0.0,-0.6195289062869604,56,fixed_k3
Strain_a_Tension_0.5pct,a,0.5,-0.05428920599999987,0.12157824562499994,0.0,-0.5917208619971195,56,fixed_k3
Strain_a_Tension_0.5pct,a,0.5,-0.05041058199999987,0.12157824562499994,0.0,-0.5687557867772233,56,fixed_k3
Strain_a_Tension_0.5pct,a,0.5,-0.04653195799999987,0.12157824562499994,0.0,-0.5581169291086714,56,fixed_k3
Strain_a_Tension_0.5pct,a,0.5,-0.042653333999999876,0.12157824562499994,0.0,-0.5622686631977447,56,fixed_k3
Strain_a_Tension_0.5pct,a,0.5,-0.03877470999999988,0.12157824562499994,0.0,-0.5802397890467157,56,fixed_k3
Strain_a_Tension_0.5pct,a,0.5,-0.03489608599999988,0.12157824562499994,0.0,-0.6088560391943352,56,fixed_k3
Strain_a_Tension_0.5pct,a,0.5,-0.031017461999999885,0.12157824562499994,0.0,-0.6436624812004088,56,fixed_k3
Strain_a_Tension_0.5pct,a,0.5,-0.027138837999999887,0.12157824562499994,0.0,-0.6796089308469084,56,fixed_k3
Strain_a_Tension_0.5pct,a,0.5,-0.02326021399999989,0.12157824562499994,0.0,-0.7115658186626668,56,fixed_k3
Strain_a_Tension_0.5pct,a,0.5,-0.019381589999999893,0.12157824562499994,0.0,-0.7347186845075768,56,fixed_k3
Strain_a_Tension_0.5pct,a,0.5,-0.015502965999999896,0.12157824562499994,0.0,-0.7448689660686916,56,fixed_k3
Strain_a_Tension_0.5pct,a,0.5,-0.011624341999999899,0.12157824562499994,0.0,-0.7386524233637402,56,fixed_k3
Strain_a_Tension_0.5pct,a,0.5,-0.0077457179999999015,0.12157824562499994,0.0,-0.7136763499534662,56,fixed_k3
Strain_a_Tension_0.5pct,a,0.5,-0.0038670939999999043,0.12157824562499994,0.0,-0.6685728658217447,56,fixed_k3
Strain_a_Tension_0.5pct,a,0.5,1.1530000000092855e-05,0.12157824562499994,0.0,-0.6029672227634233,56,fixed_k3
Strain_a_Tension_0.5pct,a,0.5,0.00389015400000009,0.12157824562499994,0.0,-0.5173655643053738,56,fixed_k3
Strain_a_Tension_0.5pct,a,0.5,0.007768778000000087,0.12157824562499994,0.0,-0.4129738295251215,56,fixed_k3
Strain_a_Tension_0.5pct,a,0.5,0.011647402000000084,0.12157824562499994,0.0,-0.29146620091304554,56,fixed_k3
Strain_a_Tension_0.5pct,a,0.5,0.015526026000000082,0.12157824562499994,0.0,-0.15472576146030415,56,fixed_k3
Strain_a_Tension_0.5pct,a,0.5,0.01940465000000008,0.12157824562499994,0.0,-0.0045807522660346045,56,fixed_k3
Strain_a_Tension_0.5pct,a,0.5,0.023283274000000076,0.12157824562499994,0.0,0.1574430245271916,56,fixed_k3
Strain_a_Tension_0.5pct,a,0.5,0.027161898000000073,0.12157824562499994,0.0,0.3303385430768766,56,fixed_k3
Strain_a_Tension_0.5pct,a,0.5,0.03104052200000007,0.12157824562499994,0.0,0.5137937690464565,56,fixed_k3
Strain_a_Tension_0.5pct,a,0.5,0.03491914600000007,0.12157824562499994,0.0,0.708323703549183,56,fixed_k3
Strain_a_Tension_0.5pct,a,0.5,0.038797770000000065,0.12157824562499994,0.0,0.9153549178070257,56,fixed_k3
Strain_a_Tension_0.5pct,a,0.5,0.04267639400000006,0.12157824562499994,0.0,1.137252577332108,56,fixed_k3
Strain_a_Tension_0.5pct,a,0.5,0.04655501800000006,0.12157824562499994,0.0,1.3772616512498037,56,fixed_k3
Strain_a_Tension_0.5pct,a,0.5,0.050433642000000056,0.12157824562499994,0.0,1.6392988374192718,56,fixed_k3
Strain_a_Tension_0.5pct,a,0.5,0.05431226600000005,0.12157824562499994,0.0,1.9274755296794834,56,fixed_k3
Strain_a_Tension_0.5pct,a,0.5,0.05819089000000005,0.12157824562499994,0.0,2.245158800736846,56,fixed_k3
Strain_a_Tension_0.5pct,a,0.5,0.06206951400000005,0.12157824562499994,0.0,2.593315273740453,56,fixed_k3
Strain_a_Tension_0.5pct,a,0.5,0.06594813800000005,0.12157824562499994,0.0,2.967912349307745,56,fixed_k3
Strain_a_Tension_0.5pct,a,0.5,0.06982676200000004,0.12157824562499994,0.0,3.356428777184372,56,fixed_k3
Strain_a_Tension_0.5pct,a,0.5,0.07370538600000004,0.12157824562499994,0.0,3.734247069234012,56,fixed_k3
Strain_a_Tension_0.5pct,a,0.5,0.07758401000000004,0.12157824562499994,0.0,4.062893968433665,56,fixed_k3
Strain_a_Tension_0.5pct,a,0.5,0.08146263400000003,0.12157824562499994,0.0,4.293216343591584,56,fixed_k3
Strain_a_Tension_0.5pct,a,0.5,0.08534125800000003,0.12157824562499994,0.0,4.376241232083007,56,fixed_k3
Strain_a_Tension_0.5pct,a,0.5,0.08921988200000003,0.12157824562499994,0.0,4.281266757297979,56,fixed_k3
Strain_a_Tension_0.5pct,a,0.5,0.09309850600000003,0.12157824562499994,0.0,4.015682050723804,56,fixed_k3
Strain_a_Tension_0.5pct,a,0.5,0.09697713000000002,0.12157824562499994,0.0,3.6395502899806145,56,fixed_k3
Strain_a_Tension_0.5pct,a,0.5,0.10085575400000002,0.12157824562499994,0.0,3.278281456184415,56,fixed_k3
Strain_a_Tension_0.5pct,a,0.5,0.10473437800000002,0.12157824562499994,0.0,3.169821756714895,56,fixed_k3
Strain_a_Tension_0.5pct,a,0.5,0.10861300200000001,0.12157824562499994,0.0,3.885361582434301,56,fixed_k3
Strain_a_Tension_0.5pct,a,0.5,0.11249162600000001,0.12157824562499994,0.0,7.309370294991052,56,fixed_k3
Strain_a_Tension_0.5pct,a,0.5,0.11637025000000001,0.12157824562499994,0.0,21.258014385864588,56,fixed_k3
Strain_a_Tension_0.5pct,a,0.5,0.120248874,0.12157824562499994,0.0,77.84377412538217,56,fixed_k3
Strain_a_Tension_0.5pct,a,0.5,0.124127498,0.12157824562499994,0.0,214.7561650786622,56,fixed_k3
Strain_a_Tension_0.5pct,a,0.5,0.128006122,0.12157824562499994,0.0,235.27263748761686,56,fixed_k3
Strain_a_Tension_0.5pct,a,0.5,0.131884746,0.12157824562499994,0.0,122.29926504916057,56,fixed_k3
Strain_a_Tension_0.5pct,a,0.5,0.13576337,0.12157824562499994,0.0,56.59749834952881,56,fixed_k3
Strain_a_Tension_0.5pct,a,0.5,0.139641994,0.12157824562499994,0.0,31.17330299339258,56,fixed_k3
Strain_a_Tension_0.5pct,a,0.5,0.143520618,0.12157824562499994,0.0,21.17269170589708,56,fixed_k3
Strain_a_Tension_0.5pct,a,0.5,0.14739924199999999,0.12157824562499994,0.0,16.75946075992402,56,fixed_k3
Strain_a_Tension_0.5pct,a,0.5,0.15127786599999998,0.12157824562499994,0.0,14.531631671691528,56,fixed_k3
Strain_a_Tension_0.5pct,a,0.5,0.15515649,0.12157824562499994,0.0,13.249044444720122,56,fixed_k3
Strain_a_Tension_0.5pct,a,0.5,-0.1551334299999998,0.12486488374999996,0.0,6.331609001416633,56,fixed_k3
Strain_a_Tension_0.5pct,a,0.5,-0.1512548059999998,0.12486488374999996,0.0,8.110028435822311,56,fixed_k3
Strain_a_Tension_0.5pct,a,0.5,-0.1473761819999998,0.12486488374999996,0.0,11.27971664374982,56,fixed_k3
Strain_a_Tension_0.5pct,a,0.5,-0.1434975579999998,0.12486488374999996,0.0,17.798623867668297,56,fixed_k3
Strain_a_Tension_0.5pct,a,0.5,-0.1396189339999998,0.12486488374999996,0.0,32.8268915626709,56,fixed_k3
Strain_a_Tension_0.5pct,a,0.5,-0.1357403099999998,0.12486488374999996,0.0,68.91282769625302,56,fixed_k3
Strain_a_Tension_0.5pct,a,0.5,-0.1318616859999998,0.12486488374999996,0.0,145.61867339666378,56,fixed_k3
Strain_a_Tension_0.5pct,a,0.5,-0.12798306199999981,0.12486488374999996,0.0,241.15056699370405,56,fixed_k3
Strain_a_Tension_0.5pct,a,0.5,-0.12410443799999982,0.12486488374999996,0.0,236.54100076556074,56,fixed_k3
Strain_a_Tension_0.5pct,a,0.5,-0.12022581399999982,0.12486488374999996,0.0,132.5642672553549,56,fixed_k3
Strain_a_Tension_0.5pct,a,0.5,-0.11634718999999982,0.12486488374999996,0.0,56.99790728777378,56,fixed_k3
Strain_a_Tension_0.5pct,a,0.5,-0.11246856599999983,0.12486488374999996,0.0,26.18010134008934,56,fixed_k3
Strain_a_Tension_0.5pct,a,0.5,-0.10858994199999983,0.12486488374999996,0.0,14.503916926055805,56,fixed_k3
Strain_a_Tension_0.5pct,a,0.5,-0.10471131799999983,0.12486488374999996,0.0,9.44320421126892,56,fixed_k3
Strain_a_Tension_0.5pct,a,0.5,-0.10083269399999983,0.12486488374999996,0.0,6.715837476798969,56,fixed_k3
Strain_a_Tension_0.5pct,a,0.5,-0.09695406999999984,0.12486488374999996,0.0,4.882033322980162,56,fixed_k3
Strain_a_Tension_0.5pct,a,0.5,-0.09307544599999984,0.12486488374999996,0.0,3.4518765021234707,56,fixed_k3
Strain_a_Tension_0.5pct,a,0.5,-0.08919682199999984,0.12486488374999996,0.0,2.273170070298962,56,fixed_k3
Strain_a_Tension_0.5pct,a,0.5,-0.08531819799999985,0.12486488374999996,0.0,1.3136561385029795,56,fixed_k3
Strain_a_Tension_0.5pct,a,0.5,-0.08143957399999985,0.12486488374999996,0.0,0.572030913323561,56,fixed_k3
Strain_a_Tension_0.5pct,a,0.5,-0.07756094999999985,0.12486488374999996,0.0,0.04064421885226088,56,fixed_k3
Strain_a_Tension_0.5pct,a,0.5,-0.07368232599999985,0.12486488374999996,0.0,-0.3050441845890637,56,fixed_k3
Strain_a_Tension_0.5pct,a,0.5,-0.06980370199999986,0.12486488374999996,0.0,-0.5028395646542392,56,fixed_k3
Strain_a_Tension_0.5pct,a,0.5,-0.06592507799999986,0.12486488374999996,0.0,-0.5951856345308082,56,fixed_k3
Strain_a_Tension_0.5pct,a,0.5,-0.06204645399999986,0.12486488374999996,0.0,-0.6214301513091551,56,fixed_k3
Strain_a_Tension_0.5pct,a,0.5,-0.058167829999999865,0.12486488374999996,0.0,-0.6133397973522334,56,fixed_k3
Strain_a_Tension_0.5pct,a,0.5,-0.05428920599999987,0.12486488374999996,0.0,-0.5937455310814781,56,fixed_k3
Strain_a_Tension_0.5pct,a,0.5,-0.05041058199999987,0.12486488374999996,0.0,-0.5772000203540735,56,fixed_k3
Strain_a_Tension_0.5pct,a,0.5,-0.04653195799999987,0.12486488374999996,0.0,-0.5715314995792031,56,fixed_k3
Strain_a_Tension_0.5pct,a,0.5,-0.042653333999999876,0.12486488374999996,0.0,-0.5795588426112945,56,fixed_k3
Strain_a_Tension_0.5pct,a,0.5,-0.03877470999999988,0.12486488374999996,0.0,-0.6006108557143315,56,fixed_k3
Strain_a_Tension_0.5pct,a,0.5,-0.03489608599999988,0.12486488374999996,0.0,-0.6317413857860084,56,fixed_k3
Strain_a_Tension_0.5pct,a,0.5,-0.031017461999999885,0.12486488374999996,0.0,-0.6686560695455164,56,fixed_k3
Strain_a_Tension_0.5pct,a,0.5,-0.027138837999999887,0.12486488374999996,0.0,-0.7064098180471539,56,fixed_k3
Strain_a_Tension_0.5pct,a,0.5,-0.02326021399999989,0.12486488374999996,0.0,-0.7399356505750188,56,fixed_k3
Strain_a_Tension_0.5pct,a,0.5,-0.019381589999999893,0.12486488374999996,0.0,-0.7644503588934217,56,fixed_k3
Strain_a_Tension_0.5pct,a,0.5,-0.015502965999999896,0.12486488374999996,0.0,-0.7757640933023655,56,fixed_k3
Strain_a_Tension_0.5pct,a,0.5,-0.011624341999999899,0.12486488374999996,0.0,-0.7705055686887192,56,fixed_k3
Strain_a_Tension_0.5pct,a,0.5,-0.0077457179999999015,0.12486488374999996,0.0,-0.7462646626315452,56,fixed_k3
Strain_a_Tension_0.5pct,a,0.5,-0.0038670939999999043,0.12486488374999996,0.0,-0.7016502277174217,56,fixed_k3
Strain_a_Tension_0.5pct,a,0.5,1.1530000000092855e-05,0.12486488374999996,0.0,-0.6362623087027508,56,fixed_k3
Strain_a_Tension_0.5pct,a,0.5,0.00389015400000009,0.12486488374999996,0.0,-0.5505831561331997,56,fixed_k3
Strain_a_Tension_0.5pct,a,0.5,0.007768778000000087,0.12486488374999996,0.0,-0.4457984237080237,56,fixed_k3
Strain_a_Tension_0.5pct,a,0.5,0.011647402000000084,0.12486488374999996,0.0,-0.32356652666421537,56,fixed_k3
Strain_a_Tension_0.5pct,a,0.5,0.015526026000000082,0.12486488374999996,0.0,-0.18575844714748824,56,fixed_k3
Strain_a_Tension_0.5pct,a,0.5,0.01940465000000008,0.12486488374999996,0.0,-0.034191197336509216,56,fixed_k3
Strain_a_Tension_0.5pct,a,0.5,0.023283274000000076,0.12486488374999996,0.0,0.12962438371870233,56,fixed_k3
Strain_a_Tension_0.5pct,a,0.5,0.027161898000000073,0.12486488374999996,0.0,0.3047058802413942,56,fixed_k3
Strain_a_Tension_0.5pct,a,0.5,0.03104052200000007,0.12486488374999996,0.0,0.49078182537440007,56,fixed_k3
Strain_a_Tension_0.5pct,a,0.5,0.03491914600000007,0.12486488374999996,0.0,0.6884291050998268,56,fixed_k3
Strain_a_Tension_0.5pct,a,0.5,0.038797770000000065,0.12486488374999996,0.0,0.8991600486280831,56,fixed_k3
Strain_a_Tension_0.5pct,a,0.5,0.04267639400000006,0.12486488374999996,0.0,1.125446775898725,56,fixed_k3
Strain_a_Tension_0.5pct,a,0.5,0.04655501800000006,0.12486488374999996,0.0,1.3706515924830285,56,fixed_k3
Strain_a_Tension_0.5pct,a,0.5,0.050433642000000056,0.12486488374999996,0.0,1.6387972849170263,56,fixed_k3
Strain_a_Tension_0.5pct,a,0.5,0.05431226600000005,0.12486488374999996,0.0,1.934057389109154,56,fixed_k3
Strain_a_Tension_0.5pct,a,0.5,0.05819089000000005,0.12486488374999996,0.0,2.25978060017976,56,fixed_k3
Strain_a_Tension_0.5pct,a,0.5,0.06206951400000005,0.12486488374999996,0.0,2.616817692929823,56,fixed_k3
Strain_a_Tension_0.5pct,a,0.5,0.06594813800000005,0.12486488374999996,0.0,3.0009756169700825,56,fixed_k3
Strain_a_Tension_0.5pct,a,0.5,0.06982676200000004,0.12486488374999996,0.0,3.3997277168135396,56,fixed_k3
Strain_a_Tension_0.5pct,a,0.5,0.07370538600000004,0.12486488374999996,0.0,3.78901833017387,56,fixed_k3
Strain_a_Tension_0.5pct,a,0.5,0.07758401000000004,0.12486488374999996,0.0,4.132074517327988,56,fixed_k3
Strain_a_Tension_0.5pct,a,0.5,0.08146263400000003,0.12486488374999996,0.0,4.382984413854936,56,fixed_k3
Strain_a_Tension_0.5pct,a,0.5,0.08534125800000003,0.12486488374999996,0.0,4.497154069331598,56,fixed_k3
Strain_a_Tension_0.5pct,a,0.5,0.08921988200000003,0.12486488374999996,0.0,4.447586130644854,56,fixed_k3
Strain_a_Tension_0.5pct,a,0.5,0.09309850600000003,0.12486488374999996,0.0,4.241533361129076,56,fixed_k3
Strain_a_Tension_0.5pct,a,0.5,0.09697713000000002,0.12486488374999996,0.0,3.931210297116217,56,fixed_k3
Strain_a_Tension_0.5pct,a,0.5,0.10085575400000002,0.12486488374999996,0.0,3.6207488278117825,56,fixed_k3
Strain_a_Tension_0.5pct,a,0.5,0.10473437800000002,0.12486488374999996,0.0,3.495332869940467,56,fixed_k3
Strain_a_Tension_0.5pct,a,0.5,0.10861300200000001,0.12486488374999996,0.0,3.9627396976232236,56,fixed_k3
Strain_a_Tension_0.5pct,a,0.5,0.11249162600000001,0.12486488374999996,0.0,6.2446277437697475,56,fixed_k3
Strain_a_Tension_0.5pct,a,0.5,0.11637025000000001,0.12486488374999996,0.0,14.788026543570997,56,fixed_k3
Strain_a_Tension_0.5pct,a,0.5,0.120248874,0.12486488374999996,0.0,44.22477372798103,56,fixed_k3
Strain_a_Tension_0.5pct,a,0.5,0.124127498,0.12486488374999996,0.0,106.55182341332,56,fixed_k3
Strain_a_Tension_0.5pct,a,0.5,0.128006122,0.12486488374999996,0.0,134.6705631287735,56,fixed_k3
Strain_a_Tension_0.5pct,a,0.5,0.131884746,0.12486488374999996,0.0,93.40998612828425,56,fixed_k3
Strain_a_Tension_0.5pct,a,0.5,0.13576337,0.12486488374999996,0.0,52.00843336661715,56,fixed_k3
Strain_a_Tension_0.5pct,a,0.5,0.139641994,0.12486488374999996,0.0,31.124294600107156,56,fixed_k3
Strain_a_Tension_0.5pct,a,0.5,0.143520618,0.12486488374999996,0.0,21.894235722709656,56,fixed_k3
Strain_a_Tension_0.5pct,a,0.5,0.14739924199999999,0.12486488374999996,0.0,17.647884351575705,56,fixed_k3
Strain_a_Tension_0.5pct,a,0.5,0.15127786599999998,0.12486488374999996,0.0,15.494758823668938,56,fixed_k3
Strain_a_Tension_0.5pct,a,0.5,0.15515649,0.12486488374999996,0.0,14.266076927923242,56,fixed_k3
Strain_a_Tension_0.5pct,a,0.5,-0.1551334299999998,0.12815152187499992,0.0,5.885957064594223,56,fixed_k3
Strain_a_Tension_0.5pct,a,0.5,-0.1512548059999998,0.12815152187499992,0.0,7.368503457852162,56,fixed_k3
Strain_a_Tension_0.5pct,a,0.5,-0.1473761819999998,0.12815152187499992,0.0,10.274354479491192,56,fixed_k3
Strain_a_Tension_0.5pct,a,0.5,-0.1434975579999998,0.12815152187499992,0.0,16.434174969230273,56,fixed_k3
Strain_a_Tension_0.5pct,a,0.5,-0.1396189339999998,0.12815152187499992,0.0,30.135506407860753,56,fixed_k3
Strain_a_Tension_0.5pct,a,0.5,-0.1357403099999998,0.12815152187499992,0.0,59.263696406000484,56,fixed_k3
Strain_a_Tension_0.5pct,a,0.5,-0.1318616859999998,0.12815152187499992,0.0,108.01807092544834,56,fixed_k3
Strain_a_Tension_0.5pct,a,0.5,-0.12798306199999981,0.12815152187499992,0.0,150.05715905416787,56,fixed_k3
Strain_a_Tension_0.5pct,a,0.5,-0.12410443799999982,0.12815152187499992,0.0,139.37575527748078,56,fixed_k3
Strain_a_Tension_0.5pct,a,0.5,-0.12022581399999982,0.12815152187499992,0.0,87.20754547820087,56,fixed_k3
Strain_a_Tension_0.5pct,a,0.5,-0.11634718999999982,0.12815152187499992,0.0,43.43259262622636,56,fixed_k3
Strain_a_Tension_0.5pct,a,0.5,-0.11246856599999983,0.12815152187499992,0.0,21.999176363904635,56,fixed_k3
Strain_a_Tension_0.5pct,a,0.5,-0.10858994199999983,0.12815152187499992,0.0,12.866096590259383,56,fixed_k3
Strain_a_Tension_0.5pct,a,0.5,-0.10471131799999983,0.12815152187499992,0.0,8.645310058128862,56,fixed_k3
Strain_a_Tension_0.5pct,a,0.5,-0.10083269399999983,0.12815152187499992,0.0,6.284003306170983,56,fixed_k3
Strain_a_Tension_0.5pct,a,0.5,-0.09695406999999984,0.12815152187499992,0.0,4.652530198772999,56,fixed_k3
Strain_a_Tension_0.5pct,a,0.5,-0.09307544599999984,0.12815152187499992,0.0,3.3504148636759634,56,fixed_k3
Strain_a_Tension_0.5pct,a,0.5,-0.08919682199999984,0.12815152187499992,0.0,2.2549454952945873,56,fixed_k3
Strain_a_Tension_0.5pct,a,0.5,-0.08531819799999985,0.12815152187499992,0.0,1.3457943220657895,56,fixed_k3
Strain_a_Tension_0.5pct,a,0.5,-0.08143957399999985,0.12815152187499992,0.0,0.6291428777395016,56,fixed_k3
Strain_a_Tension_0.5pct,a,0.5,-0.07756094999999985,0.12815152187499992,0.0,0.1042845952394238,56,fixed_k3
Strain_a_Tension_0.5pct,a,0.5,-0.07368232599999985,0.12815152187499992,0.0,-0.24659556933813764,56,fixed_k3
Strain_a_Tension_0.5pct,a,0.5,-0.06980370199999986,0.12815152187499992,0.0,-0.45557720206884156,56,fixed_k3
Strain_a_Tension_0.5pct,a,0.5,-0.06592507799999986,0.12815152187499992,0.0,-0.5609868747383371,56,fixed_k3
Strain_a_Tension_0.5pct,a,0.5,-0.06204645399999986,0.12815152187499992,0.0,-0.599718886097675,56,fixed_k3
Strain_a_Tension_0.5pct,a,0.5,-0.058167829999999865,0.12815152187499992,0.0,-0.6024028768514174,56,fixed_k3
Strain_a_Tension_0.5pct,a,0.5,-0.05428920599999987,0.12815152187499992,0.0,-0.5915802854170717,56,fixed_k3
Strain_a_Tension_0.5pct,a,0.5,-0.05041058199999987,0.12815152187499992,0.0,-0.581959812958055,56,fixed_k3
Strain_a_Tension_0.5pct,a,0.5,-0.04653195799999987,0.12815152187499992,0.0,-0.5817001730543483,56,fixed_k3
Strain_a_Tension_0.5pct,a,0.5,-0.042653333999999876,0.12815152187499992,0.0,-0.5939733197357464,56,fixed_k3
Strain_a_Tension_0.5pct,a,0.5,-0.03877470999999988,0.12815152187499992,0.0,-0.6184143736794465,56,fixed_k3
Strain_a_Tension_0.5pct,a,0.5,-0.03489608599999988,0.12815152187499992,0.0,-0.6523150344150839,56,fixed_k3
Strain_a_Tension_0.5pct,a,0.5,-0.031017461999999885,0.12815152187499992,0.0,-0.6915519646150527,56,fixed_k3
Strain_a_Tension_0.5pct,a,0.5,-0.027138837999999887,0.12815152187499992,0.0,-0.7312949246707166,56,fixed_k3
Strain_a_Tension_0.5pct,a,0.5,-0.02326021399999989,0.12815152187499992,0.0,-0.7665479893734379,56,fixed_k3
Strain_a_Tension_0.5pct,a,0.5,-0.019381589999999893,0.12815152187499992,0.0,-0.7925662585991557,56,fixed_k3
Strain_a_Tension_0.5pct,a,0.5,-0.015502965999999896,0.12815152187499992,0.0,-0.8051743268297673,56,fixed_k3
Strain_a_Tension_0.5pct,a,0.5,-0.011624341999999899,0.12815152187499992,0.0,-0.8009984163691923,56,fixed_k3
Strain_a_Tension_0.5pct,a,0.5,-0.0077457179999999015,0.12815152187499992,0.0,-0.777614489676576,56,fixed_k3
Strain_a_Tension_0.5pct,a,0.5,-0.0038670939999999043,0.12815152187499992,0.0,-0.7336106588216174,56,fixed_k3
Strain_a_Tension_0.5pct,a,0.5,1.1530000000092855e-05,0.12815152187499992,0.0,-0.6685633413859242,56,fixed_k3
Strain_a_Tension_0.5pct,a,0.5,0.00389015400000009,0.12815152187499992,0.0,-0.582931522275175,56,fixed_k3
Strain_a_Tension_0.5pct,a,0.5,0.007768778000000087,0.12815152187499992,0.0,-0.4778802357484744,56,fixed_k3
Strain_a_Tension_0.5pct,a,0.5,0.011647402000000084,0.12815152187499992,0.0,-0.355050854057128,56,fixed_k3
Strain_a_Tension_0.5pct,a,0.5,0.015526026000000082,0.12815152187499992,0.0,-0.216300117379161,56,fixed_k3
Strain_a_Tension_0.5pct,a,0.5,0.01940465000000008,0.12815152187499992,0.0,-0.06343095455765102,56,fixed_k3
Strain_a_Tension_0.5pct,a,0.5,0.023283274000000076,0.12815152187499992,0.0,0.10206408846801951,56,fixed_k3
Strain_a_Tension_0.5pct,a,0.5,0.027161898000000073,0.12815152187499992,0.0,0.2792306847728203,56,fixed_k3
Strain_a_Tension_0.5pct,a,0.5,0.03104052200000007,0.12815152187499992,0.0,0.4678411435240397,56,fixed_k3
Strain_a_Tension_0.5pct,a,0.5,0.03491914600000007,0.12815152187499992,0.0,0.6685366552426788,56,fixed_k3
Strain_a_Tension_0.5pct,a,0.5,0.038797770000000065,0.12815152187499992,0.0,0.8829163097223414,56,fixed_k3
Strain_a_Tension_0.5pct,a,0.5,0.04267639400000006,0.12815152187499992,0.0,1.1135580341345452,56,fixed_k3
Strain_a_Tension_0.5pct,a,0.5,0.04655501800000006,0.12815152187499992,0.0,1.363937401710218,56,fixed_k3
Strain_a_Tension_0.5pct,a,0.5,0.050433642000000056,0.12815152187499992,0.0,1.638175693543818,56,fixed_k3
Strain_a_Tension_0.5pct,a,0.5,0.05431226600000005,0.12815152187499992,0.0,1.9404974732742855,56,fixed_k3
Strain_a_Tension_0.5pct,a,0.5,0.05819089000000005,0.12815152187499992,0.0,2.2742196776625874,56,fixed_k3
Strain_a_Tension_0.5pct,a,0.5,0.06206951400000005,0.12815152187499992,0.0,2.6400643836871343,56,fixed_k3
Strain_a_Tension_0.5pct,a,0.5,0.06594813800000005,0.12815152187499992,0.0,3.0336683394860198,56,fixed_k3
Strain_a_Tension_0.5pct,a,0.5,0.06982676200000004,0.12815152187499992,0.0,3.442488065858413,56,fixed_k3
Strain_a_Tension_0.5pct,a,0.5,0.07370538600000004,0.12815152187499992,0.0,3.8429895071855276,56,fixed_k3
Strain_a_Tension_0.5pct,a,0.5,0.07758401000000004,0.12815152187499992,0.0,4.199964744791332,56,fixed_k3
Strain_a_Tension_0.5pct,a,0.5,0.08146263400000003,0.12815152187499992,0.0,4.470414976043761,56,fixed_k3
Strain_a_Tension_0.5pct,a,0.5,0.08534125800000003,0.12815152187499992,0.0,4.61354422860743,56,fixed_k3
Strain_a_Tension_0.5pct,a,0.5,0.08921988200000003,0.12815152187499992,0.0,4.605325319109005,56,fixed_k3
Strain_a_Tension_0.5pct,a,0.5,0.09309850600000003,0.12815152187499992,0.0,4.452297466647276,56,fixed_k3
Strain_a_Tension_0.5pct,a,0.5,0.09697713000000002,0.12815152187499992,0.0,4.198774655524565,56,fixed_k3
Strain_a_Tension_0.5pct,a,0.5,0.10085575400000002,0.12815152187499992,0.0,3.9283763954604036,56,fixed_k3
Strain_a_Tension_0.5pct,a,0.5,0.10473437800000002,0.12815152187499992,0.0,3.776669018365488,56,fixed_k3
Strain_a_Tension_0.5pct,a,0.5,0.10861300200000001,0.12815152187499992,0.0,4.007658882974977,56,fixed_k3
Strain_a_Tension_0.5pct,a,0.5,0.11249162600000001,0.12815152187499992,0.0,5.332200632915421,56,fixed_k3
Strain_a_Tension_0.5pct,a,0.5,0.11637025000000001,0.12815152187499992,0.0,10.117576365191624,56,fixed_k3
Strain_a_Tension_0.5pct,a,0.5,0.120248874,0.12815152187499992,0.0,25.343803153715555,56,fixed_k3
Strain_a_Tension_0.5pct,a,0.5,0.124127498,0.12815152187499992,0.0,56.57655728414628,56,fixed_k3
Strain_a_Tension_0.5pct,a,0.5,0.128006122,0.12815152187499992,0.0,78.77475653265647,56,fixed_k3
Strain_a_Tension_0.5pct,a,0.5,0.131884746,0.12815152187499992,0.0,67.84991977237169,56,fixed_k3
Strain_a_Tension_0.5pct,a,0.5,0.13576337,0.12815152187499992,0.0,45.374875296272556,56,fixed_k3
Strain_a_Tension_0.5pct,a,0.5,0.139641994,0.12815152187499992,0.0,30.106071860131728,56,fixed_k3
Strain_a_Tension_0.5pct,a,0.5,0.143520618,0.12815152187499992,0.0,22.287225230716135,56,fixed_k3
Strain_a_Tension_0.5pct,a,0.5,0.14739924199999999,0.12815152187499992,0.0,18.46655545718301,56,fixed_k3
Strain_a_Tension_0.5pct,a,0.5,0.15127786599999998,0.12815152187499992,0.0,16.504929423145036,56,fixed_k3
Strain_a_Tension_0.5pct,a,0.5,0.15515649,0.12815152187499992,0.0,15.390908421761555,56,fixed_k3
Strain_a_Tension_0.5pct,a,0.5,-0.1551334299999998,0.13143815999999992,0.0,5.508272514341921,56,fixed_k3
Strain_a_Tension_0.5pct,a,0.5,-0.1512548059999998,0.13143815999999992,0.0,6.533907302469212,56,fixed_k3
Strain_a_Tension_0.5pct,a,0.5,-0.1473761819999998,0.13143815999999992,0.0,9.005014095432411,56,fixed_k3
Strain_a_Tension_0.5pct,a,0.5,-0.1434975579999998,0.13143815999999992,0.0,14.530021915746568,56,fixed_k3
Strain_a_Tension_0.5pct,a,0.5,-0.1396189339999998,0.13143815999999992,0.0,26.31603973670423,56,fixed_k3
Strain_a_Tension_0.5pct,a,0.5,-0.1357403099999998,0.13143815999999992,0.0,48.258635979030146,56,fixed_k3
Strain_a_Tension_0.5pct,a,0.5,-0.1318616859999998,0.13143815999999992,0.0,77.58669214381965,56,fixed_k3
Strain_a_Tension_0.5pct,a,0.5,-0.12798306199999981,0.13143815999999992,0.0,96.08964798289185,56,fixed_k3
Strain_a_Tension_0.5pct,a,0.5,-0.12410443799999982,0.13143815999999992,0.0,87.58367377392196,56,fixed_k3
Strain_a_Tension_0.5pct,a,0.5,-0.12022581399999982,0.13143815999999992,0.0,59.73069895756873,56,fixed_k3
Strain_a_Tension_0.5pct,a,0.5,-0.11634718999999982,0.13143815999999992,0.0,33.519579435672135,56,fixed_k3
Strain_a_Tension_0.5pct,a,0.5,-0.11246856599999983,0.13143815999999992,0.0,18.568326675743215,56,fixed_k3
Strain_a_Tension_0.5pct,a,0.5,-0.10858994199999983,0.13143815999999992,0.0,11.461076900587594,56,fixed_k3
Strain_a_Tension_0.5pct,a,0.5,-0.10471131799999983,0.13143815999999992,0.0,7.95515684615928,56,fixed_k3
Strain_a_Tension_0.5pct,a,0.5,-0.10083269399999983,0.13143815999999992,0.0,5.91354762525614,56,fixed_k3
Strain_a_Tension_0.5pct,a,0.5,-0.09695406999999984,0.13143815999999992,0.0,4.461027250020564,56,fixed_k3
Strain_a_Tension_0.5pct,a,0.5,-0.09307544599999984,0.13143815999999992,0.0,3.273271954132454,56,fixed_k3
Strain_a_Tension_0.5pct,a,0.5,-0.08919682199999984,0.13143815999999992,0.0,2.252758241861991,56,fixed_k3
Strain_a_Tension_0.5pct,a,0.5,-0.08531819799999985,0.13143815999999992,0.0,1.389198073836334,56,fixed_k3
Strain_a_Tension_0.5pct,a,0.5,-0.08143957399999985,0.13143815999999992,0.0,0.6950468836451693,56,fixed_k3
Strain_a_Tension_0.5pct,a,0.5,-0.07756094999999985,0.13143815999999992,0.0,0.17557556209700542,56,fixed_k3
Strain_a_Tension_0.5pct,a,0.5,-0.07368232599999985,0.13143815999999992,0.0,-0.18103612178646555,56,fixed_k3
Strain_a_Tension_0.5pct,a,0.5,-0.06980370199999986,0.13143815999999992,0.0,-0.4015913131942077,56,fixed_k3
Strain_a_Tension_0.5pct,a,0.5,-0.06592507799999986,0.13143815999999992,0.0,-0.5204980134098114,56,fixed_k3
Strain_a_Tension_0.5pct,a,0.5,-0.06204645399999986,0.13143815999999992,0.0,-0.5722335424908591,56,fixed_k3
Strain_a_Tension_0.5pct,a,0.5,-0.058167829999999865,0.13143815999999992,0.0,-0.5862545368152903,56,fixed_k3
Strain_a_Tension_0.5pct,a,0.5,-0.05428920599999987,0.13143815999999992,0.0,-0.5847631265051381,56,fixed_k3
Strain_a_Tension_0.5pct,a,0.5,-0.05041058199999987,0.13143815999999992,0.0,-0.5825865963005699,56,fixed_k3
Strain_a_Tension_0.5pct,a,0.5,-0.04653195799999987,0.13143815999999992,0.0,-0.588194598843891,56,fixed_k3
Strain_a_Tension_0.5pct,a,0.5,-0.042653333999999876,0.13143815999999992,0.0,-0.605107115245958,56,fixed_k3
Strain_a_Tension_0.5pct,a,0.5,-0.03877470999999988,0.13143815999999992,0.0,-0.633269543170663,56,fixed_k3
Strain_a_Tension_0.5pct,a,0.5,-0.03489608599999988,0.13143815999999992,0.0,-0.6702198205411567,56,fixed_k3
Strain_a_Tension_0.5pct,a,0.5,-0.031017461999999885,0.13143815999999992,0.0,-0.7120154181813039,56,fixed_k3
Strain_a_Tension_0.5pct,a,0.5,-0.027138837999999887,0.13143815999999992,0.0,-0.7539504429765893,56,fixed_k3
Strain_a_Tension_0.5pct,a,0.5,-0.02326021399999989,0.13143815999999992,0.0,-0.7911084646057835,56,fixed_k3
Strain_a_Tension_0.5pct,a,0.5,-0.019381589999999893,0.13143815999999992,0.0,-0.8187900244632349,56,fixed_k3
Strain_a_Tension_0.5pct,a,0.5,-0.015502965999999896,0.13143815999999992,0.0,-0.8328399969765812,56,fixed_k3
Strain_a_Tension_0.5pct,a,0.5,-0.011624341999999899,0.13143815999999992,0.0,-0.8298867510315358,56,fixed_k3
Strain_a_Tension_0.5pct,a,0.5,-0.0077457179999999015,0.13143815999999992,0.0,-0.8074958819511338,56,fixed_k3
Strain_a_Tension_0.5pct,a,0.5,-0.0038670939999999043,0.13143815999999992,0.0,-0.764237289942173,56,fixed_k3
Strain_a_Tension_0.5pct,a,0.5,1.1530000000092855e-05,0.13143815999999992,0.0,-0.6996653079923192,56,fixed_k3
Strain_a_Tension_0.5pct,a,0.5,0.00389015400000009,0.13143815999999992,0.0,-0.6142162224757799,56,fixed_k3
Strain_a_Tension_0.5pct,a,0.5,0.007768778000000087,0.13143815999999992,0.0,-0.5090340552037507,56,fixed_k3
Strain_a_Tension_0.5pct,a,0.5,0.011647402000000084,0.13143815999999992,0.0,-0.3857418330886464,56,fixed_k3
Strain_a_Tension_0.5pct,a,0.5,0.015526026000000082,0.13143815999999992,0.0,-0.24617995565927053,56,fixed_k3
Strain_a_Tension_0.5pct,a,0.5,0.01940465000000008,0.13143815999999992,0.0,-0.09213456737041614,56,fixed_k3
Strain_a_Tension_0.5pct,a,0.5,0.023283274000000076,0.13143815999999992,0.0,0.07492309751916348,56,fixed_k3
Strain_a_Tension_0.5pct,a,0.5,0.027161898000000073,0.13143815999999992,0.0,0.25406975676996435,56,fixed_k3
Strain_a_Tension_0.5pct,a,0.5,0.03104052200000007,0.13143815999999992,0.0,0.4451239085616079,56,fixed_k3
Strain_a_Tension_0.5pct,a,0.5,0.03491914600000007,0.13143815999999992,0.0,0.6487923298949294,56,fixed_k3
Strain_a_Tension_0.5pct,a,0.5,0.038797770000000065,0.13143815999999992,0.0,0.8667603173035845,56,fixed_k3
Strain_a_Tension_0.5pct,a,0.5,0.04267639400000006,0.13143815999999992,0.0,1.1017084056609057,56,fixed_k3
Strain_a_Tension_0.5pct,a,0.5,0.04655501800000006,0.13143815999999992,0.0,1.3572187540341347,56,fixed_k3
Strain_a_Tension_0.5pct,a,0.5,0.050433642000000056,0.13143815999999992,0.0,1.637500335576002,56,fixed_k3
Strain_a_Tension_0.5pct,a,0.5,0.05431226600000005,0.13143815999999992,0.0,1.9468138278860292,56,fixed_k3
Strain_a_Tension_0.5pct,a,0.5,0.05819089000000005,0.13143815999999992,0.0,2.2884266447755484,56,fixed_k3
Strain_a_Tension_0.5pct,a,0.5,0.06206951400000005,0.13143815999999992,0.0,2.662914220214376,56,fixed_k3
Strain_a_Tension_0.5pct,a,0.5,0.06594813800000005,0.13143815999999992,0.0,3.0657270448698553,56,fixed_k3
Strain_a_Tension_0.5pct,a,0.5,0.06982676200000004,0.13143815999999992,0.0,3.4842849509625364,56,fixed_k3
Strain_a_Tension_0.5pct,a,0.5,0.07370538600000004,0.13143815999999992,0.0,3.8955242207300844,56,fixed_k3
Strain_a_Tension_0.5pct,a,0.5,0.07758401000000004,0.13143815999999992,0.0,4.2656556516480215,56,fixed_k3
Strain_a_Tension_0.5pct,a,0.5,0.08146263400000003,0.13143815999999992,0.0,4.554262560289011,56,fixed_k3
Strain_a_Tension_0.5pct,a,0.5,0.08534125800000003,0.13143815999999992,0.0,4.723779934661619,56,fixed_k3
Strain_a_Tension_0.5pct,a,0.5,0.08921988200000003,0.13143815999999992,0.0,4.752435417485607,56,fixed_k3
Strain_a_Tension_0.5pct,a,0.5,0.09309850600000003,0.13143815999999992,0.0,4.645448129110308,56,fixed_k3
Strain_a_Tension_0.5pct,a,0.5,0.09697713000000002,0.13143815999999992,0.0,4.439029354042752,56,fixed_k3
Strain_a_Tension_0.5pct,a,0.5,0.10085575400000002,0.13143815999999992,0.0,4.196794317178501,56,fixed_k3
Strain_a_Tension_0.5pct,a,0.5,0.10473437800000002,0.13143815999999992,0.0,4.00774135756599,56,fixed_k3
Strain_a_Tension_0.5pct,a,0.5,0.10861300200000001,0.13143815999999992,0.0,4.011630492477335,56,fixed_k3
Strain_a_Tension_0.5pct,a,0.5,0.11249162600000001,0.13143815999999992,0.0,4.5384341228919665,56,fixed_k3
Strain_a_Tension_0.5pct,a,0.5,0.11637025000000001,0.13143815999999992,0.0,6.716463263689647,56,fixed_k3
Strain_a_Tension_0.5pct,a,0.5,0.120248874,0.13143815999999992,0.0,14.129080675377082,56,fixed_k3
Strain_a_Tension_0.5pct,a,0.5,0.124127498,0.13143815999999992,0.0,30.635513856864243,56,fixed_k3
Strain_a_Tension_0.5pct,a,0.5,0.128006122,0.13143815999999992,0.0,46.67744274242441,56,fixed_k3
Strain_a_Tension_0.5pct,a,0.5,0.131884746,0.13143815999999992,0.0,47.68940583810497,56,fixed_k3
Strain_a_Tension_0.5pct,a,0.5,0.13576337,0.13143815999999992,0.0,37.80919138765672,56,fixed_k3
Strain_a_Tension_0.5pct,a,0.5,0.139641994,0.13143815999999992,0.0,28.164250875571277,56,fixed_k3
Strain_a_Tension_0.5pct,a,0.5,0.143520618,0.13143815999999992,0.0,22.26858422691342,56,fixed_k3
Strain_a_Tension_0.5pct,a,0.5,0.14739924199999999,0.13143815999999992,0.0,19.15929426174483,56,fixed_k3
Strain_a_Tension_0.5pct,a,0.5,0.15127786599999998,0.13143815999999992,0.0,17.537131764603096,56,fixed_k3
Strain_a_Tension_0.5pct,a,0.5,0.15515649,0.13143815999999992,0.0,16.618765375210497,56,fixed_k3
