case_label,path,strain_percent,k1_centered,k2_centered,k3_centered,omega3_reduced,num_occupied,slice_mode
00_Optimized_Structure,a,0.0,-0.1551334299999998,-0.1314928899999999,0.0,-14.851947288807047,56,fixed_k3
00_Optimized_Structure,a,0.0,-0.1512548059999998,-0.1314928899999999,0.0,-15.26042627795745,56,fixed_k3
00_Optimized_Structure,a,0.0,-0.1473761819999998,-0.1314928899999999,0.0,-16.1120107782302,56,fixed_k3
00_Optimized_Structure,a,0.0,-0.1434975579999998,-0.1314928899999999,0.0,-17.917981190314904,56,fixed_k3
00_Optimized_Structure,a,0.0,-0.1396189339999998,-0.1314928899999999,0.0,-21.40920825002574,56,fixed_k3
00_Optimized_Structure,a,0.0,-0.1357403099999998,-0.1314928899999999,0.0,-26.876933354006567,56,fixed_k3
00_Optimized_Structure,a,0.0,-0.1318616859999998,-0.1314928899999999,0.0,-32.18770248357852,56,fixed_k3
00_Optimized_Structure,a,0.0,-0.12798306199999981,-0.1314928899999999,0.0,-32.091158036550134,56,fixed_k3
00_Optimized_Structure,a,0.0,-0.12410443799999982,-0.1314928899999999,0.0,-24.076801957693057,56,fixed_k3
00_Optimized_Structure,a,0.0,-0.12022581399999982,-0.1314928899999999,0.0,-13.545502464099698,56,fixed_k3
00_Optimized_Structure,a,0.0,-0.11634718999999982,-0.1314928899999999,0.0,-6.9074560590831116,56,fixed_k3
00_Optimized_Structure,a,0.0,-0.11246856599999983,-0.1314928899999999,0.0,-4.411091797382143,56,fixed_k3
00_Optimized_Structure,a,0.0,-0.10858994199999983,-0.1314928899999999,0.0,-3.8566578205614546,56,fixed_k3
00_Optimized_Structure,a,0.0,-0.10471131799999983,-0.1314928899999999,0.0,-3.9683181731261623,56,fixed_k3
00_Optimized_Structure,a,0.0,-0.10083269399999983,-0.1314928899999999,0.0,-4.265785993389863,56,fixed_k3
00_Optimized_Structure,a,0.0,-0.09695406999999984,-0.1314928899999999,0.0,-4.565018064345814,56,fixed_k3
00_Optimized_Structure,a,0.0,-0.09307544599999984,-0.1314928899999999,0.0,-4.777468477125481,56,fixed_k3
00_Optimized_Structure,a,0.0,-0.08919682199999984,-0.1314928899999999,0.0,-4.8548170280078295,56,fixed_k3
00_Optimized_Structure,a,0.0,-0.08531819799999985,-0.1314928899999999,0.0,-4.778717139087259,56,fixed_k3
00_Optimized_Structure,a,0.0,-0.08143957399999985,-0.1314928899999999,0.0,-4.558251886200966,56,fixed_k3
00_Optimized_Structure,a,0.0,-0.07756094999999985,-0.1314928899999999,0.0,-4.223402000875394,56,fixed_k3
00_Optimized_Structure,a,0.0,-0.07368232599999985,-0.1314928899999999,0.0,-3.814331961011669,56,fixed_k3
00_Optimized_Structure,a,0.0,-0.06980370199999986,-0.1314928899999999,0.0,-3.3706650319753972,56,fixed_k3
00_Optimized_Structure,a,0.0,-0.06592507799999986,-0.1314928899999999,0.0,-2.924325415373853,56,fixed_k3
00_Optimized_Structure,a,0.0,-0.06204645399999986,-0.1314928899999999,0.0,-2.4968787261104683,56,fixed_k3
00_Optimized_Structure,a,0.0,-0.058167829999999865,-0.1314928899999999,0.0,-2.100226800843183,56,fixed_k3
00_Optimized_Structure,a,0.0,-0.05428920599999987,-0.1314928899999999,0.0,-1.7389103529447167,56,fixed_k3
00_Optimized_Structure,a,0.0,-0.05041058199999987,-0.1314928899999999,0.0,-1.412675663815984,56,fixed_k3
00_Optimized_Structure,a,0.0,-0.04653195799999987,-0.1314928899999999,0.0,-1.11862233550544,56,fixed_k3
00_Optimized_Structure,a,0.0,-0.042653333999999876,-0.1314928899999999,0.0,-0.852745754057791,56,fixed_k3
00_Optimized_Structure,a,0.0,-0.03877470999999988,-0.1314928899999999,0.0,-0.6109380376239071,56,fixed_k3
00_Optimized_Structure,a,0.0,-0.03489608599999988,-0.1314928899999999,0.0,-0.38958673438288827,56,fixed_k3
00_Optimized_Structure,a,0.0,-0.031017461999999885,-0.1314928899999999,0.0,-0.18590073855194733,56,fixed_k3
00_Optimized_Structure,a,0.0,-0.027138837999999887,-0.1314928899999999,0.0,0.0019436378880124394,56,fixed_k3
00_Optimized_Structure,a,0.0,-0.02326021399999989,-0.1314928899999999,0.0,0.17477914129759187,56,fixed_k3
00_Optimized_Structure,a,0.0,-0.019381589999999893,-0.1314928899999999,0.0,0.3325149057045351,56,fixed_k3
00_Optimized_Structure,a,0.0,-0.015502965999999896,-0.1314928899999999,0.0,0.47427760620976844,56,fixed_k3
00_Optimized_Structure,a,0.0,-0.011624341999999899,-0.1314928899999999,0.0,0.5986150446443479,56,fixed_k3
00_Optimized_Structure,a,0.0,-0.0077457179999999015,-0.1314928899999999,0.0,0.7037499680632497,56,fixed_k3
00_Optimized_Structure,a,0.0,-0.0038670939999999043,-0.1314928899999999,0.0,0.787867362502078,56,fixed_k3
00_Optimized_Structure,a,0.0,1.1530000000092855e-05,-0.1314928899999999,0.0,0.8494128414288964,56,fixed_k3
00_Optimized_Structure,a,0.0,0.00389015400000009,-0.1314928899999999,0.0,0.8873755404329411,56,fixed_k3
00_Optimized_Structure,a,0.0,0.007768778000000087,-0.1314928899999999,0.0,0.9015280284246012,56,fixed_k3
00_Optimized_Structure,a,0.0,0.011647402000000084,-0.1314928899999999,0.0,0.8925990229954661,56,fixed_k3
00_Optimized_Structure,a,0.0,0.015526026000000082,-0.1314928899999999,0.0,0.8623617532176673,56,fixed_k3
00_Optimized_Structure,a,0.0,0.01940465000000008,-0.1314928899999999,0.0,0.8136300654891473,56,fixed_k3
00_Optimized_Structure,a,0.0,0.023283274000000076,-0.1314928899999999,0.0,0.7501634963916257,56,fixed_k3
00_Optimized_Structure,a,0.0,0.027161898000000073,-0.1314928899999999,0.0,0.6764891161771387,56,fixed_k3
00_Optimized_Structure,a,0.0,0.03104052200000007,-0.1314928899999999,0.0,0.5976500475742368,56,fixed_k3
00_Optimized_Structure,a,0.0,0.03491914600000007,-0.1314928899999999,0.0,0.5188871513987952,56,fixed_k3
00_Optimized_Structure,a,0.0,0.038797770000000065,-0.1314928899999999,0.0,0.4452515081844206,56,fixed_k3
00_Optimized_Structure,a,0.0,0.04267639400000006,-0.1314928899999999,0.0,0.38113240936591763,56,fixed_k3
00_Optimized_Structure,a,0.0,0.04655501800000006,-0.1314928899999999,0.0,0.3296719620100683,56,fixed_k3
00_Optimized_Structure,a,0.0,0.050433642000000056,-0.1314928899999999,0.0,0.2920298939336634,56,fixed_k3
00_Optimized_Structure,a,0.0,0.05431226600000005,-0.1314928899999999,0.0,0.2664733793072589,56,fixed_k3
00_Optimized_Structure,a,0.0,0.05819089000000005,-0.1314928899999999,0.0,0.24731773758903142,56,fixed_k3
00_Optimized_Structure,a,0.0,0.06206951400000005,-0.1314928899999999,0.0,0.2238631577690735,56,fixed_k3
00_Optimized_Structure,a,0.0,0.06594813800000005,-0.1314928899999999,0.0,0.17968333287086824,56,fixed_k3
00_Optimized_Structure,a,0.0,0.06982676200000004,-0.1314928899999999,0.0,0.09290534967311381,56,fixed_k3
00_Optimized_Structure,a,0.0,0.07370538600000004,-0.1314928899999999,0.0,-0.06164822225984112,56,fixed_k3
00_Optimized_Structure,a,0.0,0.07758401000000004,-0.1314928899999999,0.0,-0.3076881253529635,56,fixed_k3
00_Optimized_Structure,a,0.0,0.08146263400000003,-0.1314928899999999,0.0,-0.6601029713150774,56,fixed_k3
00_Optimized_Structure,a,0.0,0.08534125800000003,-0.1314928899999999,0.0,-1.1167239235975701,56,fixed_k3
00_Optimized_Structure,a,0.0,0.08921988200000003,-0.1314928899999999,0.0,-1.6528925038765105,56,fixed_k3
00_Optimized_Structure,a,0.0,0.09309850600000003,-0.1314928899999999,0.0,-2.2237367403732504,56,fixed_k3
00_Optimized_Structure,a,0.0,0.09697713000000002,-0.1314928899999999,0.0,-2.779389423356008,56,fixed_k3
00_Optimized_Structure,a,0.0,0.10085575400000002,-0.1314928899999999,0.0,-3.3012622876951703,56,fixed_k3
00_Optimized_Structure,a,0.0,0.10473437800000002,-0.1314928899999999,0.0,-3.882502651292663,56,fixed_k3
00_Optimized_Structure,a,0.0,0.10861300200000001,-0.1314928899999999,0.0,-4.918390323026724,56,fixed_k3
00_Optimized_Structure,a,0.0,0.11249162600000001,-0.1314928899999999,0.0,-7.527350677521116,56,fixed_k3
00_Optimized_Structure,a,0.0,0.11637025000000001,-0.1314928899999999,0.0,-14.046996005963392,56,fixed_k3
00_Optimized_Structure,a,0.0,0.120248874,-0.1314928899999999,0.0,-26.57237375639691,56,fixed_k3
00_Optimized_Structure,a,0.0,0.124127498,-0.1314928899999999,0.0,-40.972952959845465,56,fixed_k3
00_Optimized_Structure,a,0.0,0.128006122,-0.1314928899999999,0.0,-46.853753549538055,56,fixed_k3
00_Optimized_Structure,a,0.0,0.131884746,-0.1314928899999999,0.0,-40.16825442040063,56,fixed_k3
00_Optimized_Structure,a,0.0,0.13576337,-0.1314928899999999,0.0,-27.635554698890104,56,fixed_k3
00_Optimized_Structure,a,0.0,0.139641994,-0.1314928899999999,0.0,-17.121094041671427,56,fixed_k3
00_Optimized_Structure,a,0.0,0.143520618,-0.1314928899999999,0.0,-10.846256816898427,56,fixed_k3
00_Optimized_Structure,a,0.0,0.14739924199999999,-0.1314928899999999,0.0,-7.683456569821871,56,fixed_k3
00_Optimized_Structure,a,0.0,0.15127786599999998,-0.1314928899999999,0.0,-6.230428360819012,56,fixed_k3
00_Optimized_Structure,a,0.0,0.15515649,-0.1314928899999999,0.0,-5.654991640784718,56,fixed_k3
00_Optimized_Structure,a,0.0,-0.1551334299999998,-0.1282062518749999,0.0,-13.998902787020118,56,fixed_k3
00_Optimized_Structure,a,0.0,-0.1512548059999998,-0.1282062518749999,0.0,-14.749979482664072,56,fixed_k3
00_Optimized_Structure,a,0.0,-0.1473761819999998,-0.1282062518749999,0.0,-16.090539667349923,56,fixed_k3
00_Optimized_Structure,a,0.0,-0.1434975579999998,-0.1282062518749999,0.0,-18.705932252211404,56,fixed_k3
00_Optimized_Structure,a,0.0,-0.1396189339999998,-0.1282062518749999,0.0,-23.857727626521363,56,fixed_k3
00_Optimized_Structure,a,0.0,-0.1357403099999998,-0.1282062518749999,0.0,-33.04847399554281,56,fixed_k3
00_Optimized_Structure,a,0.0,-0.1318616859999998,-0.1282062518749999,0.0,-45.0206739006396,56,fixed_k3
00_Optimized_Structure,a,0.0,-0.12798306199999981,-0.1282062518749999,0.0,-50.740634754802045,56,fixed_k3
00_Optimized_Structure,a,0.0,-0.12410443799999982,-0.1282062518749999,0.0,-40.809889298855786,56,fixed_k3
00_Optimized_Structure,a,0.0,-0.12022581399999982,-0.1282062518749999,0.0,-22.71839495363505,56,fixed_k3
00_Optimized_Structure,a,0.0,-0.11634718999999982,-0.1282062518749999,0.0,-10.332346796651272,56,fixed_k3
00_Optimized_Structure,a,0.0,-0.11246856599999983,-0.1282062518749999,0.0,-5.377771241186675,56,fixed_k3
00_Optimized_Structure,a,0.0,-0.10858994199999983,-0.1282062518749999,0.0,-3.9896382542190283,56,fixed_k3
00_Optimized_Structure,a,0.0,-0.10471131799999983,-0.1282062518749999,0.0,-3.853286722008976,56,fixed_k3
00_Optimized_Structure,a,0.0,-0.10083269399999983,-0.1282062518749999,0.0,-4.103088175485345,56,fixed_k3
00_Optimized_Structure,a,0.0,-0.09695406999999984,-0.1282062518749999,0.0,-4.421385839840283,56,fixed_k3
00_Optimized_Structure,a,0.0,-0.09307544599999984,-0.1282062518749999,0.0,-4.669907814256567,56,fixed_k3
00_Optimized_Structure,a,0.0,-0.08919682199999984,-0.1282062518749999,0.0,-4.780559124111647,56,fixed_k3
00_Optimized_Structure,a,0.0,-0.08531819799999985,-0.1282062518749999,0.0,-4.728269142827397,56,fixed_k3
00_Optimized_Structure,a,0.0,-0.08143957399999985,-0.1282062518749999,0.0,-4.522053358046666,56,fixed_k3
00_Optimized_Structure,a,0.0,-0.07756094999999985,-0.1282062518749999,0.0,-4.194800186263242,56,fixed_k3
00_Optimized_Structure,a,0.0,-0.07368232599999985,-0.1282062518749999,0.0,-3.790037893220945,56,fixed_k3
00_Optimized_Structure,a,0.0,-0.06980370199999986,-0.1282062518749999,0.0,-3.3498531653355292,56,fixed_k3
00_Optimized_Structure,a,0.0,-0.06592507799999986,-0.1282062518749999,0.0,-2.9074158216830996,56,fixed_k3
00_Optimized_Structure,a,0.0,-0.06204645399999986,-0.1282062518749999,0.0,-2.4846025793246156,56,fixed_k3
00_Optimized_Structure,a,0.0,-0.058167829999999865,-0.1282062518749999,0.0,-2.0931298007290886,56,fixed_k3
00_Optimized_Structure,a,0.0,-0.05428920599999987,-0.1282062518749999,0.0,-1.737198953509121,56,fixed_k3
00_Optimized_Structure,a,0.0,-0.05041058199999987,-0.1282062518749999,0.0,-1.416250235554519,56,fixed_k3
00_Optimized_Structure,a,0.0,-0.04653195799999987,-0.1282062518749999,0.0,-1.1271760234530674,56,fixed_k3
00_Optimized_Structure,a,0.0,-0.042653333999999876,-0.1282062518749999,0.0,-0.8658621057656193,56,fixed_k3
00_Optimized_Structure,a,0.0,-0.03877470999999988,-0.1282062518749999,0.0,-0.6281615119367605,56,fixed_k3
00_Optimized_Structure,a,0.0,-0.03489608599999988,-0.1282062518749999,0.0,-0.41046289727450347,56,fixed_k3
00_Optimized_Structure,a,0.0,-0.031017461999999885,-0.1282062518749999,0.0,-0.20999245309112302,56,fixed_k3
00_Optimized_Structure,a,0.0,-0.027138837999999887,-0.1282062518749999,0.0,-0.024944588734979956,56,fixed_k3
00_Optimized_Structure,a,0.0,-0.02326021399999989,-0.1282062518749999,0.0,0.14550216131379168,56,fixed_k3
00_Optimized_Structure,a,0.0,-0.019381589999999893,-0.1282062518749999,0.0,0.30125419579147605,56,fixed_k3
00_Optimized_Structure,a,0.0,-0.015502965999999896,-0.1282062518749999,0.0,0.4414418636842825,56,fixed_k3
00_Optimized_Structure,a,0.0,-0.011624341999999899,-0.1282062518749999,0.0,0.5646188896432891,56,fixed_k3
00_Optimized_Structure,a,0.0,-0.0077457179999999015,-0.1282062518749999,0.0,0.6690115673843615,56,fixed_k3
00_Optimized_Structure,a,0.0,-0.0038670939999999043,-0.1282062518749999,0.0,0.7528021839015899,56,fixed_k3
00_Optimized_Structure,a,0.0,1.1530000000092855e-05,-0.1282062518749999,0.0,0.8144251183359015,56,fixed_k3
00_Optimized_Structure,a,0.0,0.00389015400000009,-0.1282062518749999,0.0,0.852849414680168,56,fixed_k3
00_Optimized_Structure,a,0.0,0.007768778000000087,-0.1282062518749999,0.0,0.8678203025074667,56,fixed_k3
00_Optimized_Structure,a,0.0,0.011647402000000084,-0.1282062518749999,0.0,0.860035084734442,56,fixed_k3
00_Optimized_Structure,a,0.0,0.015526026000000082,-0.1282062518749999,0.0,0.8312356969009094,56,fixed_k3
00_Optimized_Structure,a,0.0,0.01940465000000008,-0.1282062518749999,0.0,0.7842095201648762,56,fixed_k3
00_Optimized_Structure,a,0.0,0.023283274000000076,-0.1282062518749999,0.0,0.7226993580688124,56,fixed_k3
00_Optimized_Structure,a,0.0,0.027161898000000073,-0.1282062518749999,0.0,0.651230367557154,56,fixed_k3
00_Optimized_Structure,a,0.0,0.03104052200000007,-0.1282062518749999,0.0,0.574864129009542,56,fixed_k3
00_Optimized_Structure,a,0.0,0.03491914600000007,-0.1282062518749999,0.0,0.49888677813742843,56,fixed_k3
00_Optimized_Structure,a,0.0,0.038797770000000065,-0.1282062518749999,0.0,0.4284290991492439,56,fixed_k3
00_Optimized_Structure,a,0.0,0.04267639400000006,-0.1282062518749999,0.0,0.3680028401103881,56,fixed_k3
00_Optimized_Structure,a,0.0,0.04655501800000006,-0.1282062518749999,0.0,0.32092222566077266,56,fixed_k3
00_Optimized_Structure,a,0.0,0.050433642000000056,-0.1282062518749999,0.0,0.2885689248520378,56,fixed_k3
00_Optimized_Structure,a,0.0,0.05431226600000005,-0.1282062518749999,0.0,0.26946462162867224,56,fixed_k3
00_Optimized_Structure,a,0.0,0.05819089000000005,-0.1282062518749999,0.0,0.25815880722697004,56,fixed_k3
00_Optimized_Structure,a,0.0,0.06206951400000005,-0.1282062518749999,0.0,0.24405090075085756,56,fixed_k3
00_Optimized_Structure,a,0.0,0.06594813800000005,-0.1282062518749999,0.0,0.2104750381080014,56,fixed_k3
00_Optimized_Structure,a,0.0,0.06982676200000004,-0.1282062518749999,0.0,0.13467736790378249,56,fixed_k3
00_Optimized_Structure,a,0.0,0.07370538600000004,-0.1282062518749999,0.0,-0.010399330774088389,56,fixed_k3
00_Optimized_Structure,a,0.0,0.07758401000000004,-0.1282062518749999,0.0,-0.2516254808485914,56,fixed_k3
00_Optimized_Structure,a,0.0,0.08146263400000003,-0.1282062518749999,0.0,-0.6083352705103926,56,fixed_k3
00_Optimized_Structure,a,0.0,0.08534125800000003,-0.1282062518749999,0.0,-1.0837007214965464,56,fixed_k3
00_Optimized_Structure,a,0.0,0.08921988200000003,-0.1282062518749999,0.0,-1.6587376410418209,56,fixed_k3
00_Optimized_Structure,a,0.0,0.09309850600000003,-0.1282062518749999,0.0,-2.2946907329264907,56,fixed_k3
00_Optimized_Structure,a,0.0,0.09697713000000002,-0.1282062518749999,0.0,-2.950760609888669,56,fixed_k3
00_Optimized_Structure,a,0.0,0.10085575400000002,-0.1282062518749999,0.0,-3.629156595183078,56,fixed_k3
00_Optimized_Structure,a,0.0,0.10473437800000002,-0.1282062518749999,0.0,-4.482746225722783,56,fixed_k3
00_Optimized_Structure,a,0.0,0.10861300200000001,-0.1282062518749999,0.0,-6.0945812237340995,56,fixed_k3
00_Optimized_Structure,a,0.0,0.11249162600000001,-0.1282062518749999,0.0,-10.187295777004682,56,fixed_k3
00_Optimized_Structure,a,0.0,0.11637025000000001,-0.1282062518749999,0.0,-20.7751824048668,56,fixed_k3
00_Optimized_Structure,a,0.0,0.120248874,-0.1282062518749999,0.0,-42.157566527836245,56,fixed_k3
00_Optimized_Structure,a,0.0,0.124127498,-0.1282062518749999,0.0,-66.2481014062493,56,fixed_k3
00_Optimized_Structure,a,0.0,0.128006122,-0.1282062518749999,0.0,-71.95393552521813,56,fixed_k3
00_Optimized_Structure,a,0.0,0.131884746,-0.1282062518749999,0.0,-55.781422655610044,56,fixed_k3
00_Optimized_Structure,a,0.0,0.13576337,-0.1282062518749999,0.0,-34.75354814002432,56,fixed_k3
00_Optimized_Structure,a,0.0,0.139641994,-0.1282062518749999,0.0,-20.326153839986965,56,fixed_k3
00_Optimized_Structure,a,0.0,0.143520618,-0.1282062518749999,0.0,-12.664702389311909,56,fixed_k3
00_Optimized_Structure,a,0.0,0.14739924199999999,-0.1282062518749999,0.0,-8.903706168405787,56,fixed_k3
00_Optimized_Structure,a,0.0,0.15127786599999998,-0.1282062518749999,0.0,-7.014816049602402,56,fixed_k3
00_Optimized_Structure,a,0.0,0.15515649,-0.1282062518749999,0.0,-5.996808749650009,56,fixed_k3
00_Optimized_Structure,a,0.0,-0.1551334299999998,-0.1249196137499999,0.0,-13.1988105266705,56,fixed_k3
00_Optimized_Structure,a,0.0,-0.1512548059999998,-0.1249196137499999,0.0,-14.185450837467727,56,fixed_k3
00_Optimized_Structure,a,0.0,-0.1473761819999998,-0.1249196137499999,0.0,-15.869073625628488,56,fixed_k3
00_Optimized_Structure,a,0.0,-0.1434975579999998,-0.1249196137499999,0.0,-19.089609594727534,56,fixed_k3
00_Optimized_Structure,a,0.0,-0.1396189339999998,-0.1249196137499999,0.0,-25.680919131683428,56,fixed_k3
00_Optimized_Structure,a,0.0,-0.1357403099999998,-0.1249196137499999,0.0,-38.98315128612191,56,fixed_k3
00_Optimized_Structure,a,0.0,-0.1318616859999998,-0.1249196137499999,0.0,-61.12427135492559,56,fixed_k3
00_Optimized_Structure,a,0.0,-0.12798306199999981,-0.1249196137499999,0.0,-80.18474669003977,56,fixed_k3
00_Optimized_Structure,a,0.0,-0.12410443799999982,-0.1249196137499999,0.0,-69.94151940744992,56,fixed_k3
00_Optimized_Structure,a,0.0,-0.12022581399999982,-0.1249196137499999,0.0,-37.86556058857305,56,fixed_k3
00_Optimized_Structure,a,0.0,-0.11634718999999982,-0.1249196137499999,0.0,-15.291444163880879,56,fixed_k3
00_Optimized_Structure,a,0.0,-0.11246856599999983,-0.1249196137499999,0.0,-6.596566273571159,56,fixed_k3
00_Optimized_Structure,a,0.0,-0.10858994199999983,-0.1249196137499999,0.0,-4.118325935035643,56,fixed_k3
00_Optimized_Structure,a,0.0,-0.10471131799999983,-0.1249196137499999,0.0,-3.6975435991773846,56,fixed_k3
00_Optimized_Structure,a,0.0,-0.10083269399999983,-0.1249196137499999,0.0,-3.9046953526412973,56,fixed_k3
00_Optimized_Structure,a,0.0,-0.09695406999999984,-0.1249196137499999,0.0,-4.252830816647258,56,fixed_k3
00_Optimized_Structure,a,0.0,-0.09307544599999984,-0.1249196137499999,0.0,-4.546675589800511,56,fixed_k3
00_Optimized_Structure,a,0.0,-0.08919682199999984,-0.1249196137499999,0.0,-4.697043856214748,56,fixed_k3
00_Optimized_Structure,a,0.0,-0.08531819799999985,-0.1249196137499999,0.0,-4.672417890701019,56,fixed_k3
00_Optimized_Structure,a,0.0,-0.08143957399999985,-0.1249196137499999,0.0,-4.482526608213769,56,fixed_k3
00_Optimized_Structure,a,0.0,-0.07756094999999985,-0.1249196137499999,0.0,-4.163954042873725,56,fixed_k3
00_Optimized_Structure,a,0.0,-0.07368232599999985,-0.1249196137499999,0.0,-3.764140953467713,56,fixed_k3
00_Optimized_Structure,a,0.0,-0.06980370199999986,-0.1249196137499999,0.0,-3.3279148090285635,56,fixed_k3
00_Optimized_Structure,a,0.0,-0.06592507799999986,-0.1249196137499999,0.0,-2.889784183792182,56,fixed_k3
00_Optimized_Structure,a,0.0,-0.06204645399999986,-0.1249196137499999,0.0,-2.4719472303706773,56,fixed_k3
00_Optimized_Structure,a,0.0,-0.058167829999999865,-0.1249196137499999,0.0,-2.0859267668834374,56,fixed_k3
00_Optimized_Structure,a,0.0,-0.05428920599999987,-0.1249196137499999,0.0,-1.735584096010348,56,fixed_k3
00_Optimized_Structure,a,0.0,-0.05041058199999987,-0.1249196137499999,0.0,-1.4200628407149951,56,fixed_k3
00_Optimized_Structure,a,0.0,-0.04653195799999987,-0.1249196137499999,0.0,-1.1360635805900352,56,fixed_k3
00_Optimized_Structure,a,0.0,-0.042653333999999876,-0.1249196137499999,0.0,-0.8793789229758344,56,fixed_k3
00_Optimized_Structure,a,0.0,-0.03877470999999988,-0.1249196137499999,0.0,-0.6458371033104497,56,fixed_k3
00_Optimized_Structure,a,0.0,-0.03489608599999988,-0.1249196137499999,0.0,-0.431838735373677,56,fixed_k3
00_Optimized_Structure,a,0.0,-0.031017461999999885,-0.1249196137499999,0.0,-0.23463455166253722,56,fixed_k3
00_Optimized_Structure,a,0.0,-0.027138837999999887,-0.1249196137499999,0.0,-0.05244112729949579,56,fixed_k3
00_Optimized_Structure,a,0.0,-0.02326021399999989,-0.1249196137499999,0.0,0.11555015730640106,56,fixed_k3
00_Optimized_Structure,a,0.0,-0.019381589999999893,-0.1249196137499999,0.0,0.2692431777821711,56,fixed_k3
00_Optimized_Structure,a,0.0,-0.015502965999999896,-0.1249196137499999,0.0,0.4077732559423417,56,fixed_k3
00_Optimized_Structure,a,0.0,-0.011624341999999899,-0.1249196137499999,0.0,0.5297018133894422,56,fixed_k3
00_Optimized_Structure,a,0.0,-0.0077457179999999015,-0.1249196137499999,0.0,0.6332604328393496,56,fixed_k3
00_Optimized_Structure,a,0.0,-0.0038670939999999043,-0.1249196137499999,0.0,0.7166300282047917,56,fixed_k3
00_Optimized_Structure,a,0.0,1.1530000000092855e-05,-0.1249196137499999,0.0,0.7782344009816073,56,fixed_k3
00_Optimized_Structure,a,0.0,0.00389015400000009,-0.1249196137499999,0.0,0.8170223661728371,56,fixed_k3
00_Optimized_Structure,a,0.0,0.007768778000000087,-0.1249196137499999,0.0,0.8327108667308623,56,fixed_k3
00_Optimized_Structure,a,0.0,0.011647402000000084,-0.1249196137499999,0.0,0.8259640942525879,56,fixed_k3
00_Optimized_Structure,a,0.0,0.015526026000000082,-0.1249196137499999,0.0,0.7984903423572698,56,fixed_k3
00_Optimized_Structure,a,0.0,0.01940465000000008,-0.1249196137499999,0.0,0.7530476254101801,56,fixed_k3
00_Optimized_Structure,a,0.0,0.023283274000000076,-0.1249196137499999,0.0,0.6933586354283521,56,fixed_k3
00_Optimized_Structure,a,0.0,0.027161898000000073,-0.1249196137499999,0.0,0.6239428120577819,56,fixed_k3
00_Optimized_Structure,a,0.0,0.03104052200000007,-0.1249196137499999,0.0,0.5498760156811304,56,fixed_k3
00_Optimized_Structure,a,0.0,0.03491914600000007,-0.1249196137499999,0.0,0.47648521962831847,56,fixed_k3
00_Optimized_Structure,a,0.0,0.038797770000000065,-0.1249196137499999,0.0,0.4089765033239008,56,fixed_k3
00_Optimized_Structure,a,0.0,0.04267639400000006,-0.1249196137499999,0.0,0.35198033688366603,56,fixed_k3
00_Optimized_Structure,a,0.0,0.04655501800000006,-0.1249196137499999,0.0,0.3089812691368876,56,fixed_k3
00_Optimized_Structure,a,0.0,0.050433642000000056,-0.1249196137499999,0.0,0.28158526577653964,56,fixed_k3
00_Optimized_Structure,a,0.0,0.05431226600000005,-0.1249196137499999,0.0,0.26857837571965915,56,fixed_k3
00_Optimized_Structure,a,0.0,0.05819089000000005,-0.1249196137499999,0.0,0.26476572535871856,56,fixed_k3
00_Optimized_Structure,a,0.0,0.06206951400000005,-0.1249196137499999,0.0,0.2596819328344293,56,fixed_k3
00_Optimized_Structure,a,0.0,0.06594813800000005,-0.1249196137499999,0.0,0.23646867366477942,56,fixed_k3
00_Optimized_Structure,a,0.0,0.06982676200000004,-0.1249196137499999,0.0,0.17153041504925337,56,fixed_k3
00_Optimized_Structure,a,0.0,0.07370538600000004,-0.1249196137499999,0.0,0.035915231693693705,56,fixed_k3
00_Optimized_Structure,a,0.0,0.07758401000000004,-0.1249196137499999,0.0,-0.2005557721096476,56,fixed_k3
00_Optimized_Structure,a,0.0,0.08146263400000003,-0.1249196137499999,0.0,-0.5620454040425993,56,fixed_k3
00_Optimized_Structure,a,0.0,0.08534125800000003,-0.1249196137499999,0.0,-1.057773087831208,56,fixed_k3
00_Optimized_Structure,a,0.0,0.08921988200000003,-0.1249196137499999,0.0,-1.6755306109467123,56,fixed_k3
00_Optimized_Structure,a,0.0,0.09309850600000003,-0.1249196137499999,0.0,-2.3843561271673632,56,fixed_k3
00_Optimized_Structure,a,0.0,0.09697713000000002,-0.1249196137499999,0.0,-3.155494674854081,56,fixed_k3
00_Optimized_Structure,a,0.0,0.10085575400000002,-0.1249196137499999,0.0,-4.018773196433637,56,fixed_k3
00_Optimized_Structure,a,0.0,0.10473437800000002,-0.1249196137499999,0.0,-5.206654211877848,56,fixed_k3
00_Optimized_Structure,a,0.0,0.10861300200000001,-0.1249196137499999,0.0,-7.5622432976312925,56,fixed_k3
00_Optimized_Structure,a,0.0,0.11249162600000001,-0.1249196137499999,0.0,-13.726209793959264,56,fixed_k3
00_Optimized_Structure,a,0.0,0.11637025000000001,-0.1249196137499999,0.0,-30.722815049058692,56,fixed_k3
00_Optimized_Structure,a,0.0,0.120248874,-0.1249196137499999,0.0,-68.07558176236606,56,fixed_k3
00_Optimized_Structure,a,0.0,0.124127498,-0.1249196137499999,0.0,-109.77058617382946,56,fixed_k3
00_Optimized_Structure,a,0.0,0.128006122,-0.1249196137499999,0.0,-110.3936335754189,56,fixed_k3
00_Optimized_Structure,a,0.0,0.131884746,-0.1249196137499999,0.0,-74.69673755095663,56,fixed_k3
00_Optimized_Structure,a,0.0,0.13576337,-0.1249196137499999,0.0,-41.49730603003738,56,fixed_k3
00_Optimized_Structure,a,0.0,0.139641994,-0.1249196137499999,0.0,-22.954815822593186,56,fixed_k3
00_Optimized_Structure,a,0.0,0.143520618,-0.1249196137499999,0.0,-14.146482820091702,56,fixed_k3
00_Optimized_Structure,a,0.0,0.14739924199999999,-0.1249196137499999,0.0,-9.952065652118891,56,fixed_k3
00_Optimized_Structure,a,0.0,0.15127786599999998,-0.1249196137499999,0.0,-7.757727315126464,56,fixed_k3
00_Optimized_Structure,a,0.0,0.15515649,-0.1249196137499999,0.0,-6.43686482200598,56,fixed_k3
00_Optimized_Structure,a,0.0,-0.1551334299999998,-0.12163297562499989,0.0,-12.45252968435815,56,fixed_k3
00_Optimized_Structure,a,0.0,-0.1512548059999998,-0.12163297562499989,0.0,-13.589030580354281,56,fixed_k3
00_Optimized_Structure,a,0.0,-0.1473761819999998,-0.12163297562499989,0.0,-15.487161254693389,56,fixed_k3
00_Optimized_Structure,a,0.0,-0.1434975579999998,-0.12163297562499989,0.0,-19.09520918248594,56,fixed_k3
00_Optimized_Structure,a,0.0,-0.1396189339999998,-0.12163297562499989,0.0,-26.745349570177837,56,fixed_k3
00_Optimized_Structure,a,0.0,-0.1357403099999998,-0.12163297562499989,0.0,-43.95417173718987,56,fixed_k3
00_Optimized_Structure,a,0.0,-0.1318616859999998,-0.12163297562499989,0.0,-79.89575862340233,56,fixed_k3
00_Optimized_Structure,a,0.0,-0.12798306199999981,-0.12163297562499989,0.0,-127.49045884915628,56,fixed_k3
00_Optimized_Structure,a,0.0,-0.12410443799999982,-0.12163297562499989,0.0,-124.80067494884179,56,fixed_k3
00_Optimized_Structure,a,0.0,-0.12022581399999982,-0.12163297562499989,0.0,-64.44462234147106,56,fixed_k3
00_Optimized_Structure,a,0.0,-0.11634718999999982,-0.12163297562499989,0.0,-22.66068879255491,56,fixed_k3
00_Optimized_Structure,a,0.0,-0.11246856599999983,-0.12163297562499989,0.0,-8.165096417753329,56,fixed_k3
00_Optimized_Structure,a,0.0,-0.10858994199999983,-0.12163297562499989,0.0,-4.255746938999385,56,fixed_k3
00_Optimized_Structure,a,0.0,-0.10471131799999983,-0.12163297562499989,0.0,-3.5056600010364756,56,fixed_k3
00_Optimized_Structure,a,0.0,-0.10083269399999983,-0.12163297562499989,0.0,-3.674042930631569,56,fixed_k3
00_Optimized_Structure,a,0.0,-0.09695406999999984,-0.12163297562499989,0.0,-4.062376320139836,56,fixed_k3
00_Optimized_Structure,a,0.0,-0.09307544599999984,-0.12163297562499989,0.0,-4.410422695181186,56,fixed_k3
00_Optimized_Structure,a,0.0,-0.08919682199999984,-0.12163297562499989,0.0,-4.606482940022384,56,fixed_k3
00_Optimized_Structure,a,0.0,-0.08531819799999985,-0.12163297562499989,0.0,-4.612891892605756,56,fixed_k3
00_Optimized_Structure,a,0.0,-0.08143957399999985,-0.12163297562499989,0.0,-4.440940774388043,56,fixed_k3
00_Optimized_Structure,a,0.0,-0.07756094999999985,-0.12163297562499989,0.0,-4.131749225119057,56,fixed_k3
00_Optimized_Structure,a,0.0,-0.07368232599999985,-0.12163297562499989,0.0,-3.737233501907631,56,fixed_k3
00_Optimized_Structure,a,0.0,-0.06980370199999986,-0.12163297562499989,0.0,-3.305227110438964,56,fixed_k3
00_Optimized_Structure,a,0.0,-0.06592507799999986,-0.12163297562499989,0.0,-2.8716507099298436,56,fixed_k3
00_Optimized_Structure,a,0.0,-0.06204645399999986,-0.12163297562499989,0.0,-2.4590174662129725,56,fixed_k3
00_Optimized_Structure,a,0.0,-0.058167829999999865,-0.12163297562499989,0.0,-2.078637206933387,56,fixed_k3
00_Optimized_Structure,a,0.0,-0.05428920599999987,-0.12163297562499989,0.0,-1.7340227610259176,56,fixed_k3
00_Optimized_Structure,a,0.0,-0.05041058199999987,-0.12163297562499989,0.0,-1.424025509523876,56,fixed_k3
00_Optimized_Structure,a,0.0,-0.04653195799999987,-0.12163297562499989,0.0,-1.1451656201549465,56,fixed_k3
00_Optimized_Structure,a,0.0,-0.042653333999999876,-0.12163297562499989,0.0,-0.8931555633029147,56,fixed_k3
00_Optimized_Structure,a,0.0,-0.03877470999999988,-0.12163297562499989,0.0,-0.6638102305260682,56,fixed_k3
00_Optimized_Structure,a,0.0,-0.03489608599999988,-0.12163297562499989,0.0,-0.45355068986781166,56,fixed_k3
00_Optimized_Structure,a,0.0,-0.031017461999999885,-0.12163297562499989,0.0,-0.25965756657097616,56,fixed_k3
00_Optimized_Structure,a,0.0,-0.027138837999999887,-0.12163297562499989,0.0,-0.08037220181312277,56,fixed_k3
00_Optimized_Structure,a,0.0,-0.02326021399999989,-0.12163297562499989,0.0,0.08510070667758596,56,fixed_k3
00_Optimized_Structure,a,0.0,-0.019381589999999893,-0.12163297562499989,0.0,0.2366634975383084,56,fixed_k3
00_Optimized_Structure,a,0.0,-0.015502965999999896,-0.12163297562499989,0.0,0.3734582731388816,56,fixed_k3
00_Optimized_Structure,a,0.0,-0.011624341999999899,-0.12163297562499989,0.0,0.49405622232787083,56,fixed_k3
00_Optimized_Structure,a,0.0,-0.0077457179999999015,-0.12163297562499989,0.0,0.5966960928727079,56,fixed_k3
00_Optimized_Structure,a,0.0,-0.0038670939999999043,-0.12163297562499989,0.0,0.6795587707233031,56,fixed_k3
00_Optimized_Structure,a,0.0,1.1530000000092855e-05,-0.12163297562499989,0.0,0.7410580861971003,56,fixed_k3
00_Optimized_Structure,a,0.0,0.00389015400000009,-0.12163297562499989,0.0,0.7801224094431181,56,fixed_k3
00_Optimized_Structure,a,0.0,0.007768778000000087,-0.12163297562499989,0.0,0.7964393777658025,56,fixed_k3
00_Optimized_Structure,a,0.0,0.011647402000000084,-0.12163297562499989,0.0,0.7906383362401748,56,fixed_k3
00_Optimized_Structure,a,0.0,0.015526026000000082,-0.12163297562499989,0.0,0.7643915986221836,56,fixed_k3
00_Optimized_Structure,a,0.0,0.01940465000000008,-0.12163297562499989,0.0,0.7204249739105872,56,fixed_k3
00_Optimized_Structure,a,0.0,0.023283274000000076,-0.12163297562499989,0.0,0.6624377695910599,56,fixed_k3
00_Optimized_Structure,a,0.0,0.027161898000000073,-0.12163297562499989,0.0,0.5949400266594873,56,fixed_k3
00_Optimized_Structure,a,0.0,0.03104052200000007,-0.12163297562499989,0.0,0.5230178038543665,56,fixed_k3
00_Optimized_Structure,a,0.0,0.03491914600000007,-0.12163297562499989,0.0,0.45203447598493485,56,fixed_k3
00_Optimized_Structure,a,0.0,0.038797770000000065,-0.12163297562499989,0.0,0.38726681366662996,56,fixed_k3
00_Optimized_Structure,a,0.0,0.04267639400000006,-0.12163297562499989,0.0,0.3334597352501496,56,fixed_k3
00_Optimized_Structure,a,0.0,0.04655501800000006,-0.12163297562499989,0.0,0.29426523652302805,56,fixed_k3
00_Optimized_Structure,a,0.0,0.050433642000000056,-0.12163297562499989,0.0,0.2715140581054687,56,fixed_k3
00_Optimized_Structure,a,0.0,0.05431226600000005,-0.12163297562499989,0.0,0.26426354615558845,56,fixed_k3
00_Optimized_Structure,a,0.0,0.05819089000000005,-0.12163297562499989,0.0,0.26759180823471684,56,fixed_k3
00_Optimized_Structure,a,0.0,0.06206951400000005,-0.12163297562499989,0.0,0.27119943681833547,56,fixed_k3
00_Optimized_Structure,a,0.0,0.06594813800000005,-0.12163297562499989,0.0,0.25807693035802326,56,fixed_k3
00_Optimized_Structure,a,0.0,0.06982676200000004,-0.12163297562499989,0.0,0.20382023837920338,56,fixed_k3
00_Optimized_Structure,a,0.0,0.07370538600000004,-0.12163297562499989,0.0,0.077559998586604,56,fixed_k3
00_Optimized_Structure,a,0.0,0.07758401000000004,-0.12163297562499989,0.0,-0.15435579679121103,56,fixed_k3
00_Optimized_Structure,a,0.0,0.08146263400000003,-0.12163297562499989,0.0,-0.5213391995191372,56,fixed_k3
00_Optimized_Structure,a,0.0,0.08534125800000003,-0.12163297562499989,0.0,-1.0394420933961825,56,fixed_k3
00_Optimized_Structure,a,0.0,0.08921988200000003,-0.12163297562499989,0.0,-1.7044732221720453,56,fixed_k3
00_Optimized_Structure,a,0.0,0.09309850600000003,-0.12163297562499989,0.0,-2.4951761707384494,56,fixed_k3
00_Optimized_Structure,a,0.0,0.09697713000000002,-0.12163297562499989,0.0,-3.398292943447063,56,fixed_k3
00_Optimized_Structure,a,0.0,0.10085575400000002,-0.12163297562499989,0.0,-4.479407573450386,56,fixed_k3
00_Optimized_Structure,a,0.0,0.10473437800000002,-0.12163297562499989,0.0,-6.075251567039256,56,fixed_k3
00_Optimized_Structure,a,0.0,0.10861300200000001,-0.12163297562499989,0.0,-9.384573436296188,56,fixed_k3
00_Optimized_Structure,a,0.0,0.11249162600000001,-0.12163297562499989,0.0,-18.434902265685487,56,fixed_k3
00_Optimized_Structure,a,0.0,0.11637025000000001,-0.12163297562499989,0.0,-45.74108830944184,56,fixed_k3
00_Optimized_Structure,a,0.0,0.120248874,-0.12163297562499989,0.0,-113.89446287261138,56,fixed_k3
00_Optimized_Structure,a,0.0,0.124127498,-0.12163297562499989,0.0,-190.20782340105626,56,fixed_k3
00_Optimized_Structure,a,0.0,0.128006122,-0.12163297562499989,0.0,-169.3993247877258,56,fixed_k3
00_Optimized_Structure,a,0.0,0.131884746,-0.12163297562499989,0.0,-95.7626091145422,56,fixed_k3
00_Optimized_Structure,a,0.0,0.13576337,-0.12163297562499989,0.0,-47.06842410300733,56,fixed_k3
00_Optimized_Structure,a,0.0,0.139641994,-0.12163297562499989,0.0,-24.83587528964683,56,fixed_k3
00_Optimized_Structure,a,0.0,0.143520618,-0.12163297562499989,0.0,-15.251193353977682,56,fixed_k3
00_Optimized_Structure,a,0.0,0.14739924199999999,-0.12163297562499989,0.0,-10.79744554979587,56,fixed_k3
00_Optimized_Structure,a,0.0,0.15127786599999998,-0.12163297562499989,0.0,-8.410781641467903,56,fixed_k3
00_Optimized_Structure,a,0.0,0.15515649,-0.12163297562499989,0.0,-6.894610095874041,56,fixed_k3
00_Optimized_Structure,a,0.0,-0.1551334299999998,-0.1183463374999999,0.0,-11.762458818998816,56,fixed_k3
00_Optimized_Structure,a,0.0,-0.1512548059999998,-0.1183463374999999,0.0,-12.983452339751697,56,fixed_k3
00_Optimized_Structure,a,0.0,-0.1473761819999998,-0.1183463374999999,0.0,-14.991570880105344,56,fixed_k3
00_Optimized_Structure,a,0.0,-0.1434975579999998,-0.1183463374999999,0.0,-18.7861388308429,56,fixed_k3
00_Optimized_Structure,a,0.0,-0.1396189339999998,-0.1183463374999999,0.0,-27.033347799192747,56,fixed_k3
00_Optimized_Structure,a,0.0,-0.1357403099999998,-0.1183463374999999,0.0,-47.26576433973953,56,fixed_k3
00_Optimized_Structure,a,0.0,-0.1318616859999998,-0.1183463374999999,0.0,-99.13309766446692,56,fixed_k3
00_Optimized_Structure,a,0.0,-0.12798306199999981,-0.1183463374999999,0.0,-202.87556670953927,56,fixed_k3
00_Optimized_Structure,a,0.0,-0.12410443799999982,-0.1183463374999999,0.0,-239.36332880239527,56,fixed_k3
00_Optimized_Structure,a,0.0,-0.12022581399999982,-0.1183463374999999,0.0,-114.7801353121275,56,fixed_k3
00_Optimized_Structure,a,0.0,-0.11634718999999982,-0.1183463374999999,0.0,-33.856150458243874,56,fixed_k3
00_Optimized_Structure,a,0.0,-0.11246856599999983,-0.1183463374999999,0.0,-10.205746362116926,56,fixed_k3
00_Optimized_Structure,a,0.0,-0.10858994199999983,-0.1183463374999999,0.0,-4.418187655575494,56,fixed_k3
00_Optimized_Structure,a,0.0,-0.10471131799999983,-0.1183463374999999,0.0,-3.284007248686528,56,fixed_k3
00_Optimized_Structure,a,0.0,-0.10083269399999983,-0.1183463374999999,0.0,-3.4155948099590288,56,fixed_k3
00_Optimized_Structure,a,0.0,-0.09695406999999984,-0.1183463374999999,0.0,-3.8536097176268176,56,fixed_k3
00_Optimized_Structure,a,0.0,-0.09307544599999984,-0.1183463374999999,0.0,-4.264099735451234,56,fixed_k3
00_Optimized_Structure,a,0.0,-0.08919682199999984,-0.1183463374999999,0.0,-4.5112302319175885,56,fixed_k3
00_Optimized_Structure,a,0.0,-0.08531819799999985,-0.1183463374999999,0.0,-4.551465488239202,56,fixed_k3
00_Optimized_Structure,a,0.0,-0.08143957399999985,-0.1183463374999999,0.0,-4.398556172022076,56,fixed_k3
00_Optimized_Structure,a,0.0,-0.07756094999999985,-0.1183463374999999,0.0,-4.099036847125296,56,fixed_k3
00_Optimized_Structure,a,0.0,-0.07368232599999985,-0.1183463374999999,0.0,-3.709865323236376,56,fixed_k3
00_Optimized_Structure,a,0.0,-0.06980370199999986,-0.1183463374999999,0.0,-3.2821255689484206,56,fixed_k3
00_Optimized_Structure,a,0.0,-0.06592507799999986,-0.1183463374999999,0.0,-2.85319851303911,56,fixed_k3
00_Optimized_Structure,a,0.0,-0.06204645399999986,-0.1183463374999999,0.0,-2.4458865128402105,56,fixed_k3
00_Optimized_Structure,a,0.0,-0.058167829999999865,-0.1183463374999999,0.0,-2.0712544776893576,56,fixed_k3
00_Optimized_Structure,a,0.0,-0.05428920599999987,-0.1183463374999999,0.0,-1.732450662760869,56,fixed_k3
00_Optimized_Structure,a,0.0,-0.05041058199999987,-0.1183463374999999,0.0,-1.4280332483103986,56,fixed_k3
00_Optimized_Structure,a,0.0,-0.04653195799999987,-0.1183463374999999,0.0,-1.1543493310215631,56,fixed_k3
00_Optimized_Structure,a,0.0,-0.042653333999999876,-0.1183463374999999,0.0,-0.9070409667340287,56,fixed_k3
00_Optimized_Structure,a,0.0,-0.03877470999999988,-0.1183463374999999,0.0,-0.6819183824081763,56,fixed_k3
00_Optimized_Structure,a,0.0,-0.03489608599999988,-0.1183463374999999,0.0,-0.475429322834513,56,fixed_k3
00_Optimized_Structure,a,0.0,-0.031017461999999885,-0.1183463374999999,0.0,-0.2848878462819875,56,fixed_k3
00_Optimized_Structure,a,0.0,-0.027138837999999887,-0.1183463374999999,0.0,-0.10856126636428165,56,fixed_k3
00_Optimized_Structure,a,0.0,-0.02326021399999989,-0.1183463374999999,0.0,0.054332960578400424,56,fixed_k3
00_Optimized_Structure,a,0.0,-0.019381589999999893,-0.1183463374999999,0.0,0.20369734532449568,56,fixed_k3
00_Optimized_Structure,a,0.0,-0.015502965999999896,-0.1183463374999999,0.0,0.3386830499906419,56,fixed_k3
00_Optimized_Structure,a,0.0,-0.011624341999999899,-0.1183463374999999,0.0,0.4578733735378133,56,fixed_k3
00_Optimized_Structure,a,0.0,-0.0077457179999999015,-0.1183463374999999,0.0,0.5595162280244574,56,fixed_k3
00_Optimized_Structure,a,0.0,-0.0038670939999999043,-0.1183463374999999,0.0,0.6417938368246459,56,fixed_k3
00_Optimized_Structure,a,0.0,1.1530000000092855e-05,-0.1183463374999999,0.0,0.7031106258642827,56,fixed_k3
00_Optimized_Structure,a,0.0,0.00389015400000009,-0.1183463374999999,0.0,0.7423742432481824,56,fixed_k3
00_Optimized_Structure,a,0.0,0.007768778000000087,-0.1183463374999999,0.0,0.759241950410936,56,fixed_k3
00_Optimized_Structure,a,0.0,0.011647402000000084,-0.1183463374999999,0.0,0.7543064929701528,56,fixed_k3
00_Optimized_Structure,a,0.0,0.015526026000000082,-0.1183463374999999,0.0,0.7292018958465984,56,fixed_k3
00_Optimized_Structure,a,0.0,0.01940465000000008,-0.1183463374999999,0.0,0.6866190019297034,56,fixed_k3
00_Optimized_Structure,a,0.0,0.023283274000000076,-0.1183463374999999,0.0,0.6302305782139745,56,fixed_k3
00_Optimized_Structure,a,0.0,0.027161898000000073,-0.1183463374999999,0.0,0.5645337194526814,56,fixed_k3
00_Optimized_Structure,a,0.0,0.03104052200000007,-0.1183463374999999,0.0,0.49462071345346104,56,fixed_k3
00_Optimized_Structure,a,0.0,0.03491914600000007,-0.1183463374999999,0.0,0.4258869321412275,56,fixed_k3
00_Optimized_Structure,a,0.0,0.038797770000000065,-0.1183463374999999,0.0,0.3636750949176295,56,fixed_k3
00_Optimized_Structure,a,0.0,0.04267639400000006,-0.1183463374999999,0.0,0.31283985357003186,56,fixed_k3
00_Optimized_Structure,a,0.0,0.04655501800000006,-0.1183463374999999,0.0,0.27719684275098544,56,fixed_k3
00_Optimized_Structure,a,0.0,0.050433642000000056,-0.1183463374999999,0.0,0.2588003926659814,56,fixed_k3
00_Optimized_Structure,a,0.0,0.05431226600000005,-0.1183463374999999,0.0,0.25698341519468126,56,fixed_k3
00_Optimized_Structure,a,0.0,0.05819089000000005,-0.1183463374999999,0.0,0.2671104790234633,56,fixed_k3
00_Optimized_Structure,a,0.0,0.06206951400000005,-0.1183463374999999,0.0,0.2790738676478095,56,fixed_k3
00_Optimized_Structure,a,0.0,0.06594813800000005,-0.1183463374999999,0.0,0.275748227208922,56,fixed_k3
00_Optimized_Structure,a,0.0,0.06982676200000004,-0.1183463374999999,0.0,0.23194743359896952,56,fixed_k3
00_Optimized_Structure,a,0.0,0.07370538600000004,-0.1183463374999999,0.0,0.11485275644041426,56,fixed_k3
00_Optimized_Structure,a,0.0,0.07758401000000004,-0.1183463374999999,0.0,-0.11284413124624271,56,fixed_k3
00_Optimized_Structure,a,0.0,0.08146263400000003,-0.1183463374999999,0.0,-0.48626812928133445,56,fixed_k3
00_Optimized_Structure,a,0.0,0.08534125800000003,-0.1183463374999999,0.0,-1.0291769767226437,56,fixed_k3
00_Optimized_Structure,a,0.0,0.08921988200000003,-0.1183463374999999,0.0,-1.7467901947535542,56,fixed_k3
00_Optimized_Structure,a,0.0,0.09309850600000003,-0.1183463374999999,0.0,-2.6297138622498704,56,fixed_k3
00_Optimized_Structure,a,0.0,0.09697713000000002,-0.1183463374999999,0.0,-3.6841111870246417,56,fixed_k3
00_Optimized_Structure,a,0.0,0.10085575400000002,-0.1183463374999999,0.0,-5.020789097837867,56,fixed_k3
00_Optimized_Structure,a,0.0,0.10473437800000002,-0.1183463374999999,0.0,-7.110545877036058,56,fixed_k3
00_Optimized_Structure,a,0.0,0.10861300200000001,-0.1183463374999999,0.0,-11.630676599260363,56,fixed_k3
00_Optimized_Structure,a,0.0,0.11249162600000001,-0.1183463374999999,0.0,-24.679998231225234,56,fixed_k3
00_Optimized_Structure,a,0.0,0.11637025000000001,-0.1183463374999999,0.0,-68.90549197563817,56,fixed_k3
00_Optimized_Structure,a,0.0,0.120248874,-0.1183463374999999,0.0,-201.75169786240684,56,fixed_k3
00_Optimized_Structure,a,0.0,0.124127498,-0.1183463374999999,0.0,-353.1706863702696,56,fixed_k3
00_Optimized_Structure,a,0.0,0.128006122,-0.1183463374999999,0.0,-257.4566813378413,56,fixed_k3
00_Optimized_Structure,a,0.0,0.131884746,-0.1183463374999999,0.0,-116.1203123056032,56,fixed_k3
00_Optimized_Structure,a,0.0,0.13576337,-0.1183463374999999,0.0,-50.74446261397934,56,fixed_k3
00_Optimized_Structure,a,0.0,0.139641994,-0.1183463374999999,0.0,-25.910712902264322,56,fixed_k3
00_Optimized_Structure,a,0.0,0.143520618,-0.1183463374999999,0.0,-15.98663524003141,56,fixed_k3
00_Optimized_Structure,a,0.0,0.14739924199999999,-0.1183463374999999,0.0,-11.43873192021813,56,fixed_k3
00_Optimized_Structure,a,0.0,0.15127786599999998,-0.1183463374999999,0.0,-8.953916992433104,56,fixed_k3
00_Optimized_Structure,a,0.0,0.15515649,-0.1183463374999999,0.0,-7.323546432913247,56,fixed_k3
00_Optimized_Structure,a,0.0,-0.1551334299999998,-0.11505969937499991,0.0,-11.129654992169009,56,fixed_k3
00_Optimized_Structure,a,0.0,-0.1512548059999998,-0.11505969937499991,0.0,-12.387107008124845,56,fixed_k3
00_Optimized_Structure,a,0.0,-0.1473761819999998,-0.11505969937499991,0.0,-14.425502671068607,56,fixed_k3
00_Optimized_Structure,a,0.0,-0.1434975579999998,-0.11505969937499991,0.0,-18.240215405751936,56,fixed_k3
00_Optimized_Structure,a,0.0,-0.1396189339999998,-0.11505969937499991,0.0,-26.62814202081458,56,fixed_k3
00_Optimized_Structure,a,0.0,-0.1357403099999998,-0.11505969937499991,0.0,-48.48796454393075,56,fixed_k3
00_Optimized_Structure,a,0.0,-0.1318616859999998,-0.11505969937499991,0.0,-114.82751253030058,56,fixed_k3
00_Optimized_Structure,a,0.0,-0.12798306199999981,-0.11505969937499991,0.0,-315.0007478119066,56,fixed_k3
00_Optimized_Structure,a,0.0,-0.12410443799999982,-0.11505969937499991,0.0,-514.8572372257755,56,fixed_k3
00_Optimized_Structure,a,0.0,-0.12022581399999982,-0.11505969937499991,0.0,-220.03338102766006,56,fixed_k3
00_Optimized_Structure,a,0.0,-0.11634718999999982,-0.11505969937499991,0.0,-51.12378920042896,56,fixed_k3
00_Optimized_Structure,a,0.0,-0.11246856599999983,-0.11505969937499991,0.0,-12.858082847039677,56,fixed_k3
00_Optimized_Structure,a,0.0,-0.10858994199999983,-0.11505969937499991,0.0,-4.624146372276641,56,fixed_k3
00_Optimized_Structure,a,0.0,-0.10471131799999983,-0.11505969937499991,0.0,-3.0407300124529466,56,fixed_k3
00_Optimized_Structure,a,0.0,-0.10083269399999983,-0.11505969937499991,0.0,-3.134834534364633,56,fixed_k3
00_Optimized_Structure,a,0.0,-0.09695406999999984,-0.11505969937499991,0.0,-3.6306427137051767,56,fixed_k3
00_Optimized_Structure,a,0.0,-0.09307544599999984,-0.11505969937499991,0.0,-4.110907625888235,56,fixed_k3
00_Optimized_Structure,a,0.0,-0.08919682199999984,-0.11505969937499991,0.0,-4.4137358270274865,56,fixed_k3
00_Optimized_Structure,a,0.0,-0.08531819799999985,-0.11505969937499991,0.0,-4.489921814617095,56,fixed_k3
00_Optimized_Structure,a,0.0,-0.08143957399999985,-0.11505969937499991,0.0,-4.356597397120638,56,fixed_k3
00_Optimized_Structure,a,0.0,-0.07756094999999985,-0.11505969937499991,0.0,-4.066615718286659,56,fixed_k3
00_Optimized_Structure,a,0.0,-0.07368232599999985,-0.11505969937499991,0.0,-3.6825329211017737,56,fixed_k3
00_Optimized_Structure,a,0.0,-0.06980370199999986,-0.11505969937499991,0.0,-3.258898206121922,56,fixed_k3
00_Optimized_Structure,a,0.0,-0.06592507799999986,-0.11505969937499991,0.0,-2.834570891624189,56,fixed_k3
00_Optimized_Structure,a,0.0,-0.06204645399999986,-0.11505969937499991,0.0,-2.432595191099682,56,fixed_k3
00_Optimized_Structure,a,0.0,-0.058167829999999865,-0.11505969937499991,0.0,-2.0637460157224217,56,fixed_k3
00_Optimized_Structure,a,0.0,-0.05428920599999987,-0.11505969937499991,0.0,-1.7307830560833515,56,fixed_k3
00_Optimized_Structure,a,0.0,-0.05041058199999987,-0.11505969937499991,0.0,-1.4319651198177168,56,fixed_k3
00_Optimized_Structure,a,0.0,-0.04653195799999987,-0.11505969937499991,0.0,-1.1634696511886122,56,fixed_k3
00_Optimized_Structure,a,0.0,-0.042653333999999876,-0.11505969937499991,0.0,-0.9208748193688021,56,fixed_k3
00_Optimized_Structure,a,0.0,-0.03877470999999988,-0.11505969937499991,0.0,-0.6999922171600903,56,fixed_k3
00_Optimized_Structure,a,0.0,-0.03489608599999988,-0.11505969937499991,0.0,-0.49730032753892583,56,fixed_k3
00_Optimized_Structure,a,0.0,-0.031017461999999885,-0.11505969937499991,0.0,-0.31014847052680583,56,fixed_k3
00_Optimized_Structure,a,0.0,-0.027138837999999887,-0.11505969937499991,0.0,-0.13682983010924632,56,fixed_k3
00_Optimized_Structure,a,0.0,-0.02326021399999989,-0.11505969937499991,0.0,0.023426897310403927,56,fixed_k3
00_Optimized_Structure,a,0.0,-0.019381589999999893,-0.11505969937499991,0.0,0.17052677200240662,56,fixed_k3
00_Optimized_Structure,a,0.0,-0.015502965999999896,-0.11505969937499991,0.0,0.3036327270164607,56,fixed_k3
00_Optimized_Structure,a,0.0,-0.011624341999999899,-0.11505969937499991,0.0,0.42134276207680266,56,fixed_k3
00_Optimized_Structure,a,0.0,-0.0077457179999999015,-0.11505969937499991,0.0,0.5219160646996235,56,fixed_k3
00_Optimized_Structure,a,0.0,-0.0038670939999999043,-0.11505969937499991,0.0,0.6035375817707553,56,fixed_k3
00_Optimized_Structure,a,0.0,1.1530000000092855e-05,-0.11505969937499991,0.0,0.6646028715780394,56,fixed_k3
00_Optimized_Structure,a,0.0,0.00389015400000009,-0.11505969937499991,0.0,0.703998537431322,56,fixed_k3
00_Optimized_Structure,a,0.0,0.007768778000000087,-0.11505969937499991,0.0,0.7213503619862585,56,fixed_k3
00_Optimized_Structure,a,0.0,0.011647402000000084,-0.11505969937499991,0.0,0.7172127386583007,56,fixed_k3
00_Optimized_Structure,a,0.0,0.015526026000000082,-0.11505969937499991,0.0,0.6931791381647758,56,fixed_k3
00_Optimized_Structure,a,0.0,0.01940465000000008,-0.11505969937499991,0.0,0.6519027641748183,56,fixed_k3
00_Optimized_Structure,a,0.0,0.023283274000000076,-0.11505969937499991,0.0,0.597026809519476,56,fixed_k3
00_Optimized_Structure,a,0.0,0.027161898000000073,-0.11505969937499991,0.0,0.5330320121597283,56,fixed_k3
00_Optimized_Structure,a,0.0,0.03104052200000007,-0.11505969937499991,0.0,0.4650130390132792,56,fixed_k3
00_Optimized_Structure,a,0.0,0.03491914600000007,-0.11505969937499991,0.0,0.3983929062744078,56,fixed_k3
00_Optimized_Structure,a,0.0,0.038797770000000065,-0.11505969937499991,0.0,0.3385754468354345,56,fixed_k3
00_Optimized_Structure,a,0.0,0.04267639400000006,-0.11505969937499991,0.0,0.29051997789849615,56,fixed_k3
00_Optimized_Structure,a,0.0,0.04655501800000006,-0.11505969937499991,0.0,0.2582011823008328,56,fixed_k3
00_Optimized_Structure,a,0.0,0.050433642000000056,-0.11505969937499991,0.0,0.24389435443261043,56,fixed_k3
00_Optimized_Structure,a,0.0,0.05431226600000005,-0.11505969937499991,0.0,0.24720987650126336,56,fixed_k3
00_Optimized_Structure,a,0.0,0.05819089000000005,-0.11505969937499991,0.0,0.26380873960245577,56,fixed_k3
00_Optimized_Structure,a,0.0,0.06206951400000005,-0.11505969937499991,0.0,0.2837958957962239,56,fixed_k3
00_Optimized_Structure,a,0.0,0.06594813800000005,-0.11505969937499991,0.0,0.28995967000168665,56,fixed_k3
00_Optimized_Structure,a,0.0,0.06982676200000004,-0.11505969937499991,0.0,0.2563514312042965,56,fixed_k3
00_Optimized_Structure,a,0.0,0.07370538600000004,-0.11505969937499991,0.0,0.14816122378076413,56,fixed_k3
00_Optimized_Structure,a,0.0,0.07758401000000004,-0.11505969937499991,0.0,-0.07577924843934492,56,fixed_k3
00_Optimized_Structure,a,0.0,0.08146263400000003,-0.11505969937499991,0.0,-0.4568186578194444,56,fixed_k3
00_Optimized_Structure,a,0.0,0.08534125800000003,-0.11505969937499991,0.0,-1.0273905522939315,56,fixed_k3
00_Optimized_Structure,a,0.0,0.08921988200000003,-0.11505969937499991,0.0,-1.803681036866232,56,fixed_k3
00_Optimized_Structure,a,0.0,0.09309850600000003,-0.11505969937499991,0.0,-2.7905541223272996,56,fixed_k3
00_Optimized_Structure,a,0.0,0.09697713000000002,-0.11505969937499991,0.0,-4.01792732744198,56,fixed_k3
00_Optimized_Structure,a,0.0,0.10085575400000002,-0.11505969937499991,0.0,-5.652433376250004,56,fixed_k3
00_Optimized_Structure,a,0.0,0.10473437800000002,-0.11505969937499991,0.0,-8.33347396261138,56,fixed_k3
00_Optimized_Structure,a,0.0,0.10861300200000001,-0.11505969937499991,0.0,-14.368157396617882,56,fixed_k3
00_Optimized_Structure,a,0.0,0.11249162600000001,-0.11505969937499991,0.0,-32.8856566601614,56,fixed_k3
00_Optimized_Structure,a,0.0,0.11637025000000001,-0.11505969937499991,0.0,-105.27725281314531,56,fixed_k3
00_Optimized_Structure,a,0.0,0.120248874,-0.11505969937499991,0.0,-389.8859382800109,56,fixed_k3
00_Optimized_Structure,a,0.0,0.124127498,-0.11505969937499991,0.0,-724.7310498500253,56,fixed_k3
00_Optimized_Structure,a,0.0,0.128006122,-0.11505969937499991,0.0,-376.9479722273443,56,fixed_k3
00_Optimized_Structure,a,0.0,0.131884746,-0.11505969937499991,0.0,-131.3717192466926,56,fixed_k3
00_Optimized_Structure,a,0.0,0.13576337,-0.11505969937499991,0.0,-52.11535424036538,56,fixed_k3
00_Optimized_Structure,a,0.0,0.139641994,-0.11505969937499991,0.0,-26.22582695676678,56,fixed_k3
00_Optimized_Structure,a,0.0,0.143520618,-0.11505969937499991,0.0,-16.391688032835788,56,fixed_k3
00_Optimized_Structure,a,0.0,0.14739924199999999,-0.11505969937499991,0.0,-11.892113198747552,56,fixed_k3
00_Optimized_Structure,a,0.0,0.15127786599999998,-0.11505969937499991,0.0,-9.384285984752378,56,fixed_k3
00_Optimized_Structure,a,0.0,0.15515649,-0.11505969937499991,0.0,-7.699764252493949,56,fixed_k3
00_Optimized_Structure,a,0.0,-0.1551334299999998,-0.1117730612499999,0.0,-10.552973889430525,56,fixed_k3
00_Optimized_Structure,a,0.0,-0.1512548059999998,-0.1117730612499999,0.0,-11.812505875671496,56,fixed_k3
00_Optimized_Structure,a,0.0,-0.1473761819999998,-0.1117730612499999,0.0,-13.823365004573441,56,fixed_k3
00_Optimized_Structure,a,0.0,-0.1434975579999998,-0.1117730612499999,0.0,-17.532227029338035,56,fixed_k3
00_Optimized_Structure,a,0.0,-0.1396189339999998,-0.1117730612499999,0.0,-25.674115072880927,56,fixed_k3
00_Optimized_Structure,a,0.0,-0.1357403099999998,-0.1117730612499999,0.0,-47.60075358736075,56,fixed_k3
00_Optimized_Structure,a,0.0,-0.1318616859999998,-0.1117730612499999,0.0,-122.48953033233038,56,fixed_k3
00_Optimized_Structure,a,0.0,-0.12798306199999981,-0.1117730612499999,0.0,-450.7544545287107,56,fixed_k3
00_Optimized_Structure,a,0.0,-0.12410443799999982,-0.1117730612499999,0.0,-1319.9550861699188,56,fixed_k3
00_Optimized_Structure,a,0.0,-0.12022581399999982,-0.1117730612499999,0.0,-471.15305527651765,56,fixed_k3
00_Optimized_Structure,a,0.0,-0.11634718999999982,-0.1117730612499999,0.0,-77.79619184228383,56,fixed_k3
00_Optimized_Structure,a,0.0,-0.11246856599999983,-0.1117730612499999,0.0,-16.25330460861315,56,fixed_k3
00_Optimized_Structure,a,0.0,-0.10858994199999983,-0.1117730612499999,0.0,-4.891992944512916,56,fixed_k3
00_Optimized_Structure,a,0.0,-0.10471131799999983,-0.1117730612499999,0.0,-2.7855580267868034,56,fixed_k3
00_Optimized_Structure,a,0.0,-0.10083269399999983,-0.1117730612499999,0.0,-2.83821442315916,56,fixed_k3
00_Optimized_Structure,a,0.0,-0.09695406999999984,-0.1117730612499999,0.0,-3.3980508265458202,56,fixed_k3
00_Optimized_Structure,a,0.0,-0.09307544599999984,-0.1117730612499999,0.0,-3.954235675776304,56,fixed_k3
00_Optimized_Structure,a,0.0,-0.08919682199999984,-0.1117730612499999,0.0,-4.316493313199503,56,fixed_k3
00_Optimized_Structure,a,0.0,-0.08531819799999985,-0.1117730612499999,0.0,-4.430012906744643,56,fixed_k3
00_Optimized_Structure,a,0.0,-0.08143957399999985,-0.1117730612499999,0.0,-4.316226012333898,56,fixed_k3
00_Optimized_Structure,a,0.0,-0.07756094999999985,-0.1117730612499999,0.0,-4.0352153881503465,56,fixed_k3
00_Optimized_Structure,a,0.0,-0.07368232599999985,-0.1117730612499999,0.0,-3.6556700325518037,56,fixed_k3
00_Optimized_Structure,a,0.0,-0.06980370199999986,-0.1117730612499999,0.0,-3.235780933675219,56,fixed_k3
00_Optimized_Structure,a,0.0,-0.06592507799999986,-0.1117730612499999,0.0,-2.8158696169787607,56,fixed_k3
00_Optimized_Structure,a,0.0,-0.06204645399999986,-0.1117730612499999,0.0,-2.419151858176968,56,fixed_k3
00_Optimized_Structure,a,0.0,-0.058167829999999865,-0.1117730612499999,0.0,-2.0560541596334856,56,fixed_k3
00_Optimized_Structure,a,0.0,-0.05428920599999987,-0.1117730612499999,0.0,-1.7289159819673463,56,fixed_k3
00_Optimized_Structure,a,0.0,-0.05041058199999987,-0.1117730612499999,0.0,-1.435685646220775,56,fixed_k3
00_Optimized_Structure,a,0.0,-0.04653195799999987,-0.1117730612499999,0.0,-1.1723706779966616,56,fixed_k3
00_Optimized_Structure,a,0.0,-0.042653333999999876,-0.1117730612499999,0.0,-0.9344888898672967,56,fixed_k3
00_Optimized_Structure,a,0.0,-0.03877470999999988,-0.1117730612499999,0.0,-0.7178567860740599,56,fixed_k3
00_Optimized_Structure,a,0.0,-0.03489608599999988,-0.1117730612499999,0.0,-0.5189856258334253,56,fixed_k3
00_Optimized_Structure,a,0.0,-0.031017461999999885,-0.1117730612499999,0.0,-0.3352602230458315,56,fixed_k3
00_Optimized_Structure,a,0.0,-0.027138837999999887,-0.1117730612499999,0.0,-0.16499831595666858,56,fixed_k3
00_Optimized_Structure,a,0.0,-0.02326021399999989,-0.1117730612499999,0.0,-0.007437438022100729,56,fixed_k3
00_Optimized_Structure,a,0.0,-0.019381589999999893,-0.1117730612499999,0.0,0.1373330085354385,56,fixed_k3
00_Optimized_Structure,a,0.0,-0.015502965999999896,-0.1117730612499999,0.0,0.2684908299870754,56,fixed_k3
00_Optimized_Structure,a,0.0,-0.011624341999999899,-0.1117730612499999,0.0,0.38465153978965905,56,fixed_k3
00_Optimized_Structure,a,0.0,-0.0077457179999999015,-0.1117730612499999,0.0,0.48408781234309606,56,fixed_k3
00_Optimized_Structure,a,0.0,-0.0038670939999999043,-0.1117730612499999,0.0,0.5649887248276086,56,fixed_k3
00_Optimized_Structure,a,0.0,1.1530000000092855e-05,-0.1117730612499999,0.0,0.6257414835006871,56,fixed_k3
00_Optimized_Structure,a,0.0,0.00389015400000009,-0.1117730612499999,0.0,0.6652112930850826,56,fixed_k3
00_Optimized_Structure,a,0.0,0.007768778000000087,-0.1117730612499999,0.0,0.682991338452045,56,fixed_k3
00_Optimized_Structure,a,0.0,0.011647402000000084,-0.1117730612499999,0.0,0.6795959234954414,56,fixed_k3
00_Optimized_Structure,a,0.0,0.015526026000000082,-0.1117730612499999,0.0,0.6565757540402304,56,fixed_k3
00_Optimized_Structure,a,0.0,0.01940465000000008,-0.1117730612499999,0.0,0.616543814334849,56,fixed_k3
00_Optimized_Structure,a,0.0,0.023283274000000076,-0.1117730612499999,0.0,0.5631108112449854,56,fixed_k3
00_Optimized_Structure,a,0.0,0.027161898000000073,-0.1117730612499999,0.0,0.5007378487839191,56,fixed_k3
00_Optimized_Structure,a,0.0,0.03104052200000007,-0.1117730612499999,0.0,0.4345182407969794,56,fixed_k3
00_Optimized_Structure,a,0.0,0.03491914600000007,-0.1117730612499999,0.0,0.3698983559064475,56,fixed_k3
00_Optimized_Structure,a,0.0,0.038797770000000065,-0.1117730612499999,0.0,0.31233824596183757,56,fixed_k3
00_Optimized_Structure,a,0.0,0.04267639400000006,-0.1117730612499999,0.0,0.26689654786087535,56,fixed_k3
00_Optimized_Structure,a,0.0,0.04655501800000006,-0.1117730612499999,0.0,0.23770175830103835,56,fixed_k3
00_Optimized_Structure,a,0.0,0.050433642000000056,-0.1117730612499999,0.0,0.22724629507680616,56,fixed_k3
00_Optimized_Structure,a,0.0,0.05431226600000005,-0.1117730612499999,0.0,0.23541787727625074,56,fixed_k3
00_Optimized_Structure,a,0.0,0.05819089000000005,-0.1117730612499999,0.0,0.2581807838865391,56,fixed_k3
00_Optimized_Structure,a,0.0,0.06206951400000005,-0.1117730612499999,0.0,0.2858693558066894,56,fixed_k3
00_Optimized_Structure,a,0.0,0.06594813800000005,-0.1117730612499999,0.0,0.30120979847688956,56,fixed_k3
00_Optimized_Structure,a,0.0,0.06982676200000004,-0.1117730612499999,0.0,0.27750400369397576,56,fixed_k3
00_Optimized_Structure,a,0.0,0.07370538600000004,-0.1117730612499999,0.0,0.1778990486964629,56,fixed_k3
00_Optimized_Structure,a,0.0,0.07758401000000004,-0.1117730612499999,0.0,-0.04285817315285789,56,fixed_k3
00_Optimized_Structure,a,0.0,0.08146263400000003,-0.1117730612499999,0.0,-0.4329010762295742,56,fixed_k3
00_Optimized_Structure,a,0.0,0.08534125800000003,-0.1117730612499999,0.0,-1.0344110700699043,56,fixed_k3
00_Optimized_Structure,a,0.0,0.08921988200000003,-0.1117730612499999,0.0,-1.8762608709595725,56,fixed_k3
00_Optimized_Structure,a,0.0,0.09309850600000003,-0.1117730612499999,0.0,-2.9801753779096987,56,fixed_k3
00_Optimized_Structure,a,0.0,0.09697713000000002,-0.1117730612499999,0.0,-4.404419780798381,56,fixed_k3
00_Optimized_Structure,a,0.0,0.10085575400000002,-0.1117730612499999,0.0,-6.38269798391736,56,fixed_k3
00_Optimized_Structure,a,0.0,0.10473437800000002,-0.1117730612499999,0.0,-9.760657740468298,56,fixed_k3
00_Optimized_Structure,a,0.0,0.10861300200000001,-0.1117730612499999,0.0,-17.649157078353156,56,fixed_k3
00_Optimized_Structure,a,0.0,0.11249162600000001,-0.1117730612499999,0.0,-43.460190504844256,56,fixed_k3
00_Optimized_Structure,a,0.0,0.11637025000000001,-0.1117730612499999,0.0,-162.72791392132265,56,fixed_k3
00_Optimized_Structure,a,0.0,0.120248874,-0.1117730612499999,0.0,-860.1577986949686,56,fixed_k3
00_Optimized_Structure,a,0.0,0.124127498,-0.1117730612499999,0.0,-1698.253129082618,56,fixed_k3
00_Optimized_Structure,a,0.0,0.128006122,-0.1117730612499999,0.0,-504.7475318491088,56,fixed_k3
00_Optimized_Structure,a,0.0,0.131884746,-0.1117730612499999,0.0,-137.25804045488434,56,fixed_k3
00_Optimized_Structure,a,0.0,0.13576337,-0.1117730612499999,0.0,-51.207292207508125,56,fixed_k3
00_Optimized_Structure,a,0.0,0.139641994,-0.1117730612499999,0.0,-25.898641810183776,56,fixed_k3
00_Optimized_Structure,a,0.0,0.143520618,-0.1117730612499999,0.0,-16.5189992166722,56,fixed_k3
00_Optimized_Structure,a,0.0,0.14739924199999999,-0.1117730612499999,0.0,-12.180962241709322,56,fixed_k3
00_Optimized_Structure,a,0.0,0.15127786599999998,-0.1117730612499999,0.0,-9.707861457854866,56,fixed_k3
00_Optimized_Structure,a,0.0,0.15515649,-0.1117730612499999,0.0,-8.013005489623811,56,fixed_k3
00_Optimized_Structure,a,0.0,-0.1551334299999998,-0.1084864231249999,0.0,-10.029265880985964,56,fixed_k3
00_Optimized_Structure,a,0.0,-0.1512548059999998,-0.1084864231249999,0.0,-11.266649307961819,56,fixed_k3
00_Optimized_Structure,a,0.0,-0.1473761819999998,-0.1084864231249999,0.0,-13.209602458115135,56,fixed_k3
00_Optimized_Structure,a,0.0,-0.1434975579999998,-0.1084864231249999,0.0,-16.72422875955219,56,fixed_k3
00_Optimized_Structure,a,0.0,-0.1396189339999998,-0.1084864231249999,0.0,-24.332978608216486,56,fixed_k3
00_Optimized_Structure,a,0.0,-0.1357403099999998,-0.1084864231249999,0.0,-44.95825232927926,56,fixed_k3
00_Optimized_Structure,a,0.0,-0.1318616859999998,-0.1084864231249999,0.0,-119.78663190217176,56,fixed_k3
00_Optimized_Structure,a,0.0,-0.12798306199999981,-0.1084864231249999,0.0,-546.0326799557105,56,fixed_k3
00_Optimized_Structure,a,0.0,-0.12410443799999982,-0.1084864231249999,0.0,-4274.555273832007,56,fixed_k3
00_Optimized_Structure,a,0.0,-0.12022581399999982,-0.1084864231249999,0.0,-1183.0230104801624,56,fixed_k3
00_Optimized_Structure,a,0.0,-0.11634718999999982,-0.1084864231249999,0.0,-117.9456249661761,56,fixed_k3
00_Optimized_Structure,a,0.0,-0.11246856599999983,-0.1084864231249999,0.0,-20.457377826292998,56,fixed_k3
00_Optimized_Structure,a,0.0,-0.10858994199999983,-0.1084864231249999,0.0,-5.235878731269554,56,fixed_k3
00_Optimized_Structure,a,0.0,-0.10471131799999983,-0.1084864231249999,0.0,-2.5294026793159197,56,fixed_k3
00_Optimized_Structure,a,0.0,-0.10083269399999983,-0.1084864231249999,0.0,-2.5330510103728923,56,fixed_k3
00_Optimized_Structure,a,0.0,-0.09695406999999984,-0.1084864231249999,0.0,-3.1607884064446115,56,fixed_k3
00_Optimized_Structure,a,0.0,-0.09307544599999984,-0.1084864231249999,0.0,-3.7975860894364812,56,fixed_k3
00_Optimized_Structure,a,0.0,-0.08919682199999984,-0.1084864231249999,0.0,-4.221980203850418,56,fixed_k3
00_Optimized_Structure,a,0.0,-0.08531819799999985,-0.1084864231249999,0.0,-4.37341734989029,56,fixed_k3
00_Optimized_Structure,a,0.0,-0.08143957399999985,-0.1084864231249999,0.0,-4.278513263121168,56,fixed_k3
00_Optimized_Structure,a,0.0,-0.07756094999999985,-0.1084864231249999,0.0,-4.005480323471936,56,fixed_k3
00_Optimized_Structure,a,0.0,-0.07368232599999985,-0.1084864231249999,0.0,-3.629639541166344,56,fixed_k3
00_Optimized_Structure,a,0.0,-0.06980370199999986,-0.1084864231249999,0.0,-3.212954190601241,56,fixed_k3
00_Optimized_Structure,a,0.0,-0.06592507799999986,-0.1084864231249999,0.0,-2.7971542363712,56,fixed_k3
00_Optimized_Structure,a,0.0,-0.06204645399999986,-0.1084864231249999,0.0,-2.405533116087917,56,fixed_k3
00_Optimized_Structure,a,0.0,-0.058167829999999865,-0.1084864231249999,0.0,-2.048097536974252,56,fixed_k3
00_Optimized_Structure,a,0.0,-0.05428920599999987,-0.1084864231249999,0.0,-1.726727925615014,56,fixed_k3
00_Optimized_Structure,a,0.0,-0.05041058199999987,-0.1084864231249999,0.0,-1.43904651436092,56,fixed_k3
00_Optimized_Structure,a,0.0,-0.04653195799999987,-0.1084864231249999,0.0,-1.1808873008734273,56,fixed_k3
00_Optimized_Structure,a,0.0,-0.042653333999999876,-0.1084864231249999,0.0,-0.9477085304469988,56,fixed_k3
00_Optimized_Structure,a,0.0,-0.03877470999999988,-0.1084864231249999,0.0,-0.7353328787809179,56,fixed_k3
00_Optimized_Structure,a,0.0,-0.03489608599999988,-0.1084864231249999,0.0,-0.5403045543150125,56,fixed_k3
00_Optimized_Structure,a,0.0,-0.031017461999999885,-0.1084864231249999,0.0,-0.36004262729628955,56,fixed_k3
00_Optimized_Structure,a,0.0,-0.027138837999999887,-0.1084864231249999,0.0,-0.1928869612645987,56,fixed_k3
00_Optimized_Structure,a,0.0,-0.02326021399999989,-0.1084864231249999,0.0,-0.03808071827549364,56,fixed_k3
00_Optimized_Structure,a,0.0,-0.019381589999999893,-0.1084864231249999,0.0,0.10429577627215947,56,fixed_k3
00_Optimized_Structure,a,0.0,-0.015502965999999896,-0.1084864231249999,0.0,0.23343865363626515,56,fixed_k3
00_Optimized_Structure,a,0.0,-0.011624341999999899,-0.1084864231249999,0.0,0.34798395059134934,56,fixed_k3
00_Optimized_Structure,a,0.0,-0.0077457179999999015,-0.1084864231249999,0.0,0.4462201283461775,56,fixed_k3
00_Optimized_Structure,a,0.0,-0.0038670939999999043,-0.1084864231249999,0.0,0.5263418216008686,56,fixed_k3
00_Optimized_Structure,a,0.0,1.1530000000092855e-05,-0.1084864231249999,0.0,0.586728387336108,56,fixed_k3
00_Optimized_Structure,a,0.0,0.00389015400000009,-0.1084864231249999,0.0,0.6262232602541662,56,fixed_k3
00_Optimized_Structure,a,0.0,0.007768778000000087,-0.1084864231249999,0.0,0.6443859071887479,56,fixed_k3
00_Optimized_Structure,a,0.0,0.011647402000000084,-0.1084864231249999,0.0,0.6416888334308757,56,fixed_k3
00_Optimized_Structure,a,0.0,0.015526026000000082,-0.1084864231249999,0.0,0.6196378318146842,56,fixed_k3
00_Optimized_Structure,a,0.0,0.01940465000000008,-0.1084864231249999,0.0,0.5808031812144816,56,fixed_k3
00_Optimized_Structure,a,0.0,0.023283274000000076,-0.1084864231249999,0.0,0.528760307368453,56,fixed_k3
00_Optimized_Structure,a,0.0,0.027161898000000073,-0.1084864231249999,0.0,0.46794752698261366,56,fixed_k3
00_Optimized_Structure,a,0.0,0.03104052200000007,-0.1084864231249999,0.0,0.40345317748618914,56,fixed_k3
00_Optimized_Structure,a,0.0,0.03491914600000007,-0.1084864231249999,0.0,0.34074274931847537,56,fixed_k3
00_Optimized_Structure,a,0.0,0.038797770000000065,-0.1084864231249999,0.0,0.2853275817606793,56,fixed_k3
00_Optimized_Structure,a,0.0,0.04267639400000006,-0.1084864231249999,0.0,0.2423600703294455,56,fixed_k3
00_Optimized_Structure,a,0.0,0.04655501800000006,-0.1084864231249999,0.0,0.21611677372688298,56,fixed_k3
00_Optimized_Structure,a,0.0,0.050433642000000056,-0.1084864231249999,0.0,0.20930239483291269,56,fixed_k3
00_Optimized_Structure,a,0.0,0.05431226600000005,-0.1084864231249999,0.0,0.22208015560345418,56,fixed_k3
00_Optimized_Structure,a,0.0,0.05819089000000005,-0.1084864231249999,0.0,0.25072186891052795,56,fixed_k3
00_Optimized_Structure,a,0.0,0.06206951400000005,-0.1084864231249999,0.0,0.2858043439621376,56,fixed_k3
00_Optimized_Structure,a,0.0,0.06594813800000005,-0.1084864231249999,0.0,0.31001127924361493,56,fixed_k3
00_Optimized_Structure,a,0.0,0.06982676200000004,-0.1084864231249999,0.0,0.29590242603289285,56,fixed_k3
00_Optimized_Structure,a,0.0,0.07370538600000004,-0.1084864231249999,0.0,0.2045211646708549,56,fixed_k3
00_Optimized_Structure,a,0.0,0.07758401000000004,-0.1084864231249999,0.0,-0.013715819924275952,56,fixed_k3
00_Optimized_Structure,a,0.0,0.08146263400000003,-0.1084864231249999,0.0,-0.41433823683021,56,fixed_k3
00_Optimized_Structure,a,0.0,0.08534125800000003,-0.1084864231249999,0.0,-1.050451207804445,56,fixed_k3
00_Optimized_Structure,a,0.0,0.08921988200000003,-0.1084864231249999,0.0,-1.9654909537179974,56,fixed_k3
00_Optimized_Structure,a,0.0,0.09309850600000003,-0.1084864231249999,0.0,-3.200790620096374,56,fixed_k3
00_Optimized_Structure,a,0.0,0.09697713000000002,-0.1084864231249999,0.0,-4.847553133331081,56,fixed_k3
00_Optimized_Structure,a,0.0,0.10085575400000002,-0.1084864231249999,0.0,-7.2175218545247235,56,fixed_k3
00_Optimized_Structure,a,0.0,0.10473437800000002,-0.1084864231249999,0.0,-11.399826254525372,56,fixed_k3
00_Optimized_Structure,a,0.0,0.10861300200000001,-0.1084864231249999,0.0,-21.4880413496548,56,fixed_k3
00_Optimized_Structure,a,0.0,0.11249162600000001,-0.1084864231249999,0.0,-56.62192853917305,56,fixed_k3
00_Optimized_Structure,a,0.0,0.11637025000000001,-0.1084864231249999,0.0,-251.44425895782504,56,fixed_k3
00_Optimized_Structure,a,0.0,0.120248874,-0.1084864231249999,0.0,-2326.1479652869534,56,fixed_k3
00_Optimized_Structure,a,0.0,0.124127498,-0.1084864231249999,0.0,-4445.505470451299,56,fixed_k3
00_Optimized_Structure,a,0.0,0.128006122,-0.1084864231249999,0.0,-578.2174532545931,56,fixed_k3
00_Optimized_Structure,a,0.0,0.131884746,-0.1084864231249999,0.0,-132.14779496863216,56,fixed_k3
00_Optimized_Structure,a,0.0,0.13576337,-0.1084864231249999,0.0,-48.42268004736984,56,fixed_k3
00_Optimized_Structure,a,0.0,0.139641994,-0.1084864231249999,0.0,-25.07591084476073,56,fixed_k3
00_Optimized_Structure,a,0.0,0.143520618,-0.1084864231249999,0.0,-16.422186064678066,56,fixed_k3
00_Optimized_Structure,a,0.0,0.14739924199999999,-0.1084864231249999,0.0,-12.329383595570729,56,fixed_k3
00_Optimized_Structure,a,0.0,0.15127786599999998,-0.1084864231249999,0.0,-9.934081795427751,56,fixed_k3
00_Optimized_Structure,a,0.0,0.15515649,-0.1084864231249999,0.0,-8.26059988697245,56,fixed_k3
00_Optimized_Structure,a,0.0,-0.1551334299999998,-0.1051997849999999,0.0,-9.553967669831824,56,fixed_k3
00_Optimized_Structure,a,0.0,-0.1512548059999998,-0.1051997849999999,0.0,-10.752194783731104,56,fixed_k3
00_Optimized_Structure,a,0.0,-0.1473761819999998,-0.1051997849999999,0.0,-12.599777146703099,56,fixed_k3
00_Optimized_Structure,a,0.0,-0.1434975579999998,-0.1051997849999999,0.0,-15.862404268484585,56,fixed_k3
00_Optimized_Structure,a,0.0,-0.1396189339999998,-0.1051997849999999,0.0,-22.75124240062234,56,fixed_k3
00_Optimized_Structure,a,0.0,-0.1357403099999998,-0.1051997849999999,0.0,-41.11324261014078,56,fixed_k3
00_Optimized_Structure,a,0.0,-0.1318616859999998,-0.1051997849999999,0.0,-108.09950699945843,56,fixed_k3
00_Optimized_Structure,a,0.0,-0.12798306199999981,-0.1051997849999999,0.0,-525.4861364756853,56,fixed_k3
00_Optimized_Structure,a,0.0,-0.12410443799999982,-0.1051997849999999,0.0,-12950.401963931636,56,fixed_k3
00_Optimized_Structure,a,0.0,-0.12022581399999982,-0.1051997849999999,0.0,-3569.965905988134,56,fixed_k3
00_Optimized_Structure,a,0.0,-0.11634718999999982,-0.1051997849999999,0.0,-173.77989259510812,56,fixed_k3
00_Optimized_Structure,a,0.0,-0.11246856599999983,-0.1051997849999999,0.0,-25.37341555655455,56,fixed_k3
00_Optimized_Structure,a,0.0,-0.10858994199999983,-0.1051997849999999,0.0,-5.659785716503326,56,fixed_k3
00_Optimized_Structure,a,0.0,-0.10471131799999983,-0.1051997849999999,0.0,-2.2837060764646853,56,fixed_k3
00_Optimized_Structure,a,0.0,-0.10083269399999983,-0.1051997849999999,0.0,-2.227356893829811,56,fixed_k3
00_Optimized_Structure,a,0.0,-0.09695406999999984,-0.1051997849999999,0.0,-2.924076251673225,56,fixed_k3
00_Optimized_Structure,a,0.0,-0.09307544599999984,-0.1051997849999999,0.0,-3.6444843574156307,56,fixed_k3
00_Optimized_Structure,a,0.0,-0.08919682199999984,-0.1051997849999999,0.0,-4.132591931742617,56,fixed_k3
00_Optimized_Structure,a,0.0,-0.08531819799999985,-0.1051997849999999,0.0,-4.321696092594031,56,fixed_k3
00_Optimized_Structure,a,0.0,-0.08143957399999985,-0.1051997849999999,0.0,-4.24441334166669,56,fixed_k3
00_Optimized_Structure,a,0.0,-0.07756094999999985,-0.1051997849999999,0.0,-3.9779555438435086,56,fixed_k3
00_Optimized_Structure,a,0.0,-0.07368232599999985,-0.1051997849999999,0.0,-3.6047269431429183,56,fixed_k3
00_Optimized_Structure,a,0.0,-0.06980370199999986,-0.1051997849999999,0.0,-3.1905408913721205,56,fixed_k3
00_Optimized_Structure,a,0.0,-0.06592507799999986,-0.1051997849999999,0.0,-2.7784423764420554,56,fixed_k3
00_Optimized_Structure,a,0.0,-0.06204645399999986,-0.1051997849999999,0.0,-2.3916852494626797,56,fixed_k3
00_Optimized_Structure,a,0.0,-0.058167829999999865,-0.1051997849999999,0.0,-2.0397729749090874,56,fixed_k3
00_Optimized_Structure,a,0.0,-0.05428920599999987,-0.1051997849999999,0.0,-1.724081851411991,56,fixed_k3
00_Optimized_Structure,a,0.0,-0.05041058199999987,-0.1051997849999999,0.0,-1.4418885551547151,56,fixed_k3
00_Optimized_Structure,a,0.0,-0.04653195799999987,-0.1051997849999999,0.0,-1.18884703659059,56,fixed_k3
00_Optimized_Structure,a,0.0,-0.042653333999999876,-0.1051997849999999,0.0,-0.9603543296640238,56,fixed_k3
00_Optimized_Structure,a,0.0,-0.03877470999999988,-0.1051997849999999,0.0,-0.7522384834616425,56,fixed_k3
00_Optimized_Structure,a,0.0,-0.03489608599999988,-0.1051997849999999,0.0,-0.5610751378137664,56,fixed_k3
00_Optimized_Structure,a,0.0,-0.031017461999999885,-0.1051997849999999,0.0,-0.384315047949606,56,fixed_k3
00_Optimized_Structure,a,0.0,-0.027138837999999887,-0.1051997849999999,0.0,-0.2203167668125161,56,fixed_k3
00_Optimized_Structure,a,0.0,-0.02326021399999989,-0.1051997849999999,0.0,-0.06832515250373605,56,fixed_k3
00_Optimized_Structure,a,0.0,-0.019381589999999893,-0.1051997849999999,0.0,0.07159257675400088,56,fixed_k3
00_Optimized_Structure,a,0.0,-0.015502965999999896,-0.1051997849999999,0.0,0.19865463665051797,56,fixed_k3
00_Optimized_Structure,a,0.0,-0.011624341999999899,-0.1051997849999999,0.0,0.31152076793260974,56,fixed_k3
00_Optimized_Structure,a,0.0,-0.0077457179999999015,-0.1051997849999999,0.0,0.408497595440815,56,fixed_k3
00_Optimized_Structure,a,0.0,-0.0038670939999999043,-0.1051997849999999,0.0,0.4877867587505529,56,fixed_k3
00_Optimized_Structure,a,0.0,1.1530000000092855e-05,-0.1051997849999999,0.0,0.5477602633016914,56,fixed_k3
00_Optimized_Structure,a,0.0,0.00389015400000009,-0.1051997849999999,0.0,0.587239397134053,56,fixed_k3
00_Optimized_Structure,a,0.0,0.007768778000000087,-0.1051997849999999,0.0,0.6057488008566843,56,fixed_k3
00_Optimized_Structure,a,0.0,0.011647402000000084,-0.1051997849999999,0.0,0.6037175109869537,56,fixed_k3
00_Optimized_Structure,a,0.0,0.015526026000000082,-0.1051997849999999,0.0,0.582604327067791,56,fixed_k3
00_Optimized_Structure,a,0.0,0.01940465000000008,-0.1051997849999999,0.0,0.5449344289389879,56,fixed_k3
00_Optimized_Structure,a,0.0,0.023283274000000076,-0.1051997849999999,0.0,0.49424527349856806,56,fixed_k3
00_Optimized_Structure,a,0.0,0.027161898000000073,-0.1051997849999999,0.0,0.4349493461675973,56,fixed_k3
00_Optimized_Structure,a,0.0,0.03104052200000007,-0.1051997849999999,0.0,0.3721264784149736,56,fixed_k3
00_Optimized_Structure,a,0.0,0.03491914600000007,-0.1051997849999999,0.0,0.3112571053565283,56,fixed_k3
00_Optimized_Structure,a,0.0,0.038797770000000065,-0.1051997849999999,0.0,0.2578988969268168,56,fixed_k3
00_Optimized_Structure,a,0.0,0.04267639400000006,-0.1051997849999999,0.0,0.21729227982039712,56,fixed_k3
00_Optimized_Structure,a,0.0,0.04655501800000006,-0.1051997849999999,0.0,0.19385571614480535,56,fixed_k3
00_Optimized_Structure,a,0.0,0.050433642000000056,-0.1051997849999999,0.0,0.19050056249199399,56,fixed_k3
00_Optimized_Structure,a,0.0,0.05431226600000005,-0.1051997849999999,0.0,0.20766234504763448,56,fixed_k3
00_Optimized_Structure,a,0.0,0.05819089000000005,-0.1051997849999999,0.0,0.24192254458303397,56,fixed_k3
00_Optimized_Structure,a,0.0,0.06206951400000005,-0.1051997849999999,0.0,0.28411059634870206,56,fixed_k3
00_Optimized_Structure,a,0.0,0.06594813800000005,-0.1051997849999999,0.0,0.3168836954488281,56,fixed_k3
00_Optimized_Structure,a,0.0,0.06982676200000004,-0.1051997849999999,0.0,0.3120624257585147,56,fixed_k3
00_Optimized_Structure,a,0.0,0.07370538600000004,-0.1051997849999999,0.0,0.22851855462711712,56,fixed_k3
00_Optimized_Structure,a,0.0,0.07758401000000004,-0.1051997849999999,0.0,0.012074834800563927,56,fixed_k3
00_Optimized_Structure,a,0.0,0.08146263400000003,-0.1051997849999999,0.0,-0.4008546829074713,56,fixed_k3
00_Optimized_Structure,a,0.0,0.08534125800000003,-0.1051997849999999,0.0,-1.0755751710735402,56,fixed_k3
00_Optimized_Structure,a,0.0,0.08921988200000003,-0.1051997849999999,0.0,-2.072100494417308,56,fixed_k3
00_Optimized_Structure,a,0.0,0.09309850600000003,-0.1051997849999999,0.0,-3.4541606815688564,56,fixed_k3
00_Optimized_Structure,a,0.0,0.09697713000000002,-0.1051997849999999,0.0,-5.35007811128301,56,fixed_k3
00_Optimized_Structure,a,0.0,0.10085575400000002,-0.1051997849999999,0.0,-8.158877909759964,56,fixed_k3
00_Optimized_Structure,a,0.0,0.10473437800000002,-0.1051997849999999,0.0,-13.244052952573517,56,fixed_k3
00_Optimized_Structure,a,0.0,0.10861300200000001,-0.1051997849999999,0.0,-25.83115930244068,56,fixed_k3
00_Optimized_Structure,a,0.0,0.11249162600000001,-0.1051997849999999,0.0,-72.09044223797751,56,fixed_k3
00_Optimized_Structure,a,0.0,0.11637025000000001,-0.1051997849999999,0.0,-377.4539888716493,56,fixed_k3
00_Optimized_Structure,a,0.0,0.120248874,-0.1051997849999999,0.0,-8338.827473887195,56,fixed_k3
00_Optimized_Structure,a,0.0,0.124127498,-0.1051997849999999,0.0,-9029.816986504446,56,fixed_k3
00_Optimized_Structure,a,0.0,0.128006122,-0.1051997849999999,0.0,-543.214195900538,56,fixed_k3
00_Optimized_Structure,a,0.0,0.131884746,-0.1051997849999999,0.0,-118.04198287642788,56,fixed_k3
00_Optimized_Structure,a,0.0,0.13576337,-0.1051997849999999,0.0,-44.35214866429497,56,fixed_k3
00_Optimized_Structure,a,0.0,0.139641994,-0.1051997849999999,0.0,-23.900309328298192,56,fixed_k3
00_Optimized_Structure,a,0.0,0.143520618,-0.1051997849999999,0.0,-16.148596635401677,56,fixed_k3
00_Optimized_Structure,a,0.0,0.14739924199999999,-0.1051997849999999,0.0,-12.358922901057785,56,fixed_k3
00_Optimized_Structure,a,0.0,0.15127786599999998,-0.1051997849999999,0.0,-10.072901483635082,56,fixed_k3
00_Optimized_Structure,a,0.0,0.15515649,-0.1051997849999999,0.0,-8.443724342187977,56,fixed_k3
00_Optimized_Structure,a,0.0,-0.1551334299999998,-0.10191314687499992,0.0,-9.121733604558543,56,fixed_k3
00_Optimized_Structure,a,0.0,-0.1512548059999998,-0.10191314687499992,0.0,-10.26876989688715,56,fixed_k3
00_Optimized_Structure,a,0.0,-0.1473761819999998,-0.10191314687499992,0.0,-12.00253741201102,56,fixed_k3
00_Optimized_Structure,a,0.0,-0.1434975579999998,-0.10191314687499992,0.0,-14.978049799548565,56,fixed_k3
00_Optimized_Structure,a,0.0,-0.1396189339999998,-0.10191314687499992,0.0,-21.04377969971011,56,fixed_k3
00_Optimized_Structure,a,0.0,-0.1357403099999998,-0.10191314687499992,0.0,-36.62199324358089,56,fixed_k3
00_Optimized_Structure,a,0.0,-0.1318616859999998,-0.10191314687499992,0.0,-91.2765334947099,56,fixed_k3
00_Optimized_Structure,a,0.0,-0.12798306199999981,-0.10191314687499992,0.0,-408.9661377780663,56,fixed_k3
00_Optimized_Structure,a,0.0,-0.12410443799999982,-0.10191314687499992,0.0,-9266.481634048068,56,fixed_k3
00_Optimized_Structure,a,0.0,-0.12022581399999982,-0.10191314687499992,0.0,-9503.373232408356,56,fixed_k3
00_Optimized_Structure,a,0.0,-0.11634718999999982,-0.10191314687499992,0.0,-238.58439375515573,56,fixed_k3
00_Optimized_Structure,a,0.0,-0.11246856599999983,-0.10191314687499992,0.0,-30.619508895750165,56,fixed_k3
00_Optimized_Structure,a,0.0,-0.10858994199999983,-0.10191314687499992,0.0,-6.1504971941269195,56,fixed_k3
00_Optimized_Structure,a,0.0,-0.10471131799999983,-0.10191314687499992,0.0,-2.0595608052046557,56,fixed_k3
00_Optimized_Structure,a,0.0,-0.10083269399999983,-0.10191314687499992,0.0,-1.9296036241443186,56,fixed_k3
00_Optimized_Structure,a,0.0,-0.09695406999999984,-0.10191314687499992,0.0,-2.693260229621114,56,fixed_k3
00_Optimized_Structure,a,0.0,-0.09307544599999984,-0.10191314687499992,0.0,-3.4983758126869864,56,fixed_k3
00_Optimized_Structure,a,0.0,-0.08919682199999984,-0.10191314687499992,0.0,-4.050570239457951,56,fixed_k3
00_Optimized_Structure,a,0.0,-0.08531819799999985,-0.10191314687499992,0.0,-4.2762472436881644,56,fixed_k3
00_Optimized_Structure,a,0.0,-0.08143957399999985,-0.10191314687499992,0.0,-4.214737786408847,56,fixed_k3
00_Optimized_Structure,a,0.0,-0.07756094999999985,-0.10191314687499992,0.0,-3.9530740405712654,56,fixed_k3
00_Optimized_Structure,a,0.0,-0.07368232599999985,-0.10191314687499992,0.0,-3.5811354935087953,56,fixed_k3
00_Optimized_Structure,a,0.0,-0.06980370199999986,-0.10191314687499992,0.0,-3.168605697835708,56,fixed_k3
00_Optimized_Structure,a,0.0,-0.06592507799999986,-0.10191314687499992,0.0,-2.7597110075733795,56,fixed_k3
00_Optimized_Structure,a,0.0,-0.06204645399999986,-0.10191314687499992,0.0,-2.3775263379208296,56,fixed_k3
00_Optimized_Structure,a,0.0,-0.058167829999999865,-0.10191314687499992,0.0,-2.0309578817737166,56,fixed_k3
00_Optimized_Structure,a,0.0,-0.05428920599999987,-0.10191314687499992,0.0,-1.7208275703274654,56,fixed_k3
00_Optimized_Structure,a,0.0,-0.05041058199999987,-0.10191314687499992,0.0,-1.4440439627471362,56,fixed_k3
00_Optimized_Structure,a,0.0,-0.04653195799999987,-0.10191314687499992,0.0,-1.1960720419651556,56,fixed_k3
00_Optimized_Structure,a,0.0,-0.042653333999999876,-0.10191314687499992,0.0,-0.972243900061531,56,fixed_k3
00_Optimized_Structure,a,0.0,-0.03877470999999988,-0.10191314687499992,0.0,-0.7683903519649302,56,fixed_k3
00_Optimized_Structure,a,0.0,-0.03489608599999988,-0.10191314687499992,0.0,-0.5811154458527823,56,fixed_k3
00_Optimized_Structure,a,0.0,-0.031017461999999885,-0.10191314687499992,0.0,-0.40789785847884596,56,fixed_k3
00_Optimized_Structure,a,0.0,-0.027138837999999887,-0.10191314687499992,0.0,-0.24711049817762287,56,fixed_k3
00_Optimized_Structure,a,0.0,-0.02326021399999989,-0.10191314687499992,0.0,-0.09799534488674766,56,fixed_k3
00_Optimized_Structure,a,0.0,-0.019381589999999893,-0.10191314687499992,0.0,0.0393979513165692,56,fixed_k3
00_Optimized_Structure,a,0.0,-0.015502965999999896,-0.10191314687499992,0.0,0.16431371621367274,56,fixed_k3
00_Optimized_Structure,a,0.0,-0.011624341999999899,-0.10191314687499992,0.0,0.2754387211635567,56,fixed_k3
00_Optimized_Structure,a,0.0,-0.0077457179999999015,-0.10191314687499992,0.0,0.37110019712289155,56,fixed_k3
00_Optimized_Structure,a,0.0,-0.0038670939999999043,-0.10191314687499992,0.0,0.4495082557999508,56,fixed_k3
00_Optimized_Structure,a,0.0,1.1530000000092855e-05,-0.10191314687499992,0.0,0.5090280513273093,56,fixed_k3
00_Optimized_Structure,a,0.0,0.00389015400000009,-0.10191314687499992,0.0,0.5484583548574342,56,fixed_k3
00_Optimized_Structure,a,0.0,0.007768778000000087,-0.10191314687499992,0.0,0.5672878966380841,56,fixed_k3
00_Optimized_Structure,a,0.0,0.011647402000000084,-0.10191314687499992,0.0,0.5659006220223022,56,fixed_k3
00_Optimized_Structure,a,0.0,0.015526026000000082,-0.10191314687499992,0.0,0.5457063277306005,56,fixed_k3
00_Optimized_Structure,a,0.0,0.01940465000000008,-0.10191314687499992,0.0,0.5091827886289666,56,fixed_k3
00_Optimized_Structure,a,0.0,0.023283274000000076,-0.10191314687499992,0.0,0.4598269002915081,56,fixed_k3
00_Optimized_Structure,a,0.0,0.027161898000000073,-0.10191314687499992,0.0,0.4020223641870486,56,fixed_k3
00_Optimized_Structure,a,0.0,0.03104052200000007,-0.10191314687499992,0.0,0.3408370503234526,56,fixed_k3
00_Optimized_Structure,a,0.0,0.03491914600000007,-0.10191314687499992,0.0,0.2817622005860261,56,fixed_k3
00_Optimized_Structure,a,0.0,0.038797770000000065,-0.10191314687499992,0.0,0.2303968360459323,56,fixed_k3
00_Optimized_Structure,a,0.0,0.04267639400000006,-0.10191314687499992,0.0,0.19206355688801224,56,fixed_k3
00_Optimized_Structure,a,0.0,0.04655501800000006,-0.10191314687499992,0.0,0.17131625740348833,56,fixed_k3
00_Optimized_Structure,a,0.0,0.050433642000000056,-0.10191314687499992,0.0,0.17126670944720424,56,fixed_k3
00_Optimized_Structure,a,0.0,0.05431226600000005,-0.10191314687499992,0.0,0.19261850297203553,56,fixed_k3
00_Optimized_Structure,a,0.0,0.05819089000000005,-0.10191314687499992,0.0,0.23226332575113107,56,fixed_k3
00_Optimized_Structure,a,0.0,0.06206951400000005,-0.10191314687499992,0.0,0.28129126229964907,56,fixed_k3
00_Optimized_Structure,a,0.0,0.06594813800000005,-0.10191314687499992,0.0,0.32234657370838504,56,fixed_k3
00_Optimized_Structure,a,0.0,0.06982676200000004,-0.10191314687499992,0.0,0.3265110591586091,56,fixed_k3
00_Optimized_Structure,a,0.0,0.07370538600000004,-0.10191314687499992,0.0,0.25041248290739615,56,fixed_k3
00_Optimized_Structure,a,0.0,0.07758401000000004,-0.10191314687499992,0.0,0.03500159568460326,56,fixed_k3
00_Optimized_Structure,a,0.0,0.08146263400000003,-0.10191314687499992,0.0,-0.39206673773808465,56,fixed_k3
00_Optimized_Structure,a,0.0,0.08534125800000003,-0.10191314687499992,0.0,-1.1096651718571862,56,fixed_k3
00_Optimized_Structure,a,0.0,0.08921988200000003,-0.10191314687499992,0.0,-2.1965023525434924,56,fixed_k3
00_Optimized_Structure,a,0.0,0.09309850600000003,-0.10191314687499992,0.0,-3.7413858668778994,56,fixed_k3
00_Optimized_Structure,a,0.0,0.09697713000000002,-0.10191314687499992,0.0,-5.91296704057954,56,fixed_k3
00_Optimized_Structure,a,0.0,0.10085575400000002,-0.10191314687499992,0.0,-9.203043312860235,56,fixed_k3
00_Optimized_Structure,a,0.0,0.10473437800000002,-0.10191314687499992,0.0,-15.265459549388915,56,fixed_k3
00_Optimized_Structure,a,0.0,0.10861300200000001,-0.10191314687499992,0.0,-30.52405522065819,56,fixed_k3
00_Optimized_Structure,a,0.0,0.11249162600000001,-0.10191314687499992,0.0,-88.70068891729655,56,fixed_k3
00_Optimized_Structure,a,0.0,0.11637025000000001,-0.10191314687499992,0.0,-523.3027350461217,56,fixed_k3
00_Optimized_Structure,a,0.0,0.120248874,-0.10191314687499992,0.0,-27476.803541087742,56,fixed_k3
00_Optimized_Structure,a,0.0,0.124127498,-0.10191314687499992,0.0,-6692.325024696136,56,fixed_k3
00_Optimized_Structure,a,0.0,0.128006122,-0.10191314687499992,0.0,-426.12738394668935,56,fixed_k3
00_Optimized_Structure,a,0.0,0.131884746,-0.10191314687499992,0.0,-99.04295329213264,56,fixed_k3
00_Optimized_Structure,a,0.0,0.13576337,-0.10191314687499992,0.0,-39.57901022633974,56,fixed_k3
00_Optimized_Structure,a,0.0,0.139641994,-0.10191314687499992,0.0,-22.491304202374916,56,fixed_k3
00_Optimized_Structure,a,0.0,0.143520618,-0.10191314687499992,0.0,-15.736560663954911,56,fixed_k3
00_Optimized_Structure,a,0.0,0.14739924199999999,-0.10191314687499992,0.0,-12.287425351256527,56,fixed_k3
00_Optimized_Structure,a,0.0,0.15127786599999998,-0.10191314687499992,0.0,-10.133435968878926,56,fixed_k3
00_Optimized_Structure,a,0.0,0.15515649,-0.10191314687499992,0.0,-8.565272818254613,56,fixed_k3
00_Optimized_Structure,a,0.0,-0.1551334299999998,-0.09862650874999991,0.0,-8.726956325445363,56,fixed_k3
00_Optimized_Structure,a,0.0,-0.1512548059999998,-0.09862650874999991,0.0,-9.814122190260754,56,fixed_k3
00_Optimized_Structure,a,0.0,-0.1473761819999998,-0.09862650874999991,0.0,-11.421666047926896,56,fixed_k3
00_Optimized_Structure,a,0.0,-0.1434975579999998,-0.09862650874999991,0.0,-14.090448943150697,56,fixed_k3
00_Optimized_Structure,a,0.0,-0.1396189339999998,-0.09862650874999991,0.0,-19.290561490111468,56,fixed_k3
00_Optimized_Structure,a,0.0,-0.1357403099999998,-0.09862650874999991,0.0,-31.920076070307587,56,fixed_k3
00_Optimized_Structure,a,0.0,-0.1318616859999998,-0.09862650874999991,0.0,-73.14113389190987,56,fixed_k3
00_Optimized_Structure,a,0.0,-0.12798306199999981,-0.09862650874999991,0.0,-277.7669489409571,56,fixed_k3
00_Optimized_Structure,a,0.0,-0.12410443799999982,-0.09862650874999991,0.0,-2729.0935350306345,56,fixed_k3
00_Optimized_Structure,a,0.0,-0.12022581399999982,-0.09862650874999991,0.0,-7861.485945874973,56,fixed_k3
00_Optimized_Structure,a,0.0,-0.11634718999999982,-0.09862650874999991,0.0,-289.4681807664974,56,fixed_k3
00_Optimized_Structure,a,0.0,-0.11246856599999983,-0.09862650874999991,0.0,-35.4542362031305,56,fixed_k3
00_Optimized_Structure,a,0.0,-0.10858994199999983,-0.09862650874999991,0.0,-6.671739069689335,56,fixed_k3
00_Optimized_Structure,a,0.0,-0.10471131799999983,-0.09862650874999991,0.0,-1.8667009875417413,56,fixed_k3
00_Optimized_Structure,a,0.0,-0.10083269399999983,-0.09862650874999991,0.0,-1.648417943045167,56,fixed_k3
00_Optimized_Structure,a,0.0,-0.09695406999999984,-0.09862650874999991,0.0,-2.4736414119658607,56,fixed_k3
00_Optimized_Structure,a,0.0,-0.09307544599999984,-0.09862650874999991,0.0,-3.3625096941026515,56,fixed_k3
00_Optimized_Structure,a,0.0,-0.08919682199999984,-0.09862650874999991,0.0,-3.9779273382747102,56,fixed_k3
00_Optimized_Structure,a,0.0,-0.08531819799999985,-0.09862650874999991,0.0,-4.238260903993824,56,fixed_k3
00_Optimized_Structure,a,0.0,-0.08143957399999985,-0.09862650874999991,0.0,-4.190131668448241,56,fixed_k3
00_Optimized_Structure,a,0.0,-0.07756094999999985,-0.09862650874999991,0.0,-3.9311462947591385,56,fixed_k3
00_Optimized_Structure,a,0.0,-0.07368232599999985,-0.09862650874999991,0.0,-3.5589831297328436,56,fixed_k3
00_Optimized_Structure,a,0.0,-0.06980370199999986,-0.09862650874999991,0.0,-3.1471555987110222,56,fixed_k3
00_Optimized_Structure,a,0.0,-0.06592507799999986,-0.09862650874999991,0.0,-2.7408986086947227,56,fixed_k3
00_Optimized_Structure,a,0.0,-0.06204645399999986,-0.09862650874999991,0.0,-2.3629489738843183,56,fixed_k3
00_Optimized_Structure,a,0.0,-0.058167829999999865,-0.09862650874999991,0.0,-2.021513036974726,56,fixed_k3
00_Optimized_Structure,a,0.0,-0.05428920599999987,-0.09862650874999991,0.0,-1.7168043885401483,56,fixed_k3
00_Optimized_Structure,a,0.0,-0.05041058199999987,-0.09862650874999991,0.0,-1.4453387137975646,56,fixed_k3
00_Optimized_Structure,a,0.0,-0.04653195799999987,-0.09862650874999991,0.0,-1.2023812747792522,56,fixed_k3
00_Optimized_Structure,a,0.0,-0.042653333999999876,-0.09862650874999991,0.0,-0.9831937802332376,56,fixed_k3
00_Optimized_Structure,a,0.0,-0.03877470999999988,-0.09862650874999991,0.0,-0.7836056566745504,56,fixed_k3
00_Optimized_Structure,a,0.0,-0.03489608599999988,-0.09862650874999991,0.0,-0.6002450249130971,56,fixed_k3
00_Optimized_Structure,a,0.0,-0.031017461999999885,-0.09862650874999991,0.0,-0.4306136726386045,56,fixed_k3
00_Optimized_Structure,a,0.0,-0.027138837999999887,-0.09862650874999991,0.0,-0.2730937413860599,56,fixed_k3
00_Optimized_Structure,a,0.0,-0.02326021399999989,-0.09862650874999991,0.0,-0.1269191995784702,56,fixed_k3
00_Optimized_Structure,a,0.0,-0.019381589999999893,-0.09862650874999991,0.0,0.007882702528973162,56,fixed_k3
00_Optimized_Structure,a,0.0,-0.015502965999999896,-0.09862650874999991,0.0,0.13058665193406815,56,fixed_k3
00_Optimized_Structure,a,0.0,-0.011624341999999899,-0.09862650874999991,0.0,0.23990989885483804,56,fixed_k3
00_Optimized_Structure,a,0.0,-0.0077457179999999015,-0.09862650874999991,0.0,0.3342027777914276,56,fixed_k3
00_Optimized_Structure,a,0.0,-0.0038670939999999043,-0.09862650874999991,0.0,0.4116853597142014,56,fixed_k3
00_Optimized_Structure,a,0.0,1.1530000000092855e-05,-0.09862650874999991,0.0,0.4707164574846878,56,fixed_k3
00_Optimized_Structure,a,0.0,0.00389015400000009,-0.09862650874999991,0.0,0.5100719725217866,56,fixed_k3
00_Optimized_Structure,a,0.0,0.007768778000000087,-0.09862650874999991,0.0,0.5292036755184104,56,fixed_k3
00_Optimized_Structure,a,0.0,0.011647402000000084,-0.09862650874999991,0.0,0.528448853454528,56,fixed_k3
00_Optimized_Structure,a,0.0,0.015526026000000082,-0.09862650874999991,0.0,0.5091663626870937,56,fixed_k3
00_Optimized_Structure,a,0.0,0.01940465000000008,-0.09862650874999991,0.0,0.47378434838782546,56,fixed_k3
00_Optimized_Structure,a,0.0,0.023283274000000076,-0.09862650874999991,0.0,0.4257566332154181,56,fixed_k3
00_Optimized_Structure,a,0.0,0.027161898000000073,-0.09862650874999991,0.0,0.3694352527866527,56,fixed_k3
00_Optimized_Structure,a,0.0,0.03104052200000007,-0.09862650874999991,0.0,0.3098727111633157,56,fixed_k3
00_Optimized_Structure,a,0.0,0.03491914600000007,-0.09862650874999991,0.0,0.252566939195241,56,fixed_k3
00_Optimized_Structure,a,0.0,0.038797770000000065,-0.09862650874999991,0.0,0.2031533017145053,56,fixed_k3
00_Optimized_Structure,a,0.0,0.04267639400000006,-0.09862650874999991,0.0,0.16703060879952059,56,fixed_k3
00_Optimized_Structure,a,0.0,0.04655501800000006,-0.09862650874999991,0.0,0.14888148008492053,56,fixed_k3
00_Optimized_Structure,a,0.0,0.050433642000000056,-0.09862650874999991,0.0,0.15201142105802212,56,fixed_k3
00_Optimized_Structure,a,0.0,0.05431226600000005,-0.09862650874999991,0.0,0.17738710311104855,56,fixed_k3
00_Optimized_Structure,a,0.0,0.05819089000000005,-0.09862650874999991,0.0,0.22220987177604368,56,fixed_k3
00_Optimized_Structure,a,0.0,0.06206951400000005,-0.09862650874999991,0.0,0.2778371694987045,56,fixed_k3
00_Optimized_Structure,a,0.0,0.06594813800000005,-0.09862650874999991,0.0,0.3269127743613569,56,fixed_k3
00_Optimized_Structure,a,0.0,0.06982676200000004,-0.09862650874999991,0.0,0.3397796458213098,56,fixed_k3
00_Optimized_Structure,a,0.0,0.07370538600000004,-0.09862650874999991,0.0,0.27074826399492036,56,fixed_k3
00_Optimized_Structure,a,0.0,0.07758401000000004,-0.09862650874999991,0.0,0.05561076439346957,56,fixed_k3
00_Optimized_Structure,a,0.0,0.08146263400000003,-0.09862650874999991,0.0,-0.3874741670483359,56,fixed_k3
00_Optimized_Structure,a,0.0,0.08534125800000003,-0.09862650874999991,0.0,-1.1523888327576544,56,fixed_k3
00_Optimized_Structure,a,0.0,0.08921988200000003,-0.09862650874999991,0.0,-2.3387062265237417,56,fixed_k3
00_Optimized_Structure,a,0.0,0.09309850600000003,-0.09862650874999991,0.0,-4.062685977100211,56,fixed_k3
00_Optimized_Structure,a,0.0,0.09697713000000002,-0.09862650874999991,0.0,-6.534823415344928,56,fixed_k3
00_Optimized_Structure,a,0.0,0.10085575400000002,-0.09862650874999991,0.0,-10.338886725337881,56,fixed_k3
00_Optimized_Structure,a,0.0,0.10473437800000002,-0.09862650874999991,0.0,-17.40970108175187,56,fixed_k3
00_Optimized_Structure,a,0.0,0.10861300200000001,-0.09862650874999991,0.0,-35.288744825224555,56,fixed_k3
00_Optimized_Structure,a,0.0,0.11249162600000001,-0.09862650874999991,0.0,-104.19687307559572,56,fixed_k3
00_Optimized_Structure,a,0.0,0.11637025000000001,-0.09862650874999991,0.0,-629.6781266469194,56,fixed_k3
00_Optimized_Structure,a,0.0,0.120248874,-0.09862650874999991,0.0,-16497.683544511237,56,fixed_k3
00_Optimized_Structure,a,0.0,0.124127498,-0.09862650874999991,0.0,-2637.694902654578,56,fixed_k3
00_Optimized_Structure,a,0.0,0.128006122,-0.09862650874999991,0.0,-295.7252250089796,56,fixed_k3
00_Optimized_Structure,a,0.0,0.131884746,-0.09862650874999991,0.0,-78.99798613700983,56,fixed_k3
00_Optimized_Structure,a,0.0,0.13576337,-0.09862650874999991,0.0,-34.55895182133215,56,fixed_k3
00_Optimized_Structure,a,0.0,0.139641994,-0.09862650874999991,0.0,-20.938753446755324,56,fixed_k3
00_Optimized_Structure,a,0.0,0.143520618,-0.09862650874999991,0.0,-15.21545031326518,56,fixed_k3
00_Optimized_Structure,a,0.0,0.14739924199999999,-0.09862650874999991,0.0,-12.129108676735264,56,fixed_k3
00_Optimized_Structure,a,0.0,0.15127786599999998,-0.09862650874999991,0.0,-10.123534744292211,56,fixed_k3
00_Optimized_Structure,a,0.0,0.15515649,-0.09862650874999991,0.0,-8.628741845797919,56,fixed_k3
00_Optimized_Structure,a,0.0,-0.1551334299999998,-0.0953398706249999,0.0,-8.364138835141874,56,fixed_k3
00_Optimized_Structure,a,0.0,-0.1512548059999998,-0.0953398706249999,0.0,-9.385005651136328,56,fixed_k3
00_Optimized_Structure,a,0.0,-0.1473761819999998,-0.0953398706249999,0.0,-10.857832059271487,56,fixed_k3
00_Optimized_Structure,a,0.0,-0.1434975579999998,-0.0953398706249999,0.0,-13.210155964798414,56,fixed_k3
00_Optimized_Structure,a,0.0,-0.1396189339999998,-0.0953398706249999,0.0,-17.541011618686376,56,fixed_k3
00_Optimized_Structure,a,0.0,-0.1357403099999998,-0.0953398706249999,0.0,-27.284943599654916,56,fixed_k3
00_Optimized_Structure,a,0.0,-0.1318616859999998,-0.0953398706249999,0.0,-56.06180414353329,56,fixed_k3
00_Optimized_Structure,a,0.0,-0.12798306199999981,-0.0953398706249999,0.0,-175.2932064587785,56,fixed_k3
00_Optimized_Structure,a,0.0,-0.12410443799999982,-0.0953398706249999,0.0,-943.2138394683708,56,fixed_k3
00_Optimized_Structure,a,0.0,-0.12022581399999982,-0.0953398706249999,0.0,-2882.050815414185,56,fixed_k3
00_Optimized_Structure,a,0.0,-0.11634718999999982,-0.0953398706249999,0.0,-298.22494791223306,56,fixed_k3
00_Optimized_Structure,a,0.0,-0.11246856599999983,-0.0953398706249999,0.0,-38.8726434076432,56,fixed_k3
00_Optimized_Structure,a,0.0,-0.10858994199999983,-0.0953398706249999,0.0,-7.163224500482698,56,fixed_k3
00_Optimized_Structure,a,0.0,-0.10471131799999983,-0.0953398706249999,0.0,-1.7125643607050853,56,fixed_k3
00_Optimized_Structure,a,0.0,-0.10083269399999983,-0.0953398706249999,0.0,-1.392224138933079,56,fixed_k3
00_Optimized_Structure,a,0.0,-0.09695406999999984,-0.0953398706249999,0.0,-2.270281076827018,56,fixed_k3
00_Optimized_Structure,a,0.0,-0.09307544599999984,-0.0953398706249999,0.0,-3.239813365682142,56,fixed_k3
00_Optimized_Structure,a,0.0,-0.08919682199999984,-0.0953398706249999,0.0,-3.91636780160287,56,fixed_k3
00_Optimized_Structure,a,0.0,-0.08531819799999985,-0.0953398706249999,0.0,-4.208675309746747,56,fixed_k3
00_Optimized_Structure,a,0.0,-0.08143957399999985,-0.0953398706249999,0.0,-4.171052266944078,56,fixed_k3
00_Optimized_Structure,a,0.0,-0.07756094999999985,-0.0953398706249999,0.0,-3.912352193017962,56,fixed_k3
00_Optimized_Structure,a,0.0,-0.07368232599999985,-0.0953398706249999,0.0,-3.538301237494469,56,fixed_k3
00_Optimized_Structure,a,0.0,-0.06980370199999986,-0.0953398706249999,0.0,-3.1261417531891413,56,fixed_k3
00_Optimized_Structure,a,0.0,-0.06592507799999986,-0.0953398706249999,0.0,-2.721908153321459,56,fixed_k3
00_Optimized_Structure,a,0.0,-0.06204645399999986,-0.0953398706249999,0.0,-2.3478235049742464,56,fixed_k3
00_Optimized_Structure,a,0.0,-0.058167829999999865,-0.0953398706249999,0.0,-2.0112857192428506,56,fixed_k3
00_Optimized_Structure,a,0.0,-0.05428920599999987,-0.0953398706249999,0.0,-1.711843980980166,56,fixed_k3
00_Optimized_Structure,a,0.0,-0.05041058199999987,-0.0953398706249999,0.0,-1.445595143449438,56,fixed_k3
00_Optimized_Structure,a,0.0,-0.04653195799999987,-0.0953398706249999,0.0,-1.2075927704274732,56,fixed_k3
00_Optimized_Structure,a,0.0,-0.042653333999999876,-0.0953398706249999,0.0,-0.9930214279135987,56,fixed_k3
00_Optimized_Structure,a,0.0,-0.03877470999999988,-0.0953398706249999,0.0,-0.7977037232002986,56,fixed_k3
00_Optimized_Structure,a,0.0,-0.03489608599999988,-0.0953398706249999,0.0,-0.6182863967731671,56,fixed_k3
00_Optimized_Structure,a,0.0,-0.031017461999999885,-0.0953398706249999,0.0,-0.4522886351888027,56,fixed_k3
00_Optimized_Structure,a,0.0,-0.027138837999999887,-0.0953398706249999,0.0,-0.2980960124300158,56,fixed_k3
00_Optimized_Structure,a,0.0,-0.02326021399999989,-0.0953398706249999,0.0,-0.15492887456243443,56,fixed_k3
00_Optimized_Structure,a,0.0,-0.019381589999999893,-0.0953398706249999,0.0,-0.022786928512207094,56,fixed_k3
00_Optimized_Structure,a,0.0,-0.015502965999999896,-0.0953398706249999,0.0,0.09763931080247668,56,fixed_k3
00_Optimized_Structure,a,0.0,-0.011624341999999899,-0.0953398706249999,0.0,0.20510111880515902,56,fixed_k3
00_Optimized_Structure,a,0.0,-0.0077457179999999015,-0.0953398706249999,0.0,0.29797447579689473,56,fixed_k3
00_Optimized_Structure,a,0.0,-0.0038670939999999043,-0.0953398706249999,0.0,0.3744909192575312,56,fixed_k3
00_Optimized_Structure,a,0.0,1.1530000000092855e-05,-0.0953398706249999,0.0,0.4330034478027587,56,fixed_k3
00_Optimized_Structure,a,0.0,0.00389015400000009,-0.0953398706249999,0.0,0.4722647681023986,56,fixed_k3
00_Optimized_Structure,a,0.0,0.007768778000000087,-0.0953398706249999,0.0,0.49168868705935287,56,fixed_k3
00_Optimized_Structure,a,0.0,0.011647402000000084,-0.0953398706249999,0.0,0.4915643275171351,56,fixed_k3
00_Optimized_Structure,a,0.0,0.015526026000000082,-0.0953398706249999,0.0,0.4731977398889313,56,fixed_k3
00_Optimized_Structure,a,0.0,0.01940465000000008,-0.0953398706249999,0.0,0.4389652883869912,56,fixed_k3
00_Optimized_Structure,a,0.0,0.023283274000000076,-0.0953398706249999,0.0,0.39227527648966554,56,fixed_k3
00_Optimized_Structure,a,0.0,0.027161898000000073,-0.0953398706249999,0.0,0.3374452409650197,56,fixed_k3
00_Optimized_Structure,a,0.0,0.03104052200000007,-0.0953398706249999,0.0,0.279508941576037,56,fixed_k3
00_Optimized_Structure,a,0.0,0.03491914600000007,-0.0953398706249999,0.0,0.22396687809926252,56,fixed_k3
00_Optimized_Structure,a,0.0,0.038797770000000065,-0.0953398706249999,0.0,0.17648571289192194,56,fixed_k3
00_Optimized_Structure,a,0.0,0.04267639400000006,-0.0953398706249999,0.0,0.14253441045952409,56,fixed_k3
00_Optimized_Structure,a,0.0,0.04655501800000006,-0.0953398706249999,0.0,0.12691743371862696,56,fixed_k3
00_Optimized_Structure,a,0.0,0.050433642000000056,-0.0953398706249999,0.0,0.13312703663704228,56,fixed_k3
00_Optimized_Structure,a,0.0,0.05431226600000005,-0.0953398706249999,0.0,0.16238751734555068,56,fixed_k3
00_Optimized_Structure,a,0.0,0.05819089000000005,-0.0953398706249999,0.0,0.21220871979810996,56,fixed_k3
00_Optimized_Structure,a,0.0,0.06206951400000005,-0.0953398706249999,0.0,0.2742216565246336,56,fixed_k3
00_Optimized_Structure,a,0.0,0.06594813800000005,-0.0953398706249999,0.0,0.3310823534518068,56,fixed_k3
00_Optimized_Structure,a,0.0,0.06982676200000004,-0.0953398706249999,0.0,0.35239688610211495,56,fixed_k3
00_Optimized_Structure,a,0.0,0.07370538600000004,-0.0953398706249999,0.0,0.29008864490870323,56,fixed_k3
00_Optimized_Structure,a,0.0,0.07758401000000004,-0.0953398706249999,0.0,0.07450360292413372,56,fixed_k3
00_Optimized_Structure,a,0.0,0.08146263400000003,-0.0953398706249999,0.0,-0.3864540533312344,56,fixed_k3
00_Optimized_Structure,a,0.0,0.08534125800000003,-0.0953398706249999,0.0,-1.2031692956331839,56,fixed_k3
00_Optimized_Structure,a,0.0,0.08921988200000003,-0.0953398706249999,0.0,-2.4982339436336973,56,fixed_k3
00_Optimized_Structure,a,0.0,0.09309850600000003,-0.0953398706249999,0.0,-4.4171828424384945,56,fixed_k3
00_Optimized_Structure,a,0.0,0.09697713000000002,-0.0953398706249999,0.0,-7.211322753014855,56,fixed_k3
00_Optimized_Structure,a,0.0,0.10085575400000002,-0.0953398706249999,0.0,-11.546469760232174,56,fixed_k3
00_Optimized_Structure,a,0.0,0.10473437800000002,-0.0953398706249999,0.0,-19.59316634486362,56,fixed_k3
00_Optimized_Structure,a,0.0,0.10861300200000001,-0.0953398706249999,0.0,-39.72935715470168,56,fixed_k3
00_Optimized_Structure,a,0.0,0.11249162600000001,-0.0953398706249999,0.0,-115.61192334140672,56,fixed_k3
00_Optimized_Structure,a,0.0,0.11637025000000001,-0.0953398706249999,0.0,-633.5344359139765,56,fixed_k3
00_Optimized_Structure,a,0.0,0.120248874,-0.0953398706249999,0.0,-4682.592324708553,56,fixed_k3
00_Optimized_Structure,a,0.0,0.124127498,-0.0953398706249999,0.0,-1057.5693032890683,56,fixed_k3
00_Optimized_Structure,a,0.0,0.128006122,-0.0953398706249999,0.0,-190.41174213157302,56,fixed_k3
00_Optimized_Structure,a,0.0,0.131884746,-0.0953398706249999,0.0,-60.253347393367285,56,fixed_k3
00_Optimized_Structure,a,0.0,0.13576337,-0.0953398706249999,0.0,-29.585391964264833,56,fixed_k3
00_Optimized_Structure,a,0.0,0.139641994,-0.0953398706249999,0.0,-19.30457640993552,56,fixed_k3
00_Optimized_Structure,a,0.0,0.143520618,-0.0953398706249999,0.0,-14.607101113393183,56,fixed_k3
00_Optimized_Structure,a,0.0,0.14739924199999999,-0.0953398706249999,0.0,-11.895187017890725,56,fixed_k3
00_Optimized_Structure,a,0.0,0.15127786599999998,-0.0953398706249999,0.0,-10.049828308559361,56,fixed_k3
00_Optimized_Structure,a,0.0,0.15515649,-0.0953398706249999,0.0,-8.637711629676415,56,fixed_k3
00_Optimized_Structure,a,0.0,-0.1551334299999998,-0.09205323249999992,0.0,-8.028130834631192,56,fixed_k3
00_Optimized_Structure,a,0.0,-0.1512548059999998,-0.09205323249999992,0.0,-8.97780720575605,56,fixed_k3
00_Optimized_Structure,a,0.0,-0.1473761819999998,-0.09205323249999992,0.0,-10.30993256224264,56,fixed_k3
00_Optimized_Structure,a,0.0,-0.1434975579999998,-0.09205323249999992,0.0,-12.341921853144726,56,fixed_k3
00_Optimized_Structure,a,0.0,-0.1396189339999998,-0.09205323249999992,0.0,-15.82121703982188,56,fixed_k3
00_Optimized_Structure,a,0.0,-0.1357403099999998,-0.09205323249999992,0.0,-22.854498655057036,56,fixed_k3
00_Optimized_Structure,a,0.0,-0.1318616859999998,-0.09205323249999992,0.0,-40.92857511001283,56,fixed_k3
00_Optimized_Structure,a,0.0,-0.12798306199999981,-0.09205323249999992,0.0,-103.9088833849242,56,fixed_k3
00_Optimized_Structure,a,0.0,-0.12410443799999982,-0.09205323249999992,0.0,-396.3842962604622,56,fixed_k3
00_Optimized_Structure,a,0.0,-0.12022581399999982,-0.09205323249999992,0.0,-1117.4731242544087,56,fixed_k3
00_Optimized_Structure,a,0.0,-0.11634718999999982,-0.09205323249999992,0.0,-260.3514462077543,56,fixed_k3
00_Optimized_Structure,a,0.0,-0.11246856599999983,-0.09205323249999992,0.0,-39.94030039673443,56,fixed_k3
00_Optimized_Structure,a,0.0,-0.10858994199999983,-0.09205323249999992,0.0,-7.54847791262948,56,fixed_k3
00_Optimized_Structure,a,0.0,-0.10471131799999983,-0.09205323249999992,0.0,-1.6017005572938936,56,fixed_k3
00_Optimized_Structure,a,0.0,-0.10083269399999983,-0.09205323249999992,0.0,-1.1688569335665118,56,fixed_k3
00_Optimized_Structure,a,0.0,-0.09695406999999984,-0.09205323249999992,0.0,-2.087787362751519,56,fixed_k3
00_Optimized_Structure,a,0.0,-0.09307544599999984,-0.09205323249999992,0.0,-3.1327608179130895,56,fixed_k3
00_Optimized_Structure,a,0.0,-0.08919682199999984,-0.09205323249999992,0.0,-3.8672107756532568,56,fixed_k3
00_Optimized_Structure,a,0.0,-0.08531819799999985,-0.09205323249999992,0.0,-4.18813577265362,56,fixed_k3
00_Optimized_Structure,a,0.0,-0.08143957399999985,-0.09205323249999992,0.0,-4.1577509668015065,56,fixed_k3
00_Optimized_Structure,a,0.0,-0.07756094999999985,-0.09205323249999992,0.0,-3.8967356113579203,56,fixed_k3
00_Optimized_Structure,a,0.0,-0.07368232599999985,-0.09205323249999992,0.0,-3.5190352883243916,56,fixed_k3
00_Optimized_Structure,a,0.0,-0.06980370199999986,-0.09205323249999992,0.0,-3.1054625292803193,56,fixed_k3
00_Optimized_Structure,a,0.0,-0.06592507799999986,-0.09205323249999992,0.0,-2.702610821949178,56,fixed_k3
00_Optimized_Structure,a,0.0,-0.06204645399999986,-0.09205323249999992,0.0,-2.3320017112657743,56,fixed_k3
00_Optimized_Structure,a,0.0,-0.058167829999999865,-0.09205323249999992,0.0,-2.0001130981686,56,fixed_k3
00_Optimized_Structure,a,0.0,-0.05428920599999987,-0.09205323249999992,0.0,-1.7057734302152165,56,fixed_k3
00_Optimized_Structure,a,0.0,-0.05041058199999987,-0.09205323249999992,0.0,-1.4446346319484171,56,fixed_k3
00_Optimized_Structure,a,0.0,-0.04653195799999987,-0.09205323249999992,0.0,-1.211525999467403,56,fixed_k3
00_Optimized_Structure,a,0.0,-0.042653333999999876,-0.09205323249999992,0.0,-1.0015472783778212,56,fixed_k3
00_Optimized_Structure,a,0.0,-0.03877470999999988,-0.09205323249999992,0.0,-0.8105078206464604,56,fixed_k3
00_Optimized_Structure,a,0.0,-0.03489608599999988,-0.09205323249999992,0.0,-0.6350666107947371,56,fixed_k3
00_Optimized_Structure,a,0.0,-0.031017461999999885,-0.09205323249999992,0.0,-0.4727537648563702,56,fixed_k3
00_Optimized_Structure,a,0.0,-0.027138837999999887,-0.09205323249999992,0.0,-0.321951917892088,56,fixed_k3
00_Optimized_Structure,a,0.0,-0.02326021399999989,-0.09205323249999992,0.0,-0.18186178532154518,56,fixed_k3
00_Optimized_Structure,a,0.0,-0.019381589999999893,-0.09205323249999992,0.0,-0.05245013281689337,56,fixed_k3
00_Optimized_Structure,a,0.0,-0.015502965999999896,-0.09205323249999992,0.0,0.06563190692053134,56,fixed_k3
00_Optimized_Structure,a,0.0,-0.011624341999999899,-0.09205323249999992,0.0,0.17117325643025527,56,fixed_k3
00_Optimized_Structure,a,0.0,-0.0077457179999999015,-0.09205323249999992,0.0,0.26257811944985043,56,fixed_k3
00_Optimized_Structure,a,0.0,-0.0038670939999999043,-0.09205323249999992,0.0,0.3380910278854259,56,fixed_k3
00_Optimized_Structure,a,0.0,1.1530000000092855e-05,-0.09205323249999992,0.0,0.3960597172572693,56,fixed_k3
00_Optimized_Structure,a,0.0,0.00389015400000009,-0.09205323249999992,0.0,0.4352134123602873,56,fixed_k3
00_Optimized_Structure,a,0.0,0.007768778000000087,-0.09205323249999992,0.0,0.454927006393838,56,fixed_k3
00_Optimized_Structure,a,0.0,0.011647402000000084,-0.09205323249999992,0.0,0.4554400192075385,56,fixed_k3
00_Optimized_Structure,a,0.0,0.015526026000000082,-0.09205323249999992,0.0,0.4380039008260521,56,fixed_k3
00_Optimized_Structure,a,0.0,0.01940465000000008,-0.09205323249999992,0.0,0.404941148302179,56,fixed_k3
00_Optimized_Structure,a,0.0,0.023283274000000076,-0.09205323249999992,0.0,0.3596121490638313,56,fixed_k3
00_Optimized_Structure,a,0.0,0.027161898000000073,-0.09205323249999992,0.0,0.30629713483010734,56,fixed_k3
00_Optimized_Structure,a,0.0,0.03104052200000007,-0.09205323249999992,0.0,0.2500077434665746,56,fixed_k3
00_Optimized_Structure,a,0.0,0.03491914600000007,-0.09205323249999992,0.0,0.19624289749281854,56,fixed_k3
00_Optimized_Structure,a,0.0,0.038797770000000065,-0.09205323249999992,0.0,0.1506954566738692,56,fixed_k3
00_Optimized_Structure,a,0.0,0.04267639400000006,-0.09205323249999992,0.0,0.11889839820026893,56,fixed_k3
00_Optimized_Structure,a,0.0,0.04655501800000006,-0.09205323249999992,0.0,0.10577101597170491,56,fixed_k3
00_Optimized_Structure,a,0.0,0.050433642000000056,-0.09205323249999992,0.0,0.11498513840040214,56,fixed_k3
00_Optimized_Structure,a,0.0,0.05431226600000005,-0.09205323249999992,0.0,0.1480169968689915,56,fixed_k3
00_Optimized_Structure,a,0.0,0.05819089000000005,-0.09205323249999992,0.0,0.20268359923545676,56,fixed_k3
00_Optimized_Structure,a,0.0,0.06206951400000005,-0.09205323249999992,0.0,0.2708960272144296,56,fixed_k3
00_Optimized_Structure,a,0.0,0.06594813800000005,-0.09205323249999992,0.0,0.3353369848080656,56,fixed_k3
00_Optimized_Structure,a,0.0,0.06982676200000004,-0.09205323249999992,0.0,0.36488227500094306,56,fixed_k3
00_Optimized_Structure,a,0.0,0.07370538600000004,-0.09205323249999992,0.0,0.30900688524449493,56,fixed_k3
00_Optimized_Structure,a,0.0,0.07758401000000004,-0.09205323249999992,0.0,0.09233144442977048,56,fixed_k3
00_Optimized_Structure,a,0.0,0.08146263400000003,-0.09205323249999992,0.0,-0.38825751335083214,56,fixed_k3
00_Optimized_Structure,a,0.0,0.08534125800000003,-0.09205323249999992,0.0,-1.2611599727051344,56,fixed_k3
00_Optimized_Structure,a,0.0,0.08921988200000003,-0.09205323249999992,0.0,-2.6740423146472327,56,fixed_k3
00_Optimized_Structure,a,0.0,0.09309850600000003,-0.09205323249999992,0.0,-4.802703179310796,56,fixed_k3
00_Optimized_Structure,a,0.0,0.09697713000000002,-0.09205323249999992,0.0,-7.934758127948339,56,fixed_k3
00_Optimized_Structure,a,0.0,0.10085575400000002,-0.09205323249999992,0.0,-12.796329382074717,56,fixed_k3
00_Optimized_Structure,a,0.0,0.10473437800000002,-0.09205323249999992,0.0,-21.7050301798337,56,fixed_k3
00_Optimized_Structure,a,0.0,0.10861300200000001,-0.09205323249999992,0.0,-43.38141825197423,56,fixed_k3
00_Optimized_Structure,a,0.0,0.11249162600000001,-0.09205323249999992,0.0,-120.3592859716356,56,fixed_k3
00_Optimized_Structure,a,0.0,0.11637025000000001,-0.09205323249999992,0.0,-542.1414392067734,56,fixed_k3
00_Optimized_Structure,a,0.0,0.120248874,-0.09205323249999992,0.0,-1723.5107286922237,56,fixed_k3
00_Optimized_Structure,a,0.0,0.124127498,-0.09205323249999992,0.0,-478.7961236249815,56,fixed_k3
00_Optimized_Structure,a,0.0,0.128006122,-0.09205323249999992,0.0,-114.43183785466371,56,fixed_k3
00_Optimized_Structure,a,0.0,0.131884746,-0.09205323249999992,0.0,-43.68466875522875,56,fixed_k3
00_Optimized_Structure,a,0.0,0.13576337,-0.09205323249999992,0.0,-24.80902165839379,56,fixed_k3
00_Optimized_Structure,a,0.0,0.139641994,-0.09205323249999992,0.0,-17.62805687983349,56,fixed_k3
00_Optimized_Structure,a,0.0,0.143520618,-0.09205323249999992,0.0,-13.927632769253822,56,fixed_k3
00_Optimized_Structure,a,0.0,0.14739924199999999,-0.09205323249999992,0.0,-11.59464619362163,56,fixed_k3
00_Optimized_Structure,a,0.0,0.15127786599999998,-0.09205323249999992,0.0,-9.917973317701174,56,fixed_k3
00_Optimized_Structure,a,0.0,0.15515649,-0.09205323249999992,0.0,-8.595652742966553,56,fixed_k3
00_Optimized_Structure,a,0.0,-0.1551334299999998,-0.08876659437499992,0.0,-7.714259062960876,56,fixed_k3
00_Optimized_Structure,a,0.0,-0.1512548059999998,-0.08876659437499992,0.0,-8.588957259078668,56,fixed_k3
00_Optimized_Structure,a,0.0,-0.1473761819999998,-0.08876659437499992,0.0,-9.776043258002149,56,fixed_k3
00_Optimized_Structure,a,0.0,-0.1434975579999998,-0.08876659437499992,0.0,-11.48698657455578,56,fixed_k3
00_Optimized_Structure,a,0.0,-0.1396189339999998,-0.08876659437499992,0.0,-14.14110292418046,56,fixed_k3
00_Optimized_Structure,a,0.0,-0.1357403099999998,-0.08876659437499992,0.0,-18.6658070664946,56,fixed_k3
00_Optimized_Structure,a,0.0,-0.1318616859999998,-0.08876659437499992,0.0,-27.69642833862896,56,fixed_k3
00_Optimized_Structure,a,0.0,-0.12798306199999981,-0.08876659437499992,0.0,-53.71642958055721,56,fixed_k3
00_Optimized_Structure,a,0.0,-0.12410443799999982,-0.08876659437499992,0.0,-176.21473650272657,56,fixed_k3
00_Optimized_Structure,a,0.0,-0.12022581399999982,-0.08876659437499992,0.0,-503.4014488579623,56,fixed_k3
00_Optimized_Structure,a,0.0,-0.11634718999999982,-0.08876659437499992,0.0,-198.40276746854715,56,fixed_k3
00_Optimized_Structure,a,0.0,-0.11246856599999983,-0.08876659437499992,0.0,-38.22645267804592,56,fixed_k3
00_Optimized_Structure,a,0.0,-0.10858994199999983,-0.08876659437499992,0.0,-7.752607743134673,56,fixed_k3
00_Optimized_Structure,a,0.0,-0.10471131799999983,-0.08876659437499992,0.0,-1.535791938569831,56,fixed_k3
00_Optimized_Structure,a,0.0,-0.10083269399999983,-0.08876659437499992,0.0,-0.9851791955600933,56,fixed_k3
00_Optimized_Structure,a,0.0,-0.09695406999999984,-0.08876659437499992,0.0,-1.9300940295786804,56,fixed_k3
00_Optimized_Structure,a,0.0,-0.09307544599999984,-0.08876659437499992,0.0,-3.0432411063028395,56,fixed_k3
00_Optimized_Structure,a,0.0,-0.08919682199999984,-0.08876659437499992,0.0,-3.8313156784713707,56,fixed_k3
00_Optimized_Structure,a,0.0,-0.08531819799999985,-0.08876659437499992,0.0,-4.176958071096667,56,fixed_k3
00_Optimized_Structure,a,0.0,-0.08143957399999985,-0.08876659437499992,0.0,-4.150259117471076,56,fixed_k3
00_Optimized_Structure,a,0.0,-0.07756094999999985,-0.08876659437499992,0.0,-3.88420189849709,56,fixed_k3
00_Optimized_Structure,a,0.0,-0.07368232599999985,-0.08876659437499992,0.0,-3.501047341779967,56,fixed_k3
00_Optimized_Structure,a,0.0,-0.06980370199999986,-0.08876659437499992,0.0,-3.084967643840666,56,fixed_k3
00_Optimized_Structure,a,0.0,-0.06592507799999986,-0.08876659437499992,0.0,-2.682850333349319,56,fixed_k3
00_Optimized_Structure,a,0.0,-0.06204645399999986,-0.08876659437499992,0.0,-2.315320821710261,56,fixed_k3
00_Optimized_Structure,a,0.0,-0.058167829999999865,-0.08876659437499992,0.0,-1.9878258111295644,56,fixed_k3
00_Optimized_Structure,a,0.0,-0.05428920599999987,-0.08876659437499992,0.0,-1.6984183694499733,56,fixed_k3
00_Optimized_Structure,a,0.0,-0.05041058199999987,-0.08876659437499992,0.0,-1.442280354542477,56,fixed_k3
00_Optimized_Structure,a,0.0,-0.04653195799999987,-0.08876659437499992,0.0,-1.2140042697943842,56,fixed_k3
00_Optimized_Structure,a,0.0,-0.042653333999999876,-0.08876659437499992,0.0,-1.0085968407703731,56,fixed_k3
00_Optimized_Structure,a,0.0,-0.03877470999999988,-0.08876659437499992,0.0,-0.8218469892746874,56,fixed_k3
00_Optimized_Structure,a,0.0,-0.03489608599999988,-0.08876659437499992,0.0,-0.6504188359237133,56,fixed_k3
00_Optimized_Structure,a,0.0,-0.031017461999999885,-0.08876659437499992,0.0,-0.4918463402499924,56,fixed_k3
00_Optimized_Structure,a,0.0,-0.027138837999999887,-0.08876659437499992,0.0,-0.34450236158264946,56,fixed_k3
00_Optimized_Structure,a,0.0,-0.02326021399999989,-0.08876659437499992,0.0,-0.20756165676402372,56,fixed_k3
00_Optimized_Structure,a,0.0,-0.019381589999999893,-0.08876659437499992,0.0,-0.08095245348850444,56,fixed_k3
00_Optimized_Structure,a,0.0,-0.015502965999999896,-0.08876659437499992,0.0,0.03471819206788007,56,fixed_k3
00_Optimized_Structure,a,0.0,-0.011624341999999899,-0.08876659437499992,0.0,0.13828052551359438,56,fixed_k3
00_Optimized_Structure,a,0.0,-0.0077457179999999015,-0.08876659437499992,0.0,0.22816957824180806,56,fixed_k3
00_Optimized_Structure,a,0.0,-0.0038670939999999043,-0.08876659437499992,0.0,0.30264442603046726,56,fixed_k3
00_Optimized_Structure,a,0.0,1.1530000000092855e-05,-0.08876659437499992,0.0,0.3600481237096571,56,fixed_k3
00_Optimized_Structure,a,0.0,0.00389015400000009,-0.08876659437499992,0.0,0.39908617474106345,56,fixed_k3
00_Optimized_Structure,a,0.0,0.007768778000000087,-0.08876659437499992,0.0,0.41909367192487945,56,fixed_k3
00_Optimized_Structure,a,0.0,0.011647402000000084,-0.08876659437499992,0.0,0.4202591651308438,56,fixed_k3
00_Optimized_Structure,a,0.0,0.015526026000000082,-0.08876659437499992,0.0,0.40377777950506566,56,fixed_k3
00_Optimized_Structure,a,0.0,0.01940465000000008,-0.08876659437499992,0.0,0.3719161153894377,56,fixed_k3
00_Optimized_Structure,a,0.0,0.023283274000000076,-0.08876659437499992,0.0,0.3279842811357172,56,fixed_k3
00_Optimized_Structure,a,0.0,0.027161898000000073,-0.08876659437499992,0.0,0.27622240266917597,56,fixed_k3
00_Optimized_Structure,a,0.0,0.03104052200000007,-0.08876659437499992,0.0,0.22161659448899895,56,fixed_k3
00_Optimized_Structure,a,0.0,0.03491914600000007,-0.08876659437499992,0.0,0.16966000559751393,56,fixed_k3
00_Optimized_Structure,a,0.0,0.038797770000000065,-0.08876659437499992,0.0,0.1260665219846393,56,fixed_k3
00_Optimized_Structure,a,0.0,0.04267639400000006,-0.08876659437499992,0.0,0.09642690468387882,56,fixed_k3
00_Optimized_Structure,a,0.0,0.04655501800000006,-0.08876659437499992,0.0,0.08576816736860282,56,fixed_k3
00_Optimized_Structure,a,0.0,0.050433642000000056,-0.08876659437499992,0.0,0.09793444006100405,56,fixed_k3
00_Optimized_Structure,a,0.0,0.05431226600000005,-0.08876659437499992,0.0,0.13464814944586667,56,fixed_k3
00_Optimized_Structure,a,0.0,0.05819089000000005,-0.08876659437499992,0.0,0.19403233721882907,56,fixed_k3
00_Optimized_Structure,a,0.0,0.06206951400000005,-0.08876659437499992,0.0,0.2682856598967134,56,fixed_k3
00_Optimized_Structure,a,0.0,0.06594813800000005,-0.08876659437499992,0.0,0.3401350090190516,56,fixed_k3
00_Optimized_Structure,a,0.0,0.06982676200000004,-0.08876659437499992,0.0,0.37773991191871015,56,fixed_k3
00_Optimized_Structure,a,0.0,0.07370538600000004,-0.08876659437499992,0.0,0.3280796245381197,56,fixed_k3
00_Optimized_Structure,a,0.0,0.07758401000000004,-0.08876659437499992,0.0,0.10978938553381545,56,fixed_k3
00_Optimized_Structure,a,0.0,0.08146263400000003,-0.08876659437499992,0.0,-0.39200984785978776,56,fixed_k3
00_Optimized_Structure,a,0.0,0.08534125800000003,-0.08876659437499992,0.0,-1.3252259388544323,56,fixed_k3
00_Optimized_Structure,a,0.0,0.08921988200000003,-0.08876659437499992,0.0,-2.864459596586693,56,fixed_k3
00_Optimized_Structure,a,0.0,0.09309850600000003,-0.08876659437499992,0.0,-5.2156222381738475,56,fixed_k3
00_Optimized_Structure,a,0.0,0.09697713000000002,-0.08876659437499992,0.0,-8.693772991512255,56,fixed_k3
00_Optimized_Structure,a,0.0,0.10085575400000002,-0.08876659437499992,0.0,-14.04980928190528,56,fixed_k3
00_Optimized_Structure,a,0.0,0.10473437800000002,-0.08876659437499992,0.0,-23.615663345880467,56,fixed_k3
00_Optimized_Structure,a,0.0,0.10861300200000001,-0.08876659437499992,0.0,-45.803055948491675,56,fixed_k3
00_Optimized_Structure,a,0.0,0.11249162600000001,-0.08876659437499992,0.0,-117.43035499424805,56,fixed_k3
00_Optimized_Structure,a,0.0,0.11637025000000001,-0.08876659437499992,0.0,-415.45266574046207,56,fixed_k3
00_Optimized_Structure,a,0.0,0.120248874,-0.08876659437499992,0.0,-802.3445233513154,56,fixed_k3
00_Optimized_Structure,a,0.0,0.124127498,-0.08876659437499992,0.0,-226.94706845602005,56,fixed_k3
00_Optimized_Structure,a,0.0,0.128006122,-0.08876659437499992,0.0,-59.68782227126288,56,fixed_k3
00_Optimized_Structure,a,0.0,0.131884746,-0.08876659437499992,0.0,-29.230455165634773,56,fixed_k3
00_Optimized_Structure,a,0.0,0.13576337,-0.08876659437499992,0.0,-20.276741368659852,56,fixed_k3
00_Optimized_Structure,a,0.0,0.139641994,-0.08876659437499992,0.0,-15.931848833027956,56,fixed_k3
00_Optimized_Structure,a,0.0,0.143520618,-0.08876659437499992,0.0,-13.189153516282873,56,fixed_k3
00_Optimized_Structure,a,0.0,0.14739924199999999,-0.08876659437499992,0.0,-11.23496398877542,56,fixed_k3
00_Optimized_Structure,a,0.0,0.15127786599999998,-0.08876659437499992,0.0,-9.73294429383824,56,fixed_k3
00_Optimized_Structure,a,0.0,0.15515649,-0.08876659437499992,0.0,-8.505895501837761,56,fixed_k3
00_Optimized_Structure,a,0.0,-0.1551334299999998,-0.08547995624999992,0.0,-7.418382411229457,56,fixed_k3
00_Optimized_Structure,a,0.0,-0.1512548059999998,-0.08547995624999992,0.0,-8.215176936099697,56,fixed_k3
00_Optimized_Structure,a,0.0,-0.1473761819999998,-0.08547995624999992,0.0,-9.254047518277423,56,fixed_k3
00_Optimized_Structure,a,0.0,-0.1434975579999998,-0.08547995624999992,0.0,-10.644729343175587,56,fixed_k3
00_Optimized_Structure,a,0.0,-0.1396189339999998,-0.08547995624999992,0.0,-12.50031285464038,56,fixed_k3
00_Optimized_Structure,a,0.0,-0.1357403099999998,-0.08547995624999992,0.0,-14.692037486144315,56,fixed_k3
00_Optimized_Structure,a,0.0,-0.1318616859999998,-0.08547995624999992,0.0,-15.87235521740213,56,fixed_k3
00_Optimized_Structure,a,0.0,-0.12798306199999981,-0.08547995624999992,0.0,-15.191249955725286,56,fixed_k3
00_Optimized_Structure,a,0.0,-0.12410443799999982,-0.08547995624999992,0.0,-60.21880535474412,56,fixed_k3
00_Optimized_Structure,a,0.0,-0.12022581399999982,-0.08547995624999992,0.0,-238.7918229400932,56,fixed_k3
00_Optimized_Structure,a,0.0,-0.11634718999999982,-0.08547995624999992,0.0,-136.15429918151705,56,fixed_k3
00_Optimized_Structure,a,0.0,-0.11246856599999983,-0.08547995624999992,0.0,-34.031469881796504,56,fixed_k3
00_Optimized_Structure,a,0.0,-0.10858994199999983,-0.08547995624999992,0.0,-7.725743145242924,56,fixed_k3
00_Optimized_Structure,a,0.0,-0.10471131799999983,-0.08547995624999992,0.0,-1.5144090933125223,56,fixed_k3
00_Optimized_Structure,a,0.0,-0.10083269399999983,-0.08547995624999992,0.0,-0.84674307863401,56,fixed_k3
00_Optimized_Structure,a,0.0,-0.09695406999999984,-0.08547995624999992,0.0,-1.800245134841851,56,fixed_k3
00_Optimized_Structure,a,0.0,-0.09307544599999984,-0.08547995624999992,0.0,-2.9724337922779145,56,fixed_k3
00_Optimized_Structure,a,0.0,-0.08919682199999984,-0.08547995624999992,0.0,-3.8090150565235876,56,fixed_k3
00_Optimized_Structure,a,0.0,-0.08531819799999985,-0.08547995624999992,0.0,-4.1750980569411595,56,fixed_k3
00_Optimized_Structure,a,0.0,-0.08143957399999985,-0.08547995624999992,0.0,-4.148378565236462,56,fixed_k3
00_Optimized_Structure,a,0.0,-0.07756094999999985,-0.08547995624999992,0.0,-3.8745184384572284,56,fixed_k3
00_Optimized_Structure,a,0.0,-0.07368232599999985,-0.08547995624999992,0.0,-3.4841203661902913,56,fixed_k3
00_Optimized_Structure,a,0.0,-0.06980370199999986,-0.08547995624999992,0.0,-3.064463289980902,56,fixed_k3
00_Optimized_Structure,a,0.0,-0.06592507799999986,-0.08547995624999992,0.0,-2.66244777794406,56,fixed_k3
00_Optimized_Structure,a,0.0,-0.06204645399999986,-0.08547995624999992,0.0,-2.2976077708415232,56,fixed_k3
00_Optimized_Structure,a,0.0,-0.058167829999999865,-0.08547995624999992,0.0,-1.9742516470385365,56,fixed_k3
00_Optimized_Structure,a,0.0,-0.05428920599999987,-0.08547995624999992,0.0,-1.6896061684508308,56,fixed_k3
00_Optimized_Structure,a,0.0,-0.05041058199999987,-0.08547995624999992,0.0,-1.4383600471292217,56,fixed_k3
00_Optimized_Structure,a,0.0,-0.04653195799999987,-0.08547995624999992,0.0,-1.2148571365446137,56,fixed_k3
00_Optimized_Structure,a,0.0,-0.042653333999999876,-0.08547995624999992,0.0,-1.0140028038584794,56,fixed_k3
00_Optimized_Structure,a,0.0,-0.03877470999999988,-0.08547995624999992,0.0,-0.8315578838411615,56,fixed_k3
00_Optimized_Structure,a,0.0,-0.03489608599999988,-0.08547995624999992,0.0,-0.6641839762857671,56,fixed_k3
00_Optimized_Structure,a,0.0,-0.031017461999999885,-0.08547995624999992,0.0,-0.5094113173209838,56,fixed_k3
00_Optimized_Structure,a,0.0,-0.027138837999999887,-0.08547995624999992,0.0,-0.36559578977009455,56,fixed_k3
00_Optimized_Structure,a,0.0,-0.02326021399999989,-0.08547995624999992,0.0,-0.2318796193877546,56,fixed_k3
00_Optimized_Structure,a,0.0,-0.019381589999999893,-0.08547995624999992,0.0,-0.10814675396086582,56,fixed_k3
00_Optimized_Structure,a,0.0,-0.015502965999999896,-0.08547995624999992,0.0,0.005044595728904255,56,fixed_k3
00_Optimized_Structure,a,0.0,-0.011624341999999899,-0.08547995624999992,0.0,0.1065697078446437,56,fixed_k3
00_Optimized_Structure,a,0.0,-0.0077457179999999015,-0.08547995624999992,0.0,0.19489706405594864,56,fixed_k3
00_Optimized_Structure,a,0.0,-0.0038670939999999043,-0.08547995624999992,0.0,0.26830185613457713,56,fixed_k3
00_Optimized_Structure,a,0.0,1.1530000000092855e-05,-0.08547995624999992,0.0,0.3251230790055115,56,fixed_k3
00_Optimized_Structure,a,0.0,0.00389015400000009,-0.08547995624999992,0.0,0.3640423325843951,56,fixed_k3
00_Optimized_Structure,a,0.0,0.007768778000000087,-0.08547995624999992,0.0,0.38435409440700763,56,fixed_k3
00_Optimized_Structure,a,0.0,0.011647402000000084,-0.08547995624999992,0.0,0.38619465398902975,56,fixed_k3
00_Optimized_Structure,a,0.0,0.015526026000000082,-0.08547995624999992,0.0,0.37070115592312947,56,fixed_k3
00_Optimized_Structure,a,0.0,0.01940465000000008,-0.08547995624999992,0.0,0.3400823230070529,56,fixed_k3
00_Optimized_Structure,a,0.0,0.023283274000000076,-0.08547995624999992,0.0,0.29759564087324497,56,fixed_k3
00_Optimized_Structure,a,0.0,0.027161898000000073,-0.08547995624999992,0.0,0.24743831463790222,56,fixed_k3
00_Optimized_Structure,a,0.0,0.03104052200000007,-0.08547995624999992,0.0,0.19456748735542018,56,fixed_k3
00_Optimized_Structure,a,0.0,0.03491914600000007,-0.08547995624999992,0.0,0.1444662656353719,56,fixed_k3
00_Optimized_Structure,a,0.0,0.038797770000000065,-0.08547995624999992,0.0,0.10286430186513318,56,fixed_k3
00_Optimized_Structure,a,0.0,0.04267639400000006,-0.08547995624999992,0.0,0.07540381983376676,56,fixed_k3
00_Optimized_Structure,a,0.0,0.04655501800000006,-0.08547995624999992,0.0,0.06721236275637255,56,fixed_k3
00_Optimized_Structure,a,0.0,0.050433642000000056,-0.08547995624999992,0.0,0.08229905755504263,56,fixed_k3
00_Optimized_Structure,a,0.0,0.05431226600000005,-0.08547995624999992,0.0,0.12262689754962586,56,fixed_k3
00_Optimized_Structure,a,0.0,0.05819089000000005,-0.08547995624999992,0.0,0.18662434831717212,56,fixed_k3
00_Optimized_Structure,a,0.0,0.06206951400000005,-0.08547995624999992,0.0,0.2667867838622102,56,fixed_k3
00_Optimized_Structure,a,0.0,0.06594813800000005,-0.08547995624999992,0.0,0.34590715389720783,56,fixed_k3
00_Optimized_Structure,a,0.0,0.06982676200000004,-0.08547995624999992,0.0,0.3914527897002147,56,fixed_k3
00_Optimized_Structure,a,0.0,0.07370538600000004,-0.08547995624999992,0.0,0.34787963080875683,56,fixed_k3
00_Optimized_Structure,a,0.0,0.07758401000000004,-0.08547995624999992,0.0,0.12760853535077565,56,fixed_k3
00_Optimized_Structure,a,0.0,0.08146263400000003,-0.08547995624999992,0.0,-0.39671463216453273,56,fixed_k3
00_Optimized_Structure,a,0.0,0.08534125800000003,-0.08547995624999992,0.0,-1.3939339021700394,56,fixed_k3
00_Optimized_Structure,a,0.0,0.08921988200000003,-0.08547995624999992,0.0,-3.0671417841733417,56,fixed_k3
00_Optimized_Structure,a,0.0,0.09309850600000003,-0.08547995624999992,0.0,-5.650769560880669,56,fixed_k3
00_Optimized_Structure,a,0.0,0.09697713000000002,-0.08547995624999992,0.0,-9.473361143783256,56,fixed_k3
00_Optimized_Structure,a,0.0,0.10085575400000002,-0.08547995624999992,0.0,-15.260705934732904,56,fixed_k3
00_Optimized_Structure,a,0.0,0.10473437800000002,-0.08547995624999992,0.0,-25.191275244932335,56,fixed_k3
00_Optimized_Structure,a,0.0,0.10861300200000001,-0.08547995624999992,0.0,-46.681088766642944,56,fixed_k3
00_Optimized_Structure,a,0.0,0.11249162600000001,-0.08547995624999992,0.0,-107.76805250667836,56,fixed_k3
00_Optimized_Structure,a,0.0,0.11637025000000001,-0.08547995624999992,0.0,-298.3605093355324,56,fixed_k3
00_Optimized_Structure,a,0.0,0.120248874,-0.08547995624999992,0.0,-422.46684806353954,56,fixed_k3
00_Optimized_Structure,a,0.0,0.124127498,-0.08547995624999992,0.0,-90.71723402766193,56,fixed_k3
00_Optimized_Structure,a,0.0,0.128006122,-0.08547995624999992,0.0,-17.16046648219469,56,fixed_k3
00_Optimized_Structure,a,0.0,0.131884746,-0.08547995624999992,0.0,-16.36995369667749,56,fixed_k3
00_Optimized_Structure,a,0.0,0.13576337,-0.08547995624999992,0.0,-15.96884614553256,56,fixed_k3
00_Optimized_Structure,a,0.0,0.139641994,-0.08547995624999992,0.0,-14.227235700931654,56,fixed_k3
00_Optimized_Structure,a,0.0,0.143520618,-0.08547995624999992,0.0,-12.401137246197274,56,fixed_k3
00_Optimized_Structure,a,0.0,0.14739924199999999,-0.08547995624999992,0.0,-10.822690130426853,56,fixed_k3
00_Optimized_Structure,a,0.0,0.15127786599999998,-0.08547995624999992,0.0,-9.499297497536851,56,fixed_k3
00_Optimized_Structure,a,0.0,0.15515649,-0.08547995624999992,0.0,-8.371668825126495,56,fixed_k3
00_Optimized_Structure,a,0.0,-0.1551334299999998,-0.08219331812499991,0.0,-7.136897588832328,56,fixed_k3
00_Optimized_Structure,a,0.0,-0.1512548059999998,-0.08219331812499991,0.0,-7.853609503183973,56,fixed_k3
00_Optimized_Structure,a,0.0,-0.1473761819999998,-0.08219331812499991,0.0,-8.742023981372533,56,fixed_k3
00_Optimized_Structure,a,0.0,-0.1434975579999998,-0.08219331812499991,0.0,-9.813784853314226,56,fixed_k3
00_Optimized_Structure,a,0.0,-0.1396189339999998,-0.08219331812499991,0.0,-10.892539860965456,56,fixed_k3
00_Optimized_Structure,a,0.0,-0.1357403099999998,-0.08219331812499991,0.0,-10.869550248298479,56,fixed_k3
00_Optimized_Structure,a,0.0,-0.1318616859999998,-0.08219331812499991,0.0,-4.784632062568155,56,fixed_k3
00_Optimized_Structure,a,0.0,-0.12798306199999981,-0.08219331812499991,0.0,18.97427454120778,56,fixed_k3
00_Optimized_Structure,a,0.0,-0.12410443799999982,-0.08219331812499991,0.0,21.32929455385767,56,fixed_k3
00_Optimized_Structure,a,0.0,-0.12022581399999982,-0.08219331812499991,0.0,-98.47389246497589,56,fixed_k3
00_Optimized_Structure,a,0.0,-0.11634718999999982,-0.08219331812499991,0.0,-84.79586537849096,56,fixed_k3
00_Optimized_Structure,a,0.0,-0.11246856599999983,-0.08219331812499991,0.0,-28.236055751190186,56,fixed_k3
00_Optimized_Structure,a,0.0,-0.10858994199999983,-0.08219331812499991,0.0,-7.462731297320527,56,fixed_k3
00_Optimized_Structure,a,0.0,-0.10471131799999983,-0.08219331812499991,0.0,-1.5363503324067722,56,fixed_k3
00_Optimized_Structure,a,0.0,-0.10083269399999983,-0.08219331812499991,0.0,-0.757528601023433,56,fixed_k3
00_Optimized_Structure,a,0.0,-0.09695406999999984,-0.08219331812499991,0.0,-1.7002017704791461,56,fixed_k3
00_Optimized_Structure,a,0.0,-0.09307544599999984,-0.08219331812499991,0.0,-2.9206995286490214,56,fixed_k3
00_Optimized_Structure,a,0.0,-0.08919682199999984,-0.08219331812499991,0.0,-3.8000586073934617,56,fixed_k3
00_Optimized_Structure,a,0.0,-0.08531819799999985,-0.08219331812499991,0.0,-4.1821292715057705,56,fixed_k3
00_Optimized_Structure,a,0.0,-0.08143957399999985,-0.08219331812499991,0.0,-4.1516775087420426,56,fixed_k3
00_Optimized_Structure,a,0.0,-0.07756094999999985,-0.08219331812499991,0.0,-3.867318409066948,56,fixed_k3
00_Optimized_Structure,a,0.0,-0.07368232599999985,-0.08219331812499991,0.0,-3.4679642926688246,56,fixed_k3
00_Optimized_Structure,a,0.0,-0.06980370199999986,-0.08219331812499991,0.0,-3.0437181191617,56,fixed_k3
00_Optimized_Structure,a,0.0,-0.06592507799999986,-0.08219331812499991,0.0,-2.641206830373458,56,fixed_k3
00_Optimized_Structure,a,0.0,-0.06204645399999986,-0.08219331812499991,0.0,-2.2786835963187553,56,fixed_k3
00_Optimized_Structure,a,0.0,-0.058167829999999865,-0.08219331812499991,0.0,-1.9592192596234619,56,fixed_k3
00_Optimized_Structure,a,0.0,-0.05428920599999987,-0.08219331812499991,0.0,-1.6791691025287279,56,fixed_k3
00_Optimized_Structure,a,0.0,-0.05041058199999987,-0.08219331812499991,0.0,-1.4327087409516357,56,fixed_k3
00_Optimized_Structure,a,0.0,-0.04653195799999987,-0.08219331812499991,0.0,-1.213922782979566,56,fixed_k3
00_Optimized_Structure,a,0.0,-0.042653333999999876,-0.08219331812499991,0.0,-1.017607122177607,56,fixed_k3
00_Optimized_Structure,a,0.0,-0.03877470999999988,-0.08219331812499991,0.0,-0.8394866097668192,56,fixed_k3
00_Optimized_Structure,a,0.0,-0.03489608599999988,-0.08219331812499991,0.0,-0.676212292638892,56,fixed_k3
00_Optimized_Structure,a,0.0,-0.031017461999999885,-0.08219331812499991,0.0,-0.5253027649384405,56,fixed_k3
00_Optimized_Structure,a,0.0,-0.027138837999999887,-0.08219331812499991,0.0,-0.38508946527834276,56,fixed_k3
00_Optimized_Structure,a,0.0,-0.02326021399999989,-0.08219331812499991,0.0,-0.25467534316802354,56,fixed_k3
00_Optimized_Structure,a,0.0,-0.019381589999999893,-0.08219331812499991,0.0,-0.13389423074095763,56,fixed_k3
00_Optimized_Structure,a,0.0,-0.015502965999999896,-0.08219331812499991,0.0,-0.023250684062838367,56,fixed_k3
00_Optimized_Structure,a,0.0,-0.011624341999999899,-0.08219331812499991,0.0,0.07617933106107966,56,fixed_k3
00_Optimized_Structure,a,0.0,-0.0077457179999999015,-0.08219331812499991,0.0,0.16290037996813833,56,fixed_k3
00_Optimized_Structure,a,0.0,-0.0038670939999999043,-0.08219331812499991,0.0,0.2352053665822802,56,fixed_k3
00_Optimized_Structure,a,0.0,1.1530000000092855e-05,-0.08219331812499991,0.0,0.29142989220962834,56,fixed_k3
00_Optimized_Structure,a,0.0,0.00389015400000009,-0.08219331812499991,0.0,0.3302315376878884,56,fixed_k3
00_Optimized_Structure,a,0.0,0.007768778000000087,-0.08219331812499991,0.0,0.3508634307142948,56,fixed_k3
00_Optimized_Structure,a,0.0,0.011647402000000084,-0.08219331812499991,0.0,0.35340839144581704,56,fixed_k3
00_Optimized_Structure,a,0.0,0.015526026000000082,-0.08219331812499991,0.0,0.3389439963011527,56,fixed_k3
00_Optimized_Structure,a,0.0,0.01940465000000008,-0.08219331812499991,0.0,0.30961915144314656,56,fixed_k3
00_Optimized_Structure,a,0.0,0.023283274000000076,-0.08219331812499991,0.0,0.2686363827036091,56,fixed_k3
00_Optimized_Structure,a,0.0,0.027161898000000073,-0.08219331812499991,0.0,0.2201471277530067,56,fixed_k3
00_Optimized_Structure,a,0.0,0.03104052200000007,-0.08219331812499991,0.0,0.16907604358927797,56,fixed_k3
00_Optimized_Structure,a,0.0,0.03491914600000007,-0.08219331812499991,0.0,0.12089183304195061,56,fixed_k3
00_Optimized_Structure,a,0.0,0.038797770000000065,-0.08219331812499991,0.0,0.08133455007313084,56,fixed_k3
00_Optimized_Structure,a,0.0,0.04267639400000006,-0.08219331812499991,0.0,0.05609146050292102,56,fixed_k3
00_Optimized_Structure,a,0.0,0.04655501800000006,-0.08219331812499991,0.0,0.050383378672909096,56,fixed_k3
00_Optimized_Structure,a,0.0,0.050433642000000056,-0.08219331812499991,0.0,0.06837713785812971,56,fixed_k3
00_Optimized_Structure,a,0.0,0.05431226600000005,-0.08219331812499991,0.0,0.11227089217368214,56,fixed_k3
00_Optimized_Structure,a,0.0,0.05819089000000005,-0.08219331812499991,0.0,0.1807986874812506,56,fixed_k3
00_Optimized_Structure,a,0.0,0.06206951400000005,-0.08219331812499991,0.0,0.2667639162495252,56,fixed_k3
00_Optimized_Structure,a,0.0,0.06594813800000005,-0.08219331812499991,0.0,0.35305294901048234,56,fixed_k3
00_Optimized_Structure,a,0.0,0.06982676200000004,-0.08219331812499991,0.0,0.40647762867219805,56,fixed_k3
00_Optimized_Structure,a,0.0,0.07370538600000004,-0.08219331812499991,0.0,0.36896852662459567,56,fixed_k3
00_Optimized_Structure,a,0.0,0.07758401000000004,-0.08219331812499991,0.0,0.1465468441380975,56,fixed_k3
00_Optimized_Structure,a,0.0,0.08146263400000003,-0.08219331812499991,0.0,-0.4012621387991544,56,fixed_k3
00_Optimized_Structure,a,0.0,0.08534125800000003,-0.08219331812499991,0.0,-1.4655524901496109,56,fixed_k3
00_Optimized_Structure,a,0.0,0.08921988200000003,-0.08219331812499991,0.0,-3.2790546121604103,56,fixed_k3
00_Optimized_Structure,a,0.0,0.09309850600000003,-0.08219331812499991,0.0,-6.101416551953447,56,fixed_k3
00_Optimized_Structure,a,0.0,0.09697713000000002,-0.08219331812499991,0.0,-10.25519521149172,56,fixed_k3
00_Optimized_Structure,a,0.0,0.10085575400000002,-0.08219331812499991,0.0,-16.37827884363065,56,fixed_k3
00_Optimized_Structure,a,0.0,0.10473437800000002,-0.08219331812499991,0.0,-26.312423937253033,56,fixed_k3
00_Optimized_Structure,a,0.0,0.10861300200000001,-0.08219331812499991,0.0,-45.90939200885645,56,fixed_k3
00_Optimized_Structure,a,0.0,0.11249162600000001,-0.08219331812499991,0.0,-93.60451984527772,56,fixed_k3
00_Optimized_Structure,a,0.0,0.11637025000000001,-0.08219331812499991,0.0,-205.1724227074731,56,fixed_k3
00_Optimized_Structure,a,0.0,0.120248874,-0.08219331812499991,0.0,-225.45167951904543,56,fixed_k3
00_Optimized_Structure,a,0.0,0.124127498,-0.08219331812499991,0.0,5.144287462718347,56,fixed_k3
00_Optimized_Structure,a,0.0,0.128006122,-0.08219331812499991,0.0,20.68277018018539,56,fixed_k3
00_Optimized_Structure,a,0.0,0.131884746,-0.08219331812499991,0.0,-4.393818069702808,56,fixed_k3
00_Optimized_Structure,a,0.0,0.13576337,-0.08219331812499991,0.0,-11.82654880331685,56,fixed_k3
00_Optimized_Structure,a,0.0,0.139641994,-0.08219331812499991,0.0,-12.51818813998539,56,fixed_k3
00_Optimized_Structure,a,0.0,0.143520618,-0.08219331812499991,0.0,-11.571438389056196,56,fixed_k3
00_Optimized_Structure,a,0.0,0.14739924199999999,-0.08219331812499991,0.0,-10.363868251481918,56,fixed_k3
00_Optimized_Structure,a,0.0,0.15127786599999998,-0.08219331812499991,0.0,-9.221377150820953,56,fixed_k3
00_Optimized_Structure,a,0.0,0.15515649,-0.08219331812499991,0.0,-8.196158266934923,56,fixed_k3
00_Optimized_Structure,a,0.0,-0.1551334299999998,-0.07890667999999992,0.0,-6.866714807451741,56,fixed_k3
00_Optimized_Structure,a,0.0,-0.1512548059999998,-0.07890667999999992,0.0,-7.501873935647282,56,fixed_k3
00_Optimized_Structure,a,0.0,-0.1473761819999998,-0.07890667999999992,0.0,-8.23846411826122,56,fixed_k3
00_Optimized_Structure,a,0.0,-0.1434975579999998,-0.07890667999999992,0.0,-8.992763484527313,56,fixed_k3
00_Optimized_Structure,a,0.0,-0.1396189339999998,-0.07890667999999992,0.0,-9.308527920453727,56,fixed_k3
00_Optimized_Structure,a,0.0,-0.1357403099999998,-0.07890667999999992,0.0,-7.114817548229558,56,fixed_k3
00_Optimized_Structure,a,0.0,-0.1318616859999998,-0.07890667999999992,0.0,6.322284672002977,56,fixed_k3
00_Optimized_Structure,a,0.0,-0.12798306199999981,-0.07890667999999992,0.0,55.03030867431501,56,fixed_k3
00_Optimized_Structure,a,0.0,-0.12410443799999982,-0.07890667999999992,0.0,98.22295573283351,56,fixed_k3
00_Optimized_Structure,a,0.0,-0.12022581399999982,-0.07890667999999992,0.0,-10.083831042830703,56,fixed_k3
00_Optimized_Structure,a,0.0,-0.11634718999999982,-0.07890667999999992,0.0,-46.27572259561119,56,fixed_k3
00_Optimized_Structure,a,0.0,-0.11246856599999983,-0.07890667999999992,0.0,-21.913898600399097,56,fixed_k3
00_Optimized_Structure,a,0.0,-0.10858994199999983,-0.07890667999999992,0.0,-7.009367278713126,56,fixed_k3
00_Optimized_Structure,a,0.0,-0.10471131799999983,-0.07890667999999992,0.0,-1.601112841059824,56,fixed_k3
00_Optimized_Structure,a,0.0,-0.10083269399999983,-0.07890667999999992,0.0,-0.7197793899916871,56,fixed_k3
00_Optimized_Structure,a,0.0,-0.09695406999999984,-0.07890667999999992,0.0,-1.630687605803201,56,fixed_k3
00_Optimized_Structure,a,0.0,-0.09307544599999984,-0.07890667999999992,0.0,-2.887494443541183,56,fixed_k3
00_Optimized_Structure,a,0.0,-0.08919682199999984,-0.07890667999999992,0.0,-3.803572485410216,56,fixed_k3
00_Optimized_Structure,a,0.0,-0.08531819799999985,-0.07890667999999992,0.0,-4.197230293856024,56,fixed_k3
00_Optimized_Structure,a,0.0,-0.08143957399999985,-0.07890667999999992,0.0,-4.159492225665058,56,fixed_k3
00_Optimized_Structure,a,0.0,-0.07756094999999985,-0.07890667999999992,0.0,-3.8621077786817963,56,fixed_k3
00_Optimized_Structure,a,0.0,-0.07368232599999985,-0.07890667999999992,0.0,-3.4522236778450934,56,fixed_k3
00_Optimized_Structure,a,0.0,-0.06980370199999986,-0.07890667999999992,0.0,-3.0224699300982225,56,fixed_k3
00_Optimized_Structure,a,0.0,-0.06592507799999986,-0.07890667999999992,0.0,-2.6189192153240004,56,fixed_k3
00_Optimized_Structure,a,0.0,-0.06204645399999986,-0.07890667999999992,0.0,-2.2583678797191307,56,fixed_k3
00_Optimized_Structure,a,0.0,-0.058167829999999865,-0.07890667999999992,0.0,-1.942561835941865,56,fixed_k3
00_Optimized_Structure,a,0.0,-0.05428920599999987,-0.07890667999999992,0.0,-1.6669474474078254,56,fixed_k3
00_Optimized_Structure,a,0.0,-0.05041058199999987,-0.07890667999999992,0.0,-1.4251714214306443,56,fixed_k3
00_Optimized_Structure,a,0.0,-0.04653195799999987,-0.07890667999999992,0.0,-1.2110503364318874,56,fixed_k3
00_Optimized_Structure,a,0.0,-0.042653333999999876,-0.07890667999999992,0.0,-1.0192630535108573,56,fixed_k3
00_Optimized_Structure,a,0.0,-0.03877470999999988,-0.07890667999999992,0.0,-0.8454905285239,56,fixed_k3
00_Optimized_Structure,a,0.0,-0.03489608599999988,-0.07890667999999992,0.0,-0.6863650105747305,56,fixed_k3
00_Optimized_Structure,a,0.0,-0.031017461999999885,-0.07890667999999992,0.0,-0.5393853033182907,56,fixed_k3
00_Optimized_Structure,a,0.0,-0.027138837999999887,-0.07890667999999992,0.0,-0.4028507585182144,56,fixed_k3
00_Optimized_Structure,a,0.0,-0.02326021399999989,-0.07890667999999992,0.0,-0.2758182001421199,56,fixed_k3
00_Optimized_Structure,a,0.0,-0.019381589999999893,-0.07890667999999992,0.0,-0.1580654641797472,56,fixed_k3
00_Optimized_Structure,a,0.0,-0.015502965999999896,-0.07890667999999992,0.0,-0.050038634815103844,56,fixed_k3
00_Optimized_Structure,a,0.0,-0.011624341999999899,-0.07890667999999992,0.0,0.047238797009889755,56,fixed_k3
00_Optimized_Structure,a,0.0,-0.0077457179999999015,-0.07890667999999992,0.0,0.13231011728340958,56,fixed_k3
00_Optimized_Structure,a,0.0,-0.0038670939999999043,-0.07890667999999992,0.0,0.203487563788201,56,fixed_k3
00_Optimized_Structure,a,0.0,1.1530000000092855e-05,-0.07890667999999992,0.0,0.25910406306258604,56,fixed_k3
00_Optimized_Structure,a,0.0,0.00389015400000009,-0.07890667999999992,0.0,0.2977931373335778,56,fixed_k3
00_Optimized_Structure,a,0.0,0.007768778000000087,-0.07890667999999992,0.0,0.31876591859779335,56,fixed_k3
00_Optimized_Structure,a,0.0,0.011647402000000084,-0.07890667999999992,0.0,0.32205063498448006,56,fixed_k3
00_Optimized_Structure,a,0.0,0.015526026000000082,-0.07890667999999992,0.0,0.30866377507295795,56,fixed_k3
00_Optimized_Structure,a,0.0,0.01940465000000008,-0.07890667999999992,0.0,0.2806925253720034,56,fixed_k3
00_Optimized_Structure,a,0.0,0.023283274000000076,-0.07890667999999992,0.0,0.24128211070940075,56,fixed_k3
00_Optimized_Structure,a,0.0,0.027161898000000073,-0.07890667999999992,0.0,0.19453530865077795,56,fixed_k3
00_Optimized_Structure,a,0.0,0.03104052200000007,-0.07890667999999992,0.0,0.14534069265427751,56,fixed_k3
00_Optimized_Structure,a,0.0,0.03491914600000007,-0.07890667999999992,0.0,0.09914809163730931,56,fixed_k3
00_Optimized_Structure,a,0.0,0.038797770000000065,-0.07890667999999992,0.0,0.06170247761576131,56,fixed_k3
00_Optimized_Structure,a,0.0,0.04267639400000006,-0.07890667999999992,0.0,0.03872963037628252,56,fixed_k3
00_Optimized_Structure,a,0.0,0.04655501800000006,-0.07890667999999992,0.0,0.03553631310000305,56,fixed_k3
00_Optimized_Structure,a,0.0,0.050433642000000056,-0.07890667999999992,0.0,0.05643981695567746,56,fixed_k3
00_Optimized_Structure,a,0.0,0.05431226600000005,-0.07890667999999992,0.0,0.10386834910531961,56,fixed_k3
00_Optimized_Structure,a,0.0,0.05819089000000005,-0.07890667999999992,0.0,0.17686263287959347,56,fixed_k3
00_Optimized_Structure,a,0.0,0.06206951400000005,-0.07890667999999992,0.0,0.2685479353589644,56,fixed_k3
00_Optimized_Structure,a,0.0,0.06594813800000005,-0.07890667999999992,0.0,0.36193783590089534,56,fixed_k3
00_Optimized_Structure,a,0.0,0.06982676200000004,-0.07890667999999992,0.0,0.42324030297595594,56,fixed_k3
00_Optimized_Structure,a,0.0,0.07370538600000004,-0.07890667999999992,0.0,0.39188958969144605,56,fixed_k3
00_Optimized_Structure,a,0.0,0.07758401000000004,-0.07890667999999992,0.0,0.16737858586826504,56,fixed_k3
00_Optimized_Structure,a,0.0,0.08146263400000003,-0.07890667999999992,0.0,-0.40444233126094264,56,fixed_k3
00_Optimized_Structure,a,0.0,0.08534125800000003,-0.07890667999999992,0.0,-1.5380642447551756,56,fixed_k3
00_Optimized_Structure,a,0.0,0.08921988200000003,-0.07890667999999992,0.0,-3.496486224166924,56,fixed_k3
00_Optimized_Structure,a,0.0,0.09309850600000003,-0.07890667999999992,0.0,-6.559361071997099,56,fixed_k3
00_Optimized_Structure,a,0.0,0.09697713000000002,-0.07890667999999992,0.0,-11.018309803278754,56,fixed_k3
00_Optimized_Structure,a,0.0,0.10085575400000002,-0.07890667999999992,0.0,-17.35137721311437,56,fixed_k3
00_Optimized_Structure,a,0.0,0.10473437800000002,-0.07890667999999992,0.0,-26.8921401327688,56,fixed_k3
00_Optimized_Structure,a,0.0,0.10861300200000001,-0.07890667999999992,0.0,-43.60673142808297,56,fixed_k3
00_Optimized_Structure,a,0.0,0.11249162600000001,-0.07890667999999992,0.0,-77.42841531765411,56,fixed_k3
00_Optimized_Structure,a,0.0,0.11637025000000001,-0.07890667999999992,0.0,-134.98586881142612,56,fixed_k3
00_Optimized_Structure,a,0.0,0.120248874,-0.07890667999999992,0.0,-102.48265280732411,56,fixed_k3
00_Optimized_Structure,a,0.0,0.124127498,-0.07890667999999992,0.0,95.4551556662854,56,fixed_k3
00_Optimized_Structure,a,0.0,0.128006122,-0.07890667999999992,0.0,60.6962749489858,56,fixed_k3
00_Optimized_Structure,a,0.0,0.131884746,-0.07890667999999992,0.0,7.496462595151389,56,fixed_k3
00_Optimized_Structure,a,0.0,0.13576337,-0.07890667999999992,0.0,-7.769414984447441,56,fixed_k3
00_Optimized_Structure,a,0.0,0.139641994,-0.07890667999999992,0.0,-10.804285177073078,56,fixed_k3
00_Optimized_Structure,a,0.0,0.143520618,-0.07890667999999992,0.0,-10.706993928613429,56,fixed_k3
00_Optimized_Structure,a,0.0,0.14739924199999999,-0.07890667999999992,0.0,-9.864315561797897,56,fixed_k3
00_Optimized_Structure,a,0.0,0.15127786599999998,-0.07890667999999992,0.0,-8.903458233234888,56,fixed_k3
00_Optimized_Structure,a,0.0,0.15515649,-0.07890667999999992,0.0,-7.982558277726234,56,fixed_k3
00_Optimized_Structure,a,0.0,-0.1551334299999998,-0.07562004187499993,0.0,-6.60521722545474,56,fixed_k3
00_Optimized_Structure,a,0.0,-0.1512548059999998,-0.07562004187499993,0.0,-7.158068976234267,56,fixed_k3
00_Optimized_Structure,a,0.0,-0.1473761819999998,-0.07562004187499993,0.0,-7.7423768193442415,56,fixed_k3
00_Optimized_Structure,a,0.0,-0.1434975579999998,-0.07562004187499993,0.0,-8.180702551740186,56,fixed_k3
00_Optimized_Structure,a,0.0,-0.1396189339999998,-0.07562004187499993,0.0,-7.73811159996263,56,fixed_k3
00_Optimized_Structure,a,0.0,-0.1357403099999998,-0.07562004187499993,0.0,-3.3336746213452098,56,fixed_k3
00_Optimized_Structure,a,0.0,-0.1318616859999998,-0.07562004187499993,0.0,18.30034193115897,56,fixed_k3
00_Optimized_Structure,a,0.0,-0.12798306199999981,-0.07562004187499993,0.0,100.0505245012809,56,fixed_k3
00_Optimized_Structure,a,0.0,-0.12410443799999982,-0.07562004187499993,0.0,189.77809216141065,56,fixed_k3
00_Optimized_Structure,a,0.0,-0.12022581399999982,-0.07562004187499993,0.0,52.098831381711385,56,fixed_k3
00_Optimized_Structure,a,0.0,-0.11634718999999982,-0.07562004187499993,0.0,-19.051670408720415,56,fixed_k3
00_Optimized_Structure,a,0.0,-0.11246856599999983,-0.07562004187499993,0.0,-15.980385454295831,56,fixed_k3
00_Optimized_Structure,a,0.0,-0.10858994199999983,-0.07562004187499993,0.0,-6.451402998330945,56,fixed_k3
00_Optimized_Structure,a,0.0,-0.10471131799999983,-0.07562004187499993,0.0,-1.709879512971225,56,fixed_k3
00_Optimized_Structure,a,0.0,-0.10083269399999983,-0.07562004187499993,0.0,-0.7339345821668375,56,fixed_k3
00_Optimized_Structure,a,0.0,-0.09695406999999984,-0.07562004187499993,0.0,-1.5910883270251086,56,fixed_k3
00_Optimized_Structure,a,0.0,-0.09307544599999984,-0.07562004187499993,0.0,-2.8713167109269504,56,fixed_k3
00_Optimized_Structure,a,0.0,-0.08919682199999984,-0.07562004187499993,0.0,-3.818037823560114,56,fixed_k3
00_Optimized_Structure,a,0.0,-0.08531819799999985,-0.07562004187499993,0.0,-4.219183361045044,56,fixed_k3
00_Optimized_Structure,a,0.0,-0.08143957399999985,-0.07562004187499993,0.0,-4.170935076645629,56,fixed_k3
00_Optimized_Structure,a,0.0,-0.07756094999999985,-0.07562004187499993,0.0,-3.8582754998697952,56,fixed_k3
00_Optimized_Structure,a,0.0,-0.07368232599999985,-0.07562004187499993,0.0,-3.4364868128007156,56,fixed_k3
00_Optimized_Structure,a,0.0,-0.06980370199999986,-0.07562004187499993,0.0,-3.000432904736413,56,fixed_k3
00_Optimized_Structure,a,0.0,-0.06592507799999986,-0.07562004187499993,0.0,-2.5953703007864792,56,fixed_k3
00_Optimized_Structure,a,0.0,-0.06204645399999986,-0.07562004187499993,0.0,-2.2364831369550653,56,fixed_k3
00_Optimized_Structure,a,0.0,-0.058167829999999865,-0.07562004187499993,0.0,-1.9241206502918202,56,fixed_k3
00_Optimized_Structure,a,0.0,-0.05428920599999987,-0.07562004187499993,0.0,-1.6527924464328576,56,fixed_k3
00_Optimized_Structure,a,0.0,-0.05041058199999987,-0.07562004187499993,0.0,-1.4156055687444091,56,fixed_k3
00_Optimized_Structure,a,0.0,-0.04653195799999987,-0.07562004187499993,0.0,-1.206102084805209,56,fixed_k3
00_Optimized_Structure,a,0.0,-0.042653333999999876,-0.07562004187499993,0.0,-1.0188371190626455,56,fixed_k3
00_Optimized_Structure,a,0.0,-0.03877470999999988,-0.07562004187499993,0.0,-0.849440008224815,56,fixed_k3
00_Optimized_Structure,a,0.0,-0.03489608599999988,-0.07562004187499993,0.0,-0.694515895272515,56,fixed_k3
00_Optimized_Structure,a,0.0,-0.031017461999999885,-0.07562004187499993,0.0,-0.551535528369028,56,fixed_k3
00_Optimized_Structure,a,0.0,-0.027138837999999887,-0.07562004187499993,0.0,-0.4187584413844516,56,fixed_k3
00_Optimized_Structure,a,0.0,-0.02326021399999989,-0.07562004187499993,0.0,-0.2951884441718473,56,fixed_k3
00_Optimized_Structure,a,0.0,-0.019381589999999893,-0.07562004187499993,0.0,-0.18054149803451036,56,fixed_k3
00_Optimized_Structure,a,0.0,-0.015502965999999896,-0.07562004187499993,0.0,-0.07520042138164751,56,fixed_k3
00_Optimized_Structure,a,0.0,-0.011624341999999899,-0.07562004187499993,0.0,0.019867466074232176,56,fixed_k3
00_Optimized_Structure,a,0.0,-0.0077457179999999015,-0.07562004187499993,0.0,0.1032468047248063,56,fixed_k3
00_Optimized_Structure,a,0.0,-0.0038670939999999043,-0.07562004187499993,0.0,0.17327081501839903,56,fixed_k3
00_Optimized_Structure,a,0.0,1.1530000000092855e-05,-0.07562004187499993,0.0,0.22827052709849438,56,fixed_k3
00_Optimized_Structure,a,0.0,0.00389015400000009,-0.07562004187499993,0.0,0.26685545024331025,56,fixed_k3
00_Optimized_Structure,a,0.0,0.007768778000000087,-0.07562004187499993,0.0,0.2881941720430703,56,fixed_k3
00_Optimized_Structure,a,0.0,0.011647402000000084,-0.07562004187499993,0.0,0.29225929758270786,56,fixed_k3
00_Optimized_Structure,a,0.0,0.015526026000000082,-0.07562004187499993,0.0,0.2800047766639582,56,fixed_k3
00_Optimized_Structure,a,0.0,0.01940465000000008,-0.07562004187499993,0.0,0.2534542051312687,56,fixed_k3
00_Optimized_Structure,a,0.0,0.023283274000000076,-0.07562004187499993,0.0,0.21569315326184024,56,fixed_k3
00_Optimized_Structure,a,0.0,0.027161898000000073,-0.07562004187499993,0.0,0.17077278882690328,56,fixed_k3
00_Optimized_Structure,a,0.0,0.03104052200000007,-0.07562004187499993,0.0,0.12354190921576569,56,fixed_k3
00_Optimized_Structure,a,0.0,0.03491914600000007,-0.07562004187499993,0.0,0.07942687878571042,56,fixed_k3
00_Optimized_Structure,a,0.0,0.038797770000000065,-0.07562004187499993,0.0,0.0441719754998704,56,fixed_k3
00_Optimized_Structure,a,0.0,0.04267639400000006,-0.07562004187499993,0.0,0.023534851422062353,56,fixed_k3
00_Optimized_Structure,a,0.0,0.04655501800000006,-0.07562004187499993,0.0,0.022900832647845704,56,fixed_k3
00_Optimized_Structure,a,0.0,0.050433642000000056,-0.07562004187499993,0.0,0.0467304748288484,56,fixed_k3
00_Optimized_Structure,a,0.0,0.05431226600000005,-0.07562004187499993,0.0,0.09767726856538794,56,fixed_k3
00_Optimized_Structure,a,0.0,0.05819089000000005,-0.07562004187499993,0.0,0.1750907555942065,56,fixed_k3
00_Optimized_Structure,a,0.0,0.06206951400000005,-0.07562004187499993,0.0,0.2724347517183616,56,fixed_k3
00_Optimized_Structure,a,0.0,0.06594813800000005,-0.07562004187499993,0.0,0.3728909564361491,56,fixed_k3
00_Optimized_Structure,a,0.0,0.06982676200000004,-0.07562004187499993,0.0,0.4421318879758698,56,fixed_k3
00_Optimized_Structure,a,0.0,0.07370538600000004,-0.07562004187499993,0.0,0.4171607238682107,56,fixed_k3
00_Optimized_Structure,a,0.0,0.07758401000000004,-0.07562004187499993,0.0,0.19088262271169598,56,fixed_k3
00_Optimized_Structure,a,0.0,0.08146263400000003,-0.07562004187499993,0.0,-0.404962487209122,56,fixed_k3
00_Optimized_Structure,a,0.0,0.08534125800000003,-0.07562004187499993,0.0,-1.6091902375953755,56,fixed_k3
00_Optimized_Structure,a,0.0,0.08921988200000003,-0.07562004187499993,0.0,-3.7150939378489087,56,fixed_k3
00_Optimized_Structure,a,0.0,0.09309850600000003,-0.07562004187499993,0.0,-7.015116892908695,56,fixed_k3
00_Optimized_Structure,a,0.0,0.09697713000000002,-0.07562004187499993,0.0,-11.740117079320644,56,fixed_k3
00_Optimized_Structure,a,0.0,0.10085575400000002,-0.07562004187499993,0.0,-18.133135331888134,56,fixed_k3
00_Optimized_Structure,a,0.0,0.10473437800000002,-0.07562004187499993,0.0,-26.8889440423023,56,fixed_k3
00_Optimized_Structure,a,0.0,0.10861300200000001,-0.07562004187499993,0.0,-40.07154506143706,56,fixed_k3
00_Optimized_Structure,a,0.0,0.11249162600000001,-0.07562004187499993,0.0,-61.26791394917499,56,fixed_k3
00_Optimized_Structure,a,0.0,0.11637025000000001,-0.07562004187499993,0.0,-83.27296718571785,56,fixed_k3
00_Optimized_Structure,a,0.0,0.120248874,-0.07562004187499993,0.0,-15.474303679014556,56,fixed_k3
00_Optimized_Structure,a,0.0,0.124127498,-0.07562004187499993,0.0,204.01628347109985,56,fixed_k3
00_Optimized_Structure,a,0.0,0.128006122,-0.07562004187499993,0.0,110.9878806339818,56,fixed_k3
00_Optimized_Structure,a,0.0,0.131884746,-0.07562004187499993,0.0,20.19845656336187,56,fixed_k3
00_Optimized_Structure,a,0.0,0.13576337,-0.07562004187499993,0.0,-3.7050771388508785,56,fixed_k3
00_Optimized_Structure,a,0.0,0.139641994,-0.07562004187499993,0.0,-9.08276635031142,56,fixed_k3
00_Optimized_Structure,a,0.0,0.143520618,-0.07562004187499993,0.0,-9.814291252290294,56,fixed_k3
00_Optimized_Structure,a,0.0,0.14739924199999999,-0.07562004187499993,0.0,-9.329789316056743,56,fixed_k3
00_Optimized_Structure,a,0.0,0.15127786599999998,-0.07562004187499993,0.0,-8.549831947537808,56,fixed_k3
00_Optimized_Structure,a,0.0,0.15515649,-0.07562004187499993,0.0,-7.734108252164191,56,fixed_k3
00_Optimized_Structure,a,0.0,-0.1551334299999998,-0.07233340374999993,0.0,-6.350213322302729,56,fixed_k3
00_Optimized_Structure,a,0.0,-0.1512548059999998,-0.07233340374999993,0.0,-6.820747822872296,56,fixed_k3
00_Optimized_Structure,a,0.0,-0.1473761819999998,-0.07233340374999993,0.0,-7.253322307674628,56,fixed_k3
00_Optimized_Structure,a,0.0,-0.1434975579999998,-0.07233340374999993,0.0,-7.3773493312175935,56,fixed_k3
00_Optimized_Structure,a,0.0,-0.1396189339999998,-0.07233340374999993,0.0,-6.171650641906786,56,fixed_k3
00_Optimized_Structure,a,0.0,-0.1357403099999998,-0.07233340374999993,0.0,0.5742672840881888,56,fixed_k3
00_Optimized_Structure,a,0.0,-0.1318616859999998,-0.07233340374999993,0.0,32.181314900986244,56,fixed_k3
00_Optimized_Structure,a,0.0,-0.12798306199999981,-0.07233340374999993,0.0,164.80813189815794,56,fixed_k3
00_Optimized_Structure,a,0.0,-0.12410443799999982,-0.07233340374999993,0.0,314.2666190901676,56,fixed_k3
00_Optimized_Structure,a,0.0,-0.12022581399999982,-0.07233340374999993,0.0,96.41201766812179,56,fixed_k3
00_Optimized_Structure,a,0.0,-0.11634718999999982,-0.07233340374999993,0.0,-0.9518890145012613,56,fixed_k3
00_Optimized_Structure,a,0.0,-0.11246856599999983,-0.07233340374999993,0.0,-11.023482562339199,56,fixed_k3
00_Optimized_Structure,a,0.0,-0.10858994199999983,-0.07233340374999993,0.0,-5.891099459906963,56,fixed_k3
00_Optimized_Structure,a,0.0,-0.10471131799999983,-0.07233340374999993,0.0,-1.8655161278029038,56,fixed_k3
00_Optimized_Structure,a,0.0,-0.10083269399999983,-0.07233340374999993,0.0,-0.7986359796457367,56,fixed_k3
00_Optimized_Structure,a,0.0,-0.09695406999999984,-0.07233340374999993,0.0,-1.579416036100097,56,fixed_k3
00_Optimized_Structure,a,0.0,-0.09307544599999984,-0.07233340374999993,0.0,-2.8696925047866424,56,fixed_k3
00_Optimized_Structure,a,0.0,-0.08919682199999984,-0.07233340374999993,0.0,-3.841291884484046,56,fixed_k3
00_Optimized_Structure,a,0.0,-0.08531819799999985,-0.07233340374999993,0.0,-4.246385495920448,56,fixed_k3
00_Optimized_Structure,a,0.0,-0.08143957399999985,-0.07233340374999993,0.0,-4.184909013686392,56,fixed_k3
00_Optimized_Structure,a,0.0,-0.07756094999999985,-0.07233340374999993,0.0,-3.855106768411421,56,fixed_k3
00_Optimized_Structure,a,0.0,-0.07368232599999985,-0.07233340374999993,0.0,-3.4202960800998827,56,fixed_k3
00_Optimized_Structure,a,0.0,-0.06980370199999986,-0.07233340374999993,0.0,-2.977305223519134,56,fixed_k3
00_Optimized_Structure,a,0.0,-0.06592507799999986,-0.07233340374999993,0.0,-2.5703446955908893,56,fixed_k3
00_Optimized_Structure,a,0.0,-0.06204645399999986,-0.07233340374999993,0.0,-2.2128590705203646,56,fixed_k3
00_Optimized_Structure,a,0.0,-0.058167829999999865,-0.07233340374999993,0.0,-1.9037484393696655,56,fixed_k3
00_Optimized_Structure,a,0.0,-0.05428920599999987,-0.07233340374999993,0.0,-1.636569101091444,56,fixed_k3
00_Optimized_Structure,a,0.0,-0.05041058199999987,-0.07233340374999993,0.0,-1.4038835409329198,56,fixed_k3
00_Optimized_Structure,a,0.0,-0.04653195799999987,-0.07233340374999993,0.0,-1.198955561056406,56,fixed_k3
00_Optimized_Structure,a,0.0,-0.042653333999999876,-0.07233340374999993,0.0,-1.0162109585382162,56,fixed_k3
00_Optimized_Structure,a,0.0,-0.03877470999999988,-0.07233340374999993,0.0,-0.8512200953301947,56,fixed_k3
00_Optimized_Structure,a,0.0,-0.03489608599999988,-0.07233340374999993,0.0,-0.7005527717649516,56,fixed_k3
00_Optimized_Structure,a,0.0,-0.031017461999999885,-0.07233340374999993,0.0,-0.5616434035579174,56,fixed_k3
00_Optimized_Structure,a,0.0,-0.027138837999999887,-0.07233340374999993,0.0,-0.4327039679755451,56,fixed_k3
00_Optimized_Structure,a,0.0,-0.02326021399999989,-0.07233340374999993,0.0,-0.3126783939766131,56,fixed_k3
00_Optimized_Structure,a,0.0,-0.019381589999999893,-0.07233340374999993,0.0,-0.20121493583767913,56,fixed_k3
00_Optimized_Structure,a,0.0,-0.015502965999999896,-0.07233340374999993,0.0,-0.09862840524732208,56,fixed_k3
00_Optimized_Structure,a,0.0,-0.011624341999999899,-0.07233340374999993,0.0,-0.005826293863125276,56,fixed_k3
00_Optimized_Structure,a,0.0,-0.0077457179999999015,-0.07233340374999993,0.0,0.07582001705043506,56,fixed_k3
00_Optimized_Structure,a,0.0,-0.0038670939999999043,-0.07233340374999993,0.0,0.14466640800702102,56,fixed_k3
00_Optimized_Structure,a,0.0,1.1530000000092855e-05,-0.07233340374999993,0.0,0.19904285741375416,56,fixed_k3
00_Optimized_Structure,a,0.0,0.00389015400000009,-0.07233340374999993,0.0,0.23753500149378537,56,fixed_k3
00_Optimized_Structure,a,0.0,0.007768778000000087,-0.07233340374999993,0.0,0.25926844037696517,56,fixed_k3
00_Optimized_Structure,a,0.0,0.011647402000000084,-0.07233340374999993,0.0,0.26415922249421087,56,fixed_k3
00_Optimized_Structure,a,0.0,0.015526026000000082,-0.07233340374999993,0.0,0.253097378454318,56,fixed_k3
00_Optimized_Structure,a,0.0,0.01940465000000008,-0.07233340374999993,0.0,0.2280410721558106,56,fixed_k3
00_Optimized_Structure,a,0.0,0.023283274000000076,-0.07233340374999993,0.0,0.19201384792748555,56,fixed_k3
00_Optimized_Structure,a,0.0,0.027161898000000073,-0.07233340374999993,0.0,0.14901224969433824,56,fixed_k3
00_Optimized_Structure,a,0.0,0.03104052200000007,-0.07233340374999993,0.0,0.10384150356313127,56,fixed_k3
00_Optimized_Structure,a,0.0,0.03491914600000007,-0.07233340374999993,0.0,0.0618997914272299,56,fixed_k3
00_Optimized_Structure,a,0.0,0.038797770000000065,-0.07233340374999993,0.0,0.028924951335503213,56,fixed_k3
00_Optimized_Structure,a,0.0,0.04267639400000006,-0.07233340374999993,0.0,0.010699748903893136,56,fixed_k3
00_Optimized_Structure,a,0.0,0.04655501800000006,-0.07233340374999993,0.0,0.012680622020418086,56,fixed_k3
00_Optimized_Structure,a,0.0,0.050433642000000056,-0.07233340374999993,0.0,0.03946425371039819,56,fixed_k3
00_Optimized_Structure,a,0.0,0.05431226600000005,-0.07233340374999993,0.0,0.09392499532456466,56,fixed_k3
00_Optimized_Structure,a,0.0,0.05819089000000005,-0.07233340374999993,0.0,0.17572442597218907,56,fixed_k3
00_Optimized_Structure,a,0.0,0.06206951400000005,-0.07233340374999993,0.0,0.2786845264265454,56,fixed_k3
00_Optimized_Structure,a,0.0,0.06594813800000005,-0.07233340374999993,0.0,0.38620358486996054,56,fixed_k3
00_Optimized_Structure,a,0.0,0.06982676200000004,-0.07233340374999993,0.0,0.4635053398507152,56,fixed_k3
00_Optimized_Structure,a,0.0,0.07370538600000004,-0.07233340374999993,0.0,0.4452676935676323,56,fixed_k3
00_Optimized_Structure,a,0.0,0.07758401000000004,-0.07233340374999993,0.0,0.21782963218597473,56,fixed_k3
00_Optimized_Structure,a,0.0,0.08146263400000003,-0.07233340374999993,0.0,-0.4014693083030929,56,fixed_k3
00_Optimized_Structure,a,0.0,0.08534125800000003,-0.07233340374999993,0.0,-1.676427617145647,56,fixed_k3
00_Optimized_Structure,a,0.0,0.08921988200000003,-0.07233340374999993,0.0,-3.929986475976876,56,fixed_k3
00_Optimized_Structure,a,0.0,0.09309850600000003,-0.07233340374999993,0.0,-7.458206172594663,56,fixed_k3
00_Optimized_Structure,a,0.0,0.09697713000000002,-0.07233340374999993,0.0,-12.397678835002235,56,fixed_k3
00_Optimized_Structure,a,0.0,0.10085575400000002,-0.07233340374999993,0.0,-18.685487727426633,56,fixed_k3
00_Optimized_Structure,a,0.0,0.10473437800000002,-0.07233340374999993,0.0,-26.311426775209924,56,fixed_k3
00_Optimized_Structure,a,0.0,0.10861300200000001,-0.07233340374999993,0.0,-35.69951843650243,56,fixed_k3
00_Optimized_Structure,a,0.0,0.11249162600000001,-0.07233340374999993,0.0,-46.4536050918808,56,fixed_k3
00_Optimized_Structure,a,0.0,0.11637025000000001,-0.07233340374999993,0.0,-45.89320742831905,56,fixed_k3
00_Optimized_Structure,a,0.0,0.120248874,-0.07233340374999993,0.0,48.298293133863,56,fixed_k3
00_Optimized_Structure,a,0.0,0.124127498,-0.07233340374999993,0.0,353.46411815170967,56,fixed_k3
00_Optimized_Structure,a,0.0,0.128006122,-0.07233340374999993,0.0,184.30520738778276,56,fixed_k3
00_Optimized_Structure,a,0.0,0.131884746,-0.07233340374999993,0.0,34.79260581809514,56,fixed_k3
00_Optimized_Structure,a,0.0,0.13576337,-0.07233340374999993,0.0,0.4660202913960301,56,fixed_k3
00_Optimized_Structure,a,0.0,0.139641994,-0.07233340374999993,0.0,-7.350015079049409,56,fixed_k3
00_Optimized_Structure,a,0.0,0.143520618,-0.07233340374999993,0.0,-8.899680374761207,56,fixed_k3
00_Optimized_Structure,a,0.0,0.14739924199999999,-0.07233340374999993,0.0,-8.76607149313547,56,fixed_k3
00_Optimized_Structure,a,0.0,0.15127786599999998,-0.07233340374999993,0.0,-8.164844879477721,56,fixed_k3
00_Optimized_Structure,a,0.0,0.15515649,-0.07233340374999993,0.0,-7.454109871852038,56,fixed_k3
00_Optimized_Structure,a,0.0,-0.1551334299999998,-0.06904676562499992,0.0,-6.099887943117913,56,fixed_k3
00_Optimized_Structure,a,0.0,-0.1512548059999998,-0.06904676562499992,0.0,-6.488877089461361,56,fixed_k3
00_Optimized_Structure,a,0.0,-0.1473761819999998,-0.06904676562499992,0.0,-6.771404750643947,56,fixed_k3
00_Optimized_Structure,a,0.0,-0.1434975579999998,-0.06904676562499992,0.0,-6.583347452425519,56,fixed_k3
00_Optimized_Structure,a,0.0,-0.1396189339999998,-0.06904676562499992,0.0,-4.601146044825231,56,fixed_k3
00_Optimized_Structure,a,0.0,-0.1357403099999998,-0.06904676562499992,0.0,4.713697601758595,56,fixed_k3
00_Optimized_Structure,a,0.0,-0.1318616859999998,-0.06904676562499992,0.0,49.3278916111439,56,fixed_k3
00_Optimized_Structure,a,0.0,-0.12798306199999981,-0.06904676562499992,0.0,269.6498930455935,56,fixed_k3
00_Optimized_Structure,a,0.0,-0.12410443799999982,-0.06904676562499992,0.0,488.9075145735014,56,fixed_k3
00_Optimized_Structure,a,0.0,-0.12022581399999982,-0.06904676562499992,0.0,124.10651233502583,56,fixed_k3
00_Optimized_Structure,a,0.0,-0.11634718999999982,-0.06904676562499992,0.0,10.011327398125115,56,fixed_k3
00_Optimized_Structure,a,0.0,-0.11246856599999983,-0.06904676562499992,0.0,-7.297800260142959,56,fixed_k3
00_Optimized_Structure,a,0.0,-0.10858994199999983,-0.06904676562499992,0.0,-5.421311556385823,56,fixed_k3
00_Optimized_Structure,a,0.0,-0.10471131799999983,-0.06904676562499992,0.0,-2.0714530887665004,56,fixed_k3
00_Optimized_Structure,a,0.0,-0.10083269399999983,-0.06904676562499992,0.0,-0.9107791825565829,56,fixed_k3
00_Optimized_Structure,a,0.0,-0.09695406999999984,-0.06904676562499992,0.0,-1.5923437171016106,56,fixed_k3
00_Optimized_Structure,a,0.0,-0.09307544599999984,-0.06904676562499992,0.0,-2.8792063900090694,56,fixed_k3
00_Optimized_Structure,a,0.0,-0.08919682199999984,-0.06904676562499992,0.0,-3.870554383050779,56,fixed_k3
00_Optimized_Structure,a,0.0,-0.08531819799999985,-0.06904676562499992,0.0,-4.276872956697678,56,fixed_k3
00_Optimized_Structure,a,0.0,-0.08143957399999985,-0.06904676562499992,0.0,-4.200128608571191,56,fixed_k3
00_Optimized_Structure,a,0.0,-0.07756094999999985,-0.06904676562499992,0.0,-3.851799122136528,56,fixed_k3
00_Optimized_Structure,a,0.0,-0.07368232599999985,-0.06904676562499992,0.0,-3.403159328892091,56,fixed_k3
00_Optimized_Structure,a,0.0,-0.06980370199999986,-0.06904676562499992,0.0,-2.9527768876608613,56,fixed_k3
00_Optimized_Structure,a,0.0,-0.06592507799999986,-0.06904676562499992,0.0,-2.5436317335417566,56,fixed_k3
00_Optimized_Structure,a,0.0,-0.06204645399999986,-0.06904676562499992,0.0,-2.1873366031081787,56,fixed_k3
00_Optimized_Structure,a,0.0,-0.058167829999999865,-0.06904676562499992,0.0,-1.8813125411137355,56,fixed_k3
00_Optimized_Structure,a,0.0,-0.05428920599999987,-0.06904676562499992,0.0,-1.6181587409925196,56,fixed_k3
00_Optimized_Structure,a,0.0,-0.05041058199999987,-0.06904676562499992,0.0,-1.389894763979492,56,fixed_k3
00_Optimized_Structure,a,0.0,-0.04653195799999987,-0.06904676562499992,0.0,-1.18950546541562,56,fixed_k3
00_Optimized_Structure,a,0.0,-0.042653333999999876,-0.06904676562499992,0.0,-1.0112830535646016,56,fixed_k3
00_Optimized_Structure,a,0.0,-0.03877470999999988,-0.06904676562499992,0.0,-0.8507320836509091,56,fixed_k3
00_Optimized_Structure,a,0.0,-0.03489608599999988,-0.06904676562499992,0.0,-0.7043789691397397,56,fixed_k3
00_Optimized_Structure,a,0.0,-0.031017461999999885,-0.06904676562499992,0.0,-0.5696135996724461,56,fixed_k3
00_Optimized_Structure,a,0.0,-0.027138837999999887,-0.06904676562499992,0.0,-0.44459272428843466,56,fixed_k3
00_Optimized_Structure,a,0.0,-0.02326021399999989,-0.06904676562499992,0.0,-0.32819360323933044,56,fixed_k3
00_Optimized_Structure,a,0.0,-0.019381589999999893,-0.06904676562499992,0.0,-0.21999103943623655,56,fixed_k3
00_Optimized_Structure,a,0.0,-0.015502965999999896,-0.06904676562499992,0.0,-0.1202271780918629,56,fixed_k3
00_Optimized_Structure,a,0.0,-0.011624341999999899,-0.06904676562499992,0.0,-0.029746081941549818,56,fixed_k3
00_Optimized_Structure,a,0.0,-0.0077457179999999015,-0.06904676562499992,0.0,0.05012745378346661,56,fixed_k3
00_Optimized_Structure,a,0.0,-0.0038670939999999043,-0.06904676562499992,0.0,0.11777367696891106,56,fixed_k3
00_Optimized_Structure,a,0.0,1.1530000000092855e-05,-0.06904676562499992,0.0,0.17152243170201587,56,fixed_k3
00_Optimized_Structure,a,0.0,0.00389015400000009,-0.06904676562499992,0.0,0.20993572409504724,56,fixed_k3
00_Optimized_Structure,a,0.0,0.007768778000000087,-0.06904676562499992,0.0,0.23209583794275468,56,fixed_k3
00_Optimized_Structure,a,0.0,0.011647402000000084,-0.06904676562499992,0.0,0.23786143503942503,56,fixed_k3
00_Optimized_Structure,a,0.0,0.015526026000000082,-0.06904676562499992,0.0,0.2280573198021183,56,fixed_k3
00_Optimized_Structure,a,0.0,0.01940465000000008,-0.06904676562499992,0.0,0.2045744122473483,56,fixed_k3
00_Optimized_Structure,a,0.0,0.023283274000000076,-0.06904676562499992,0.0,0.17037183882210516,56,fixed_k3
00_Optimized_Structure,a,0.0,0.027161898000000073,-0.06904676562499992,0.0,0.1293884376790415,56,fixed_k3
00_Optimized_Structure,a,0.0,0.03104052200000007,-0.06904676562499992,0.0,0.0863819628320881,56,fixed_k3
00_Optimized_Structure,a,0.0,0.03491914600000007,-0.06904676562499992,0.0,0.04671756716477993,56,fixed_k3
00_Optimized_Structure,a,0.0,0.038797770000000065,-0.06904676562499992,0.0,0.016120769362824028,56,fixed_k3
00_Optimized_Structure,a,0.0,0.04267639400000006,-0.06904676562499992,0.0,0.00039257346212040467,56,fixed_k3
00_Optimized_Structure,a,0.0,0.04655501800000006,-0.06904676562499992,0.0,0.0050530114727753705,56,fixed_k3
00_Optimized_Structure,a,0.0,0.050433642000000056,-0.06904676562499992,0.0,0.034827805754276575,56,fixed_k3
00_Optimized_Structure,a,0.0,0.05431226600000005,-0.06904676562499992,0.0,0.09280807463708429,56,fixed_k3
00_Optimized_Structure,a,0.0,0.05819089000000005,-0.06904676562499992,0.0,0.17897170187461908,56,fixed_k3
00_Optimized_Structure,a,0.0,0.06206951400000005,-0.06904676562499992,0.0,0.2875213774845673,56,fixed_k3
00_Optimized_Structure,a,0.0,0.06594813800000005,-0.06904676562499992,0.0,0.40212815532339974,56,fixed_k3
00_Optimized_Structure,a,0.0,0.06982676200000004,-0.06904676562499992,0.0,0.4876728020600254,56,fixed_k3
00_Optimized_Structure,a,0.0,0.07370538600000004,-0.06904676562499992,0.0,0.47665771003366864,56,fixed_k3
00_Optimized_Structure,a,0.0,0.07758401000000004,-0.06904676562499992,0.0,0.248968527575669,56,fixed_k3
00_Optimized_Structure,a,0.0,0.08146263400000003,-0.06904676562499992,0.0,-0.39257516299674133,56,fixed_k3
00_Optimized_Structure,a,0.0,0.08534125800000003,-0.06904676562499992,0.0,-1.7370997176995144,56,fixed_k3
00_Optimized_Structure,a,0.0,0.08921988200000003,-0.06904676562499992,0.0,-4.135840587522649,56,fixed_k3
00_Optimized_Structure,a,0.0,0.09309850600000003,-0.06904676562499992,0.0,-7.877542224998346,56,fixed_k3
00_Optimized_Structure,a,0.0,0.09697713000000002,-0.06904676562499992,0.0,-12.969111675443518,56,fixed_k3
00_Optimized_Structure,a,0.0,0.10085575400000002,-0.06904676562499992,0.0,-18.98273487700035,56,fixed_k3
00_Optimized_Structure,a,0.0,0.10473437800000002,-0.06904676562499992,0.0,-25.213741323901534,56,fixed_k3
00_Optimized_Structure,a,0.0,0.10861300200000001,-0.06904676562499992,0.0,-30.898490790000253,56,fixed_k3
00_Optimized_Structure,a,0.0,0.11249162600000001,-0.06904676562499992,0.0,-33.68346477209391,56,fixed_k3
00_Optimized_Structure,a,0.0,0.11637025000000001,-0.06904676562499992,0.0,-19.69145054357236,56,fixed_k3
00_Optimized_Structure,a,0.0,0.120248874,-0.06904676562499992,0.0,91.48902744930083,56,fixed_k3
00_Optimized_Structure,a,0.0,0.124127498,-0.06904676562499992,0.0,562.4227951466318,56,fixed_k3
00_Optimized_Structure,a,0.0,0.128006122,-0.06904676562499992,0.0,305.43037975851877,56,fixed_k3
00_Optimized_Structure,a,0.0,0.131884746,-0.06904676562499992,0.0,52.696672405037795,56,fixed_k3
00_Optimized_Structure,a,0.0,0.13576337,-0.06904676562499992,0.0,4.848529792134672,56,fixed_k3
00_Optimized_Structure,a,0.0,0.139641994,-0.06904676562499992,0.0,-5.602731992354432,56,fixed_k3
00_Optimized_Structure,a,0.0,0.143520618,-0.06904676562499992,0.0,-7.9695950477899435,56,fixed_k3
00_Optimized_Structure,a,0.0,0.14739924199999999,-0.06904676562499992,0.0,-8.178999708473247,56,fixed_k3
00_Optimized_Structure,a,0.0,0.15127786599999998,-0.06904676562499992,0.0,-7.752903927926591,56,fixed_k3
00_Optimized_Structure,a,0.0,0.15515649,-0.06904676562499992,0.0,-7.14592730270649,56,fixed_k3
00_Optimized_Structure,a,0.0,-0.1551334299999998,-0.06576012749999993,0.0,-5.852755274989446,56,fixed_k3
00_Optimized_Structure,a,0.0,-0.1512548059999998,-0.06576012749999993,0.0,-6.161788735034918,56,fixed_k3
00_Optimized_Structure,a,0.0,-0.1473761819999998,-0.06576012749999993,0.0,-6.29724236674351,56,fixed_k3
00_Optimized_Structure,a,0.0,-0.1434975579999998,-0.06576012749999993,0.0,-5.800371612183238,56,fixed_k3
00_Optimized_Structure,a,0.0,-0.1396189339999998,-0.06576012749999993,0.0,-3.021242205786778,56,fixed_k3
00_Optimized_Structure,a,0.0,-0.1357403099999998,-0.06576012749999993,0.0,9.192335311539907,56,fixed_k3
00_Optimized_Structure,a,0.0,-0.1318616859999998,-0.06576012749999993,0.0,71.67984598237273,56,fixed_k3
00_Optimized_Structure,a,0.0,-0.12798306199999981,-0.06576012749999993,0.0,459.4903082944767,56,fixed_k3
00_Optimized_Structure,a,0.0,-0.12410443799999982,-0.06576012749999993,0.0,713.9273797069183,56,fixed_k3
00_Optimized_Structure,a,0.0,-0.12022581399999982,-0.06576012749999993,0.0,134.9221041627957,56,fixed_k3
00_Optimized_Structure,a,0.0,-0.11634718999999982,-0.06576012749999993,0.0,15.577959802254124,56,fixed_k3
00_Optimized_Structure,a,0.0,-0.11246856599999983,-0.06576012749999993,0.0,-4.801484017631706,56,fixed_k3
00_Optimized_Structure,a,0.0,-0.10858994199999983,-0.06576012749999993,0.0,-5.106341812253248,56,fixed_k3
00_Optimized_Structure,a,0.0,-0.10471131799999983,-0.06576012749999993,0.0,-2.329801241815148,56,fixed_k3
00_Optimized_Structure,a,0.0,-0.10083269399999983,-0.06576012749999993,0.0,-1.0655821574932778,56,fixed_k3
00_Optimized_Structure,a,0.0,-0.09695406999999984,-0.06576012749999993,0.0,-1.6253079754087345,56,fixed_k3
00_Optimized_Structure,a,0.0,-0.09307544599999984,-0.06576012749999993,0.0,-2.8955782238063645,56,fixed_k3
00_Optimized_Structure,a,0.0,-0.08919682199999984,-0.06576012749999993,0.0,-3.902480326776815,56,fixed_k3
00_Optimized_Structure,a,0.0,-0.08531819799999985,-0.06576012749999993,0.0,-4.3083592963785495,56,fixed_k3
00_Optimized_Structure,a,0.0,-0.08143957399999985,-0.06576012749999993,0.0,-4.2151473810355515,56,fixed_k3
00_Optimized_Structure,a,0.0,-0.07756094999999985,-0.06576012749999993,0.0,-3.847481060501645,56,fixed_k3
00_Optimized_Structure,a,0.0,-0.07368232599999985,-0.06576012749999993,0.0,-3.3845620109462153,56,fixed_k3
00_Optimized_Structure,a,0.0,-0.06980370199999986,-0.06576012749999993,0.0,-2.9265375757263703,56,fixed_k3
00_Optimized_Structure,a,0.0,-0.06592507799999986,-0.06576012749999993,0.0,-2.5150307339175555,56,fixed_k3
00_Optimized_Structure,a,0.0,-0.06204645399999986,-0.06576012749999993,0.0,-2.159771620710475,56,fixed_k3
00_Optimized_Structure,a,0.0,-0.058167829999999865,-0.06576012749999993,0.0,-1.8566977470017954,56,fixed_k3
00_Optimized_Structure,a,0.0,-0.05428920599999987,-0.06576012749999993,0.0,-1.5974613350442861,56,fixed_k3
00_Optimized_Structure,a,0.0,-0.05041058199999987,-0.06576012749999993,0.0,-1.3735476973696976,56,fixed_k3
00_Optimized_Structure,a,0.0,-0.04653195799999987,-0.06576012749999993,0.0,-1.1776653978233917,56,fixed_k3
00_Optimized_Structure,a,0.0,-0.042653333999999876,-0.06576012749999993,0.0,-1.0039702944241247,56,fixed_k3
00_Optimized_Structure,a,0.0,-0.03877470999999988,-0.06576012749999993,0.0,-0.8478949574030774,56,fixed_k3
00_Optimized_Structure,a,0.0,-0.03489608599999988,-0.06576012749999993,0.0,-0.705914666851819,56,fixed_k3
00_Optimized_Structure,a,0.0,-0.031017461999999885,-0.06576012749999993,0.0,-0.5753667619015812,56,fixed_k3
00_Optimized_Structure,a,0.0,-0.027138837999999887,-0.06576012749999993,0.0,-0.454345227497166,56,fixed_k3
00_Optimized_Structure,a,0.0,-0.02326021399999989,-0.06576012749999993,0.0,-0.34165399954688125,56,fixed_k3
00_Optimized_Structure,a,0.0,-0.019381589999999893,-0.06576012749999993,0.0,-0.2367888125707427,56,fixed_k3
00_Optimized_Structure,a,0.0,-0.015502965999999896,-0.06576012749999993,0.0,-0.13991459359296976,56,fixed_k3
00_Optimized_Structure,a,0.0,-0.011624341999999899,-0.06576012749999993,0.0,-0.05180844732373102,56,fixed_k3
00_Optimized_Structure,a,0.0,-0.0077457179999999015,-0.06576012749999993,0.0,0.026254002077156446,56,fixed_k3
00_Optimized_Structure,a,0.0,-0.0038670939999999043,-0.06576012749999993,0.0,0.09267910811455038,56,fixed_k3
00_Optimized_Structure,a,0.0,1.1530000000092855e-05,-0.06576012749999993,0.0,0.14579757679744154,56,fixed_k3
00_Optimized_Structure,a,0.0,0.00389015400000009,-0.06576012749999993,0.0,0.1841481386205981,56,fixed_k3
00_Optimized_Structure,a,0.0,0.007768778000000087,-0.06576012749999993,0.0,0.20676955484539783,56,fixed_k3
00_Optimized_Structure,a,0.0,0.011647402000000084,-0.06576012749999993,0.0,0.2134623809513856,56,fixed_k3
00_Optimized_Structure,a,0.0,0.015526026000000082,-0.06576012749999993,0.0,0.20498496557216828,56,fixed_k3
00_Optimized_Structure,a,0.0,0.01940465000000008,-0.06576012749999993,0.0,0.1831592037839227,56,fixed_k3
00_Optimized_Structure,a,0.0,0.023283274000000076,-0.06576012749999993,0.0,0.15087739184369364,56,fixed_k3
00_Optimized_Structure,a,0.0,0.027161898000000073,-0.06576012749999993,0.0,0.11201751262988768,56,fixed_k3
00_Optimized_Structure,a,0.0,0.03104052200000007,-0.06576012749999993,0.0,0.07128584349564493,56,fixed_k3
00_Optimized_Structure,a,0.0,0.03491914600000007,-0.06576012749999993,0.0,0.03400953719788058,56,fixed_k3
00_Optimized_Structure,a,0.0,0.038797770000000065,-0.06576012749999993,0.0,0.0058957858744195235,56,fixed_k3
00_Optimized_Structure,a,0.0,0.04267639400000006,-0.06576012749999993,0.0,-0.007243154082445802,56,fixed_k3
00_Optimized_Structure,a,0.0,0.04655501800000006,-0.06576012749999993,0.0,0.00016875978787722623,56,fixed_k3
00_Optimized_Structure,a,0.0,0.050433642000000056,-0.06576012749999993,0.0,0.03297923748141374,56,fixed_k3
00_Optimized_Structure,a,0.0,0.05431226600000005,-0.06576012749999993,0.0,0.09449235941284484,56,fixed_k3
00_Optimized_Structure,a,0.0,0.05819089000000005,-0.06576012749999993,0.0,0.1850075420636852,56,fixed_k3
00_Optimized_Structure,a,0.0,0.06206951400000005,-0.06576012749999993,0.0,0.29913350921514215,56,fixed_k3
00_Optimized_Structure,a,0.0,0.06594813800000005,-0.06576012749999993,0.0,0.4208778257514567,56,fixed_k3
00_Optimized_Structure,a,0.0,0.06982676200000004,-0.06576012749999993,0.0,0.5149035192076172,56,fixed_k3
00_Optimized_Structure,a,0.0,0.07370538600000004,-0.06576012749999993,0.0,0.5117334522987949,56,fixed_k3
00_Optimized_Structure,a,0.0,0.07758401000000004,-0.06576012749999993,0.0,0.2850123462668499,56,fixed_k3
00_Optimized_Structure,a,0.0,0.08146263400000003,-0.06576012749999993,0.0,-0.37688789965617686,56,fixed_k3
00_Optimized_Structure,a,0.0,0.08534125800000003,-0.06576012749999993,0.0,-1.7884176399916962,56,fixed_k3
00_Optimized_Structure,a,0.0,0.08921988200000003,-0.06576012749999993,0.0,-4.327048371503057,56,fixed_k3
00_Optimized_Structure,a,0.0,0.09309850600000003,-0.06576012749999993,0.0,-8.26187932004926,56,fixed_k3
00_Optimized_Structure,a,0.0,0.09697713000000002,-0.06576012749999993,0.0,-13.434972070855878,56,fixed_k3
00_Optimized_Structure,a,0.0,0.10085575400000002,-0.06576012749999993,0.0,-19.013572534088336,56,fixed_k3
00_Optimized_Structure,a,0.0,0.10473437800000002,-0.06576012749999993,0.0,-23.684039579082608,56,fixed_k3
00_Optimized_Structure,a,0.0,0.10861300200000001,-0.06576012749999993,0.0,-26.025149203417634,56,fixed_k3
00_Optimized_Structure,a,0.0,0.11249162600000001,-0.06576012749999993,0.0,-23.189965026300605,56,fixed_k3
00_Optimized_Structure,a,0.0,0.11637025000000001,-0.06576012749999993,0.0,-2.1996334032580234,56,fixed_k3
00_Optimized_Structure,a,0.0,0.120248874,-0.06576012749999993,0.0,114.43947013272702,56,fixed_k3
00_Optimized_Structure,a,0.0,0.124127498,-0.06576012749999993,0.0,819.14325786371,56,fixed_k3
00_Optimized_Structure,a,0.0,0.128006122,-0.06576012749999993,0.0,530.9304073014719,56,fixed_k3
00_Optimized_Structure,a,0.0,0.131884746,-0.06576012749999993,0.0,75.91811836327189,56,fixed_k3
00_Optimized_Structure,a,0.0,0.13576337,-0.06576012749999993,0.0,9.550943607262814,56,fixed_k3
00_Optimized_Structure,a,0.0,0.139641994,-0.06576012749999993,0.0,-3.8389921156375806,56,fixed_k3
00_Optimized_Structure,a,0.0,0.143520618,-0.06576012749999993,0.0,-7.030728122980522,56,fixed_k3
00_Optimized_Structure,a,0.0,0.14739924199999999,-0.06576012749999993,0.0,-7.574466331808399,56,fixed_k3
00_Optimized_Structure,a,0.0,0.15127786599999998,-0.06576012749999993,0.0,-7.318458034511914,56,fixed_k3
00_Optimized_Structure,a,0.0,0.15515649,-0.06576012749999993,0.0,-6.812973557967227,56,fixed_k3
00_Optimized_Structure,a,0.0,-0.1551334299999998,-0.06247348937499994,0.0,-5.607615275874846,56,fixed_k3
00_Optimized_Structure,a,0.0,-0.1512548059999998,-0.06247348937499994,0.0,-5.839129979010476,56,fixed_k3
00_Optimized_Structure,a,0.0,-0.1473761819999998,-0.06247348937499994,0.0,-5.831925547909849,56,fixed_k3
00_Optimized_Structure,a,0.0,-0.1434975579999998,-0.06247348937499994,0.0,-5.031233164217697,56,fixed_k3
00_Optimized_Structure,a,0.0,-0.1396189339999998,-0.06247348937499994,0.0,-1.430242899167123,56,fixed_k3
00_Optimized_Structure,a,0.0,-0.1357403099999998,-0.06247348937499994,0.0,14.118746879199986,56,fixed_k3
00_Optimized_Structure,a,0.0,-0.1318616859999998,-0.06247348937499994,0.0,102.15848405241184,56,fixed_k3
00_Optimized_Structure,a,0.0,-0.12798306199999981,-0.06247348937499994,0.0,849.4641496058279,56,fixed_k3
00_Optimized_Structure,a,0.0,-0.12410443799999982,-0.06247348937499994,0.0,932.8596876204416,56,fixed_k3
00_Optimized_Structure,a,0.0,-0.12022581399999982,-0.06247348937499994,0.0,130.63558895684977,56,fixed_k3
00_Optimized_Structure,a,0.0,-0.11634718999999982,-0.06247348937499994,0.0,17.29552799750998,56,fixed_k3
00_Optimized_Structure,a,0.0,-0.11246856599999983,-0.06247348937499994,0.0,-3.3726310587698682,56,fixed_k3
00_Optimized_Structure,a,0.0,-0.10858994199999983,-0.06247348937499994,0.0,-4.973989273281854,56,fixed_k3
00_Optimized_Structure,a,0.0,-0.10471131799999983,-0.06247348937499994,0.0,-2.639380237508867,56,fixed_k3
00_Optimized_Structure,a,0.0,-0.10083269399999983,-0.06247348937499994,0.0,-1.2566632422814297,56,fixed_k3
00_Optimized_Structure,a,0.0,-0.09695406999999984,-0.06247348937499994,0.0,-1.672671699547269,56,fixed_k3
00_Optimized_Structure,a,0.0,-0.09307544599999984,-0.06247348937499994,0.0,-2.9137851114486315,56,fixed_k3
00_Optimized_Structure,a,0.0,-0.08919682199999984,-0.06247348937499994,0.0,-3.933239266110845,56,fixed_k3
00_Optimized_Structure,a,0.0,-0.08531819799999985,-0.06247348937499994,0.0,-4.338286714155014,56,fixed_k3
00_Optimized_Structure,a,0.0,-0.08143957399999985,-0.06247348937499994,0.0,-4.228390957107218,56,fixed_k3
00_Optimized_Structure,a,0.0,-0.07756094999999985,-0.06247348937499994,0.0,-3.8412327767642744,56,fixed_k3
00_Optimized_Structure,a,0.0,-0.07368232599999985,-0.06247348937499994,0.0,-3.363979799474344,56,fixed_k3
00_Optimized_Structure,a,0.0,-0.06980370199999986,-0.06247348937499994,0.0,-2.8982843650234207,56,fixed_k3
00_Optimized_Structure,a,0.0,-0.06592507799999986,-0.06247348937499994,0.0,-2.4843559377085347,56,fixed_k3
00_Optimized_Structure,a,0.0,-0.06204645399999986,-0.06247348937499994,0.0,-2.1300383627641586,56,fixed_k3
00_Optimized_Structure,a,0.0,-0.058167829999999865,-0.06247348937499994,0.0,-1.8298088253447635,56,fixed_k3
00_Optimized_Structure,a,0.0,-0.05428920599999987,-0.06247348937499994,0.0,-1.574397511541045,56,fixed_k3
00_Optimized_Structure,a,0.0,-0.05041058199999987,-0.06247348937499994,0.0,-1.3547715479622051,56,fixed_k3
00_Optimized_Structure,a,0.0,-0.04653195799999987,-0.06247348937499994,0.0,-1.1633693760280241,56,fixed_k3
00_Optimized_Structure,a,0.0,-0.042653333999999876,-0.06247348937499994,0.0,-0.9942093669519325,56,fixed_k3
00_Optimized_Structure,a,0.0,-0.03877470999999988,-0.06247348937499994,0.0,-0.8426466859782884,56,fixed_k3
00_Optimized_Structure,a,0.0,-0.03489608599999988,-0.06247348937499994,0.0,-0.7050981213862189,56,fixed_k3
00_Optimized_Structure,a,0.0,-0.031017461999999885,-0.06247348937499994,0.0,-0.5788406830125536,56,fixed_k3
00_Optimized_Structure,a,0.0,-0.027138837999999887,-0.06247348937499994,0.0,-0.46189825414776475,56,fixed_k3
00_Optimized_Structure,a,0.0,-0.02326021399999989,-0.06247348937499994,0.0,-0.3529949721131256,56,fixed_k3
00_Optimized_Structure,a,0.0,-0.019381589999999893,-0.06247348937499994,0.0,-0.2515420501288663,56,fixed_k3
00_Optimized_Structure,a,0.0,-0.015502965999999896,-0.06247348937499994,0.0,-0.1576227788091602,56,fixed_k3
00_Optimized_Structure,a,0.0,-0.011624341999999899,-0.06247348937499994,0.0,-0.07194386275069053,56,fixed_k3
00_Optimized_Structure,a,0.0,-0.0077457179999999015,-0.06247348937499994,0.0,0.004270800919147666,56,fixed_k3
00_Optimized_Structure,a,0.0,-0.0038670939999999043,-0.06247348937499994,0.0,0.06945544114008828,56,fixed_k3
00_Optimized_Structure,a,0.0,1.1530000000092855e-05,-0.06247348937499994,0.0,0.12194270644555294,56,fixed_k3
00_Optimized_Structure,a,0.0,0.00389015400000009,-0.06247348937499994,0.0,0.16024852582592963,56,fixed_k3
00_Optimized_Structure,a,0.0,0.007768778000000087,-0.06247348937499994,0.0,0.18336806285821572,56,fixed_k3
00_Optimized_Structure,a,0.0,0.011647402000000084,-0.06247348937499994,0.0,0.19104316438078217,56,fixed_k3
00_Optimized_Structure,a,0.0,0.015526026000000082,-0.06247348937499994,0.0,0.18396457609800176,56,fixed_k3
00_Optimized_Structure,a,0.0,0.01940465000000008,-0.06247348937499994,0.0,0.16388342135326917,56,fixed_k3
00_Optimized_Structure,a,0.0,0.023283274000000076,-0.06247348937499994,0.0,0.13362273644269385,56,fixed_k3
00_Optimized_Structure,a,0.0,0.027161898000000073,-0.06247348937499994,0.0,0.09699643590148188,56,fixed_k3
00_Optimized_Structure,a,0.0,0.03104052200000007,-0.06247348937499994,0.0,0.05865521852917022,56,fixed_k3
00_Optimized_Structure,a,0.0,0.03491914600000007,-0.06247348937499994,0.0,0.023883150705999556,56,fixed_k3
00_Optimized_Structure,a,0.0,0.038797770000000065,-0.06247348937499994,0.0,-0.0016370253020698833,56,fixed_k3
00_Optimized_Structure,a,0.0,0.04267639400000006,-0.06247348937499994,0.0,-0.012088886906528984,56,fixed_k3
00_Optimized_Structure,a,0.0,0.04655501800000006,-0.06247348937499994,0.0,-0.0018480271401373205,56,fixed_k3
00_Optimized_Structure,a,0.0,0.050433642000000056,-0.06247348937499994,0.0,0.03404822073415703,56,fixed_k3
00_Optimized_Structure,a,0.0,0.05431226600000005,-0.06247348937499994,0.0,0.09911332584749832,56,fixed_k3
00_Optimized_Structure,a,0.0,0.05819089000000005,-0.06247348937499994,0.0,0.19397428827850183,56,fixed_k3
00_Optimized_Structure,a,0.0,0.06206951400000005,-0.06247348937499994,0.0,0.31367369729635053,56,fixed_k3
00_Optimized_Structure,a,0.0,0.06594813800000005,-0.06247348937499994,0.0,0.442626512218496,56,fixed_k3
00_Optimized_Structure,a,0.0,0.06982676200000004,-0.06247348937499994,0.0,0.5454223271010517,56,fixed_k3
00_Optimized_Structure,a,0.0,0.07370538600000004,-0.06247348937499994,0.0,0.550847598785706,56,fixed_k3
00_Optimized_Structure,a,0.0,0.07758401000000004,-0.06247348937499994,0.0,0.3266239174074921,56,fixed_k3
00_Optimized_Structure,a,0.0,0.08146263400000003,-0.06247348937499994,0.0,-0.35304347278122683,56,fixed_k3
00_Optimized_Structure,a,0.0,0.08534125800000003,-0.06247348937499994,0.0,-1.827551510390928,56,fixed_k3
00_Optimized_Structure,a,0.0,0.08921988200000003,-0.06247348937499994,0.0,-4.497889112477179,56,fixed_k3
00_Optimized_Structure,a,0.0,0.09309850600000003,-0.06247348937499994,0.0,-8.600297737551593,56,fixed_k3
00_Optimized_Structure,a,0.0,0.09697713000000002,-0.06247348937499994,0.0,-13.779464316499322,56,fixed_k3
00_Optimized_Structure,a,0.0,0.10085575400000002,-0.06247348937499994,0.0,-18.78132860573453,56,fixed_k3
00_Optimized_Structure,a,0.0,0.10473437800000002,-0.06247348937499994,0.0,-21.829468792516554,56,fixed_k3
00_Optimized_Structure,a,0.0,0.10861300200000001,-0.06247348937499994,0.0,-21.351640554439676,56,fixed_k3
00_Optimized_Structure,a,0.0,0.11249162600000001,-0.06247348937499994,0.0,-14.904450736702406,56,fixed_k3
00_Optimized_Structure,a,0.0,0.11637025000000001,-0.06247348937499994,0.0,8.66255519635612,56,fixed_k3
00_Optimized_Structure,a,0.0,0.120248874,-0.06247348937499994,0.0,119.54796753519469,56,fixed_k3
00_Optimized_Structure,a,0.0,0.124127498,-0.06247348937499994,0.0,1033.3288387876933,56,fixed_k3
00_Optimized_Structure,a,0.0,0.128006122,-0.06247348937499994,0.0,1012.3421027449741,56,fixed_k3
00_Optimized_Structure,a,0.0,0.131884746,-0.06247348937499994,0.0,107.46749008115692,56,fixed_k3
00_Optimized_Structure,a,0.0,0.13576337,-0.06247348937499994,0.0,14.683628415270363,56,fixed_k3
00_Optimized_Structure,a,0.0,0.139641994,-0.06247348937499994,0.0,-2.059313123695402,56,fixed_k3
00_Optimized_Structure,a,0.0,0.143520618,-0.06247348937499994,0.0,-6.090186874079825,56,fixed_k3
00_Optimized_Structure,a,0.0,0.14739924199999999,-0.06247348937499994,0.0,-6.958400878087751,56,fixed_k3
00_Optimized_Structure,a,0.0,0.15127786599999998,-0.06247348937499994,0.0,-6.865965651128175,56,fixed_k3
00_Optimized_Structure,a,0.0,0.15515649,-0.06247348937499994,0.0,-6.458686757381312,56,fixed_k3
00_Optimized_Structure,a,0.0,-0.1551334299999998,-0.059186851249999936,0.0,-5.363513897662953,56,fixed_k3
00_Optimized_Structure,a,0.0,-0.1512548059999998,-0.059186851249999936,0.0,-5.520813563987481,56,fixed_k3
00_Optimized_Structure,a,0.0,-0.1473761819999998,-0.059186851249999936,0.0,-5.376967316861435,56,fixed_k3
00_Optimized_Structure,a,0.0,-0.1434975579999998,-0.059186851249999936,0.0,-4.279961202580254,56,fixed_k3
00_Optimized_Structure,a,0.0,-0.1396189339999998,-0.059186851249999936,0.0,0.16880102632721483,56,fixed_k3
00_Optimized_Structure,a,0.0,-0.1357403099999998,-0.059186851249999936,0.0,19.597696522951008,56,fixed_k3
00_Optimized_Structure,a,0.0,-0.1318616859999998,-0.059186851249999936,0.0,145.34441890646482,56,fixed_k3
00_Optimized_Structure,a,0.0,-0.12798306199999981,-0.059186851249999936,0.0,1793.9932342152404,56,fixed_k3
00_Optimized_Structure,a,0.0,-0.12410443799999982,-0.059186851249999936,0.0,1020.9644739516038,56,fixed_k3
00_Optimized_Structure,a,0.0,-0.12022581399999982,-0.059186851249999936,0.0,115.83761644536553,56,fixed_k3
00_Optimized_Structure,a,0.0,-0.11634718999999982,-0.059186851249999936,0.0,16.51145477341077,56,fixed_k3
00_Optimized_Structure,a,0.0,-0.11246856599999983,-0.059186851249999936,0.0,-2.7741947624526855,56,fixed_k3
00_Optimized_Structure,a,0.0,-0.10858994199999983,-0.059186851249999936,0.0,-5.018068202449805,56,fixed_k3
00_Optimized_Structure,a,0.0,-0.10471131799999983,-0.059186851249999936,0.0,-2.994363050684409,56,fixed_k3
00_Optimized_Structure,a,0.0,-0.10083269399999983,-0.059186851249999936,0.0,-1.4761442304923853,56,fixed_k3
00_Optimized_Structure,a,0.0,-0.09695406999999984,-0.059186851249999936,0.0,-1.7279333139155941,56,fixed_k3
00_Optimized_Structure,a,0.0,-0.09307544599999984,-0.059186851249999936,0.0,-2.9282232888858433,56,fixed_k3
00_Optimized_Structure,a,0.0,-0.08919682199999984,-0.059186851249999936,0.0,-3.958619242290453,56,fixed_k3
00_Optimized_Structure,a,0.0,-0.08531819799999985,-0.059186851249999936,0.0,-4.363889728971996,56,fixed_k3
00_Optimized_Structure,a,0.0,-0.08143957399999985,-0.059186851249999936,0.0,-4.238195337538594,56,fixed_k3
00_Optimized_Structure,a,0.0,-0.07756094999999985,-0.059186851249999936,0.0,-3.832108514362984,56,fixed_k3
00_Optimized_Structure,a,0.0,-0.07368232599999985,-0.059186851249999936,0.0,-3.340891398489819,56,fixed_k3
00_Optimized_Structure,a,0.0,-0.06980370199999986,-0.059186851249999936,0.0,-2.8677291553988233,56,fixed_k3
00_Optimized_Structure,a,0.0,-0.06592507799999986,-0.059186851249999936,0.0,-2.4514410301243,56,fixed_k3
00_Optimized_Structure,a,0.0,-0.06204645399999986,-0.059186851249999936,0.0,-2.098032407066449,56,fixed_k3
00_Optimized_Structure,a,0.0,-0.058167829999999865,-0.059186851249999936,0.0,-1.8005726811546832,56,fixed_k3
00_Optimized_Structure,a,0.0,-0.05428920599999987,-0.059186851249999936,0.0,-1.5489102609551872,56,fixed_k3
00_Optimized_Structure,a,0.0,-0.05041058199999987,-0.059186851249999936,0.0,-1.3335177095107493,56,fixed_k3
00_Optimized_Structure,a,0.0,-0.04653195799999987,-0.059186851249999936,0.0,-1.1465731180183547,56,fixed_k3
00_Optimized_Structure,a,0.0,-0.042653333999999876,-0.059186851249999936,0.0,-0.9819579385762001,56,fixed_k3
00_Optimized_Structure,a,0.0,-0.03877470999999988,-0.059186851249999936,0.0,-0.8349453493023065,56,fixed_k3
00_Optimized_Structure,a,0.0,-0.03489608599999988,-0.059186851249999936,0.0,-0.7018867519436032,56,fixed_k3
00_Optimized_Structure,a,0.0,-0.031017461999999885,-0.059186851249999936,0.0,-0.5799913611213281,56,fixed_k3
00_Optimized_Structure,a,0.0,-0.027138837999999887,-0.059186851249999936,0.0,-0.4672058757102895,56,fixed_k3
00_Optimized_Structure,a,0.0,-0.02326021399999989,-0.059186851249999936,0.0,-0.36216838680272767,56,fixed_k3
00_Optimized_Structure,a,0.0,-0.019381589999999893,-0.059186851249999936,0.0,-0.26420033179387215,56,fixed_k3
00_Optimized_Structure,a,0.0,-0.015502965999999896,-0.059186851249999936,0.0,-0.17329910418543526,56,fixed_k3
00_Optimized_Structure,a,0.0,-0.011624341999999899,-0.059186851249999936,0.0,-0.09009766809222897,56,fixed_k3
00_Optimized_Structure,a,0.0,-0.0077457179999999015,-0.059186851249999936,0.0,-0.015765673254345636,56,fixed_k3
00_Optimized_Structure,a,0.0,-0.0038670939999999043,-0.059186851249999936,0.0,0.0481607862231237,56,fixed_k3
00_Optimized_Structure,a,0.0,1.1530000000092855e-05,-0.059186851249999936,0.0,0.10001747124091853,56,fixed_k3
00_Optimized_Structure,a,0.0,0.00389015400000009,-0.059186851249999936,0.0,0.13829811050801855,56,fixed_k3
00_Optimized_Structure,a,0.0,0.007768778000000087,-0.059186851249999936,0.0,0.16195433392036995,56,fixed_k3
00_Optimized_Structure,a,0.0,0.011647402000000084,-0.059186851249999936,0.0,0.1706688019964151,56,fixed_k3
00_Optimized_Structure,a,0.0,0.015526026000000082,-0.059186851249999936,0.0,0.16506359878452748,56,fixed_k3
00_Optimized_Structure,a,0.0,0.01940465000000008,-0.059186851249999936,0.0,0.1468173684794687,56,fixed_k3
00_Optimized_Structure,a,0.0,0.023283274000000076,-0.059186851249999936,0.0,0.11868144569512151,56,fixed_k3
00_Optimized_Structure,a,0.0,0.027161898000000073,-0.059186851249999936,0.0,0.08440240745675287,56,fixed_k3
00_Optimized_Structure,a,0.0,0.03104052200000007,-0.059186851249999936,0.0,0.04857118556486273,56,fixed_k3
00_Optimized_Structure,a,0.0,0.03491914600000007,-0.059186851249999936,0.0,0.016423573141977066,56,fixed_k3
00_Optimized_Structure,a,0.0,0.038797770000000065,-0.059186851249999936,0.0,-0.006388359686799072,56,fixed_k3
00_Optimized_Structure,a,0.0,0.04267639400000006,-0.059186851249999936,0.0,-0.014051194043845028,56,fixed_k3
00_Optimized_Structure,a,0.0,0.04655501800000006,-0.059186851249999936,0.0,-0.0008998588445521261,56,fixed_k3
00_Optimized_Structure,a,0.0,0.050433642000000056,-0.059186851249999936,0.0,0.038136243182718355,56,fixed_k3
00_Optimized_Structure,a,0.0,0.05431226600000005,-0.059186851249999936,0.0,0.10677655792777463,56,fixed_k3
00_Optimized_Structure,a,0.0,0.05819089000000005,-0.059186851249999936,0.0,0.2059823620354857,56,fixed_k3
00_Optimized_Structure,a,0.0,0.06206951400000005,-0.059186851249999936,0.0,0.3312600623442885,56,fixed_k3
00_Optimized_Structure,a,0.0,0.06594813800000005,-0.059186851249999936,0.0,0.46750932370746234,56,fixed_k3
00_Optimized_Structure,a,0.0,0.06982676200000004,-0.059186851249999936,0.0,0.5794086790941577,56,fixed_k3
00_Optimized_Structure,a,0.0,0.07370538600000004,-0.059186851249999936,0.0,0.59429793844662,56,fixed_k3
00_Optimized_Structure,a,0.0,0.07758401000000004,-0.059186851249999936,0.0,0.37440164732564707,56,fixed_k3
00_Optimized_Structure,a,0.0,0.08146263400000003,-0.059186851249999936,0.0,-0.3197404564124062,56,fixed_k3
00_Optimized_Structure,a,0.0,0.08534125800000003,-0.059186851249999936,0.0,-1.8517089944163265,56,fixed_k3
00_Optimized_Structure,a,0.0,0.08921988200000003,-0.059186851249999936,0.0,-4.642717322016192,56,fixed_k3
00_Optimized_Structure,a,0.0,0.09309850600000003,-0.059186851249999936,0.0,-8.88268730981462,56,fixed_k3
00_Optimized_Structure,a,0.0,0.09697713000000002,-0.059186851249999936,0.0,-13.9913386766005,56,fixed_k3
00_Optimized_Structure,a,0.0,0.10085575400000002,-0.059186851249999936,0.0,-18.30252403813641,56,fixed_k3
00_Optimized_Structure,a,0.0,0.10473437800000002,-0.059186851249999936,0.0,-19.761418994595232,56,fixed_k3
00_Optimized_Structure,a,0.0,0.10861300200000001,-0.059186851249999936,0.0,-17.058115483203462,56,fixed_k3
00_Optimized_Structure,a,0.0,0.11249162600000001,-0.059186851249999936,0.0,-8.587096255495723,56,fixed_k3
00_Optimized_Structure,a,0.0,0.11637025000000001,-0.059186851249999936,0.0,14.700999465855809,56,fixed_k3
00_Optimized_Structure,a,0.0,0.120248874,-0.059186851249999936,0.0,111.97209155440532,56,fixed_k3
00_Optimized_Structure,a,0.0,0.124127498,-0.059186851249999936,0.0,1064.2085393884965,56,fixed_k3
00_Optimized_Structure,a,0.0,0.128006122,-0.059186851249999936,0.0,2246.490000194073,56,fixed_k3
00_Optimized_Structure,a,0.0,0.131884746,-0.059186851249999936,0.0,152.04612927442028,56,fixed_k3
00_Optimized_Structure,a,0.0,0.13576337,-0.059186851249999936,0.0,20.35462755855977,56,fixed_k3
00_Optimized_Structure,a,0.0,0.139641994,-0.059186851249999936,0.0,-0.26779876398113167,56,fixed_k3
00_Optimized_Structure,a,0.0,0.143520618,-0.059186851249999936,0.0,-5.155636143831535,56,fixed_k3
00_Optimized_Structure,a,0.0,0.14739924199999999,-0.059186851249999936,0.0,-6.3367440864272115,56,fixed_k3
00_Optimized_Structure,a,0.0,0.15127786599999998,-0.059186851249999936,0.0,-6.399854416568076,56,fixed_k3
00_Optimized_Structure,a,0.0,0.15515649,-0.059186851249999936,0.0,-6.086499702640301,56,fixed_k3
00_Optimized_Structure,a,0.0,-0.1551334299999998,-0.05590021312499993,0.0,-5.119706697271816,56,fixed_k3
00_Optimized_Structure,a,0.0,-0.1512548059999998,-0.05590021312499993,0.0,-5.2069689050339,56,fixed_k3
00_Optimized_Structure,a,0.0,-0.1473761819999998,-0.05590021312499993,0.0,-4.934246095524697,56,fixed_k3
00_Optimized_Structure,a,0.0,-0.1434975579999998,-0.05590021312499993,0.0,-3.5518501078209983,56,fixed_k3
00_Optimized_Structure,a,0.0,-0.1396189339999998,-0.05590021312499993,0.0,1.76694149414835,56,fixed_k3
00_Optimized_Structure,a,0.0,-0.1357403099999998,-0.05590021312499993,0.0,25.7212879025373,56,fixed_k3
00_Optimized_Structure,a,0.0,-0.1318616859999998,-0.05590021312499993,0.0,208.61786741282458,56,fixed_k3
00_Optimized_Structure,a,0.0,-0.12798306199999981,-0.05590021312499993,0.0,4696.911755453773,56,fixed_k3
00_Optimized_Structure,a,0.0,-0.12410443799999982,-0.05590021312499993,0.0,908.0473401395437,56,fixed_k3
00_Optimized_Structure,a,0.0,-0.12022581399999982,-0.05590021312499993,0.0,96.17606412750507,56,fixed_k3
00_Optimized_Structure,a,0.0,-0.11634718999999982,-0.05590021312499993,0.0,14.319924201548272,56,fixed_k3
00_Optimized_Structure,a,0.0,-0.11246856599999983,-0.05590021312499993,0.0,-2.756797865453942,56,fixed_k3
00_Optimized_Structure,a,0.0,-0.10858994199999983,-0.05590021312499993,0.0,-5.207612479982931,56,fixed_k3
00_Optimized_Structure,a,0.0,-0.10471131799999983,-0.05590021312499993,0.0,-3.3839774170563235,56,fixed_k3
00_Optimized_Structure,a,0.0,-0.10083269399999983,-0.05590021312499993,0.0,-1.7148107689983647,56,fixed_k3
00_Optimized_Structure,a,0.0,-0.09695406999999984,-0.05590021312499993,0.0,-1.7839666540690746,56,fixed_k3
00_Optimized_Structure,a,0.0,-0.09307544599999984,-0.05590021312499993,0.0,-2.9329014739223354,56,fixed_k3
00_Optimized_Structure,a,0.0,-0.08919682199999984,-0.05590021312499993,0.0,-3.97415210679122,56,fixed_k3
00_Optimized_Structure,a,0.0,-0.08531819799999985,-0.05590021312499993,0.0,-4.382269550656932,56,fixed_k3
00_Optimized_Structure,a,0.0,-0.08143957399999985,-0.05590021312499993,0.0,-4.242849319284458,56,fixed_k3
00_Optimized_Structure,a,0.0,-0.07756094999999985,-0.05590021312499993,0.0,-3.81915999195822,56,fixed_k3
00_Optimized_Structure,a,0.0,-0.07368232599999985,-0.05590021312499993,0.0,-3.314791244104467,56,fixed_k3
00_Optimized_Structure,a,0.0,-0.06980370199999986,-0.05590021312499993,0.0,-2.834605643575956,56,fixed_k3
00_Optimized_Structure,a,0.0,-0.06592507799999986,-0.05590021312499993,0.0,-2.4161431723351336,56,fixed_k3
00_Optimized_Structure,a,0.0,-0.06204645399999986,-0.05590021312499993,0.0,-2.0636732076525086,56,fixed_k3
00_Optimized_Structure,a,0.0,-0.058167829999999865,-0.05590021312499993,0.0,-1.7689401263253801,56,fixed_k3
00_Optimized_Structure,a,0.0,-0.05428920599999987,-0.05590021312499993,0.0,-1.520966301425427,56,fixed_k3
00_Optimized_Structure,a,0.0,-0.05041058199999987,-0.05590021312499993,0.0,-1.3097609098458447,56,fixed_k3
00_Optimized_Structure,a,0.0,-0.04653195799999987,-0.05590021312499993,0.0,-1.1272550708896416,56,fixed_k3
00_Optimized_Structure,a,0.0,-0.042653333999999876,-0.05590021312499993,0.0,-0.9671956248925382,56,fixed_k3
00_Optimized_Structure,a,0.0,-0.03877470999999988,-0.05590021312499993,0.0,-0.8247700742160675,56,fixed_k3
00_Optimized_Structure,a,0.0,-0.03489608599999988,-0.05590021312499993,0.0,-0.6962580646016101,56,fixed_k3
00_Optimized_Structure,a,0.0,-0.031017461999999885,-0.05590021312499993,0.0,-0.57879392066573,56,fixed_k3
00_Optimized_Structure,a,0.0,-0.027138837999999887,-0.05590021312499993,0.0,-0.47024037944309516,56,fixed_k3
00_Optimized_Structure,a,0.0,-0.02326021399999989,-0.05590021312499993,0.0,-0.3691435059606649,56,fixed_k3
00_Optimized_Structure,a,0.0,-0.019381589999999893,-0.05590021312499993,0.0,-0.2747299373335157,56,fixed_k3
00_Optimized_Structure,a,0.0,-0.015502965999999896,-0.05590021312499993,0.0,-0.18690708935156874,56,fixed_k3
00_Optimized_Structure,a,0.0,-0.011624341999999899,-0.05590021312499993,0.0,-0.10623096114652886,56,fixed_k3
00_Optimized_Structure,a,0.0,-0.0077457179999999015,-0.05590021312499993,0.0,-0.03381447698297224,56,fixed_k3
00_Optimized_Structure,a,0.0,-0.0038670939999999043,-0.05590021312499993,0.0,0.028837778753819432,56,fixed_k3
00_Optimized_Structure,a,0.0,1.1530000000092855e-05,-0.05590021312499993,0.0,0.08006594249954868,56,fixed_k3
00_Optimized_Structure,a,0.0,0.00389015400000009,-0.05590021312499993,0.0,0.11834227776873618,56,fixed_k3
00_Optimized_Structure,a,0.0,0.007768778000000087,-0.05590021312499993,0.0,0.142575091612146,56,fixed_k3
00_Optimized_Structure,a,0.0,0.011647402000000084,-0.05590021312499993,0.0,0.15238751258411098,56,fixed_k3
00_Optimized_Structure,a,0.0,0.015526026000000082,-0.05590021312499993,0.0,0.14833199949849085,56,fixed_k3
00_Optimized_Structure,a,0.0,0.01940465000000008,-0.05590021312499993,0.0,0.1320130560152979,56,fixed_k3
00_Optimized_Structure,a,0.0,0.023283274000000076,-0.05590021312499993,0.0,0.10610786925299154,56,fixed_k3
00_Optimized_Structure,a,0.0,0.027161898000000073,-0.05590021312499993,0.0,0.07429236410843032,56,fixed_k3
00_Optimized_Structure,a,0.0,0.03104052200000007,-0.05590021312499993,0.0,0.04109344508269275,56,fixed_k3
00_Optimized_Structure,a,0.0,0.03491914600000007,-0.05590021312499993,0.0,0.011693363687463654,56,fixed_k3
00_Optimized_Structure,a,0.0,0.038797770000000065,-0.05590021312499993,0.0,-0.008292780913099929,56,fixed_k3
00_Optimized_Structure,a,0.0,0.04267639400000006,-0.05590021312499993,0.0,-0.013061805450763186,56,fixed_k3
00_Optimized_Structure,a,0.0,0.04655501800000006,-0.05590021312499993,0.0,0.0030842828711279413,56,fixed_k3
00_Optimized_Structure,a,0.0,0.050433642000000056,-0.05590021312499993,0.0,0.045316975447333485,56,fixed_k3
00_Optimized_Structure,a,0.0,0.05431226600000005,-0.05590021312499993,0.0,0.11755836562762867,56,fixed_k3
00_Optimized_Structure,a,0.0,0.05819089000000005,-0.05590021312499993,0.0,0.22111112649109055,56,fixed_k3
00_Optimized_Structure,a,0.0,0.06206951400000005,-0.05590021312499993,0.0,0.3519770679964287,56,fixed_k3
00_Optimized_Structure,a,0.0,0.06594813800000005,-0.05590021312499993,0.0,0.49562332745101134,56,fixed_k3
00_Optimized_Structure,a,0.0,0.06982676200000004,-0.05590021312499993,0.0,0.6169961633772072,56,fixed_k3
00_Optimized_Structure,a,0.0,0.07370538600000004,-0.05590021312499993,0.0,0.6423231228933586,56,fixed_k3
00_Optimized_Structure,a,0.0,0.07758401000000004,-0.05590021312499993,0.0,0.42886577814889915,56,fixed_k3
00_Optimized_Structure,a,0.0,0.08146263400000003,-0.05590021312499993,0.0,-0.2757753868984989,56,fixed_k3
00_Optimized_Structure,a,0.0,0.08534125800000003,-0.05590021312499993,0.0,-1.8582181339025317,56,fixed_k3
00_Optimized_Structure,a,0.0,0.08921988200000003,-0.05590021312499993,0.0,-4.756157209699848,56,fixed_k3
00_Optimized_Structure,a,0.0,0.09309850600000003,-0.05590021312499993,0.0,-9.100192158810994,56,fixed_k3
00_Optimized_Structure,a,0.0,0.09697713000000002,-0.05590021312499993,0.0,-14.064394088695993,56,fixed_k3
00_Optimized_Structure,a,0.0,0.10085575400000002,-0.05590021312499993,0.0,-17.604175964308403,56,fixed_k3
00_Optimized_Structure,a,0.0,0.10473437800000002,-0.05590021312499993,0.0,-17.583672061023886,56,fixed_k3
00_Optimized_Structure,a,0.0,0.10861300200000001,-0.05590021312499993,0.0,-13.242238717984664,56,fixed_k3
00_Optimized_Structure,a,0.0,0.11249162600000001,-0.05590021312499993,0.0,-3.9208651472354306,56,fixed_k3
00_Optimized_Structure,a,0.0,0.11637025000000001,-0.05590021312499993,0.0,17.435732983732272,56,fixed_k3
00_Optimized_Structure,a,0.0,0.120248874,-0.05590021312499993,0.0,97.69716527353565,56,fixed_k3
00_Optimized_Structure,a,0.0,0.124127498,-0.05590021312499993,0.0,892.3361535479843,56,fixed_k3
00_Optimized_Structure,a,0.0,0.128006122,-0.05590021312499993,0.0,6401.996068863152,56,fixed_k3
00_Optimized_Structure,a,0.0,0.131884746,-0.05590021312499993,0.0,217.18798126261711,56,fixed_k3
00_Optimized_Structure,a,0.0,0.13576337,-0.05590021312499993,0.0,26.66152892800485,56,fixed_k3
00_Optimized_Structure,a,0.0,0.139641994,-0.05590021312499993,0.0,1.5266398042988765,56,fixed_k3
00_Optimized_Structure,a,0.0,0.143520618,-0.05590021312499993,0.0,-4.235422333234886,56,fixed_k3
00_Optimized_Structure,a,0.0,0.14739924199999999,-0.05590021312499993,0.0,-5.7154164188819285,56,fixed_k3
00_Optimized_Structure,a,0.0,0.15127786599999998,-0.05590021312499993,0.0,-5.924477116024059,56,fixed_k3
00_Optimized_Structure,a,0.0,0.15515649,-0.05590021312499993,0.0,-5.699805538564641,56,fixed_k3
00_Optimized_Structure,a,0.0,-0.1551334299999998,-0.05261357499999994,0.0,-4.8756250217929145,56,fixed_k3
00_Optimized_Structure,a,0.0,-0.1512548059999998,-0.05261357499999994,0.0,-4.897893539656644,56,fixed_k3
00_Optimized_Structure,a,0.0,-0.1473761819999998,-0.05261357499999994,0.0,-4.505938099068209,56,fixed_k3
00_Optimized_Structure,a,0.0,-0.1434975579999998,-0.05261357499999994,0.0,-2.853455052175466,56,fixed_k3
00_Optimized_Structure,a,0.0,-0.1396189339999998,-0.05261357499999994,0.0,3.3481986979254157,56,fixed_k3
00_Optimized_Structure,a,0.0,-0.1357403099999998,-0.05261357499999994,0.0,32.553958906369424,56,fixed_k3
00_Optimized_Structure,a,0.0,-0.1318616859999998,-0.05261357499999994,0.0,304.01535875522995,56,fixed_k3
00_Optimized_Structure,a,0.0,-0.12798306199999981,-0.05261357499999994,0.0,17377.51904687483,56,fixed_k3
00_Optimized_Structure,a,0.0,-0.12410443799999982,-0.05261357499999994,0.0,682.4373298922046,56,fixed_k3
00_Optimized_Structure,a,0.0,-0.12022581399999982,-0.05261357499999994,0.0,76.20714211719486,56,fixed_k3
00_Optimized_Structure,a,0.0,-0.11634718999999982,-0.05261357499999994,0.0,11.525104771044667,56,fixed_k3
00_Optimized_Structure,a,0.0,-0.11246856599999983,-0.05261357499999994,0.0,-3.098199319404043,56,fixed_k3
00_Optimized_Structure,a,0.0,-0.10858994199999983,-0.05261357499999994,0.0,-5.498377524136423,56,fixed_k3
00_Optimized_Structure,a,0.0,-0.10471131799999983,-0.05261357499999994,0.0,-3.793309525229162,56,fixed_k3
00_Optimized_Structure,a,0.0,-0.10083269399999983,-0.05261357499999994,0.0,-1.9623625382584398,56,fixed_k3
00_Optimized_Structure,a,0.0,-0.09695406999999984,-0.05261357499999994,0.0,-1.833275285738292,56,fixed_k3
00_Optimized_Structure,a,0.0,-0.09307544599999984,-0.05261357499999994,0.0,-2.921654694123406,56,fixed_k3
00_Optimized_Structure,a,0.0,-0.08919682199999984,-0.05261357499999994,0.0,-3.975255418651158,56,fixed_k3
00_Optimized_Structure,a,0.0,-0.08531819799999985,-0.05261357499999994,0.0,-4.390476912754655,56,fixed_k3
00_Optimized_Structure,a,0.0,-0.08143957399999985,-0.05261357499999994,0.0,-4.2406399029639985,56,fixed_k3
00_Optimized_Structure,a,0.0,-0.07756094999999985,-0.05261357499999994,0.0,-3.80146029087192,56,fixed_k3
00_Optimized_Structure,a,0.0,-0.07368232599999985,-0.05261357499999994,0.0,-3.2852018011435704,56,fixed_k3
00_Optimized_Structure,a,0.0,-0.06980370199999986,-0.05261357499999994,0.0,-2.798675710060071,56,fixed_k3
00_Optimized_Structure,a,0.0,-0.06592507799999986,-0.05261357499999994,0.0,-2.378346478990074,56,fixed_k3
00_Optimized_Structure,a,0.0,-0.06204645399999986,-0.05261357499999994,0.0,-2.026906154546398,56,fixed_k3
00_Optimized_Structure,a,0.0,-0.058167829999999865,-0.05261357499999994,0.0,-1.7348872419507173,56,fixed_k3
00_Optimized_Structure,a,0.0,-0.05428920599999987,-0.05261357499999994,0.0,-1.4905570930697818,56,fixed_k3
00_Optimized_Structure,a,0.0,-0.05041058199999987,-0.05261357499999994,0.0,-1.2835000523846478,56,fixed_k3
00_Optimized_Structure,a,0.0,-0.04653195799999987,-0.05261357499999994,0.0,-1.105417171806997,56,fixed_k3
00_Optimized_Structure,a,0.0,-0.042653333999999876,-0.05261357499999994,0.0,-0.949924720844399,56,fixed_k3
00_Optimized_Structure,a,0.0,-0.03877470999999988,-0.05261357499999994,0.0,-0.812121764184591,56,fixed_k3
00_Optimized_Structure,a,0.0,-0.03489608599999988,-0.05261357499999994,0.0,-0.6882103955968437,56,fixed_k3
00_Optimized_Structure,a,0.0,-0.031017461999999885,-0.05261357499999994,0.0,-0.5752433757607975,56,fixed_k3
00_Optimized_Structure,a,0.0,-0.027138837999999887,-0.05261357499999994,0.0,-0.47099305252053947,56,fixed_k3
00_Optimized_Structure,a,0.0,-0.02326021399999989,-0.05261357499999994,0.0,-0.3739077900348968,56,fixed_k3
00_Optimized_Structure,a,0.0,-0.019381589999999893,-0.05261357499999994,0.0,-0.2831146598227865,56,fixed_k3
00_Optimized_Structure,a,0.0,-0.015502965999999896,-0.05261357499999994,0.0,-0.1984272205334261,56,fixed_k3
00_Optimized_Structure,a,0.0,-0.011624341999999899,-0.05261357499999994,0.0,-0.12032141125133866,56,fixed_k3
00_Optimized_Structure,a,0.0,-0.0077457179999999015,-0.05261357499999994,0.0,-0.049851001758748126,56,fixed_k3
00_Optimized_Structure,a,0.0,-0.0038670939999999043,-0.05261357499999994,0.0,0.011512796158228866,56,fixed_k3
00_Optimized_Structure,a,0.0,1.1530000000092855e-05,-0.05261357499999994,0.0,0.062115854122005265,56,fixed_k3
00_Optimized_Structure,a,0.0,0.00389015400000009,-0.05261357499999994,0.0,0.10040984524878271,56,fixed_k3
00_Optimized_Structure,a,0.0,0.007768778000000087,-0.05261357499999994,0.0,0.12526011846384422,56,fixed_k3
00_Optimized_Structure,a,0.0,0.011647402000000084,-0.05261357499999994,0.0,0.13623006401905702,56,fixed_k3
00_Optimized_Structure,a,0.0,0.015526026000000082,-0.05261357499999994,0.0,0.1338016543526419,56,fixed_k3
00_Optimized_Structure,a,0.0,0.01940465000000008,-0.05261357499999994,0.0,0.11950364518717205,56,fixed_k3
00_Optimized_Structure,a,0.0,0.023283274000000076,-0.05261357499999994,0.0,0.09593663616784442,56,fixed_k3
00_Optimized_Structure,a,0.0,0.027161898000000073,-0.05261357499999994,0.0,0.06670255341810183,56,fixed_k3
00_Optimized_Structure,a,0.0,0.03104052200000007,-0.05261357499999994,0.0,0.036259960150867965,56,fixed_k3
00_Optimized_Structure,a,0.0,0.03491914600000007,-0.05261357499999994,0.0,0.009732239687544109,56,fixed_k3
00_Optimized_Structure,a,0.0,0.038797770000000065,-0.05261357499999994,0.0,-0.007308828082233987,56,fixed_k3
00_Optimized_Structure,a,0.0,0.04267639400000006,-0.05261357499999994,0.0,-0.009077562601102152,56,fixed_k3
00_Optimized_Structure,a,0.0,0.04655501800000006,-0.05261357499999994,0.0,0.010149183373689308,56,fixed_k3
00_Optimized_Structure,a,0.0,0.050433642000000056,-0.05261357499999994,0.0,0.05563673639418676,56,fixed_k3
00_Optimized_Structure,a,0.0,0.05431226600000005,-0.05261357499999994,0.0,0.13150650689980692,56,fixed_k3
00_Optimized_Structure,a,0.0,0.05819089000000005,-0.05261357499999994,0.0,0.23940986947764253,56,fixed_k3
00_Optimized_Structure,a,0.0,0.06206951400000005,-0.05261357499999994,0.0,0.37587668488439996,56,fixed_k3
00_Optimized_Structure,a,0.0,0.06594813800000005,-0.05261357499999994,0.0,0.5270285776797425,56,fixed_k3
00_Optimized_Structure,a,0.0,0.06982676200000004,-0.05261357499999994,0.0,0.6582724635579258,56,fixed_k3
00_Optimized_Structure,a,0.0,0.07370538600000004,-0.05261357499999994,0.0,0.6950991139154201,56,fixed_k3
00_Optimized_Structure,a,0.0,0.07758401000000004,-0.05261357499999994,0.0,0.49044548063337756,56,fixed_k3
00_Optimized_Structure,a,0.0,0.08146263400000003,-0.05261357499999994,0.0,-0.2200777890147938,56,fixed_k3
00_Optimized_Structure,a,0.0,0.08534125800000003,-0.05261357499999994,0.0,-1.8446112368162946,56,fixed_k3
00_Optimized_Structure,a,0.0,0.08921988200000003,-0.05261357499999994,0.0,-4.833293161075673,56,fixed_k3
00_Optimized_Structure,a,0.0,0.09309850600000003,-0.05261357499999994,0.0,-9.24558342407748,56,fixed_k3
00_Optimized_Structure,a,0.0,0.09697713000000002,-0.05261357499999994,0.0,-13.99755894949482,56,fixed_k3
00_Optimized_Structure,a,0.0,0.10085575400000002,-0.05261357499999994,0.0,-16.720419851936015,56,fixed_k3
00_Optimized_Structure,a,0.0,0.10473437800000002,-0.05261357499999994,0.0,-15.384659418831223,56,fixed_k3
00_Optimized_Structure,a,0.0,0.10861300200000001,-0.05261357499999994,0.0,-9.93686097754177,56,fixed_k3
00_Optimized_Structure,a,0.0,0.11249162600000001,-0.05261357499999994,0.0,-0.5748908025881821,56,fixed_k3
00_Optimized_Structure,a,0.0,0.11637025000000001,-0.05261357499999994,0.0,18.06642656125194,56,fixed_k3
00_Optimized_Structure,a,0.0,0.120248874,-0.05261357499999994,0.0,81.49617376636331,56,fixed_k3
00_Optimized_Structure,a,0.0,0.124127498,-0.05261357499999994,0.0,648.1559435378875,56,fixed_k3
00_Optimized_Structure,a,0.0,0.128006122,-0.05261357499999994,0.0,27433.75604414848,56,fixed_k3
00_Optimized_Structure,a,0.0,0.131884746,-0.05261357499999994,0.0,315.0722987930534,56,fixed_k3
00_Optimized_Structure,a,0.0,0.13576337,-0.05261357499999994,0.0,33.67748561228498,56,fixed_k3
00_Optimized_Structure,a,0.0,0.139641994,-0.05261357499999994,0.0,3.309045256870222,56,fixed_k3
00_Optimized_Structure,a,0.0,0.143520618,-0.05261357499999994,0.0,-3.338660071044729,56,fixed_k3
00_Optimized_Structure,a,0.0,0.14739924199999999,-0.05261357499999994,0.0,-5.1002794512229315,56,fixed_k3
00_Optimized_Structure,a,0.0,0.15127786599999998,-0.05261357499999994,0.0,-5.444065973298514,56,fixed_k3
00_Optimized_Structure,a,0.0,0.15515649,-0.05261357499999994,0.0,-5.301921537057192,56,fixed_k3
00_Optimized_Structure,a,0.0,-0.1551334299999998,-0.04932693687499995,0.0,-4.630843818495305,56,fixed_k3
00_Optimized_Structure,a,0.0,-0.1512548059999998,-0.04932693687499995,0.0,-4.594003762744662,56,fixed_k3
00_Optimized_Structure,a,0.0,-0.1473761819999998,-0.04932693687499995,0.0,-4.094435541326151,56,fixed_k3
00_Optimized_Structure,a,0.0,-0.1434975579999998,-0.04932693687499995,0.0,-2.1925118046653354,56,fixed_k3
00_Optimized_Structure,a,0.0,-0.1396189339999998,-0.04932693687499995,0.0,4.888591893957036,56,fixed_k3
00_Optimized_Structure,a,0.0,-0.1357403099999998,-0.04932693687499995,0.0,40.10951567132611,56,fixed_k3
00_Optimized_Structure,a,0.0,-0.1318616859999998,-0.04932693687499995,0.0,450.8995605667057,56,fixed_k3
00_Optimized_Structure,a,0.0,-0.12798306199999981,-0.04932693687499995,0.0,80151.93089387934,56,fixed_k3
00_Optimized_Structure,a,0.0,-0.12410443799999982,-0.04932693687499995,0.0,466.7093364497177,56,fixed_k3
00_Optimized_Structure,a,0.0,-0.12022581399999982,-0.04932693687499995,0.0,58.513843738374696,56,fixed_k3
00_Optimized_Structure,a,0.0,-0.11634718999999982,-0.04932693687499995,0.0,8.652218422948286,56,fixed_k3
00_Optimized_Structure,a,0.0,-0.11246856599999983,-0.04932693687499995,0.0,-3.6224314860495617,56,fixed_k3
00_Optimized_Structure,a,0.0,-0.10858994199999983,-0.04932693687499995,0.0,-5.84325458550758,56,fixed_k3
00_Optimized_Structure,a,0.0,-0.10471131799999983,-0.04932693687499995,0.0,-4.2049124298015235,56,fixed_k3
00_Optimized_Structure,a,0.0,-0.10083269399999983,-0.04932693687499995,0.0,-2.2077680688857484,56,fixed_k3
00_Optimized_Structure,a,0.0,-0.09695406999999984,-0.04932693687499995,0.0,-1.8682467433797867,56,fixed_k3
00_Optimized_Structure,a,0.0,-0.09307544599999984,-0.04932693687499995,0.0,-2.8883662046629244,56,fixed_k3
00_Optimized_Structure,a,0.0,-0.08919682199999984,-0.04932693687499995,0.0,-3.9573849539076065,56,fixed_k3
00_Optimized_Structure,a,0.0,-0.08531819799999985,-0.04932693687499995,0.0,-4.385600610268105,56,fixed_k3
00_Optimized_Structure,a,0.0,-0.08143957399999985,-0.04932693687499995,0.0,-4.229899350295932,56,fixed_k3
00_Optimized_Structure,a,0.0,-0.07756094999999985,-0.04932693687499995,0.0,-3.7781275681398245,56,fixed_k3
00_Optimized_Structure,a,0.0,-0.07368232599999985,-0.04932693687499995,0.0,-3.251685168737694,56,fixed_k3
00_Optimized_Structure,a,0.0,-0.06980370199999986,-0.04932693687499995,0.0,-2.759735097412566,56,fixed_k3
00_Optimized_Structure,a,0.0,-0.06592507799999986,-0.04932693687499995,0.0,-2.3379648921582605,56,fixed_k3
00_Optimized_Structure,a,0.0,-0.06204645399999986,-0.04932693687499995,0.0,-1.9877041349128324,56,fixed_k3
00_Optimized_Structure,a,0.0,-0.058167829999999865,-0.04932693687499995,0.0,-1.6984163225256814,56,fixed_k3
00_Optimized_Structure,a,0.0,-0.05428920599999987,-0.04932693687499995,0.0,-1.4576994932768252,56,fixed_k3
00_Optimized_Structure,a,0.0,-0.05041058199999987,-0.04932693687499995,0.0,-1.2547587433764604,56,fixed_k3
00_Optimized_Structure,a,0.0,-0.04653195799999987,-0.04932693687499995,0.0,-1.081085330466942,56,fixed_k3
00_Optimized_Structure,a,0.0,-0.042653333999999876,-0.04932693687499995,0.0,-0.930170683471899,56,fixed_k3
00_Optimized_Structure,a,0.0,-0.03877470999999988,-0.04932693687499995,0.0,-0.7970236068766707,56,fixed_k3
00_Optimized_Structure,a,0.0,-0.03489608599999988,-0.04932693687499995,0.0,-0.6777634559876995,56,fixed_k3
00_Optimized_Structure,a,0.0,-0.031017461999999885,-0.04932693687499995,0.0,-0.5693552161547804,56,fixed_k3
00_Optimized_Structure,a,0.0,-0.027138837999999887,-0.04932693687499995,0.0,-0.4694748079090394,56,fixed_k3
00_Optimized_Structure,a,0.0,-0.02326021399999989,-0.04932693687499995,0.0,-0.37646755804896825,56,fixed_k3
00_Optimized_Structure,a,0.0,-0.019381589999999893,-0.04932693687499995,0.0,-0.28935649272589514,56,fixed_k3
00_Optimized_Structure,a,0.0,-0.015502965999999896,-0.04932693687499995,0.0,-0.20785765467935136,56,fixed_k3
00_Optimized_Structure,a,0.0,-0.011624341999999899,-0.04932693687499995,0.0,-0.1323639702508259,56,fixed_k3
00_Optimized_Structure,a,0.0,-0.0077457179999999015,-0.04932693687499995,0.0,-0.06386768178104862,56,fixed_k3
00_Optimized_Structure,a,0.0,-0.0038670939999999043,-0.04932693687499995,0.0,-0.0038047373286276276,56,fixed_k3
00_Optimized_Structure,a,0.0,1.1530000000092855e-05,-0.04932693687499995,0.0,0.046177928145058944,56,fixed_k3
00_Optimized_Structure,a,0.0,0.00389015400000009,-0.04932693687499995,0.0,0.08451241662543918,56,fixed_k3
00_Optimized_Structure,a,0.0,0.007768778000000087,-0.04932693687499995,0.0,0.1100216437350996,56,fixed_k3
00_Optimized_Structure,a,0.0,0.011647402000000084,-0.04932693687499995,0.0,0.12220920132188229,56,fixed_k3
00_Optimized_Structure,a,0.0,0.015526026000000082,-0.04932693687499995,0.0,0.1214858243465673,56,fixed_k3
00_Optimized_Structure,a,0.0,0.01940465000000008,-0.04932693687499995,0.0,0.1093029761630453,56,fixed_k3
00_Optimized_Structure,a,0.0,0.023283274000000076,-0.04932693687499995,0.0,0.08818224645580375,56,fixed_k3
00_Optimized_Structure,a,0.0,0.027161898000000073,-0.04932693687499995,0.0,0.06164819970306623,56,fixed_k3
00_Optimized_Structure,a,0.0,0.03104052200000007,-0.04932693687499995,0.0,0.034086711251535284,56,fixed_k3
00_Optimized_Structure,a,0.0,0.03491914600000007,-0.04932693687499995,0.0,0.010556938126075499,56,fixed_k3
00_Optimized_Structure,a,0.0,0.038797770000000065,-0.04932693687499995,0.0,-0.0034190258342401414,56,fixed_k3
00_Optimized_Structure,a,0.0,0.04267639400000006,-0.04932693687499995,0.0,-0.0020802738717071723,56,fixed_k3
00_Optimized_Structure,a,0.0,0.04655501800000006,-0.04932693687499995,0.0,0.020313725312246955,56,fixed_k3
00_Optimized_Structure,a,0.0,0.050433642000000056,-0.04932693687499995,0.0,0.06911504290606696,56,fixed_k3
00_Optimized_Structure,a,0.0,0.05431226600000005,-0.04932693687499995,0.0,0.14864098940912474,56,fixed_k3
00_Optimized_Structure,a,0.0,0.05819089000000005,-0.04932693687499995,0.0,0.26089887076890284,56,fixed_k3
00_Optimized_Structure,a,0.0,0.06206951400000005,-0.04932693687499995,0.0,0.4029796690939631,56,fixed_k3
00_Optimized_Structure,a,0.0,0.06594813800000005,-0.04932693687499995,0.0,0.5617493465457231,56,fixed_k3
00_Optimized_Structure,a,0.0,0.06982676200000004,-0.04932693687499995,0.0,0.7032797159041482,56,fixed_k3
00_Optimized_Structure,a,0.0,0.07370538600000004,-0.04932693687499995,0.0,0.7527363742513082,56,fixed_k3
00_Optimized_Structure,a,0.0,0.07758401000000004,-0.04932693687499995,0.0,0.5594671370012334,56,fixed_k3
00_Optimized_Structure,a,0.0,0.08146263400000003,-0.04932693687499995,0.0,-0.15174370108309443,56,fixed_k3
00_Optimized_Structure,a,0.0,0.08534125800000003,-0.04932693687499995,0.0,-1.8087064028137638,56,fixed_k3
00_Optimized_Structure,a,0.0,0.08921988200000003,-0.04932693687499995,0.0,-4.869846055846126,56,fixed_k3
00_Optimized_Structure,a,0.0,0.09309850600000003,-0.04932693687499995,0.0,-9.313534812786907,56,fixed_k3
00_Optimized_Structure,a,0.0,0.09697713000000002,-0.04932693687499995,0.0,-13.794581716730455,56,fixed_k3
00_Optimized_Structure,a,0.0,0.10085575400000002,-0.04932693687499995,0.0,-15.689029770609189,56,fixed_k3
00_Optimized_Structure,a,0.0,0.10473437800000002,-0.04932693687499995,0.0,-13.233790505716676,56,fixed_k3
00_Optimized_Structure,a,0.0,0.10861300200000001,-0.04932693687499995,0.0,-7.12942923526079,56,fixed_k3
00_Optimized_Structure,a,0.0,0.11249162600000001,-0.04932693687499995,0.0,1.7569157077740376,56,fixed_k3
00_Optimized_Structure,a,0.0,0.11637025000000001,-0.04932693687499995,0.0,17.472112247878062,56,fixed_k3
00_Optimized_Structure,a,0.0,0.120248874,-0.04932693687499995,0.0,66.20839358466202,56,fixed_k3
00_Optimized_Structure,a,0.0,0.124127498,-0.04932693687499995,0.0,439.85455579508647,56,fixed_k3
00_Optimized_Structure,a,0.0,0.128006122,-0.04932693687499995,0.0,118162.33561135425,56,fixed_k3
00_Optimized_Structure,a,0.0,0.131884746,-0.04932693687499995,0.0,464.9800091607785,56,fixed_k3
00_Optimized_Structure,a,0.0,0.13576337,-0.04932693687499995,0.0,41.42954495854112,56,fixed_k3
00_Optimized_Structure,a,0.0,0.139641994,-0.04932693687499995,0.0,5.057285143943883,56,fixed_k3
00_Optimized_Structure,a,0.0,0.143520618,-0.04932693687499995,0.0,-2.475256398134553,56,fixed_k3
00_Optimized_Structure,a,0.0,0.14739924199999999,-0.04932693687499995,0.0,-4.497086044925781,56,fixed_k3
00_Optimized_Structure,a,0.0,0.15127786599999998,-0.04932693687499995,0.0,-4.9626858637379305,56,fixed_k3
00_Optimized_Structure,a,0.0,0.15515649,-0.04932693687499995,0.0,-4.896052392085731,56,fixed_k3
00_Optimized_Structure,a,0.0,-0.1551334299999998,-0.046040298749999944,0.0,-4.385050203693222,56,fixed_k3
00_Optimized_Structure,a,0.0,-0.1512548059999998,-0.046040298749999944,0.0,-4.295783304583017,56,fixed_k3
00_Optimized_Structure,a,0.0,-0.1473761819999998,-0.046040298749999944,0.0,-3.7022470889336336,56,fixed_k3
00_Optimized_Structure,a,0.0,-0.1434975579999998,-0.046040298749999944,0.0,-1.5777567020498304,56,fixed_k3
00_Optimized_Structure,a,0.0,-0.1396189339999998,-0.046040298749999944,0.0,6.355553860638196,56,fixed_k3
00_Optimized_Structure,a,0.0,-0.1357403099999998,-0.046040298749999944,0.0,48.319401356176336,56,fixed_k3
00_Optimized_Structure,a,0.0,-0.1318616859999998,-0.046040298749999944,0.0,678.2618800891173,56,fixed_k3
00_Optimized_Structure,a,0.0,-0.12798306199999981,-0.046040298749999944,0.0,53516.64809145875,56,fixed_k3
00_Optimized_Structure,a,0.0,-0.12410443799999982,-0.046040298749999944,0.0,308.73771572782977,56,fixed_k3
00_Optimized_Structure,a,0.0,-0.12022581399999982,-0.046040298749999944,0.0,44.01312550066014,56,fixed_k3
00_Optimized_Structure,a,0.0,-0.11634718999999982,-0.046040298749999944,0.0,5.998456062251189,56,fixed_k3
00_Optimized_Structure,a,0.0,-0.11246856599999983,-0.046040298749999944,0.0,-4.203808664688665,56,fixed_k3
00_Optimized_Structure,a,0.0,-0.10858994199999983,-0.046040298749999944,0.0,-6.1997786772786085,56,fixed_k3
00_Optimized_Structure,a,0.0,-0.10471131799999983,-0.046040298749999944,0.0,-4.600748071589084,56,fixed_k3
00_Optimized_Structure,a,0.0,-0.10083269399999983,-0.046040298749999944,0.0,-2.4397104647221437,56,fixed_k3
00_Optimized_Structure,a,0.0,-0.09695406999999984,-0.046040298749999944,0.0,-1.8813947699298579,56,fixed_k3
00_Optimized_Structure,a,0.0,-0.09307544599999984,-0.046040298749999944,0.0,-2.827185014365824,56,fixed_k3
00_Optimized_Structure,a,0.0,-0.08919682199999984,-0.046040298749999944,0.0,-3.9161911097967588,56,fixed_k3
00_Optimized_Structure,a,0.0,-0.08531819799999985,-0.046040298749999944,0.0,-4.364858596396731,56,fixed_k3
00_Optimized_Structure,a,0.0,-0.08143957399999985,-0.046040298749999944,0.0,-4.209052438036196,56,fixed_k3
00_Optimized_Structure,a,0.0,-0.07756094999999985,-0.046040298749999944,0.0,-3.748347949205411,56,fixed_k3
00_Optimized_Structure,a,0.0,-0.07368232599999985,-0.046040298749999944,0.0,-3.213853727190519,56,fixed_k3
00_Optimized_Structure,a,0.0,-0.06980370199999986,-0.046040298749999944,0.0,-2.7176182780091187,56,fixed_k3
00_Optimized_Structure,a,0.0,-0.06592507799999986,-0.046040298749999944,0.0,-2.2949444170120614,56,fixed_k3
00_Optimized_Structure,a,0.0,-0.06204645399999986,-0.046040298749999944,0.0,-1.946068585613467,56,fixed_k3
00_Optimized_Structure,a,0.0,-0.058167829999999865,-0.046040298749999944,0.0,-1.6595563994451388,56,fixed_k3
00_Optimized_Structure,a,0.0,-0.05428920599999987,-0.046040298749999944,0.0,-1.422436051029817,56,fixed_k3
00_Optimized_Structure,a,0.0,-0.05041058199999987,-0.046040298749999944,0.0,-1.2235855009608025,56,fixed_k3
00_Optimized_Structure,a,0.0,-0.04653195799999987,-0.046040298749999944,0.0,-1.0543096262492517,56,fixed_k3
00_Optimized_Structure,a,0.0,-0.042653333999999876,-0.046040298749999944,0.0,-0.9079823563592232,56,fixed_k3
00_Optimized_Structure,a,0.0,-0.03877470999999988,-0.046040298749999944,0.0,-0.7795213467122397,56,fixed_k3
00_Optimized_Structure,a,0.0,-0.03489608599999988,-0.046040298749999944,0.0,-0.6649586619908012,56,fixed_k3
00_Optimized_Structure,a,0.0,-0.031017461999999885,-0.046040298749999944,0.0,-0.5611657975750755,56,fixed_k3
00_Optimized_Structure,a,0.0,-0.027138837999999887,-0.046040298749999944,0.0,-0.4657166315859633,56,fixed_k3
00_Optimized_Structure,a,0.0,-0.02326021399999989,-0.046040298749999944,0.0,-0.37684848467548493,56,fixed_k3
00_Optimized_Structure,a,0.0,-0.019381589999999893,-0.046040298749999944,0.0,-0.2934761670901018,56,fixed_k3
00_Optimized_Structure,a,0.0,-0.015502965999999896,-0.046040298749999944,0.0,-0.21521478537791472,56,fixed_k3
00_Optimized_Structure,a,0.0,-0.011624341999999899,-0.046040298749999944,0.0,-0.14237145503862858,56,fixed_k3
00_Optimized_Structure,a,0.0,-0.0077457179999999015,-0.046040298749999944,0.0,-0.07587458116699297,56,fixed_k3
00_Optimized_Structure,a,0.0,-0.0038670939999999043,-0.046040298749999944,0.0,-0.01712293136508647,56,fixed_k3
00_Optimized_Structure,a,0.0,1.1530000000092855e-05,-0.046040298749999944,0.0,0.03224531055114177,56,fixed_k3
00_Optimized_Structure,a,0.0,0.00389015400000009,-0.046040298749999944,0.0,0.07064384265539458,56,fixed_k3
00_Optimized_Structure,a,0.0,0.007768778000000087,-0.046040298749999944,0.0,0.09685383736197717,56,fixed_k3
00_Optimized_Structure,a,0.0,0.011647402000000084,-0.046040298749999944,0.0,0.1103191806025996,56,fixed_k3
00_Optimized_Structure,a,0.0,0.015526026000000082,-0.046040298749999944,0.0,0.11137873645495033,56,fixed_k3
00_Optimized_Structure,a,0.0,0.01940465000000008,-0.046040298749999944,0.0,0.10140520417163246,56,fixed_k3
00_Optimized_Structure,a,0.0,0.023283274000000076,-0.046040298749999944,0.0,0.08283877152075814,56,fixed_k3
00_Optimized_Structure,a,0.0,0.027161898000000073,-0.046040298749999944,0.0,0.05912327995421274,56,fixed_k3
00_Optimized_Structure,a,0.0,0.03104052200000007,-0.046040298749999944,0.0,0.03456756124502536,56,fixed_k3
00_Optimized_Structure,a,0.0,0.03491914600000007,-0.046040298749999944,0.0,0.014161185967250467,56,fixed_k3
00_Optimized_Structure,a,0.0,0.038797770000000065,-0.046040298749999944,0.0,0.003370210893664405,56,fixed_k3
00_Optimized_Structure,a,0.0,0.04267639400000006,-0.046040298749999944,0.0,0.007923528816987213,56,fixed_k3
00_Optimized_Structure,a,0.0,0.04655501800000006,-0.046040298749999944,0.0,0.033571307404169914,56,fixed_k3
00_Optimized_Structure,a,0.0,0.050433642000000056,-0.046040298749999944,0.0,0.08574523520460497,56,fixed_k3
00_Optimized_Structure,a,0.0,0.05431226600000005,-0.046040298749999944,0.0,0.16895493415180196,56,fixed_k3
00_Optimized_Structure,a,0.0,0.05819089000000005,-0.046040298749999944,0.0,0.28557052427731544,56,fixed_k3
00_Optimized_Structure,a,0.0,0.06206951400000005,-0.046040298749999944,0.0,0.4332769125050069,56,fixed_k3
00_Optimized_Structure,a,0.0,0.06594813800000005,-0.046040298749999944,0.0,0.5997755040021953,56,fixed_k3
00_Optimized_Structure,a,0.0,0.06982676200000004,-0.046040298749999944,0.0,0.752015220254842,56,fixed_k3
00_Optimized_Structure,a,0.0,0.07370538600000004,-0.046040298749999944,0.0,0.8152778435702552,56,fixed_k3
00_Optimized_Structure,a,0.0,0.07758401000000004,-0.046040298749999944,0.0,0.6361441534426144,56,fixed_k3
00_Optimized_Structure,a,0.0,0.08146263400000003,-0.046040298749999944,0.0,-0.07006652710773276,56,fixed_k3
00_Optimized_Structure,a,0.0,0.08534125800000003,-0.046040298749999944,0.0,-1.7486833248688496,56,fixed_k3
00_Optimized_Structure,a,0.0,0.08921988200000003,-0.046040298749999944,0.0,-4.862326378435937,56,fixed_k3
00_Optimized_Structure,a,0.0,0.09309850600000003,-0.046040298749999944,0.0,-9.300786435359083,56,fixed_k3
00_Optimized_Structure,a,0.0,0.09697713000000002,-0.046040298749999944,0.0,-13.46340903418719,56,fixed_k3
00_Optimized_Structure,a,0.0,0.10085575400000002,-0.046040298749999944,0.0,-14.548299561962695,56,fixed_k3
00_Optimized_Structure,a,0.0,0.10473437800000002,-0.046040298749999944,0.0,-11.181051350056835,56,fixed_k3
00_Optimized_Structure,a,0.0,0.10861300200000001,-0.046040298749999944,0.0,-4.779373613520402,56,fixed_k3
00_Optimized_Structure,a,0.0,0.11249162600000001,-0.046040298749999944,0.0,3.3363543817138095,56,fixed_k3
00_Optimized_Structure,a,0.0,0.11637025000000001,-0.046040298749999944,0.0,16.25119842688342,56,fixed_k3
00_Optimized_Structure,a,0.0,0.120248874,-0.046040298749999944,0.0,53.06831592662557,56,fixed_k3
00_Optimized_Structure,a,0.0,0.124127498,-0.046040298749999944,0.0,293.7784724186321,56,fixed_k3
00_Optimized_Structure,a,0.0,0.128006122,-0.046040298749999944,0.0,41132.863139797824,56,fixed_k3
00_Optimized_Structure,a,0.0,0.131884746,-0.046040298749999944,0.0,694.8672519586845,56,fixed_k3
00_Optimized_Structure,a,0.0,0.13576337,-0.046040298749999944,0.0,49.86832212763836,56,fixed_k3
00_Optimized_Structure,a,0.0,0.139641994,-0.046040298749999944,0.0,6.741226445516537,56,fixed_k3
00_Optimized_Structure,a,0.0,0.143520618,-0.046040298749999944,0.0,-1.655844974134394,56,fixed_k3
00_Optimized_Structure,a,0.0,0.14739924199999999,-0.046040298749999944,0.0,-3.911414353124882,56,fixed_k3
00_Optimized_Structure,a,0.0,0.15127786599999998,-0.046040298749999944,0.0,-4.484186221013014,56,fixed_k3
00_Optimized_Structure,a,0.0,0.15515649,-0.046040298749999944,0.0,-4.4852539443546915,56,fixed_k3
00_Optimized_Structure,a,0.0,-0.1551334299999998,-0.04275366062499994,0.0,-4.13801217613276,56,fixed_k3
00_Optimized_Structure,a,0.0,-0.1512548059999998,-0.04275366062499994,0.0,-4.003729293801195,56,fixed_k3
00_Optimized_Structure,a,0.0,-0.1473761819999998,-0.04275366062499994,0.0,-3.3318784424857086,56,fixed_k3
00_Optimized_Structure,a,0.0,-0.1434975579999998,-0.04275366062499994,0.0,-1.0186272597405932,56,fixed_k3
00_Optimized_Structure,a,0.0,-0.1396189339999998,-0.04275366062499994,0.0,7.707999332088062,56,fixed_k3
00_Optimized_Structure,a,0.0,-0.1357403099999998,-0.04275366062499994,0.0,56.99405061037455,56,fixed_k3
00_Optimized_Structure,a,0.0,-0.1318616859999998,-0.04275366062499994,0.0,1020.2959464486516,56,fixed_k3
00_Optimized_Structure,a,0.0,-0.12798306199999981,-0.04275366062499994,0.0,11314.289219033592,56,fixed_k3
00_Optimized_Structure,a,0.0,-0.12410443799999982,-0.04275366062499994,0.0,204.47033385026646,56,fixed_k3
00_Optimized_Structure,a,0.0,-0.12022581399999982,-0.04275366062499994,0.0,32.64917414097296,56,fixed_k3
00_Optimized_Structure,a,0.0,-0.11634718999999982,-0.04275366062499994,0.0,3.6990615939695966,56,fixed_k3
00_Optimized_Structure,a,0.0,-0.11246856599999983,-0.04275366062499994,0.0,-4.7616300783309224,56,fixed_k3
00_Optimized_Structure,a,0.0,-0.10858994199999983,-0.04275366062499994,0.0,-6.534311448804048,56,fixed_k3
00_Optimized_Structure,a,0.0,-0.10471131799999983,-0.04275366062499994,0.0,-4.964003066251299,56,fixed_k3
00_Optimized_Structure,a,0.0,-0.10083269399999983,-0.04275366062499994,0.0,-2.64708219233264,56,fixed_k3
00_Optimized_Structure,a,0.0,-0.09695406999999984,-0.04275366062499994,0.0,-1.8655803357705985,56,fixed_k3
00_Optimized_Structure,a,0.0,-0.09307544599999984,-0.04275366062499994,0.0,-2.7327276881175155,56,fixed_k3
00_Optimized_Structure,a,0.0,-0.08919682199999984,-0.04275366062499994,0.0,-3.847672229212691,56,fixed_k3
00_Optimized_Structure,a,0.0,-0.08531819799999985,-0.04275366062499994,0.0,-4.325688267004153,56,fixed_k3
00_Optimized_Structure,a,0.0,-0.08143957399999985,-0.04275366062499994,0.0,-4.176662398045421,56,fixed_k3
00_Optimized_Structure,a,0.0,-0.07756094999999985,-0.04275366062499994,0.0,-3.7113969683082093,56,fixed_k3
00_Optimized_Structure,a,0.0,-0.07368232599999985,-0.04275366062499994,0.0,-3.171379584759314,56,fixed_k3
00_Optimized_Structure,a,0.0,-0.06980370199999986,-0.04275366062499994,0.0,-2.672202430695962,56,fixed_k3
00_Optimized_Structure,a,0.0,-0.06592507799999986,-0.04275366062499994,0.0,-2.249264699226728,56,fixed_k3
00_Optimized_Structure,a,0.0,-0.06204645399999986,-0.04275366062499994,0.0,-1.9020300372374017,56,fixed_k3
00_Optimized_Structure,a,0.0,-0.058167829999999865,-0.04275366062499994,0.0,-1.6183633485067068,56,fixed_k3
00_Optimized_Structure,a,0.0,-0.05428920599999987,-0.04275366062499994,0.0,-1.384834943921946,56,fixed_k3
00_Optimized_Structure,a,0.0,-0.05041058199999987,-0.04275366062499994,0.0,-1.1900536467244134,56,fixed_k3
00_Optimized_Structure,a,0.0,-0.04653195799999987,-0.04275366062499994,0.0,-1.0251642171904682,56,fixed_k3
00_Optimized_Structure,a,0.0,-0.042653333999999876,-0.04275366062499994,0.0,-0.8834319292477923,56,fixed_k3
00_Optimized_Structure,a,0.0,-0.03877470999999988,-0.04275366062499994,0.0,-0.759683312378575,56,fixed_k3
00_Optimized_Structure,a,0.0,-0.03489608599999988,-0.04275366062499994,0.0,-0.649859237778088,56,fixed_k3
00_Optimized_Structure,a,0.0,-0.031017461999999885,-0.04275366062499994,0.0,-0.5507325203380173,56,fixed_k3
00_Optimized_Structure,a,0.0,-0.027138837999999887,-0.04275366062499994,0.0,-0.45976983241991043,56,fixed_k3
00_Optimized_Structure,a,0.0,-0.02326021399999989,-0.04275366062499994,0.0,-0.37509591302896284,56,fixed_k3
00_Optimized_Structure,a,0.0,-0.019381589999999893,-0.04275366062499994,0.0,-0.2955135161435749,56,fixed_k3
00_Optimized_Structure,a,0.0,-0.015502965999999896,-0.04275366062499994,0.0,-0.2205336464090022,56,fixed_k3
00_Optimized_Structure,a,0.0,-0.011624341999999899,-0.04275366062499994,0.0,-0.1503749764267741,56,fixed_k3
00_Optimized_Structure,a,0.0,-0.0077457179999999015,-0.04275366062499994,0.0,-0.08589983459981032,56,fixed_k3
00_Optimized_Structure,a,0.0,-0.0038670939999999043,-0.04275366062499994,0.0,-0.02846786921918598,56,fixed_k3
00_Optimized_Structure,a,0.0,1.1530000000092855e-05,-0.04275366062499994,0.0,0.020293143898488353,56,fixed_k3
00_Optimized_Structure,a,0.0,0.00389015400000009,-0.04275366062499994,0.0,0.05877981613009342,56,fixed_k3
00_Optimized_Structure,a,0.0,0.007768778000000087,-0.04275366062499994,0.0,0.08573243593928237,56,fixed_k3
00_Optimized_Structure,a,0.0,0.011647402000000084,-0.04275366062499994,0.0,0.10053543394513365,56,fixed_k3
00_Optimized_Structure,a,0.0,0.015526026000000082,-0.04275366062499994,0.0,0.10345529507363782,56,fixed_k3
00_Optimized_Structure,a,0.0,0.01940465000000008,-0.04275366062499994,0.0,0.0957845656125762,56,fixed_k3
00_Optimized_Structure,a,0.0,0.023283274000000076,-0.04275366062499994,0.0,0.07987968404993628,56,fixed_k3
00_Optimized_Structure,a,0.0,0.027161898000000073,-0.04275366062499994,0.0,0.05910042810962057,56,fixed_k3
00_Optimized_Structure,a,0.0,0.03104052200000007,-0.04275366062499994,0.0,0.03767424642257977,56,fixed_k3
00_Optimized_Structure,a,0.0,0.03491914600000007,-0.04275366062499994,0.0,0.020515792428262625,56,fixed_k3
00_Optimized_Structure,a,0.0,0.038797770000000065,-0.04275366062499994,0.0,0.013028787182898016,56,fixed_k3
00_Optimized_Structure,a,0.0,0.04267639400000006,-0.04275366062499994,0.0,0.020902938011744476,56,fixed_k3
00_Optimized_Structure,a,0.0,0.04655501800000006,-0.04275366062499994,0.0,0.049890353223520645,56,fixed_k3
00_Optimized_Structure,a,0.0,0.050433642000000056,-0.04275366062499994,0.0,0.10549517334285152,56,fixed_k3
00_Optimized_Structure,a,0.0,0.05431226600000005,-0.04275366062499994,0.0,0.19241548924026697,56,fixed_k3
00_Optimized_Structure,a,0.0,0.05819089000000005,-0.04275366062499994,0.0,0.31339049389111207,56,fixed_k3
00_Optimized_Structure,a,0.0,0.06206951400000005,-0.04275366062499994,0.0,0.46673083197102616,56,fixed_k3
00_Optimized_Structure,a,0.0,0.06594813800000005,-0.04275366062499994,0.0,0.6410640033053385,56,fixed_k3
00_Optimized_Structure,a,0.0,0.06982676200000004,-0.04275366062499994,0.0,0.8044324678104644,56,fixed_k3
00_Optimized_Structure,a,0.0,0.07370538600000004,-0.04275366062499994,0.0,0.8826977365085793,56,fixed_k3
00_Optimized_Structure,a,0.0,0.07758401000000004,-0.04275366062499994,0.0,0.720568615932385,56,fixed_k3
00_Optimized_Structure,a,0.0,0.08146263400000003,-0.04275366062499994,0.0,0.02543589405649127,56,fixed_k3
00_Optimized_Structure,a,0.0,0.08534125800000003,-0.04275366062499994,0.0,-1.663150258653259,56,fixed_k3
00_Optimized_Structure,a,0.0,0.08921988200000003,-0.04275366062499994,0.0,-4.808156905623143,56,fixed_k3
00_Optimized_Structure,a,0.0,0.09309850600000003,-0.04275366062499994,0.0,-9.20619390223465,56,fixed_k3
00_Optimized_Structure,a,0.0,0.09697713000000002,-0.04275366062499994,0.0,-13.015355992565398,56,fixed_k3
00_Optimized_Structure,a,0.0,0.10085575400000002,-0.04275366062499994,0.0,-13.334573339523269,56,fixed_k3
00_Optimized_Structure,a,0.0,0.10473437800000002,-0.04275366062499994,0.0,-9.258792955563159,56,fixed_k3
00_Optimized_Structure,a,0.0,0.10861300200000001,-0.04275366062499994,0.0,-2.8318158061154595,56,fixed_k3
00_Optimized_Structure,a,0.0,0.11249162600000001,-0.04275366062499994,0.0,4.3748919457338005,56,fixed_k3
00_Optimized_Structure,a,0.0,0.11637025000000001,-0.04275366062499994,0.0,14.782915185329218,56,fixed_k3
00_Optimized_Structure,a,0.0,0.120248874,-0.04275366062499994,0.0,42.33742235094223,56,fixed_k3
00_Optimized_Structure,a,0.0,0.124127498,-0.04275366062499994,0.0,198.28388155162813,56,fixed_k3
00_Optimized_Structure,a,0.0,0.128006122,-0.04275366062499994,0.0,8721.861402596716,56,fixed_k3
00_Optimized_Structure,a,0.0,0.131884746,-0.04275366062499994,0.0,1035.0654063683423,56,fixed_k3
00_Optimized_Structure,a,0.0,0.13576337,-0.04275366062499994,0.0,58.83047724066385,56,fixed_k3
00_Optimized_Structure,a,0.0,0.139641994,-0.04275366062499994,0.0,8.322462489874802,56,fixed_k3
00_Optimized_Structure,a,0.0,0.143520618,-0.04275366062499994,0.0,-0.8916056099180293,56,fixed_k3
00_Optimized_Structure,a,0.0,0.14739924199999999,-0.04275366062499994,0.0,-3.348581527016627,56,fixed_k3
00_Optimized_Structure,a,0.0,0.15127786599999998,-0.04275366062499994,0.0,-4.012151232643765,56,fixed_k3
00_Optimized_Structure,a,0.0,0.15515649,-0.04275366062499994,0.0,-4.072397999296015,56,fixed_k3
00_Optimized_Structure,a,0.0,-0.1551334299999998,-0.03946702249999995,0.0,-3.889547229570214,56,fixed_k3
00_Optimized_Structure,a,0.0,-0.1512548059999998,-0.03946702249999995,0.0,-3.7182954364955796,56,fixed_k3
00_Optimized_Structure,a,0.0,-0.1473761819999998,-0.03946702249999995,0.0,-2.985693302080603,56,fixed_k3
00_Optimized_Structure,a,0.0,-0.1434975579999998,-0.03946702249999995,0.0,-0.5248337258095246,56,fixed_k3
00_Optimized_Structure,a,0.0,-0.1396189339999998,-0.03946702249999995,0.0,8.897330638022767,56,fixed_k3
00_Optimized_Structure,a,0.0,-0.1357403099999998,-0.03946702249999995,0.0,65.78410164073262,56,fixed_k3
00_Optimized_Structure,a,0.0,-0.1318616859999998,-0.03946702249999995,0.0,1485.9282460830173,56,fixed_k3
00_Optimized_Structure,a,0.0,-0.12798306199999981,-0.03946702249999995,0.0,3457.212391948079,56,fixed_k3
00_Optimized_Structure,a,0.0,-0.12410443799999982,-0.03946702249999995,0.0,137.60057121011667,56,fixed_k3
00_Optimized_Structure,a,0.0,-0.12022581399999982,-0.03946702249999995,0.0,23.956882088065075,56,fixed_k3
00_Optimized_Structure,a,0.0,-0.11634718999999982,-0.03946702249999995,0.0,1.788052925457352,56,fixed_k3
00_Optimized_Structure,a,0.0,-0.11246856599999983,-0.03946702249999995,0.0,-5.250659667305692,56,fixed_k3
00_Optimized_Structure,a,0.0,-0.10858994199999983,-0.03946702249999995,0.0,-6.823387126528478,56,fixed_k3
00_Optimized_Structure,a,0.0,-0.10471131799999983,-0.03946702249999995,0.0,-5.28045594238701,56,fixed_k3
00_Optimized_Structure,a,0.0,-0.10083269399999983,-0.03946702249999995,0.0,-2.8194698457349574,56,fixed_k3
00_Optimized_Structure,a,0.0,-0.09695406999999984,-0.03946702249999995,0.0,-1.8142044988959471,56,fixed_k3
00_Optimized_Structure,a,0.0,-0.09307544599999984,-0.03946702249999995,0.0,-2.600255251421477,56,fixed_k3
00_Optimized_Structure,a,0.0,-0.08919682199999984,-0.03946702249999995,0.0,-3.748318131432268,56,fixed_k3
00_Optimized_Structure,a,0.0,-0.08531819799999985,-0.03946702249999995,0.0,-4.265832518022997,56,fixed_k3
00_Optimized_Structure,a,0.0,-0.08143957399999985,-0.03946702249999995,0.0,-4.131474041009219,56,fixed_k3
00_Optimized_Structure,a,0.0,-0.07756094999999985,-0.03946702249999995,0.0,-3.666658961193069,56,fixed_k3
00_Optimized_Structure,a,0.0,-0.07368232599999985,-0.03946702249999995,0.0,-3.1240026162897374,56,fixed_k3
00_Optimized_Structure,a,0.0,-0.06980370199999986,-0.03946702249999995,0.0,-2.6234104684821222,56,fixed_k3
00_Optimized_Structure,a,0.0,-0.06592507799999986,-0.03946702249999995,0.0,-2.20093993861428,56,fixed_k3
00_Optimized_Structure,a,0.0,-0.06204645399999986,-0.03946702249999995,0.0,-1.8556481592940206,56,fixed_k3
00_Optimized_Structure,a,0.0,-0.058167829999999865,-0.03946702249999995,0.0,-1.5749195930089246,56,fixed_k3
00_Optimized_Structure,a,0.0,-0.05428920599999987,-0.03946702249999995,0.0,-1.34498956695199,56,fixed_k3
00_Optimized_Structure,a,0.0,-0.05041058199999987,-0.03946702249999995,0.0,-1.1542608849531453,56,fixed_k3
00_Optimized_Structure,a,0.0,-0.04653195799999987,-0.03946702249999995,0.0,-0.9937469618280791,56,fixed_k3
00_Optimized_Structure,a,0.0,-0.042653333999999876,-0.03946702249999995,0.0,-0.8566146298470212,56,fixed_k3
00_Optimized_Structure,a,0.0,-0.03877470999999988,-0.03946702249999995,0.0,-0.7376001925276477,56,fixed_k3
00_Optimized_Structure,a,0.0,-0.03489608599999988,-0.03946702249999995,0.0,-0.6325500804218145,56,fixed_k3
00_Optimized_Structure,a,0.0,-0.031017461999999885,-0.03946702249999995,0.0,-0.5381337827144976,56,fixed_k3
00_Optimized_Structure,a,0.0,-0.027138837999999887,-0.03946702249999995,0.0,-0.4517060783654677,56,fixed_k3
00_Optimized_Structure,a,0.0,-0.02326021399999989,-0.03946702249999995,0.0,-0.3712749643653398,56,fixed_k3
00_Optimized_Structure,a,0.0,-0.019381589999999893,-0.03946702249999995,0.0,-0.29552764640643514,56,fixed_k3
00_Optimized_Structure,a,0.0,-0.015502965999999896,-0.03946702249999995,0.0,-0.2238681303396617,56,fixed_k3
00_Optimized_Structure,a,0.0,-0.011624341999999899,-0.03946702249999995,0.0,-0.15642419043851352,56,fixed_k3
00_Optimized_Structure,a,0.0,-0.0077457179999999015,-0.03946702249999995,0.0,-0.09398991658878719,56,fixed_k3
00_Optimized_Structure,a,0.0,-0.0038670939999999043,-0.03946702249999995,0.0,-0.03788388110530727,56,fixed_k3
00_Optimized_Structure,a,0.0,1.1530000000092855e-05,-0.03946702249999995,0.0,0.010278302410828832,56,fixed_k3
00_Optimized_Structure,a,0.0,0.00389015400000009,-0.03946702249999995,0.0,0.04887762628500014,56,fixed_k3
00_Optimized_Structure,a,0.0,0.007768778000000087,-0.03946702249999995,0.0,0.07661452586090745,56,fixed_k3
00_Optimized_Structure,a,0.0,0.011647402000000084,-0.03946702249999995,0.0,0.09281438961718269,56,fixed_k3
00_Optimized_Structure,a,0.0,0.015526026000000082,-0.03946702249999995,0.0,0.09767094716266467,56,fixed_k3
00_Optimized_Structure,a,0.0,0.01940465000000008,-0.03946702249999995,0.0,0.09239529613462483,56,fixed_k3
00_Optimized_Structure,a,0.0,0.023283274000000076,-0.03946702249999995,0.0,0.07925783770200534,56,fixed_k3
00_Optimized_Structure,a,0.0,0.027161898000000073,-0.03946702249999995,0.0,0.06153098606579255,56,fixed_k3
00_Optimized_Structure,a,0.0,0.03104052200000007,-0.03946702249999995,0.0,0.043356509775136276,56,fixed_k3
00_Optimized_Structure,a,0.0,0.03491914600000007,-0.03946702249999995,0.0,0.029568876820503798,56,fixed_k3
00_Optimized_Structure,a,0.0,0.038797770000000065,-0.03946702249999995,0.0,0.025503264385704827,56,fixed_k3
00_Optimized_Structure,a,0.0,0.04267639400000006,-0.03946702249999995,0.0,0.03680313114430689,56,fixed_k3
00_Optimized_Structure,a,0.0,0.04655501800000006,-0.03946702249999995,0.0,0.06921491416325898,56,fixed_k3
00_Optimized_Structure,a,0.0,0.050433642000000056,-0.03946702249999995,0.0,0.1283080046907521,56,fixed_k3
00_Optimized_Structure,a,0.0,0.05431226600000005,-0.03946702249999995,0.0,0.21896478806024922,56,fixed_k3
00_Optimized_Structure,a,0.0,0.05819089000000005,-0.03946702249999995,0.0,0.34429888965731525,56,fixed_k3
00_Optimized_Structure,a,0.0,0.06206951400000005,-0.03946702249999995,0.0,0.5032767744249174,56,fixed_k3
00_Optimized_Structure,a,0.0,0.06594813800000005,-0.03946702249999995,0.0,0.6855404397872997,56,fixed_k3
00_Optimized_Structure,a,0.0,0.06982676200000004,-0.03946702249999995,0.0,0.8604424568300053,56,fixed_k3
00_Optimized_Structure,a,0.0,0.07370538600000004,-0.03946702249999995,0.0,0.9549011949037913,56,fixed_k3
00_Optimized_Structure,a,0.0,0.07758401000000004,-0.03946702249999995,0.0,0.8127050681313417,56,fixed_k3
00_Optimized_Structure,a,0.0,0.08146263400000003,-0.03946702249999995,0.0,0.13499900517309027,56,fixed_k3
00_Optimized_Structure,a,0.0,0.08534125800000003,-0.03946702249999995,0.0,-1.551199470375069,56,fixed_k3
00_Optimized_Structure,a,0.0,0.08921988200000003,-0.03946702249999995,0.0,-4.7057600690433015,56,fixed_k3
00_Optimized_Structure,a,0.0,0.09309850600000003,-0.03946702249999995,0.0,-9.030670344067675,56,fixed_k3
00_Optimized_Structure,a,0.0,0.09697713000000002,-0.03946702249999995,0.0,-12.464179596652915,56,fixed_k3
00_Optimized_Structure,a,0.0,0.10085575400000002,-0.03946702249999995,0.0,-12.080538388784149,56,fixed_k3
00_Optimized_Structure,a,0.0,0.10473437800000002,-0.03946702249999995,0.0,-7.484688086721885,56,fixed_k3
00_Optimized_Structure,a,0.0,0.10861300200000001,-0.03946702249999995,0.0,-1.2273197329379126,56,fixed_k3
00_Optimized_Structure,a,0.0,0.11249162600000001,-0.03946702249999995,0.0,5.0359484262908465,56,fixed_k3
00_Optimized_Structure,a,0.0,0.11637025000000001,-0.03946702249999995,0.0,13.290187967332683,56,fixed_k3
00_Optimized_Structure,a,0.0,0.120248874,-0.03946702249999995,0.0,33.81473961791866,56,fixed_k3
00_Optimized_Structure,a,0.0,0.124127498,-0.03946702249999995,0.0,136.6781454994878,56,fixed_k3
00_Optimized_Structure,a,0.0,0.128006122,-0.03946702249999995,0.0,2855.0159371967334,56,fixed_k3
00_Optimized_Structure,a,0.0,0.131884746,-0.03946702249999995,0.0,1485.351000834141,56,fixed_k3
00_Optimized_Structure,a,0.0,0.13576337,-0.03946702249999995,0.0,68.00004172390825,56,fixed_k3
00_Optimized_Structure,a,0.0,0.139641994,-0.03946702249999995,0.0,9.754865600240725,56,fixed_k3
00_Optimized_Structure,a,0.0,0.143520618,-0.03946702249999995,0.0,-0.19395256416731915,56,fixed_k3
00_Optimized_Structure,a,0.0,0.14739924199999999,-0.03946702249999995,0.0,-2.81353519963627,56,fixed_k3
00_Optimized_Structure,a,0.0,0.15127786599999998,-0.03946702249999995,0.0,-3.5498482856766653,56,fixed_k3
00_Optimized_Structure,a,0.0,0.15515649,-0.03946702249999995,0.0,-3.660138849556849,56,fixed_k3
00_Optimized_Structure,a,0.0,-0.1551334299999998,-0.03618038437499996,0.0,-3.6394910527076343,56,fixed_k3
00_Optimized_Structure,a,0.0,-0.1512548059999998,-0.03618038437499996,0.0,-3.439833220082874,56,fixed_k3
00_Optimized_Structure,a,0.0,-0.1473761819999998,-0.03618038437499996,0.0,-2.6657579617369938,56,fixed_k3
00_Optimized_Structure,a,0.0,-0.1434975579999998,-0.03618038437499996,0.0,-0.10580644160106167,56,fixed_k3
00_Optimized_Structure,a,0.0,-0.1396189339999998,-0.03618038437499996,0.0,9.869611845159888,56,fixed_k3
00_Optimized_Structure,a,0.0,-0.1357403099999998,-0.03618038437499996,0.0,74.15501895323153,56,fixed_k3
00_Optimized_Structure,a,0.0,-0.1318616859999998,-0.03618038437499996,0.0,1980.3989688217825,56,fixed_k3
00_Optimized_Structure,a,0.0,-0.12798306199999981,-0.03618038437499996,0.0,1430.427112557717,56,fixed_k3
00_Optimized_Structure,a,0.0,-0.12410443799999982,-0.03618038437499996,0.0,94.49094831240102,56,fixed_k3
00_Optimized_Structure,a,0.0,-0.12022581399999982,-0.03618038437499996,0.0,17.38247131844886,56,fixed_k3
00_Optimized_Structure,a,0.0,-0.11634718999999982,-0.03618038437499996,0.0,0.24410096360360745,56,fixed_k3
00_Optimized_Structure,a,0.0,-0.11246856599999983,-0.03618038437499996,0.0,-5.6509501086935,56,fixed_k3
00_Optimized_Structure,a,0.0,-0.10858994199999983,-0.03618038437499996,0.0,-7.053099928350253,56,fixed_k3
00_Optimized_Structure,a,0.0,-0.10471131799999983,-0.03618038437499996,0.0,-5.539254550801971,56,fixed_k3
00_Optimized_Structure,a,0.0,-0.10083269399999983,-0.03618038437499996,0.0,-2.947568489154695,56,fixed_k3
00_Optimized_Structure,a,0.0,-0.09695406999999984,-0.03618038437499996,0.0,-1.7213679959860715,56,fixed_k3
00_Optimized_Structure,a,0.0,-0.09307544599999984,-0.03618038437499996,0.0,-2.425818819346124,56,fixed_k3
00_Optimized_Structure,a,0.0,-0.08919682199999984,-0.03618038437499996,0.0,-3.615237867376194,56,fixed_k3
00_Optimized_Structure,a,0.0,-0.08531819799999985,-0.03618038437499996,0.0,-4.1834183032442755,56,fixed_k3
00_Optimized_Structure,a,0.0,-0.08143957399999985,-0.03618038437499996,0.0,-4.0724526341964005,56,fixed_k3
00_Optimized_Structure,a,0.0,-0.07756094999999985,-0.03618038437499996,0.0,-3.6136438727595857,56,fixed_k3
00_Optimized_Structure,a,0.0,-0.07368232599999985,-0.03618038437499996,0.0,-3.071536924740413,56,fixed_k3
00_Optimized_Structure,a,0.0,-0.06980370199999986,-0.03618038437499996,0.0,-2.5712130830114717,56,fixed_k3
00_Optimized_Structure,a,0.0,-0.06592507799999986,-0.03618038437499996,0.0,-2.15001914756729,56,fixed_k3
00_Optimized_Structure,a,0.0,-0.06204645399999986,-0.03618038437499996,0.0,-1.8070113252053468,56,fixed_k3
00_Optimized_Structure,a,0.0,-0.058167829999999865,-0.03618038437499996,0.0,-1.529333420418522,56,fixed_k3
00_Optimized_Structure,a,0.0,-0.05428920599999987,-0.03618038437499996,0.0,-1.303017787204244,56,fixed_k3
00_Optimized_Structure,a,0.0,-0.05041058199999987,-0.03618038437499996,0.0,-1.1163285791582833,56,fixed_k3
00_Optimized_Structure,a,0.0,-0.04653195799999987,-0.03618038437499996,0.0,-0.9601787589545865,56,fixed_k3
00_Optimized_Structure,a,0.0,-0.042653333999999876,-0.03618038437499996,0.0,-0.8276481485635515,56,fixed_k3
00_Optimized_Structure,a,0.0,-0.03877470999999988,-0.03618038437499996,0.0,-0.713384556365231,56,fixed_k3
00_Optimized_Structure,a,0.0,-0.03489608599999988,-0.03618038437499996,0.0,-0.613137379992136,56,fixed_k3
00_Optimized_Structure,a,0.0,-0.031017461999999885,-0.03618038437499996,0.0,-0.5234686986910104,56,fixed_k3
00_Optimized_Structure,a,0.0,-0.027138837999999887,-0.03618038437499996,0.0,-0.44161720557989537,56,fixed_k3
00_Optimized_Structure,a,0.0,-0.02326021399999989,-0.03618038437499996,0.0,-0.3654704286466386,56,fixed_k3
00_Optimized_Structure,a,0.0,-0.019381589999999893,-0.03618038437499996,0.0,-0.29359689700358993,56,fixed_k3
00_Optimized_Structure,a,0.0,-0.015502965999999896,-0.03618038437499996,0.0,-0.22529100199449326,56,fixed_k3
00_Optimized_Structure,a,0.0,-0.011624341999999899,-0.03618038437499996,0.0,-0.16058735039557837,56,fixed_k3
00_Optimized_Structure,a,0.0,-0.0077457179999999015,-0.03618038437499996,0.0,-0.10020971663318967,56,fixed_k3
00_Optimized_Structure,a,0.0,-0.0038670939999999043,-0.03618038437499996,0.0,-0.045433627739185356,56,fixed_k3
00_Optimized_Structure,a,0.0,1.1530000000092855e-05,-0.03618038437499996,0.0,0.002139313257634168,56,fixed_k3
00_Optimized_Structure,a,0.0,0.00389015400000009,-0.03618038437499996,0.0,0.040876096389841576,56,fixed_k3
00_Optimized_Structure,a,0.0,0.007768778000000087,-0.03618038437499996,0.0,0.06943850701351906,56,fixed_k3
00_Optimized_Structure,a,0.0,0.011647402000000084,-0.03618038437499996,0.0,0.08709347037093451,56,fixed_k3
00_Optimized_Structure,a,0.0,0.015526026000000082,-0.03618038437499996,0.0,0.09396172292426064,56,fixed_k3
00_Optimized_Structure,a,0.0,0.01940465000000008,-0.03618038437499996,0.0,0.09117172132375628,56,fixed_k3
00_Optimized_Structure,a,0.0,0.023283274000000076,-0.03618038437499996,0.0,0.08090561577279265,56,fixed_k3
00_Optimized_Structure,a,0.0,0.027161898000000073,-0.03618038437499996,0.0,0.06634521890569223,56,fixed_k3
00_Optimized_Structure,a,0.0,0.03104052200000007,-0.03618038437499996,0.0,0.05154239208909095,56,fixed_k3
00_Optimized_Structure,a,0.0,0.03491914600000007,-0.03618038437499996,0.0,0.04124624550721956,56,fixed_k3
00_Optimized_Structure,a,0.0,0.038797770000000065,-0.03618038437499996,0.0,0.04071733366399943,56,fixed_k3
00_Optimized_Structure,a,0.0,0.04267639400000006,-0.03618038437499996,0.0,0.05554595236283899,56,fixed_k3
00_Optimized_Structure,a,0.0,0.04655501800000006,-0.03618038437499996,0.0,0.09146537299946988,56,fixed_k3
00_Optimized_Structure,a,0.0,0.050433642000000056,-0.03618038437499996,0.0,0.1541030058461551,56,fixed_k3
00_Optimized_Structure,a,0.0,0.05431226600000005,-0.03618038437499996,0.0,0.2485209513924297,56,fixed_k3
00_Optimized_Structure,a,0.0,0.05819089000000005,-0.03618038437499996,0.0,0.3782114586058527,56,fixed_k3
00_Optimized_Structure,a,0.0,0.06206951400000005,-0.03618038437499996,0.0,0.54282442491282,56,fixed_k3
00_Optimized_Structure,a,0.0,0.06594813800000005,-0.03618038437499996,0.0,0.7331006619323746,56,fixed_k3
00_Optimized_Structure,a,0.0,0.06982676200000004,-0.03618038437499996,0.0,0.9199152762297322,56,fixed_k3
00_Optimized_Structure,a,0.0,0.07370538600000004,-0.03618038437499996,0.0,1.0317248219528852,56,fixed_k3
00_Optimized_Structure,a,0.0,0.07758401000000004,-0.03618038437499996,0.0,0.9123866475521811,56,fixed_k3
00_Optimized_Structure,a,0.0,0.08146263400000003,-0.03618038437499996,0.0,0.25859488974332523,56,fixed_k3
00_Optimized_Structure,a,0.0,0.08534125800000003,-0.03618038437499996,0.0,-1.412449020731829,56,fixed_k3
00_Optimized_Structure,a,0.0,0.08921988200000003,-0.03618038437499996,0.0,-4.55460760787653,56,fixed_k3
00_Optimized_Structure,a,0.0,0.09309850600000003,-0.03618038437499996,0.0,-8.777037508459056,56,fixed_k3
00_Optimized_Structure,a,0.0,0.09697713000000002,-0.03618038437499996,0.0,-11.82515573922363,56,fixed_k3
00_Optimized_Structure,a,0.0,0.10085575400000002,-0.03618038437499996,0.0,-10.814254620724432,56,fixed_k3
00_Optimized_Structure,a,0.0,0.10473437800000002,-0.03618038437499996,0.0,-5.86506400265619,56,fixed_k3
00_Optimized_Structure,a,0.0,0.10861300200000001,-0.03618038437499996,0.0,0.09184724387614362,56,fixed_k3
00_Optimized_Structure,a,0.0,0.11249162600000001,-0.03618038437499996,0.0,5.441415509808864,56,fixed_k3
00_Optimized_Structure,a,0.0,0.11637025000000001,-0.03618038437499996,0.0,11.89236699943024,56,fixed_k3
00_Optimized_Structure,a,0.0,0.120248874,-0.03618038437499996,0.0,27.14012619191998,56,fixed_k3
00_Optimized_Structure,a,0.0,0.124127498,-0.03618038437499996,0.0,96.47183646986312,56,fixed_k3
00_Optimized_Structure,a,0.0,0.128006122,-0.03618038437499996,0.0,1239.6893219709953,56,fixed_k3
00_Optimized_Structure,a,0.0,0.131884746,-0.03618038437499996,0.0,1941.5007315310277,56,fixed_k3
00_Optimized_Structure,a,0.0,0.13576337,-0.03618038437499996,0.0,76.88108203340751,56,fixed_k3
00_Optimized_Structure,a,0.0,0.139641994,-0.03618038437499996,0.0,10.986208761309094,56,fixed_k3
00_Optimized_Structure,a,0.0,0.143520618,-0.03618038437499996,0.0,0.425911795349623,56,fixed_k3
00_Optimized_Structure,a,0.0,0.14739924199999999,-0.03618038437499996,0.0,-2.310724038642478,56,fixed_k3
00_Optimized_Structure,a,0.0,0.15127786599999998,-0.03618038437499996,0.0,-3.100175380075485,56,fixed_k3
00_Optimized_Structure,a,0.0,0.15515649,-0.03618038437499996,0.0,-3.250882215417624,56,fixed_k3
00_Optimized_Structure,a,0.0,-0.1551334299999998,-0.03289374624999995,0.0,-3.3876669476490573,56,fixed_k3
00_Optimized_Structure,a,0.0,-0.1512548059999998,-0.03289374624999995,0.0,-3.168532888365316,56,fixed_k3
00_Optimized_Structure,a,0.0,-0.1473761819999998,-0.03289374624999995,0.0,-2.3736759731410193,56,fixed_k3
00_Optimized_Structure,a,0.0,-0.1434975579999998,-0.03289374624999995,0.0,0.22995825430170025,56,fixed_k3
00_Optimized_Structure,a,0.0,-0.1396189339999998,-0.03289374624999995,0.0,10.569006521272428,56,fixed_k3
00_Optimized_Structure,a,0.0,-0.1357403099999998,-0.03289374624999995,0.0,81.39458460553041,56,fixed_k3
00_Optimized_Structure,a,0.0,-0.1318616859999998,-0.03289374624999995,0.0,2257.6716729834966,56,fixed_k3
00_Optimized_Structure,a,0.0,-0.12798306199999981,-0.03289374624999995,0.0,714.2091260030585,56,fixed_k3
00_Optimized_Structure,a,0.0,-0.12410443799999982,-0.03289374624999995,0.0,66.14893675081709,56,fixed_k3
00_Optimized_Structure,a,0.0,-0.12022581399999982,-0.03289374624999995,0.0,12.423930207697953,56,fixed_k3
00_Optimized_Structure,a,0.0,-0.11634718999999982,-0.03289374624999995,0.0,-0.9792791670285936,56,fixed_k3
00_Optimized_Structure,a,0.0,-0.11246856599999983,-0.03289374624999995,0.0,-5.958983212647777,56,fixed_k3
00_Optimized_Structure,a,0.0,-0.10858994199999983,-0.03289374624999995,0.0,-7.2174225051630305,56,fixed_k3
00_Optimized_Structure,a,0.0,-0.10471131799999983,-0.03289374624999995,0.0,-5.733120202689204,56,fixed_k3
00_Optimized_Structure,a,0.0,-0.10083269399999983,-0.03289374624999995,0.0,-3.0234785642746393,56,fixed_k3
00_Optimized_Structure,a,0.0,-0.09695406999999984,-0.03289374624999995,0.0,-1.5819941008023413,56,fixed_k3
00_Optimized_Structure,a,0.0,-0.09307544599999984,-0.03289374624999995,0.0,-2.2063705990142095,56,fixed_k3
00_Optimized_Structure,a,0.0,-0.08919682199999984,-0.03289374624999995,0.0,-3.446266831797895,56,fixed_k3
00_Optimized_Structure,a,0.0,-0.08531819799999985,-0.03289374624999995,0.0,-4.077024733820579,56,fixed_k3
00_Optimized_Structure,a,0.0,-0.08143957399999985,-0.03289374624999995,0.0,-3.998817238754045,56,fixed_k3
00_Optimized_Structure,a,0.0,-0.07756094999999985,-0.03289374624999995,0.0,-3.552001019342324,56,fixed_k3
00_Optimized_Structure,a,0.0,-0.07368232599999985,-0.03289374624999995,0.0,-3.013875600257578,56,fixed_k3
00_Optimized_Structure,a,0.0,-0.06980370199999986,-0.03289374624999995,0.0,-2.5156297953144224,56,fixed_k3
00_Optimized_Structure,a,0.0,-0.06592507799999986,-0.03289374624999995,0.0,-2.0965857762098676,56,fixed_k3
00_Optimized_Structure,a,0.0,-0.06204645399999986,-0.03289374624999995,0.0,-1.756235723983174,56,fixed_k3
00_Optimized_Structure,a,0.0,-0.058167829999999865,-0.03289374624999995,0.0,-1.4817379363952963,56,fixed_k3
00_Optimized_Structure,a,0.0,-0.05428920599999987,-0.03289374624999995,0.0,-1.2590608832613344,56,fixed_k3
00_Optimized_Structure,a,0.0,-0.05041058199999987,-0.03289374624999995,0.0,-1.076400739608416,56,fixed_k3
00_Optimized_Structure,a,0.0,-0.04653195799999987,-0.03289374624999995,0.0,-0.9246026142352292,56,fixed_k3
00_Optimized_Structure,a,0.0,-0.042653333999999876,-0.03289374624999995,0.0,-0.7966718006768964,56,fixed_k3
00_Optimized_Structure,a,0.0,-0.03877470999999988,-0.03289374624999995,0.0,-0.6871701195716213,56,fixed_k3
00_Optimized_Structure,a,0.0,-0.03489608599999988,-0.03289374624999995,0.0,-0.5917479914869981,56,fixed_k3
00_Optimized_Structure,a,0.0,-0.031017461999999885,-0.03289374624999995,0.0,-0.5068565733504167,56,fixed_k3
00_Optimized_Structure,a,0.0,-0.027138837999999887,-0.03289374624999995,0.0,-0.4296147905916834,56,fixed_k3
00_Optimized_Structure,a,0.0,-0.02326021399999989,-0.03289374624999995,0.0,-0.3577864233554192,56,fixed_k3
00_Optimized_Structure,a,0.0,-0.019381589999999893,-0.03289374624999995,0.0,-0.28981857221121454,56,fixed_k3
00_Optimized_Structure,a,0.0,-0.015502965999999896,-0.03289374624999995,0.0,-0.2248936898656132,56,fixed_k3
00_Optimized_Structure,a,0.0,-0.011624341999999899,-0.03289374624999995,0.0,-0.1629511412975373,56,fixed_k3
00_Optimized_Structure,a,0.0,-0.0077457179999999015,-0.03289374624999995,0.0,-0.10464240063371721,56,fixed_k3
00_Optimized_Structure,a,0.0,-0.0038670939999999043,-0.03289374624999995,0.0,-0.05119797367619272,56,fixed_k3
00_Optimized_Structure,a,0.0,1.1530000000092855e-05,-0.03289374624999995,0.0,-0.00420351512686179,56,fixed_k3
00_Optimized_Structure,a,0.0,0.00389015400000009,-0.03289374624999995,0.0,0.03469572544063304,56,fixed_k3
00_Optimized_Structure,a,0.0,0.007768778000000087,-0.03289374624999995,0.0,0.06412425772289265,56,fixed_k3
00_Optimized_Structure,a,0.0,0.011647402000000084,-0.03289374624999995,0.0,0.08329129002205304,56,fixed_k3
00_Optimized_Structure,a,0.0,0.015526026000000082,-0.03289374624999995,0.0,0.09224447143016545,56,fixed_k3
00_Optimized_Structure,a,0.0,0.01940465000000008,-0.03289374624999995,0.0,0.09202853840065783,56,fixed_k3
00_Optimized_Structure,a,0.0,0.023283274000000076,-0.03289374624999995,0.0,0.08473526601962311,56,fixed_k3
00_Optimized_Structure,a,0.0,0.027161898000000073,-0.03289374624999995,0.0,0.07345271014934307,56,fixed_k3
00_Optimized_Structure,a,0.0,0.03104052200000007,-0.03289374624999995,0.0,0.06213869515678194,56,fixed_k3
00_Optimized_Structure,a,0.0,0.03491914600000007,-0.03289374624999995,0.0,0.055451930689707885,56,fixed_k3
00_Optimized_Structure,a,0.0,0.038797770000000065,-0.03289374624999995,0.0,0.05857243794726308,56,fixed_k3
00_Optimized_Structure,a,0.0,0.04267639400000006,-0.03289374624999995,0.0,0.07703062535027594,56,fixed_k3
00_Optimized_Structure,a,0.0,0.04655501800000006,-0.03289374624999995,0.0,0.11653925608818472,56,fixed_k3
00_Optimized_Structure,a,0.0,0.050433642000000056,-0.03289374624999995,0.0,0.18277650532011658,56,fixed_k3
00_Optimized_Structure,a,0.0,0.05431226600000005,-0.03289374624999995,0.0,0.2809791377851225,56,fixed_k3
00_Optimized_Structure,a,0.0,0.05819089000000005,-0.03289374624999995,0.0,0.41502079144203896,56,fixed_k3
00_Optimized_Structure,a,0.0,0.06206951400000005,-0.03289374624999995,0.0,0.5852592140165245,56,fixed_k3
00_Optimized_Structure,a,0.0,0.06594813800000005,-0.03289374624999995,0.0,0.783612425053785,56,fixed_k3
00_Optimized_Structure,a,0.0,0.06982676200000004,-0.03289374624999995,0.0,0.9826819462469596,56,fixed_k3
00_Optimized_Structure,a,0.0,0.07370538600000004,-0.03289374624999995,0.0,1.1129381213039828,56,fixed_k3
00_Optimized_Structure,a,0.0,0.07758401000000004,-0.03289374624999995,0.0,1.019313766995745,56,fixed_k3
00_Optimized_Structure,a,0.0,0.08146263400000003,-0.03289374624999995,0.0,0.39592195474024106,56,fixed_k3
00_Optimized_Structure,a,0.0,0.08534125800000003,-0.03289374624999995,0.0,-1.247069369928349,56,fixed_k3
00_Optimized_Structure,a,0.0,0.08921988200000003,-0.03289374624999995,0.0,-4.355232570520583,56,fixed_k3
00_Optimized_Structure,a,0.0,0.09309850600000003,-0.03289374624999995,0.0,-8.449807561904215,56,fixed_k3
00_Optimized_Structure,a,0.0,0.09697713000000002,-0.03289374624999995,0.0,-11.114237886482721,56,fixed_k3
00_Optimized_Structure,a,0.0,0.10085575400000002,-0.03289374624999995,0.0,-9.558806960541393,56,fixed_k3
00_Optimized_Structure,a,0.0,0.10473437800000002,-0.03289374624999995,0.0,-4.398088890786053,56,fixed_k3
00_Optimized_Structure,a,0.0,0.10861300200000001,-0.03289374624999995,0.0,1.178174156209765,56,fixed_k3
00_Optimized_Structure,a,0.0,0.11249162600000001,-0.03289374624999995,0.0,5.679578476364585,56,fixed_k3
00_Optimized_Structure,a,0.0,0.11637025000000001,-0.03289374624999995,0.0,10.64434221652178,56,fixed_k3
00_Optimized_Structure,a,0.0,0.120248874,-0.03289374624999995,0.0,21.941524201099323,56,fixed_k3
00_Optimized_Structure,a,0.0,0.124127498,-0.03289374624999995,0.0,69.65987196614579,56,fixed_k3
00_Optimized_Structure,a,0.0,0.128006122,-0.03289374624999995,0.0,640.0076101648069,56,fixed_k3
00_Optimized_Structure,a,0.0,0.131884746,-0.03289374624999995,0.0,2171.4542128044045,56,fixed_k3
00_Optimized_Structure,a,0.0,0.13576337,-0.03289374624999995,0.0,84.80002202406415,56,fixed_k3
00_Optimized_Structure,a,0.0,0.139641994,-0.03289374624999995,0.0,11.960994493426751,56,fixed_k3
00_Optimized_Structure,a,0.0,0.143520618,-0.03289374624999995,0.0,0.9575643030233427,56,fixed_k3
00_Optimized_Structure,a,0.0,0.14739924199999999,-0.03289374624999995,0.0,-1.8439523755773923,56,fixed_k3
00_Optimized_Structure,a,0.0,0.15127786599999998,-0.03289374624999995,0.0,-2.6656091796499344,56,fixed_k3
00_Optimized_Structure,a,0.0,0.15515649,-0.03289374624999995,0.0,-2.846757504183007,56,fixed_k3
00_Optimized_Structure,a,0.0,-0.1551334299999998,-0.029607108124999948,0.0,-3.133856997211052,56,fixed_k3
00_Optimized_Structure,a,0.0,-0.1512548059999998,-0.029607108124999948,0.0,-2.9043668024505735,56,fixed_k3
00_Optimized_Structure,a,0.0,-0.1473761819999998,-0.029607108124999948,0.0,-2.1104222752400945,56,fixed_k3
00_Optimized_Structure,a,0.0,-0.1434975579999998,-0.029607108124999948,0.0,0.4756121066215736,56,fixed_k3
00_Optimized_Structure,a,0.0,-0.1396189339999998,-0.029607108124999948,0.0,10.942355182568289,56,fixed_k3
00_Optimized_Structure,a,0.0,-0.1357403099999998,-0.029607108124999948,0.0,86.67210027061061,56,fixed_k3
00_Optimized_Structure,a,0.0,-0.1318616859999998,-0.029607108124999948,0.0,2122.001038195513,56,fixed_k3
00_Optimized_Structure,a,0.0,-0.12798306199999981,-0.029607108124999948,0.0,402.58715790581607,56,fixed_k3
00_Optimized_Structure,a,0.0,-0.12410443799999982,-0.029607108124999948,0.0,47.0431009107171,56,fixed_k3
00_Optimized_Structure,a,0.0,-0.12022581399999982,-0.029607108124999948,0.0,8.673459132528595,56,fixed_k3
00_Optimized_Structure,a,0.0,-0.11634718999999982,-0.029607108124999948,0.0,-1.936027163372461,56,fixed_k3
00_Optimized_Structure,a,0.0,-0.11246856599999983,-0.029607108124999948,0.0,-6.180866469242986,56,fixed_k3
00_Optimized_Structure,a,0.0,-0.10858994199999983,-0.029607108124999948,0.0,-7.316154307188466,56,fixed_k3
00_Optimized_Structure,a,0.0,-0.10471131799999983,-0.029607108124999948,0.0,-5.858095920851041,56,fixed_k3
00_Optimized_Structure,a,0.0,-0.10083269399999983,-0.029607108124999948,0.0,-3.040860656748289,56,fixed_k3
00_Optimized_Structure,a,0.0,-0.09695406999999984,-0.029607108124999948,0.0,-1.3919131081980405,56,fixed_k3
00_Optimized_Structure,a,0.0,-0.09307544599999984,-0.029607108124999948,0.0,-1.9398397940516534,56,fixed_k3
00_Optimized_Structure,a,0.0,-0.08919682199999984,-0.029607108124999948,0.0,-3.240049726414914,56,fixed_k3
00_Optimized_Structure,a,0.0,-0.08531819799999985,-0.029607108124999948,0.0,-3.945738221725431,56,fixed_k3
00_Optimized_Structure,a,0.0,-0.08143957399999985,-0.029607108124999948,0.0,-3.9100674009307053,56,fixed_k3
00_Optimized_Structure,a,0.0,-0.07756094999999985,-0.029607108124999948,0.0,-3.4815294380700648,56,fixed_k3
00_Optimized_Structure,a,0.0,-0.07368232599999985,-0.029607108124999948,0.0,-2.9509936979308713,56,fixed_k3
00_Optimized_Structure,a,0.0,-0.06980370199999986,-0.029607108124999948,0.0,-2.4567290256461254,56,fixed_k3
00_Optimized_Structure,a,0.0,-0.06592507799999986,-0.029607108124999948,0.0,-2.0407567384777314,56,fixed_k3
00_Optimized_Structure,a,0.0,-0.06204645399999986,-0.029607108124999948,0.0,-1.7034640528258256,56,fixed_k3
00_Optimized_Structure,a,0.0,-0.058167829999999865,-0.029607108124999948,0.0,-1.4322896851769844,56,fixed_k3
00_Optimized_Structure,a,0.0,-0.05428920599999987,-0.029607108124999948,0.0,-1.2132821924468504,56,fixed_k3
00_Optimized_Structure,a,0.0,-0.05041058199999987,-0.029607108124999948,0.0,-1.0346427395473443,56,fixed_k3
00_Optimized_Structure,a,0.0,-0.04653195799999987,-0.029607108124999948,0.0,-0.8871824464865142,56,fixed_k3
00_Optimized_Structure,a,0.0,-0.042653333999999876,-0.029607108124999948,0.0,-0.7638454343504453,56,fixed_k3
00_Optimized_Structure,a,0.0,-0.03877470999999988,-0.029607108124999948,0.0,-0.6591107599008657,56,fixed_k3
00_Optimized_Structure,a,0.0,-0.03489608599999988,-0.029607108124999948,0.0,-0.5685285592313435,56,fixed_k3
00_Optimized_Structure,a,0.0,-0.031017461999999885,-0.029607108124999948,0.0,-0.4884361331257122,56,fixed_k3
00_Optimized_Structure,a,0.0,-0.027138837999999887,-0.029607108124999948,0.0,-0.4158294796950306,56,fixed_k3
00_Optimized_Structure,a,0.0,-0.02326021399999989,-0.029607108124999948,0.0,-0.3483458119933658,56,fixed_k3
00_Optimized_Structure,a,0.0,-0.019381589999999893,-0.029607108124999948,0.0,-0.2843084362905567,56,fixed_k3
00_Optimized_Structure,a,0.0,-0.015502965999999896,-0.029607108124999948,0.0,-0.22278584252353784,56,fixed_k3
00_Optimized_Structure,a,0.0,-0.011624341999999899,-0.029607108124999948,0.0,-0.16362028196911105,56,fixed_k3
00_Optimized_Structure,a,0.0,-0.0077457179999999015,-0.029607108124999948,0.0,-0.10738904281470252,56,fixed_k3
00_Optimized_Structure,a,0.0,-0.0038670939999999043,-0.029607108124999948,0.0,-0.05527563387152956,56,fixed_k3
00_Optimized_Structure,a,0.0,1.1530000000092855e-05,-0.029607108124999948,0.0,-0.008847740650294478,56,fixed_k3
00_Optimized_Structure,a,0.0,0.00389015400000009,-0.029607108124999948,0.0,0.030239051154904883,56,fixed_k3
00_Optimized_Structure,a,0.0,0.007768778000000087,-0.029607108124999948,0.0,0.060573518016900474,56,fixed_k3
00_Optimized_Structure,a,0.0,0.011647402000000084,-0.029607108124999948,0.0,0.0813080649825858,56,fixed_k3
00_Optimized_Structure,a,0.0,0.015526026000000082,-0.029607108124999948,0.0,0.09241730728185926,56,fixed_k3
00_Optimized_Structure,a,0.0,0.01940465000000008,-0.029607108124999948,0.0,0.09486130423154782,56,fixed_k3
00_Optimized_Structure,a,0.0,0.023283274000000076,-0.029607108124999948,0.0,0.0906394360121815,56,fixed_k3
00_Optimized_Structure,a,0.0,0.027161898000000073,-0.029607108124999948,0.0,0.08274295034785184,56,fixed_k3
00_Optimized_Structure,a,0.0,0.03104052200000007,-0.029607108124999948,0.0,0.07503162933041141,56,fixed_k3
00_Optimized_Structure,a,0.0,0.03491914600000007,-0.029607108124999948,0.0,0.07206890219860962,56,fixed_k3
00_Optimized_Structure,a,0.0,0.038797770000000065,-0.029607108124999948,0.0,0.07894855251298993,56,fixed_k3
00_Optimized_Structure,a,0.0,0.04267639400000006,-0.029607108124999948,0.0,0.10113460655251427,56,fixed_k3
00_Optimized_Structure,a,0.0,0.04655501800000006,-0.029607108124999948,0.0,0.14431216305099348,56,fixed_k3
00_Optimized_Structure,a,0.0,0.050433642000000056,-0.029607108124999948,0.0,0.21420289550489935,56,fixed_k3
00_Optimized_Structure,a,0.0,0.05431226600000005,-0.029607108124999948,0.0,0.3162126502580611,56,fixed_k3
00_Optimized_Structure,a,0.0,0.05819089000000005,-0.029607108124999948,0.0,0.4545975522489495,56,fixed_k3
00_Optimized_Structure,a,0.0,0.06206951400000005,-0.029607108124999948,0.0,0.6304437295324391,56,fixed_k3
00_Optimized_Structure,a,0.0,0.06594813800000005,-0.029607108124999948,0.0,0.8369170882336368,56,fixed_k3
00_Optimized_Structure,a,0.0,0.06982676200000004,-0.029607108124999948,0.0,1.0485365140945837,56,fixed_k3
00_Optimized_Structure,a,0.0,0.07370538600000004,-0.029607108124999948,0.0,1.19824585860702,56,fixed_k3
00_Optimized_Structure,a,0.0,0.07758401000000004,-0.029607108124999948,0.0,1.133055473913907,56,fixed_k3
00_Optimized_Structure,a,0.0,0.08146263400000003,-0.029607108124999948,0.0,0.5464014205941854,56,fixed_k3
00_Optimized_Structure,a,0.0,0.08534125800000003,-0.029607108124999948,0.0,-1.05579394705452,56,fixed_k3
00_Optimized_Structure,a,0.0,0.08921988200000003,-0.029607108124999948,0.0,-4.109205857307756,56,fixed_k3
00_Optimized_Structure,a,0.0,0.09309850600000003,-0.029607108124999948,0.0,-8.054919471485013,56,fixed_k3
00_Optimized_Structure,a,0.0,0.09697713000000002,-0.029607108124999948,0.0,-10.34734873820331,56,fixed_k3
00_Optimized_Structure,a,0.0,0.10085575400000002,-0.029607108124999948,0.0,-8.332427764395344,56,fixed_k3
00_Optimized_Structure,a,0.0,0.10473437800000002,-0.029607108124999948,0.0,-3.0765272739404947,56,fixed_k3
00_Optimized_Structure,a,0.0,0.10861300200000001,-0.029607108124999948,0.0,2.0772929998740928,56,fixed_k3
00_Optimized_Structure,a,0.0,0.11249162600000001,-0.029607108124999948,0.0,5.812775341520983,56,fixed_k3
00_Optimized_Structure,a,0.0,0.11637025000000001,-0.029607108124999948,0.0,9.563216849678003,56,fixed_k3
00_Optimized_Structure,a,0.0,0.120248874,-0.029607108124999948,0.0,17.892803547127166,56,fixed_k3
00_Optimized_Structure,a,0.0,0.124127498,-0.029607108124999948,0.0,51.32881592794819,56,fixed_k3
00_Optimized_Structure,a,0.0,0.128006122,-0.029607108124999948,0.0,369.83273581442927,56,fixed_k3
00_Optimized_Structure,a,0.0,0.131884746,-0.029607108124999948,0.0,2019.4446204017852,56,fixed_k3
00_Optimized_Structure,a,0.0,0.13576337,-0.029607108124999948,0.0,90.9559555267636,56,fixed_k3
00_Optimized_Structure,a,0.0,0.139641994,-0.029607108124999948,0.0,12.62444474106624,56,fixed_k3
00_Optimized_Structure,a,0.0,0.143520618,-0.029607108124999948,0.0,1.3920167535596975,56,fixed_k3
00_Optimized_Structure,a,0.0,0.14739924199999999,-0.029607108124999948,0.0,-1.4162275658891017,56,fixed_k3
00_Optimized_Structure,a,0.0,0.15127786599999998,-0.029607108124999948,0.0,-2.2481563137316622,56,fixed_k3
00_Optimized_Structure,a,0.0,0.15515649,-0.029607108124999948,0.0,-2.4495944853755316,56,fixed_k3
00_Optimized_Structure,a,0.0,-0.1551334299999998,-0.026320469999999957,0.0,-2.877776318792017,56,fixed_k3
00_Optimized_Structure,a,0.0,-0.1512548059999998,-0.026320469999999957,0.0,-2.6470384786160985,56,fixed_k3
00_Optimized_Structure,a,0.0,-0.1473761819999998,-0.026320469999999957,0.0,-1.8761884562926336,56,fixed_k3
00_Optimized_Structure,a,0.0,-0.1434975579999998,-0.026320469999999957,0.0,0.6266711841676437,56,fixed_k3
00_Optimized_Structure,a,0.0,-0.1396189339999998,-0.026320469999999957,0.0,10.944501023487511,56,fixed_k3
00_Optimized_Structure,a,0.0,-0.1357403099999998,-0.026320469999999957,0.0,89.15489142474637,56,fixed_k3
00_Optimized_Structure,a,0.0,-0.1318616859999998,-0.026320469999999957,0.0,1687.1449610501472,56,fixed_k3
00_Optimized_Structure,a,0.0,-0.12798306199999981,-0.026320469999999957,0.0,246.22562282111764,56,fixed_k3
00_Optimized_Structure,a,0.0,-0.12410443799999982,-0.026320469999999957,0.0,33.8146806275084,56,fixed_k3
00_Optimized_Structure,a,0.0,-0.12022581399999982,-0.026320469999999957,0.0,5.816760020894581,56,fixed_k3
00_Optimized_Structure,a,0.0,-0.11634718999999982,-0.026320469999999957,0.0,-2.6783344374984153,56,fixed_k3
00_Optimized_Structure,a,0.0,-0.11246856599999983,-0.026320469999999957,0.0,-6.327577481329347,56,fixed_k3
00_Optimized_Structure,a,0.0,-0.10858994199999983,-0.026320469999999957,0.0,-7.352950655444781,56,fixed_k3
00_Optimized_Structure,a,0.0,-0.10471131799999983,-0.026320469999999957,0.0,-5.912996405592725,56,fixed_k3
00_Optimized_Structure,a,0.0,-0.10083269399999983,-0.026320469999999957,0.0,-2.9949474797396323,56,fixed_k3
00_Optimized_Structure,a,0.0,-0.09695406999999984,-0.026320469999999957,0.0,-1.1479090013131126,56,fixed_k3
00_Optimized_Structure,a,0.0,-0.09307544599999984,-0.026320469999999957,0.0,-1.6251753846876125,56,fixed_k3
00_Optimized_Structure,a,0.0,-0.08919682199999984,-0.026320469999999957,0.0,-2.996097330308052,56,fixed_k3
00_Optimized_Structure,a,0.0,-0.08531819799999985,-0.026320469999999957,0.0,-3.789192738676237,56,fixed_k3
00_Optimized_Structure,a,0.0,-0.08143957399999985,-0.026320469999999957,0.0,-3.8060023246392922,56,fixed_k3
00_Optimized_Structure,a,0.0,-0.07756094999999985,-0.026320469999999957,0.0,-3.4021845604102285,56,fixed_k3
00_Optimized_Structure,a,0.0,-0.07368232599999985,-0.026320469999999957,0.0,-2.88294940323102,56,fixed_k3
00_Optimized_Structure,a,0.0,-0.06980370199999986,-0.026320469999999957,0.0,-2.3946272174355734,56,fixed_k3
00_Optimized_Structure,a,0.0,-0.06592507799999986,-0.026320469999999957,0.0,-1.9826808843999997,56,fixed_k3
00_Optimized_Structure,a,0.0,-0.06204645399999986,-0.026320469999999957,0.0,-1.6488638312347517,56,fixed_k3
00_Optimized_Structure,a,0.0,-0.058167829999999865,-0.026320469999999957,0.0,-1.3811669697886964,56,fixed_k3
00_Optimized_Structure,a,0.0,-0.05428920599999987,-0.026320469999999957,0.0,-1.1658654928159136,56,fixed_k3
00_Optimized_Structure,a,0.0,-0.05041058199999987,-0.026320469999999957,0.0,-0.9912397813944512,56,fixed_k3
00_Optimized_Structure,a,0.0,-0.04653195799999987,-0.026320469999999957,0.0,-0.8481016500811889,56,fixed_k3
00_Optimized_Structure,a,0.0,-0.042653333999999876,-0.026320469999999957,0.0,-0.7293480966737677,56,fixed_k3
00_Optimized_Structure,a,0.0,-0.03877470999999988,-0.026320469999999957,0.0,-0.6293792908100861,56,fixed_k3
00_Optimized_Structure,a,0.0,-0.03489608599999988,-0.026320469999999957,0.0,-0.5436443985689658,56,fixed_k3
00_Optimized_Structure,a,0.0,-0.031017461999999885,-0.026320469999999957,0.0,-0.4683645125137056,56,fixed_k3
00_Optimized_Structure,a,0.0,-0.027138837999999887,-0.026320469999999957,0.0,-0.4004100742151365,56,fixed_k3
00_Optimized_Structure,a,0.0,-0.02326021399999989,-0.026320469999999957,0.0,-0.33728937827961825,56,fixed_k3
00_Optimized_Structure,a,0.0,-0.019381589999999893,-0.026320469999999957,0.0,-0.27719996432452965,56,fixed_k3
00_Optimized_Structure,a,0.0,-0.015502965999999896,-0.026320469999999957,0.0,-0.21909464180107419,56,fixed_k3
00_Optimized_Structure,a,0.0,-0.011624341999999899,-0.026320469999999957,0.0,-0.16271688516088267,56,fixed_k3
00_Optimized_Structure,a,0.0,-0.0077457179999999015,-0.026320469999999957,0.0,-0.10856801714885911,56,fixed_k3
00_Optimized_Structure,a,0.0,-0.0038670939999999043,-0.026320469999999957,0.0,-0.05778258160958827,56,fixed_k3
00_Optimized_Structure,a,0.0,1.1530000000092855e-05,-0.026320469999999957,0.0,-0.011908198724327468,56,fixed_k3
00_Optimized_Structure,a,0.0,0.00389015400000009,-0.026320469999999957,0.0,0.02739124685202221,56,fixed_k3
00_Optimized_Structure,a,0.0,0.007768778000000087,-0.026320469999999957,0.0,0.058670503764818416,56,fixed_k3
00_Optimized_Structure,a,0.0,0.011647402000000084,-0.026320469999999957,0.0,0.0810262530885979,56,fixed_k3
00_Optimized_Structure,a,0.0,0.015526026000000082,-0.026320469999999957,0.0,0.09436028023265963,56,fixed_k3
00_Optimized_Structure,a,0.0,0.01940465000000008,-0.026320469999999957,0.0,0.09954714104634821,56,fixed_k3
00_Optimized_Structure,a,0.0,0.023283274000000076,-0.026320469999999957,0.0,0.09849191977973026,56,fixed_k3
00_Optimized_Structure,a,0.0,0.027161898000000073,-0.026320469999999957,0.0,0.094086129131278,56,fixed_k3
00_Optimized_Structure,a,0.0,0.03104052200000007,-0.026320469999999957,0.0,0.09008765489604653,56,fixed_k3
00_Optimized_Structure,a,0.0,0.03491914600000007,-0.026320469999999957,0.0,0.0909599612145161,56,fixed_k3
00_Optimized_Structure,a,0.0,0.038797770000000065,-0.026320469999999957,0.0,0.10170513279379101,56,fixed_k3
00_Optimized_Structure,a,0.0,0.04267639400000006,-0.026320469999999957,0.0,0.12771458738460673,56,fixed_k3
00_Optimized_Structure,a,0.0,0.04655501800000006,-0.026320469999999957,0.0,0.17463882289338617,56,fixed_k3
00_Optimized_Structure,a,0.0,0.050433642000000056,-0.026320469999999957,0.0,0.2482357436443664,56,fixed_k3
00_Optimized_Structure,a,0.0,0.05431226600000005,-0.026320469999999957,0.0,0.3540741102093845,56,fixed_k3
00_Optimized_Structure,a,0.0,0.05819089000000005,-0.026320469999999957,0.0,0.4967917431339304,56,fixed_k3
00_Optimized_Structure,a,0.0,0.06206951400000005,-0.026320469999999957,0.0,0.6782191443866373,56,fixed_k3
00_Optimized_Structure,a,0.0,0.06594813800000005,-0.026320469999999957,0.0,0.8928313642356371,56,fixed_k3
00_Optimized_Structure,a,0.0,0.06982676200000004,-0.026320469999999957,0.0,1.1172384099671855,56,fixed_k3
00_Optimized_Structure,a,0.0,0.07370538600000004,-0.026320469999999957,0.0,1.2872913561432293,56,fixed_k3
00_Optimized_Structure,a,0.0,0.07758401000000004,-0.026320469999999957,0.0,1.2530535616637388,56,fixed_k3
00_Optimized_Structure,a,0.0,0.08146263400000003,-0.026320469999999957,0.0,0.709180892338297,56,fixed_k3
00_Optimized_Structure,a,0.0,0.08534125800000003,-0.026320469999999957,0.0,-0.8399134704606548,56,fixed_k3
00_Optimized_Structure,a,0.0,0.08921988200000003,-0.026320469999999957,0.0,-3.8190811499620176,56,fixed_k3
00_Optimized_Structure,a,0.0,0.09309850600000003,-0.026320469999999957,0.0,-7.599453169179148,56,fixed_k3
00_Optimized_Structure,a,0.0,0.09697713000000002,-0.026320469999999957,0.0,-9.539829804251053,56,fixed_k3
00_Optimized_Structure,a,0.0,0.10085575400000002,-0.026320469999999957,0.0,-7.148933613306651,56,fixed_k3
00_Optimized_Structure,a,0.0,0.10473437800000002,-0.026320469999999957,0.0,-1.889955316040447,56,fixed_k3
00_Optimized_Structure,a,0.0,0.10861300200000001,-0.026320469999999957,0.0,2.827610573061287,56,fixed_k3
00_Optimized_Structure,a,0.0,0.11249162600000001,-0.026320469999999957,0.0,5.883996166236663,56,fixed_k3
00_Optimized_Structure,a,0.0,0.11637025000000001,-0.026320469999999957,0.0,8.64539119064612,56,fixed_k3
00_Optimized_Structure,a,0.0,0.120248874,-0.026320469999999957,0.0,14.728197248784586,56,fixed_k3
00_Optimized_Structure,a,0.0,0.124127498,-0.026320469999999957,0.0,38.47055592180151,56,fixed_k3
00_Optimized_Structure,a,0.0,0.128006122,-0.026320469999999957,0.0,230.76803314698552,56,fixed_k3
00_Optimized_Structure,a,0.0,0.131884746,-0.026320469999999957,0.0,1608.3553149877855,56,fixed_k3
00_Optimized_Structure,a,0.0,0.13576337,-0.026320469999999957,0.0,94.52566272952178,56,fixed_k3
00_Optimized_Structure,a,0.0,0.139641994,-0.026320469999999957,0.0,12.927366101666001,56,fixed_k3
00_Optimized_Structure,a,0.0,0.143520618,-0.026320469999999957,0.0,1.7224098633435998,56,fixed_k3
00_Optimized_Structure,a,0.0,0.14739924199999999,-0.026320469999999957,0.0,-1.029611738582882,56,fixed_k3
00_Optimized_Structure,a,0.0,0.15127786599999998,-0.026320469999999957,0.0,-1.8493112864859174,56,fixed_k3
00_Optimized_Structure,a,0.0,0.15515649,-0.026320469999999957,0.0,-2.060905611254574,56,fixed_k3
00_Optimized_Structure,a,0.0,-0.1551334299999998,-0.023033831874999966,0.0,-2.619051919065376,56,fixed_k3
00_Optimized_Structure,a,0.0,-0.1512548059999998,-0.023033831874999966,0.0,-2.395940976149093,56,fixed_k3
00_Optimized_Structure,a,0.0,-0.1473761819999998,-0.023033831874999966,0.0,-1.670252011549331,56,fixed_k3
00_Optimized_Structure,a,0.0,-0.1434975579999998,-0.023033831874999966,0.0,0.6816659268566978,56,fixed_k3
00_Optimized_Structure,a,0.0,-0.1396189339999998,-0.023033831874999966,0.0,10.54372543307825,56,fixed_k3
00_Optimized_Structure,a,0.0,-0.1357403099999998,-0.023033831874999966,0.0,88.1617723374256,56,fixed_k3
00_Optimized_Structure,a,0.0,-0.1318616859999998,-0.023033831874999966,0.0,1208.608582381486,56,fixed_k3
00_Optimized_Structure,a,0.0,-0.12798306199999981,-0.023033831874999966,0.0,159.18511685747532,56,fixed_k3
00_Optimized_Structure,a,0.0,-0.12410443799999982,-0.023033831874999966,0.0,24.403312855951047,56,fixed_k3
00_Optimized_Structure,a,0.0,-0.12022581399999982,-0.023033831874999966,0.0,3.6175845774709354,56,fixed_k3
00_Optimized_Structure,a,0.0,-0.11634718999999982,-0.023033831874999966,0.0,-3.2526195777984137,56,fixed_k3
00_Optimized_Structure,a,0.0,-0.11246856599999983,-0.023033831874999966,0.0,-6.4119026423270595,56,fixed_k3
00_Optimized_Structure,a,0.0,-0.10858994199999983,-0.023033831874999966,0.0,-7.333663718324366,56,fixed_k3
00_Optimized_Structure,a,0.0,-0.10471131799999983,-0.023033831874999966,0.0,-5.898711425037938,56,fixed_k3
00_Optimized_Structure,a,0.0,-0.10083269399999983,-0.023033831874999966,0.0,-2.882432381727711,56,fixed_k3
00_Optimized_Structure,a,0.0,-0.09695406999999984,-0.023033831874999966,0.0,-0.8477313810762191,56,fixed_k3
00_Optimized_Structure,a,0.0,-0.09307544599999984,-0.023033831874999966,0.0,-1.2623595917062502,56,fixed_k3
00_Optimized_Structure,a,0.0,-0.08919682199999984,-0.023033831874999966,0.0,-2.7148164517088067,56,fixed_k3
00_Optimized_Structure,a,0.0,-0.08531819799999985,-0.023033831874999966,0.0,-3.6075938973660624,56,fixed_k3
00_Optimized_Structure,a,0.0,-0.08143957399999985,-0.023033831874999966,0.0,-3.686731917223332,56,fixed_k3
00_Optimized_Structure,a,0.0,-0.07756094999999985,-0.023033831874999966,0.0,-3.3140810587916283,56,fixed_k3
00_Optimized_Structure,a,0.0,-0.07368232599999985,-0.023033831874999966,0.0,-2.809883401554022,56,fixed_k3
00_Optimized_Structure,a,0.0,-0.06980370199999986,-0.023033831874999966,0.0,-2.3294870708310653,56,fixed_k3
00_Optimized_Structure,a,0.0,-0.06592507799999986,-0.023033831874999966,0.0,-1.9225369733983224,56,fixed_k3
00_Optimized_Structure,a,0.0,-0.06204645399999986,-0.023033831874999966,0.0,-1.5926253825744614,56,fixed_k3
00_Optimized_Structure,a,0.0,-0.058167829999999865,-0.023033831874999966,0.0,-1.3285679092875498,56,fixed_k3
00_Optimized_Structure,a,0.0,-0.05428920599999987,-0.023033831874999966,0.0,-1.1170131500571037,56,fixed_k3
00_Optimized_Structure,a,0.0,-0.05041058199999987,-0.023033831874999966,0.0,-0.9463951374898435,56,fixed_k3
00_Optimized_Structure,a,0.0,-0.04653195799999987,-0.023033831874999966,0.0,-0.8075614334089156,56,fixed_k3
00_Optimized_Structure,a,0.0,-0.042653333999999876,-0.023033831874999966,0.0,-0.6933764736658914,56,fixed_k3
00_Optimized_Structure,a,0.0,-0.03877470999999988,-0.023033831874999966,0.0,-0.5981660054764213,56,fixed_k3
00_Optimized_Structure,a,0.0,-0.03489608599999988,-0.023033831874999966,0.0,-0.5172781439661195,56,fixed_k3
00_Optimized_Structure,a,0.0,-0.031017461999999885,-0.023033831874999966,0.0,-0.4468160033931683,56,fixed_k3
00_Optimized_Structure,a,0.0,-0.027138837999999887,-0.023033831874999966,0.0,-0.3835223750715925,56,fixed_k3
00_Optimized_Structure,a,0.0,-0.02326021399999989,-0.023033831874999966,0.0,-0.324774757034482,56,fixed_k3
00_Optimized_Structure,a,0.0,-0.019381589999999893,-0.023033831874999966,0.0,-0.2686433478980458,56,fixed_k3
00_Optimized_Structure,a,0.0,-0.015502965999999896,-0.023033831874999966,0.0,-0.21396386976664084,56,fixed_k3
00_Optimized_Structure,a,0.0,-0.011624341999999899,-0.023033831874999966,0.0,-0.1603795711427658,56,fixed_k3
00_Optimized_Structure,a,0.0,-0.0077457179999999015,-0.023033831874999966,0.0,-0.1083141426704729,56,fixed_k3
00_Optimized_Structure,a,0.0,-0.0038670939999999043,-0.023033831874999966,0.0,-0.058851211370558154,56,fixed_k3
00_Optimized_Structure,a,0.0,1.1530000000092855e-05,-0.023033831874999966,0.0,-0.013516170020488438,56,fixed_k3
00_Optimized_Structure,a,0.0,0.00389015400000009,-0.023033831874999966,0.0,0.02602095946989369,56,fixed_k3
00_Optimized_Structure,a,0.0,0.007768778000000087,-0.023033831874999966,0.0,0.058282759026171416,56,fixed_k3
00_Optimized_Structure,a,0.0,0.011647402000000084,-0.023033831874999966,0.0,0.08231142696807447,56,fixed_k3
00_Optimized_Structure,a,0.0,0.015526026000000082,-0.023033831874999966,0.0,0.09793627483607026,56,fixed_k3
00_Optimized_Structure,a,0.0,0.01940465000000008,-0.023033831874999966,0.0,0.10594566666252059,56,fixed_k3
00_Optimized_Structure,a,0.0,0.023283274000000076,-0.023033831874999966,0.0,0.10814862226523603,56,fixed_k3
00_Optimized_Structure,a,0.0,0.027161898000000073,-0.023033831874999966,0.0,0.10733413694188809,56,fixed_k3
00_Optimized_Structure,a,0.0,0.03104052200000007,-0.023033831874999966,0.0,0.10715452331582775,56,fixed_k3
00_Optimized_Structure,a,0.0,0.03491914600000007,-0.023033831874999966,0.0,0.11196882196619196,56,fixed_k3
00_Optimized_Structure,a,0.0,0.038797770000000065,-0.023033831874999966,0.0,0.12668223572224424,56,fixed_k3
00_Optimized_Structure,a,0.0,0.04267639400000006,-0.023033831874999966,0.0,0.15660765242069452,56,fixed_k3
00_Optimized_Structure,a,0.0,0.04655501800000006,-0.023033831874999966,0.0,0.20735428477733597,56,fixed_k3
00_Optimized_Structure,a,0.0,0.050433642000000056,-0.023033831874999966,0.0,0.2847090119045492,56,fixed_k3
00_Optimized_Structure,a,0.0,0.05431226600000005,-0.023033831874999966,0.0,0.39439671108530616,56,fixed_k3
00_Optimized_Structure,a,0.0,0.05819089000000005,-0.023033831874999966,0.0,0.5414340191406617,56,fixed_k3
00_Optimized_Structure,a,0.0,0.06206951400000005,-0.023033831874999966,0.0,0.7284066782227029,56,fixed_k3
00_Optimized_Structure,a,0.0,0.06594813800000005,-0.023033831874999966,0.0,0.9511491392352388,56,fixed_k3
00_Optimized_Structure,a,0.0,0.06982676200000004,-0.023033831874999966,0.0,1.1885150743909776,56,fixed_k3
00_Optimized_Structure,a,0.0,0.07370538600000004,-0.023033831874999966,0.0,1.379660722438067,56,fixed_k3
00_Optimized_Structure,a,0.0,0.07758401000000004,-0.023033831874999966,0.0,1.3786294449594616,56,fixed_k3
00_Optimized_Structure,a,0.0,0.08146263400000003,-0.023033831874999966,0.0,0.8831450722545644,56,fixed_k3
00_Optimized_Structure,a,0.0,0.08534125800000003,-0.023033831874999966,0.0,-0.6012543970554888,56,fixed_k3
00_Optimized_Structure,a,0.0,0.08921988200000003,-0.023033831874999966,0.0,-3.4883131606957676,56,fixed_k3
00_Optimized_Structure,a,0.0,0.09309850600000003,-0.023033831874999966,0.0,-7.091341781863369,56,fixed_k3
00_Optimized_Structure,a,0.0,0.09697713000000002,-0.023033831874999966,0.0,-8.706051778013155,56,fixed_k3
00_Optimized_Structure,a,0.0,0.10085575400000002,-0.023033831874999966,0.0,-6.018340388697264,56,fixed_k3
00_Optimized_Structure,a,0.0,0.10473437800000002,-0.023033831874999966,0.0,-0.8264393024771852,56,fixed_k3
00_Optimized_Structure,a,0.0,0.10861300200000001,-0.023033831874999966,0.0,3.4606649279160258,56,fixed_k3
00_Optimized_Structure,a,0.0,0.11249162600000001,-0.023033831874999966,0.0,5.92217844841112,56,fixed_k3
00_Optimized_Structure,a,0.0,0.11637025000000001,-0.023033831874999966,0.0,7.876951514661342,56,fixed_k3
00_Optimized_Structure,a,0.0,0.120248874,-0.023033831874999966,0.0,12.238660576110082,56,fixed_k3
00_Optimized_Structure,a,0.0,0.124127498,-0.023033831874999966,0.0,29.21670882841225,56,fixed_k3
00_Optimized_Structure,a,0.0,0.128006122,-0.023033831874999966,0.0,151.8322634176475,56,fixed_k3
00_Optimized_Structure,a,0.0,0.131884746,-0.023033831874999966,0.0,1165.3654143400984,56,fixed_k3
00_Optimized_Structure,a,0.0,0.13576337,-0.023033831874999966,0.0,94.80636450055266,56,fixed_k3
00_Optimized_Structure,a,0.0,0.139641994,-0.023033831874999966,0.0,12.831366328414822,56,fixed_k3
00_Optimized_Structure,a,0.0,0.143520618,-0.023033831874999966,0.0,1.944681933177455,56,fixed_k3
00_Optimized_Structure,a,0.0,0.14739924199999999,-0.023033831874999966,0.0,-0.6850914553543521,56,fixed_k3
00_Optimized_Structure,a,0.0,0.15127786599999998,-0.023033831874999966,0.0,-1.470024743701435,56,fixed_k3
00_Optimized_Structure,a,0.0,0.15515649,-0.023033831874999966,0.0,-1.68187522627939,56,fixed_k3
00_Optimized_Structure,a,0.0,-0.1551334299999998,-0.01974719374999996,0.0,-2.357207684293235,56,fixed_k3
00_Optimized_Structure,a,0.0,-0.1512548059999998,-0.01974719374999996,0.0,-2.150128324435155,56,fixed_k3
00_Optimized_Structure,a,0.0,-0.1473761819999998,-0.01974719374999996,0.0,-1.4908823190464418,56,fixed_k3
00_Optimized_Structure,a,0.0,-0.1434975579999998,-0.01974719374999996,0.0,0.6426547068941201,56,fixed_k3
00_Optimized_Structure,a,0.0,-0.1396189339999998,-0.01974719374999996,0.0,9.726513292867205,56,fixed_k3
00_Optimized_Structure,a,0.0,-0.1357403099999998,-0.01974719374999996,0.0,83.30665494342979,56,fixed_k3
00_Optimized_Structure,a,0.0,-0.1318616859999998,-0.01974719374999996,0.0,824.5822786546448,56,fixed_k3
00_Optimized_Structure,a,0.0,-0.12798306199999981,-0.01974719374999996,0.0,106.67294923442248,56,fixed_k3
00_Optimized_Structure,a,0.0,-0.12410443799999982,-0.01974719374999996,0.0,17.51908358388527,56,fixed_k3
00_Optimized_Structure,a,0.0,-0.12022581399999982,-0.01974719374999996,0.0,1.8999666104882789,56,fixed_k3
00_Optimized_Structure,a,0.0,-0.11634718999999982,-0.01974719374999996,0.0,-3.698377296877257,56,fixed_k3
00_Optimized_Structure,a,0.0,-0.11246856599999983,-0.01974719374999996,0.0,-6.446628106316681,56,fixed_k3
00_Optimized_Structure,a,0.0,-0.10858994199999983,-0.01974719374999996,0.0,-7.2650695111268195,56,fixed_k3
00_Optimized_Structure,a,0.0,-0.10471131799999983,-0.01974719374999996,0.0,-5.8174824807227274,56,fixed_k3
00_Optimized_Structure,a,0.0,-0.10083269399999983,-0.01974719374999996,0.0,-2.7012663415257236,56,fixed_k3
00_Optimized_Structure,a,0.0,-0.09695406999999984,-0.01974719374999996,0.0,-0.49007830405501873,56,fixed_k3
00_Optimized_Structure,a,0.0,-0.09307544599999984,-0.01974719374999996,0.0,-0.8523969895149119,56,fixed_k3
00_Optimized_Structure,a,0.0,-0.08919682199999984,-0.01974719374999996,0.0,-2.3975136880178156,56,fixed_k3
00_Optimized_Structure,a,0.0,-0.08531819799999985,-0.01974719374999996,0.0,-3.4017262185473127,56,fixed_k3
00_Optimized_Structure,a,0.0,-0.08143957399999985,-0.01974719374999996,0.0,-3.5526793819145217,56,fixed_k3
00_Optimized_Structure,a,0.0,-0.07756094999999985,-0.01974719374999996,0.0,-3.217491830094818,56,fixed_k3
00_Optimized_Structure,a,0.0,-0.07368232599999985,-0.01974719374999996,0.0,-2.7320165138241954,56,fixed_k3
00_Optimized_Structure,a,0.0,-0.06980370199999986,-0.01974719374999996,0.0,-2.2615149594935087,56,fixed_k3
00_Optimized_Structure,a,0.0,-0.06592507799999986,-0.01974719374999996,0.0,-1.8605312112185963,56,fixed_k3
00_Optimized_Structure,a,0.0,-0.06204645399999986,-0.01974719374999996,0.0,-1.5349595330154222,56,fixed_k3
00_Optimized_Structure,a,0.0,-0.058167829999999865,-0.01974719374999996,0.0,-1.2747082731236095,56,fixed_k3
00_Optimized_Structure,a,0.0,-0.05428920599999987,-0.01974719374999996,0.0,-1.066944062136334,56,fixed_k3
00_Optimized_Structure,a,0.0,-0.05041058199999987,-0.01974719374999996,0.0,-0.9003281927569596,56,fixed_k3
00_Optimized_Structure,a,0.0,-0.04653195799999987,-0.01974719374999996,0.0,-0.7657789564427564,56,fixed_k3
00_Optimized_Structure,a,0.0,-0.042653333999999876,-0.01974719374999996,0.0,-0.6561431236757604,56,fixed_k3
00_Optimized_Structure,a,0.0,-0.03877470999999988,-0.01974719374999996,0.0,-0.5656770074723432,56,fixed_k3
00_Optimized_Structure,a,0.0,-0.03489608599999988,-0.01974719374999996,0.0,-0.4896281769354047,56,fixed_k3
00_Optimized_Structure,a,0.0,-0.031017461999999885,-0.01974719374999996,0.0,-0.4239805777434224,56,fixed_k3
00_Optimized_Structure,a,0.0,-0.027138837999999887,-0.01974719374999996,0.0,-0.3653477950580722,56,fixed_k3
00_Optimized_Structure,a,0.0,-0.02326021399999989,-0.01974719374999996,0.0,-0.3109751279981301,56,fixed_k3
00_Optimized_Structure,a,0.0,-0.019381589999999893,-0.01974719374999996,0.0,-0.2588042599639483,56,fixed_k3
00_Optimized_Structure,a,0.0,-0.015502965999999896,-0.01974719374999996,0.0,-0.20755273219381276,56,fixed_k3
00_Optimized_Structure,a,0.0,-0.011624341999999899,-0.01974719374999996,0.0,-0.15676233614411594,56,fixed_k3
00_Optimized_Structure,a,0.0,-0.0077457179999999015,-0.01974719374999996,0.0,-0.10677758298749573,56,fixed_k3
00_Optimized_Structure,a,0.0,-0.0038670939999999043,-0.01974719374999996,0.0,-0.05862925615706005,56,fixed_k3
00_Optimized_Structure,a,0.0,1.1530000000092855e-05,-0.01974719374999996,0.0,-0.013818303819136846,56,fixed_k3
00_Optimized_Structure,a,0.0,0.00389015400000009,-0.01974719374999996,0.0,0.025981390043497976,56,fixed_k3
00_Optimized_Structure,a,0.0,0.007768778000000087,-0.01974719374999996,0.0,0.05926224810945646,56,fixed_k3
00_Optimized_Structure,a,0.0,0.011647402000000084,-0.01974719374999996,0.0,0.08501338353518917,56,fixed_k3
00_Optimized_Structure,a,0.0,0.015526026000000082,-0.01974719374999996,0.0,0.10299214173344695,56,fixed_k3
00_Optimized_Structure,a,0.0,0.01940465000000008,-0.01974719374999996,0.0,0.11390015085720762,56,fixed_k3
00_Optimized_Structure,a,0.0,0.023283274000000076,-0.01974719374999996,0.0,0.11944874327454252,56,fixed_k3
00_Optimized_Structure,a,0.0,0.027161898000000073,-0.01974719374999996,0.0,0.12232177828382312,56,fixed_k3
00_Optimized_Structure,a,0.0,0.03104052200000007,-0.01974719374999996,0.0,0.12606252043799282,56,fixed_k3
00_Optimized_Structure,a,0.0,0.03491914600000007,-0.01974719374999996,0.0,0.13492138401795822,56,fixed_k3
00_Optimized_Structure,a,0.0,0.038797770000000065,-0.01974719374999996,0.0,0.153701818088245,56,fixed_k3
00_Optimized_Structure,a,0.0,0.04267639400000006,-0.01974719374999996,0.0,0.18763259836953822,56,fixed_k3
00_Optimized_Structure,a,0.0,0.04655501800000006,-0.01974719374999996,0.0,0.24227525023269825,56,fixed_k3
00_Optimized_Structure,a,0.0,0.050433642000000056,-0.01974719374999996,0.0,0.3234383960795775,56,fixed_k3
00_Optimized_Structure,a,0.0,0.05431226600000005,-0.01974719374999996,0.0,0.4369955649528502,56,fixed_k3
00_Optimized_Structure,a,0.0,0.05819089000000005,-0.01974719374999996,0.0,0.5883370707662028,56,fixed_k3
00_Optimized_Structure,a,0.0,0.06206951400000005,-0.01974719374999996,0.0,0.7808091137786852,56,fixed_k3
00_Optimized_Structure,a,0.0,0.06594813800000005,-0.01974719374999996,0.0,1.0116433842264128,56,fixed_k3
00_Optimized_Structure,a,0.0,0.06982676200000004,-0.01974719374999996,0.0,1.262064871023374,56,fixed_k3
00_Optimized_Structure,a,0.0,0.07370538600000004,-0.01974719374999996,0.0,1.4748880075302662,56,fixed_k3
00_Optimized_Structure,a,0.0,0.07758401000000004,-0.01974719374999996,0.0,1.508993747943919,56,fixed_k3
00_Optimized_Structure,a,0.0,0.08146263400000003,-0.01974719374999996,0.0,1.0669334633410341,56,fixed_k3
00_Optimized_Structure,a,0.0,0.08534125800000003,-0.01974719374999996,0.0,-0.3421423912074504,56,fixed_k3
00_Optimized_Structure,a,0.0,0.08921988200000003,-0.01974719374999996,0.0,-3.1211546500408613,56,fixed_k3
00_Optimized_Structure,a,0.0,0.09309850600000003,-0.01974719374999996,0.0,-6.539097878485437,56,fixed_k3
00_Optimized_Structure,a,0.0,0.09697713000000002,-0.01974719374999996,0.0,-7.859172501994305,56,fixed_k3
00_Optimized_Structure,a,0.0,0.10085575400000002,-0.01974719374999996,0.0,-4.947550066967146,56,fixed_k3
00_Optimized_Structure,a,0.0,0.10473437800000002,-0.01974719374999996,0.0,0.12625867095315824,56,fixed_k3
00_Optimized_Structure,a,0.0,0.10861300200000001,-0.01974719374999996,0.0,4.001842619245996,56,fixed_k3
00_Optimized_Structure,a,0.0,0.11249162600000001,-0.01974719374999996,0.0,5.946253711992684,56,fixed_k3
00_Optimized_Structure,a,0.0,0.11637025000000001,-0.01974719374999996,0.0,7.23967980783779,56,fixed_k3
00_Optimized_Structure,a,0.0,0.120248874,-0.01974719374999996,0.0,10.262347096353041,56,fixed_k3
00_Optimized_Structure,a,0.0,0.124127498,-0.01974719374999996,0.0,22.381066851483016,56,fixed_k3
00_Optimized_Structure,a,0.0,0.128006122,-0.01974719374999996,0.0,103.456259680207,56,fixed_k3
00_Optimized_Structure,a,0.0,0.131884746,-0.01974719374999996,0.0,808.7157509616114,56,fixed_k3
00_Optimized_Structure,a,0.0,0.13576337,-0.01974719374999996,0.0,91.35420274760453,56,fixed_k3
00_Optimized_Structure,a,0.0,0.139641994,-0.01974719374999996,0.0,12.313736185156507,56,fixed_k3
00_Optimized_Structure,a,0.0,0.143520618,-0.01974719374999996,0.0,2.0581428448051544,56,fixed_k3
00_Optimized_Structure,a,0.0,0.14739924199999999,-0.01974719374999996,0.0,-0.38247916358194134,56,fixed_k3
00_Optimized_Structure,a,0.0,0.15127786599999998,-0.01974719374999996,0.0,-1.110685793466934,56,fixed_k3
00_Optimized_Structure,a,0.0,0.15515649,-0.01974719374999996,0.0,-1.3133567722964996,56,fixed_k3
00_Optimized_Structure,a,0.0,-0.1551334299999998,-0.016460555624999956,0.0,-2.0916568956701,56,fixed_k3
00_Optimized_Structure,a,0.0,-0.1512548059999998,-0.016460555624999956,0.0,-1.908303297031871,56,fixed_k3
00_Optimized_Structure,a,0.0,-0.1473761819999998,-0.016460555624999956,0.0,-1.3352944854992814,56,fixed_k3
00_Optimized_Structure,a,0.0,-0.1434975579999998,-0.016460555624999956,0.0,0.5155385210065354,56,fixed_k3
00_Optimized_Structure,a,0.0,-0.1396189339999998,-0.016460555624999956,0.0,8.500898841986121,56,fixed_k3
00_Optimized_Structure,a,0.0,-0.1357403099999998,-0.016460555624999956,0.0,74.57870135250944,56,fixed_k3
00_Optimized_Structure,a,0.0,-0.1318616859999998,-0.016460555624999956,0.0,551.7798881783348,56,fixed_k3
00_Optimized_Structure,a,0.0,-0.12798306199999981,-0.016460555624999956,0.0,72.80198912228354,56,fixed_k3
00_Optimized_Structure,a,0.0,-0.12410443799999982,-0.016460555624999956,0.0,12.333593161734797,56,fixed_k3
00_Optimized_Structure,a,0.0,-0.12022581399999982,-0.016460555624999956,0.0,0.5326249773797689,56,fixed_k3
00_Optimized_Structure,a,0.0,-0.11634718999999982,-0.016460555624999956,0.0,-4.0484684640854205,56,fixed_k3
00_Optimized_Structure,a,0.0,-0.11246856599999983,-0.016460555624999956,0.0,-6.443582408763821,56,fixed_k3
00_Optimized_Structure,a,0.0,-0.10858994199999983,-0.016460555624999956,0.0,-7.153961199818635,56,fixed_k3
00_Optimized_Structure,a,0.0,-0.10471131799999983,-0.016460555624999956,0.0,-5.672232297087744,56,fixed_k3
00_Optimized_Structure,a,0.0,-0.10083269399999983,-0.016460555624999956,0.0,-2.450400318537157,56,fixed_k3
00_Optimized_Structure,a,0.0,-0.09695406999999984,-0.016460555624999956,0.0,-0.07455789800547663,56,fixed_k3
00_Optimized_Structure,a,0.0,-0.09307544599999984,-0.016460555624999956,0.0,-0.39728472785567903,56,fixed_k3
00_Optimized_Structure,a,0.0,-0.08919682199999984,-0.016460555624999956,0.0,-2.0463746176294157,56,fixed_k3
00_Optimized_Structure,a,0.0,-0.08531819799999985,-0.016460555624999956,0.0,-3.1729435847188303,56,fixed_k3
00_Optimized_Structure,a,0.0,-0.08143957399999985,-0.016460555624999956,0.0,-3.404575316756688,56,fixed_k3
00_Optimized_Structure,a,0.0,-0.07756094999999985,-0.016460555624999956,0.0,-3.1128431923780777,56,fixed_k3
00_Optimized_Structure,a,0.0,-0.07368232599999985,-0.016460555624999956,0.0,-2.6496457020165023,56,fixed_k3
00_Optimized_Structure,a,0.0,-0.06980370199999986,-0.016460555624999956,0.0,-2.190957619549598,56,fixed_k3
00_Optimized_Structure,a,0.0,-0.06592507799999986,-0.016460555624999956,0.0,-1.7968944190373959,56,fixed_k3
00_Optimized_Structure,a,0.0,-0.06204645399999986,-0.016460555624999956,0.0,-1.4760950806368114,56,fixed_k3
00_Optimized_Structure,a,0.0,-0.058167829999999865,-0.016460555624999956,0.0,-1.2198191346498861,56,fixed_k3
00_Optimized_Structure,a,0.0,-0.05428920599999987,-0.016460555624999956,0.0,-1.0158914364703935,56,fixed_k3
00_Optimized_Structure,a,0.0,-0.05041058199999987,-0.016460555624999956,0.0,-0.8532723189479081,56,fixed_k3
00_Optimized_Structure,a,0.0,-0.04653195799999987,-0.016460555624999956,0.0,-0.7229852932060996,56,fixed_k3
00_Optimized_Structure,a,0.0,-0.042653333999999876,-0.016460555624999956,0.0,-0.6178745268397292,56,fixed_k3
00_Optimized_Structure,a,0.0,-0.03877470999999988,-0.016460555624999956,0.0,-0.5321323480778045,56,fixed_k3
00_Optimized_Structure,a,0.0,-0.03489608599999988,-0.016460555624999956,0.0,-0.4609068513696951,56,fixed_k3
00_Optimized_Structure,a,0.0,-0.031017461999999885,-0.016460555624999956,0.0,-0.4000621991786332,56,fixed_k3
00_Optimized_Structure,a,0.0,-0.027138837999999887,-0.016460555624999956,0.0,-0.34608175224468785,56,fixed_k3
00_Optimized_Structure,a,0.0,-0.02326021399999989,-0.016460555624999956,0.0,-0.2960776841960255,56,fixed_k3
00_Optimized_Structure,a,0.0,-0.019381589999999893,-0.016460555624999956,0.0,-0.2478623888923973,56,fixed_k3
00_Optimized_Structure,a,0.0,-0.015502965999999896,-0.016460555624999956,0.0,-0.20003444713052249,56,fixed_k3
00_Optimized_Structure,a,0.0,-0.011624341999999899,-0.016460555624999956,0.0,-0.15203318310267655,56,fixed_k3
00_Optimized_Structure,a,0.0,-0.0077457179999999015,-0.016460555624999956,0.0,-0.10412250652692823,56,fixed_k3
00_Optimized_Structure,a,0.0,-0.0038670939999999043,-0.016460555624999956,0.0,-0.057278465141978985,56,fixed_k3
00_Optimized_Structure,a,0.0,1.1530000000092855e-05,-0.016460555624999956,0.0,-0.012975302300818503,56,fixed_k3
00_Optimized_Structure,a,0.0,0.00389015400000009,-0.016460555624999956,0.0,0.027111611660493307,56,fixed_k3
00_Optimized_Structure,a,0.0,0.007768778000000087,-0.016460555624999956,0.0,0.06144668263806963,56,fixed_k3
00_Optimized_Structure,a,0.0,0.011647402000000084,-0.016460555624999956,0.0,0.08896748514863467,56,fixed_k3
00_Optimized_Structure,a,0.0,0.015526026000000082,-0.016460555624999956,0.0,0.10936005637305157,56,fixed_k3
00_Optimized_Structure,a,0.0,0.01940465000000008,-0.016460555624999956,0.0,0.12323889397143845,56,fixed_k3
00_Optimized_Structure,a,0.0,0.023283274000000076,-0.016460555624999956,0.0,0.1322161774026286,56,fixed_k3
00_Optimized_Structure,a,0.0,0.027161898000000073,-0.016460555624999956,0.0,0.13886819349093293,56,fixed_k3
00_Optimized_Structure,a,0.0,0.03104052200000007,-0.016460555624999956,0.0,0.14662590941168696,56,fixed_k3
00_Optimized_Structure,a,0.0,0.03491914600000007,-0.016460555624999956,0.0,0.1596271938739684,56,fixed_k3
00_Optimized_Structure,a,0.0,0.038797770000000065,-0.016460555624999956,0.0,0.18256921201065696,56,fixed_k3
00_Optimized_Structure,a,0.0,0.04267639400000006,-0.016460555624999956,0.0,0.2205914158563277,56,fixed_k3
00_Optimized_Structure,a,0.0,0.04655501800000006,-0.016460555624999956,0.0,0.2792015514394274,56,fixed_k3
00_Optimized_Structure,a,0.0,0.050433642000000056,-0.016460555624999956,0.0,0.3642227910591552,56,fixed_k3
00_Optimized_Structure,a,0.0,0.05431226600000005,-0.016460555624999956,0.0,0.48166915456385595,56,fixed_k3
00_Optimized_Structure,a,0.0,0.05819089000000005,-0.016460555624999956,0.0,0.637297091932365,56,fixed_k3
00_Optimized_Structure,a,0.0,0.06206951400000005,-0.016460555624999956,0.0,0.8352123909189573,56,fixed_k3
00_Optimized_Structure,a,0.0,0.06594813800000005,-0.016460555624999956,0.0,1.0740681825118383,56,fixed_k3
00_Optimized_Structure,a,0.0,0.06982676200000004,-0.016460555624999956,0.0,1.3375602994501719,56,fixed_k3
00_Optimized_Structure,a,0.0,0.07370538600000004,-0.016460555624999956,0.0,1.5724612609378374,56,fixed_k3
00_Optimized_Structure,a,0.0,0.07758401000000004,-0.016460555624999956,0.0,1.6432584882818133,56,fixed_k3
00_Optimized_Structure,a,0.0,0.08146263400000003,-0.016460555624999956,0.0,1.258964711755977,56,fixed_k3
00_Optimized_Structure,a,0.0,0.08534125800000003,-0.016460555624999956,0.0,-0.06535212395558049,56,fixed_k3
00_Optimized_Structure,a,0.0,0.08921988200000003,-0.016460555624999956,0.0,-2.722537669942493,56,fixed_k3
00_Optimized_Structure,a,0.0,0.09309850600000003,-0.016460555624999956,0.0,-5.9515647634405235,56,fixed_k3
00_Optimized_Structure,a,0.0,0.09697713000000002,-0.016460555624999956,0.0,-7.011019384096469,56,fixed_k3
00_Optimized_Structure,a,0.0,0.10085575400000002,-0.016460555624999956,0.0,-3.941033504161816,56,fixed_k3
00_Optimized_Structure,a,0.0,0.10473437800000002,-0.016460555624999956,0.0,0.9798593297436347,56,fixed_k3
00_Optimized_Structure,a,0.0,0.10861300200000001,-0.016460555624999956,0.0,4.471222263391822,56,fixed_k3
00_Optimized_Structure,a,0.0,0.11249162600000001,-0.016460555624999956,0.0,5.968130085490322,56,fixed_k3
00_Optimized_Structure,a,0.0,0.11637025000000001,-0.016460555624999956,0.0,6.714329168276891,56,fixed_k3
00_Optimized_Structure,a,0.0,0.120248874,-0.016460555624999956,0.0,8.674415442949678,56,fixed_k3
00_Optimized_Structure,a,0.0,0.124127498,-0.016460555624999956,0.0,17.190857425064486,56,fixed_k3
00_Optimized_Structure,a,0.0,0.128006122,-0.016460555624999956,0.0,71.82867936197943,56,fixed_k3
00_Optimized_Structure,a,0.0,0.131884746,-0.016460555624999956,0.0,552.3964055311203,56,fixed_k3
00_Optimized_Structure,a,0.0,0.13576337,-0.016460555624999956,0.0,84.06852001676855,56,fixed_k3
00_Optimized_Structure,a,0.0,0.139641994,-0.016460555624999956,0.0,11.371290950590106,56,fixed_k3
00_Optimized_Structure,a,0.0,0.143520618,-0.016460555624999956,0.0,2.065887277345533,56,fixed_k3
00_Optimized_Structure,a,0.0,0.14739924199999999,-0.016460555624999956,0.0,-0.12035904963588628,56,fixed_k3
00_Optimized_Structure,a,0.0,0.15127786599999998,-0.016460555624999956,0.0,-0.7711215495476988,56,fixed_k3
00_Optimized_Structure,a,0.0,0.15515649,-0.016460555624999956,0.0,-0.9558788019585349,56,fixed_k3
00_Optimized_Structure,a,0.0,-0.1551334299999998,-0.013173917499999965,0.0,-1.8217033547004104,56,fixed_k3
00_Optimized_Structure,a,0.0,-0.1512548059999998,-0.013173917499999965,0.0,-1.6688240736206272,56,fixed_k3
00_Optimized_Structure,a,0.0,-0.1473761819999998,-0.013173917499999965,0.0,-1.1996593118251908,56,fixed_k3
00_Optimized_Structure,a,0.0,-0.1434975579999998,-0.013173917499999965,0.0,0.310131431836686,56,fixed_k3
00_Optimized_Structure,a,0.0,-0.1396189339999998,-0.013173917499999965,0.0,6.8978576496600725,56,fixed_k3
00_Optimized_Structure,a,0.0,-0.1357403099999998,-0.013173917499999965,0.0,62.32954096340424,56,fixed_k3
00_Optimized_Structure,a,0.0,-0.1318616859999998,-0.013173917499999965,0.0,363.9026142955934,56,fixed_k3
00_Optimized_Structure,a,0.0,-0.12798306199999981,-0.013173917499999965,0.0,49.59697296393963,56,fixed_k3
00_Optimized_Structure,a,0.0,-0.12410443799999982,-0.013173917499999965,0.0,8.299045966370493,56,fixed_k3
00_Optimized_Structure,a,0.0,-0.12022581399999982,-0.013173917499999965,0.0,-0.5834204833558494,56,fixed_k3
00_Optimized_Structure,a,0.0,-0.11634718999999982,-0.013173917499999965,0.0,-4.330033057071571,56,fixed_k3
00_Optimized_Structure,a,0.0,-0.11246856599999983,-0.013173917499999965,0.0,-6.413217490807777,56,fixed_k3
00_Optimized_Structure,a,0.0,-0.10858994199999983,-0.013173917499999965,0.0,-7.006544090776566,56,fixed_k3
00_Optimized_Structure,a,0.0,-0.10471131799999983,-0.013173917499999965,0.0,-5.465989465686281,56,fixed_k3
00_Optimized_Structure,a,0.0,-0.10083269399999983,-0.013173917499999965,0.0,-2.129508444886821,56,fixed_k3
00_Optimized_Structure,a,0.0,-0.09695406999999984,-0.013173917499999965,0.0,0.3983618362679441,56,fixed_k3
00_Optimized_Structure,a,0.0,-0.09307544599999984,-0.013173917499999965,0.0,0.10003077438248875,56,fixed_k3
00_Optimized_Structure,a,0.0,-0.08919682199999984,-0.013173917499999965,0.0,-1.664420745281153,56,fixed_k3
00_Optimized_Structure,a,0.0,-0.08531819799999985,-0.013173917499999965,0.0,-2.923143464302264,56,fixed_k3
00_Optimized_Structure,a,0.0,-0.08143957399999985,-0.013173917499999965,0.0,-3.243443556475864,56,fixed_k3
00_Optimized_Structure,a,0.0,-0.07756094999999985,-0.013173917499999965,0.0,-3.0007064784823396,56,fixed_k3
00_Optimized_Structure,a,0.0,-0.07368232599999985,-0.013173917499999965,0.0,-2.563138585721996,56,fixed_k3
00_Optimized_Structure,a,0.0,-0.06980370199999986,-0.013173917499999965,0.0,-2.1180982118144778,56,fixed_k3
00_Optimized_Structure,a,0.0,-0.06592507799999986,-0.013173917499999965,0.0,-1.731878907000941,56,fixed_k3
00_Optimized_Structure,a,0.0,-0.06204645399999986,-0.013173917499999965,0.0,-1.4162760888430854,56,fixed_k3
00_Optimized_Structure,a,0.0,-0.058167829999999865,-0.013173917499999965,0.0,-1.1641443868193595,56,fixed_k3
00_Optimized_Structure,a,0.0,-0.05428920599999987,-0.013173917499999965,0.0,-0.9641004356866955,56,fixed_k3
00_Optimized_Structure,a,0.0,-0.05041058199999987,-0.013173917499999965,0.0,-0.8054726118755592,56,fixed_k3
00_Optimized_Structure,a,0.0,-0.04653195799999987,-0.013173917499999965,0.0,-0.6794232472073196,56,fixed_k3
00_Optimized_Structure,a,0.0,-0.042653333999999876,-0.013173917499999965,0.0,-0.5788089760925715,56,fixed_k3
00_Optimized_Structure,a,0.0,-0.03877470999999988,-0.013173917499999965,0.0,-0.4977639935954943,56,fixed_k3
00_Optimized_Structure,a,0.0,-0.03489608599999988,-0.013173917499999965,0.0,-0.4313385378001214,56,fixed_k3
00_Optimized_Structure,a,0.0,-0.031017461999999885,-0.013173917499999965,0.0,-0.37527694313876203,56,fixed_k3
00_Optimized_Structure,a,0.0,-0.027138837999999887,-0.013173917499999965,0.0,-0.32593186282560377,56,fixed_k3
00_Optimized_Structure,a,0.0,-0.02326021399999989,-0.013173917499999965,0.0,-0.2802818917608223,56,fixed_k3
00_Optimized_Structure,a,0.0,-0.019381589999999893,-0.013173917499999965,0.0,-0.2360097573600472,56,fixed_k3
00_Optimized_Structure,a,0.0,-0.015502965999999896,-0.013173917499999965,0.0,-0.19159461314048487,56,fixed_k3
00_Optimized_Structure,a,0.0,-0.011624341999999899,-0.013173917499999965,0.0,-0.1463725283559874,56,fixed_k3
00_Optimized_Structure,a,0.0,-0.0077457179999999015,-0.013173917499999965,0.0,-0.10052552041766499,56,fixed_k3
00_Optimized_Structure,a,0.0,-0.0038670939999999043,-0.013173917499999965,0.0,-0.05497305393836349,56,fixed_k3
00_Optimized_Structure,a,0.0,1.1530000000092855e-05,-0.013173917499999965,0.0,-0.01116037762320482,56,fixed_k3
00_Optimized_Structure,a,0.0,0.00389015400000009,-0.013173917499999965,0.0,0.02923811343589111,56,fixed_k3
00_Optimized_Structure,a,0.0,0.007768778000000087,-0.013173917499999965,0.0,0.06466107252211956,56,fixed_k3
00_Optimized_Structure,a,0.0,0.011647402000000084,-0.013173917499999965,0.0,0.09399622173089411,56,fixed_k3
00_Optimized_Structure,a,0.0,0.015526026000000082,-0.013173917499999965,0.0,0.11685909491507979,56,fixed_k3
00_Optimized_Structure,a,0.0,0.01940465000000008,-0.013173917499999965,0.0,0.1337768180860162,56,fixed_k3
00_Optimized_Structure,a,0.0,0.023283274000000076,-0.013173917499999965,0.0,0.14626112099156996,56,fixed_k3
00_Optimized_Structure,a,0.0,0.027161898000000073,-0.013173917499999965,0.0,0.15677848097155794,56,fixed_k3
00_Optimized_Structure,a,0.0,0.03104052200000007,-0.013173917499999965,0.0,0.16864456639119096,56,fixed_k3
00_Optimized_Structure,a,0.0,0.03491914600000007,-0.013173917499999965,0.0,0.185881090430002,56,fixed_k3
00_Optimized_Structure,a,0.0,0.038797770000000065,-0.013173917499999965,0.0,0.2130747739165733,56,fixed_k3
00_Optimized_Structure,a,0.0,0.04267639400000006,-0.013173917499999965,0.0,0.2552709327972441,56,fixed_k3
00_Optimized_Structure,a,0.0,0.04655501800000006,-0.013173917499999965,0.0,0.31791777747835914,56,fixed_k3
00_Optimized_Structure,a,0.0,0.050433642000000056,-0.013173917499999965,0.0,0.4068458889828243,56,fixed_k3
00_Optimized_Structure,a,0.0,0.05431226600000005,-0.013173917499999965,0.0,0.528200901908841,56,fixed_k3
00_Optimized_Structure,a,0.0,0.05819089000000005,-0.013173917499999965,0.0,0.6880953503554762,56,fixed_k3
00_Optimized_Structure,a,0.0,0.06206951400000005,-0.013173917499999965,0.0,0.891387301006663,56,fixed_k3
00_Optimized_Structure,a,0.0,0.06594813800000005,-0.013173917499999965,0.0,1.1381608977028714,56,fixed_k3
00_Optimized_Structure,a,0.0,0.06982676200000004,-0.013173917499999965,0.0,1.4146515198747318,56,fixed_k3
00_Optimized_Structure,a,0.0,0.07370538600000004,-0.013173917499999965,0.0,1.671829452714125,56,fixed_k3
00_Optimized_Structure,a,0.0,0.07758401000000004,-0.013173917499999965,0.0,1.7804516755742519,56,fixed_k3
00_Optimized_Structure,a,0.0,0.08146263400000003,-0.013173917499999965,0.0,1.457467047701576,56,fixed_k3
00_Optimized_Structure,a,0.0,0.08534125800000003,-0.013173917499999965,0.0,0.2259549608057873,56,fixed_k3
00_Optimized_Structure,a,0.0,0.08921988200000003,-0.013173917499999965,0.0,-2.2979440984906097,56,fixed_k3
00_Optimized_Structure,a,0.0,0.09309850600000003,-0.013173917499999965,0.0,-5.337699025187311,56,fixed_k3
00_Optimized_Structure,a,0.0,0.09697713000000002,-0.013173917499999965,0.0,-6.172068511634998,56,fixed_k3
00_Optimized_Structure,a,0.0,0.10085575400000002,-0.013173917499999965,0.0,-3.001460581977372,56,fixed_k3
00_Optimized_Structure,a,0.0,0.10473437800000002,-0.013173917499999965,0.0,1.7450387621208596,56,fixed_k3
00_Optimized_Structure,a,0.0,0.10861300200000001,-0.013173917499999965,0.0,4.8844057979122315,56,fixed_k3
00_Optimized_Structure,a,0.0,0.11249162600000001,-0.013173917499999965,0.0,5.9948276324259275,56,fixed_k3
00_Optimized_Structure,a,0.0,0.11637025000000001,-0.013173917499999965,0.0,6.282251987598397,56,fixed_k3
00_Optimized_Structure,a,0.0,0.120248874,-0.013173917499999965,0.0,7.37805046649637,56,fixed_k3
00_Optimized_Structure,a,0.0,0.124127498,-0.013173917499999965,0.0,13.127837885440561,56,fixed_k3
00_Optimized_Structure,a,0.0,0.128006122,-0.013173917499999965,0.0,49.884026264882756,56,fixed_k3
00_Optimized_Structure,a,0.0,0.131884746,-0.013173917499999965,0.0,373.34465082906263,56,fixed_k3
00_Optimized_Structure,a,0.0,0.13576337,-0.013173917499999965,0.0,73.19225695237468,56,fixed_k3
00_Optimized_Structure,a,0.0,0.139641994,-0.013173917499999965,0.0,10.02261023620454,56,fixed_k3
00_Optimized_Structure,a,0.0,0.143520618,-0.013173917499999965,0.0,1.9749933603987122,56,fixed_k3
00_Optimized_Structure,a,0.0,0.14739924199999999,-0.013173917499999965,0.0,0.10391293360101905,56,fixed_k3
00_Optimized_Structure,a,0.0,0.15127786599999998,-0.013173917499999965,0.0,-0.450616102442378,56,fixed_k3
00_Optimized_Structure,a,0.0,0.15515649,-0.013173917499999965,0.0,-0.6096601794166288,56,fixed_k3
00_Optimized_Structure,a,0.0,-0.1551334299999998,-0.009887279374999974,0.0,-1.5465517634837644,56,fixed_k3
00_Optimized_Structure,a,0.0,-0.1512548059999998,-0.009887279374999974,0.0,-1.429731234502439,56,fixed_k3
00_Optimized_Structure,a,0.0,-0.1473761819999998,-0.009887279374999974,0.0,-1.0791736698555068,56,fixed_k3
00_Optimized_Structure,a,0.0,-0.1434975579999998,-0.009887279374999974,0.0,0.0399648075965216,56,fixed_k3
00_Optimized_Structure,a,0.0,-0.1396189339999998,-0.009887279374999974,0.0,4.970550319352416,56,fixed_k3
00_Optimized_Structure,a,0.0,-0.1357403099999998,-0.009887279374999974,0.0,47.18079033658738,56,fixed_k3
00_Optimized_Structure,a,0.0,-0.1318616859999998,-0.009887279374999974,0.0,232.16145211417918,56,fixed_k3
00_Optimized_Structure,a,0.0,-0.12798306199999981,-0.009887279374999974,0.0,32.721400843814,56,fixed_k3
00_Optimized_Structure,a,0.0,-0.12410443799999982,-0.009887279374999974,0.0,5.0406153882165,56,fixed_k3
00_Optimized_Structure,a,0.0,-0.12022581399999982,-0.009887279374999974,0.0,-1.5242691357588145,56,fixed_k3
00_Optimized_Structure,a,0.0,-0.11634718999999982,-0.009887279374999974,0.0,-4.565594430354399,56,fixed_k3
00_Optimized_Structure,a,0.0,-0.11246856599999983,-0.009887279374999974,0.0,-6.364504258168972,56,fixed_k3
00_Optimized_Structure,a,0.0,-0.10858994199999983,-0.009887279374999974,0.0,-6.82805441100656,56,fixed_k3
00_Optimized_Structure,a,0.0,-0.10471131799999983,-0.009887279374999974,0.0,-5.201421998750106,56,fixed_k3
00_Optimized_Structure,a,0.0,-0.10083269399999983,-0.009887279374999974,0.0,-1.738722201886551,56,fixed_k3
00_Optimized_Structure,a,0.0,-0.09695406999999984,-0.009887279374999974,0.0,0.9274049974762772,56,fixed_k3
00_Optimized_Structure,a,0.0,-0.09307544599999984,-0.009887279374999974,0.0,0.6357058911960979,56,fixed_k3
00_Optimized_Structure,a,0.0,-0.08919682199999984,-0.009887279374999974,0.0,-1.255446910146102,56,fixed_k3
00_Optimized_Structure,a,0.0,-0.08531819799999985,-0.009887279374999974,0.0,-2.654725995892126,56,fixed_k3
00_Optimized_Structure,a,0.0,-0.08143957399999985,-0.009887279374999974,0.0,-3.0705792516190833,56,fixed_k3
00_Optimized_Structure,a,0.0,-0.07756094999999985,-0.009887279374999974,0.0,-2.88178630713754,56,fixed_k3
00_Optimized_Structure,a,0.0,-0.07368232599999985,-0.009887279374999974,0.0,-2.4729266419954534,56,fixed_k3
00_Optimized_Structure,a,0.0,-0.06980370199999986,-0.009887279374999974,0.0,-2.0432518667593076,56,fixed_k3
00_Optimized_Structure,a,0.0,-0.06592507799999986,-0.009887279374999974,0.0,-1.665755126187023,56,fixed_k3
00_Optimized_Structure,a,0.0,-0.06204645399999986,-0.009887279374999974,0.0,-1.3557590582359058,56,fixed_k3
00_Optimized_Structure,a,0.0,-0.058167829999999865,-0.009887279374999974,0.0,-1.1079381630934166,56,fixed_k3
00_Optimized_Structure,a,0.0,-0.05428920599999987,-0.009887279374999974,0.0,-0.9118257284682117,56,fixed_k3
00_Optimized_Structure,a,0.0,-0.05041058199999987,-0.009887279374999974,0.0,-0.7571835240990656,56,fixed_k3
00_Optimized_Structure,a,0.0,-0.04653195799999987,-0.009887279374999974,0.0,-0.6353450496347796,56,fixed_k3
00_Optimized_Structure,a,0.0,-0.042653333999999876,-0.009887279374999974,0.0,-0.5391943375776804,56,fixed_k3
00_Optimized_Structure,a,0.0,-0.03877470999999988,-0.009887279374999974,0.0,-0.4628136490006395,56,fixed_k3
00_Optimized_Structure,a,0.0,-0.03489608599999988,-0.009887279374999974,0.0,-0.4011575116342186,56,fixed_k3
00_Optimized_Structure,a,0.0,-0.031017461999999885,-0.009887279374999974,0.0,-0.3498509496625987,56,fixed_k3
00_Optimized_Structure,a,0.0,-0.027138837999999887,-0.009887279374999974,0.0,-0.3051159563019076,56,fixed_k3
00_Optimized_Structure,a,0.0,-0.02326021399999989,-0.009887279374999974,0.0,-0.26379756316486735,56,fixed_k3
00_Optimized_Structure,a,0.0,-0.019381589999999893,-0.009887279374999974,0.0,-0.2234488471735716,56,fixed_k3
00_Optimized_Structure,a,0.0,-0.015502965999999896,-0.009887279374999974,0.0,-0.18242937753379163,56,fixed_k3
00_Optimized_Structure,a,0.0,-0.011624341999999899,-0.009887279374999974,0.0,-0.139971403955792,56,fixed_k3
00_Optimized_Structure,a,0.0,-0.0077457179999999015,-0.009887279374999974,0.0,-0.09617389712547841,56,fixed_k3
00_Optimized_Structure,a,0.0,-0.0038670939999999043,-0.009887279374999974,0.0,-0.05189794615508486,56,fixed_k3
00_Optimized_Structure,a,0.0,1.1530000000092855e-05,-0.009887279374999974,0.0,-0.008557500040020594,56,fixed_k3
00_Optimized_Structure,a,0.0,0.00389015400000009,-0.009887279374999974,0.0,0.03217655264961572,56,fixed_k3
00_Optimized_Structure,a,0.0,0.007768778000000087,-0.009887279374999974,0.0,0.06871948342352568,56,fixed_k3
00_Optimized_Structure,a,0.0,0.011647402000000084,-0.009887279374999974,0.0,0.09991097694791823,56,fixed_k3
00_Optimized_Structure,a,0.0,0.015526026000000082,-0.009887279374999974,0.0,0.1252970110909114,56,fixed_k3
00_Optimized_Structure,a,0.0,0.01940465000000008,-0.009887279374999974,0.0,0.14531725535023376,56,fixed_k3
00_Optimized_Structure,a,0.0,0.023283274000000076,-0.009887279374999974,0.0,0.16138187171733348,56,fixed_k3
00_Optimized_Structure,a,0.0,0.027161898000000073,-0.009887279374999974,0.0,0.17584550676646435,56,fixed_k3
00_Optimized_Structure,a,0.0,0.03104052200000007,-0.009887279374999974,0.0,0.19190579736702418,56,fixed_k3
00_Optimized_Structure,a,0.0,0.03491914600000007,-0.009887279374999974,0.0,0.21346502443363496,56,fixed_k3
00_Optimized_Structure,a,0.0,0.038797770000000065,-0.009887279374999974,0.0,0.24499569941220578,56,fixed_k3
00_Optimized_Structure,a,0.0,0.04267639400000006,-0.009887279374999974,0.0,0.2914446145385432,56,fixed_k3
00_Optimized_Structure,a,0.0,0.04655501800000006,-0.009887279374999974,0.0,0.35819504721938766,56,fixed_k3
00_Optimized_Structure,a,0.0,0.050433642000000056,-0.009887279374999974,0.0,0.4510779131292806,56,fixed_k3
00_Optimized_Structure,a,0.0,0.05431226600000005,-0.009887279374999974,0.0,0.5763608617254368,56,fixed_k3
00_Optimized_Structure,a,0.0,0.05819089000000005,-0.009887279374999974,0.0,0.7404998750571476,56,fixed_k3
00_Optimized_Structure,a,0.0,0.06206951400000005,-0.009887279374999974,0.0,0.9490913022682124,56,fixed_k3
00_Optimized_Structure,a,0.0,0.06594813800000005,-0.009887279374999974,0.0,1.2036445042766821,56,fixed_k3
00_Optimized_Structure,a,0.0,0.06982676200000004,-0.009887279374999974,0.0,1.4929701960158046,56,fixed_k3
00_Optimized_Structure,a,0.0,0.07370538600000004,-0.009887279374999974,0.0,1.7724101990718397,56,fixed_k3
00_Optimized_Structure,a,0.0,0.07758401000000004,-0.009887279374999974,0.0,1.9195340784169201,56,fixed_k3
00_Optimized_Structure,a,0.0,0.08146263400000003,-0.009887279374999974,0.0,1.6605141130659198,56,fixed_k3
00_Optimized_Structure,a,0.0,0.08534125800000003,-0.009887279374999974,0.0,0.5283030393785652,56,fixed_k3
00_Optimized_Structure,a,0.0,0.08921988200000003,-0.009887279374999974,0.0,-1.853269879624107,56,fixed_k3
00_Optimized_Structure,a,0.0,0.09309850600000003,-0.009887279374999974,0.0,-4.70638632500807,56,fixed_k3
00_Optimized_Structure,a,0.0,0.09697713000000002,-0.009887279374999974,0.0,-5.3514921392377595,56,fixed_k3
00_Optimized_Structure,a,0.0,0.10085575400000002,-0.009887279374999974,0.0,-2.1302502800105474,56,fixed_k3
00_Optimized_Structure,a,0.0,0.10473437800000002,-0.009887279374999974,0.0,2.4311145461160075,56,fixed_k3
00_Optimized_Structure,a,0.0,0.10861300200000001,-0.009887279374999974,0.0,5.253264367869559,56,fixed_k3
00_Optimized_Structure,a,0.0,0.11249162600000001,-0.009887279374999974,0.0,6.029967081236296,56,fixed_k3
00_Optimized_Structure,a,0.0,0.11637025000000001,-0.009887279374999974,0.0,5.9260644692289235,56,fixed_k3
00_Optimized_Structure,a,0.0,0.120248874,-0.009887279374999974,0.0,6.297129703285503,56,fixed_k3
00_Optimized_Structure,a,0.0,0.124127498,-0.009887279374999974,0.0,9.832555318872087,56,fixed_k3
00_Optimized_Structure,a,0.0,0.128006122,-0.009887279374999974,0.0,33.714422210814355,56,fixed_k3
00_Optimized_Structure,a,0.0,0.131884746,-0.009887279374999974,0.0,245.93223084796867,56,fixed_k3
00_Optimized_Structure,a,0.0,0.13576337,-0.009887279374999974,0.0,59.23720922016495,56,fixed_k3
00_Optimized_Structure,a,0.0,0.139641994,-0.009887279374999974,0.0,8.308383991025106,56,fixed_k3
00_Optimized_Structure,a,0.0,0.143520618,-0.009887279374999974,0.0,1.7964725122178926,56,fixed_k3
00_Optimized_Structure,a,0.0,0.14739924199999999,-0.009887279374999974,0.0,0.2941491724247327,56,fixed_k3
00_Optimized_Structure,a,0.0,0.15127786599999998,-0.009887279374999974,0.0,-0.14794982057302483,56,fixed_k3
00_Optimized_Structure,a,0.0,0.15515649,-0.009887279374999974,0.0,-0.2746343134646331,56,fixed_k3
00_Optimized_Structure,a,0.0,-0.1551334299999998,-0.0066006412499999695,0.0,-1.2653274655224174,56,fixed_k3
00_Optimized_Structure,a,0.0,-0.1512548059999998,-0.0066006412499999695,0.0,-1.1887951999881334,56,fixed_k3
00_Optimized_Structure,a,0.0,-0.1473761819999998,-0.0066006412499999695,0.0,-0.9681909748007815,56,fixed_k3
00_Optimized_Structure,a,0.0,-0.1434975579999998,-0.0066006412499999695,0.0,-0.2781705766333318,56,fixed_k3
00_Optimized_Structure,a,0.0,-0.1396189339999998,-0.0066006412499999695,0.0,2.791580445018403,56,fixed_k3
00_Optimized_Structure,a,0.0,-0.1357403099999998,-0.0066006412499999695,0.0,29.89837741244622,56,fixed_k3
00_Optimized_Structure,a,0.0,-0.1318616859999998,-0.0066006412499999695,0.0,135.0063043557344,56,fixed_k3
00_Optimized_Structure,a,0.0,-0.12798306199999981,-0.0066006412499999695,0.0,19.633335418230317,56,fixed_k3
00_Optimized_Structure,a,0.0,-0.12410443799999982,-0.0066006412499999695,0.0,2.290739981646366,56,fixed_k3
00_Optimized_Structure,a,0.0,-0.12022581399999982,-0.0066006412499999695,0.0,-2.3502120155565907,56,fixed_k3
00_Optimized_Structure,a,0.0,-0.11634718999999982,-0.0066006412499999695,0.0,-4.7741484914937065,56,fixed_k3
00_Optimized_Structure,a,0.0,-0.11246856599999983,-0.0066006412499999695,0.0,-6.304992116617323,56,fixed_k3
00_Optimized_Structure,a,0.0,-0.10858994199999983,-0.0066006412499999695,0.0,-6.6225278663627964,56,fixed_k3
00_Optimized_Structure,a,0.0,-0.10471131799999983,-0.0066006412499999695,0.0,-4.8804748481279985,56,fixed_k3
00_Optimized_Structure,a,0.0,-0.10083269399999983,-0.0066006412499999695,0.0,-1.2783987459853532,56,fixed_k3
00_Optimized_Structure,a,0.0,-0.09695406999999984,-0.0066006412499999695,0.0,1.5105318139699961,56,fixed_k3
00_Optimized_Structure,a,0.0,-0.09307544599999984,-0.0066006412499999695,0.0,1.2050568149750376,56,fixed_k3
00_Optimized_Structure,a,0.0,-0.08919682199999984,-0.0066006412499999695,0.0,-0.8239419741915619,56,fixed_k3
00_Optimized_Structure,a,0.0,-0.08531819799999985,-0.0066006412499999695,0.0,-2.3705394349980184,56,fixed_k3
00_Optimized_Structure,a,0.0,-0.08143957399999985,-0.0066006412499999695,0.0,-2.887519907589078,56,fixed_k3
00_Optimized_Structure,a,0.0,-0.07756094999999985,-0.0066006412499999695,0.0,-2.756905897000553,56,fixed_k3
00_Optimized_Structure,a,0.0,-0.07368232599999985,-0.0066006412499999695,0.0,-2.379497285406162,56,fixed_k3
00_Optimized_Structure,a,0.0,-0.06980370199999986,-0.0066006412499999695,0.0,-1.9667608265536545,56,fixed_k3
00_Optimized_Structure,a,0.0,-0.06592507799999986,-0.0066006412499999695,0.0,-1.5988081722998613,56,fixed_k3
00_Optimized_Structure,a,0.0,-0.06204645399999986,-0.0066006412499999695,0.0,-1.2948100296420617,56,fixed_k3
00_Optimized_Structure,a,0.0,-0.058167829999999865,-0.0066006412499999695,0.0,-1.0514622055230858,56,fixed_k3
00_Optimized_Structure,a,0.0,-0.05428920599999987,-0.0066006412499999695,0.0,-0.8593289816578744,56,fixed_k3
00_Optimized_Structure,a,0.0,-0.05041058199999987,-0.0066006412499999695,0.0,-0.7086664259437141,56,fixed_k3
00_Optimized_Structure,a,0.0,-0.04653195799999987,-0.0066006412499999695,0.0,-0.5910099711965995,56,fixed_k3
00_Optimized_Structure,a,0.0,-0.042653333999999876,-0.0066006412499999695,0.0,-0.4992857100939797,56,fixed_k3
00_Optimized_Structure,a,0.0,-0.03877470999999988,-0.0066006412499999695,0.0,-0.42753046669135564,56,fixed_k3
00_Optimized_Structure,a,0.0,-0.03489608599999988,-0.0066006412499999695,0.0,-0.3706057134793285,56,fixed_k3
00_Optimized_Structure,a,0.0,-0.031017461999999885,-0.0066006412499999695,0.0,-0.3240182363001815,56,fixed_k3
00_Optimized_Structure,a,0.0,-0.027138837999999887,-0.0066006412499999695,0.0,-0.2838599400536992,56,fixed_k3
00_Optimized_Structure,a,0.0,-0.02326021399999989,-0.0066006412499999695,0.0,-0.24684277043609845,56,fixed_k3
00_Optimized_Structure,a,0.0,-0.019381589999999893,-0.0066006412499999695,0.0,-0.21039055615175667,56,fixed_k3
00_Optimized_Structure,a,0.0,-0.015502965999999896,-0.0066006412499999695,0.0,-0.1727434303051708,56,fixed_k3
00_Optimized_Structure,a,0.0,-0.011624341999999899,-0.0066006412499999695,0.0,-0.13302948093184125,56,fixed_k3
00_Optimized_Structure,a,0.0,-0.0077457179999999015,-0.0066006412499999695,0.0,-0.09126361883561235,56,fixed_k3
00_Optimized_Structure,a,0.0,-0.0038670939999999043,-0.0066006412499999695,0.0,-0.04824683090163828,56,fixed_k3
00_Optimized_Structure,a,0.0,1.1530000000092855e-05,-0.0066006412499999695,0.0,-0.0053594613892270215,56,fixed_k3
00_Optimized_Structure,a,0.0,0.00389015400000009,-0.0066006412499999695,0.0,0.035733691101925924,56,fixed_k3
00_Optimized_Structure,a,0.0,0.007768778000000087,-0.0066006412499999695,0.0,0.07342697725854708,56,fixed_k3
00_Optimized_Structure,a,0.0,0.011647402000000084,-0.0066006412499999695,0.0,0.10651397565013498,56,fixed_k3
00_Optimized_Structure,a,0.0,0.015526026000000082,-0.0066006412499999695,0.0,0.13447219203031316,56,fixed_k3
00_Optimized_Structure,a,0.0,0.01940465000000008,-0.0066006412499999695,0.0,0.15765391251688524,56,fixed_k3
00_Optimized_Structure,a,0.0,0.023283274000000076,-0.0066006412499999695,0.0,0.17736680112589948,56,fixed_k3
00_Optimized_Structure,a,0.0,0.027161898000000073,-0.0066006412499999695,0.0,0.1958518832535444,56,fixed_k3
00_Optimized_Structure,a,0.0,0.03104052200000007,-0.0066006412499999695,0.0,0.21618631976521052,56,fixed_k3
00_Optimized_Structure,a,0.0,0.03491914600000007,-0.0066006412499999695,0.0,0.2421500377270607,56,fixed_k3
00_Optimized_Structure,a,0.0,0.038797770000000065,-0.0066006412499999695,0.0,0.2780979923779556,56,fixed_k3
00_Optimized_Structure,a,0.0,0.04267639400000006,-0.0066006412499999695,0.0,0.3288745121304105,56,fixed_k3
00_Optimized_Structure,a,0.0,0.04655501800000006,-0.0066006412499999695,0.0,0.3997929239196256,56,fixed_k3
00_Optimized_Structure,a,0.0,0.050433642000000056,-0.0066006412499999695,0.0,0.496677487152029,56,fixed_k3
00_Optimized_Structure,a,0.0,0.05431226600000005,-0.0066006412499999695,0.0,0.6259075450343379,56,fixed_k3
00_Optimized_Structure,a,0.0,0.05819089000000005,-0.0066006412499999695,0.0,0.7942672723249019,56,fixed_k3
00_Optimized_Structure,a,0.0,0.06206951400000005,-0.0066006412499999695,0.0,1.0080704731337238,56,fixed_k3
00_Optimized_Structure,a,0.0,0.06594813800000005,-0.0066006412499999695,0.0,1.2702300979690306,56,fixed_k3
00_Optimized_Structure,a,0.0,0.06982676200000004,-0.0066006412499999695,0.0,1.5721336541753677,56,fixed_k3
00_Optimized_Structure,a,0.0,0.07370538600000004,-0.0066006412499999695,0.0,1.8735982127237207,56,fixed_k3
00_Optimized_Structure,a,0.0,0.07758401000000004,-0.0066006412499999695,0.0,2.0594178528647835,56,fixed_k3
00_Optimized_Structure,a,0.0,0.08146263400000003,-0.0066006412499999695,0.0,1.866065311768151,56,fixed_k3
00_Optimized_Structure,a,0.0,0.08534125800000003,-0.0066006412499999695,0.0,0.837982422345457,56,fixed_k3
00_Optimized_Structure,a,0.0,0.08921988200000003,-0.0066006412499999695,0.0,-1.3946866039505816,56,fixed_k3
00_Optimized_Structure,a,0.0,0.09309850600000003,-0.0066006412499999695,0.0,-4.066289077393514,56,fixed_k3
00_Optimized_Structure,a,0.0,0.09697713000000002,-0.0066006412499999695,0.0,-4.5572483614994574,56,fixed_k3
00_Optimized_Structure,a,0.0,0.10085575400000002,-0.0066006412499999695,0.0,-1.328028235937194,56,fixed_k3
00_Optimized_Structure,a,0.0,0.10473437800000002,-0.0066006412499999695,0.0,3.045880266105376,56,fixed_k3
00_Optimized_Structure,a,0.0,0.10861300200000001,-0.0066006412499999695,0.0,5.5865675106450094,56,fixed_k3
00_Optimized_Structure,a,0.0,0.11249162600000001,-0.0066006412499999695,0.0,6.074778073882485,56,fixed_k3
00_Optimized_Structure,a,0.0,0.11637025000000001,-0.0066006412499999695,0.0,5.629760454645832,56,fixed_k3
00_Optimized_Structure,a,0.0,0.120248874,-0.0066006412499999695,0.0,5.370398844701257,56,fixed_k3
00_Optimized_Structure,a,0.0,0.124127498,-0.0066006412499999695,0.0,7.045049479301809,56,fixed_k3
00_Optimized_Structure,a,0.0,0.128006122,-0.0066006412499999695,0.0,20.988869255370766,56,fixed_k3
00_Optimized_Structure,a,0.0,0.131884746,-0.0066006412499999695,0.0,150.57556523960014,56,fixed_k3
00_Optimized_Structure,a,0.0,0.13576337,-0.0066006412499999695,0.0,42.87451801922565,56,fixed_k3
00_Optimized_Structure,a,0.0,0.139641994,-0.0066006412499999695,0.0,6.289878486107072,56,fixed_k3
00_Optimized_Structure,a,0.0,0.143520618,-0.0066006412499999695,0.0,1.5449597633591332,56,fixed_k3
00_Optimized_Structure,a,0.0,0.14739924199999999,-0.0066006412499999695,0.0,0.4552098009339247,56,fixed_k3
00_Optimized_Structure,a,0.0,0.15127786599999998,-0.0066006412499999695,0.0,0.1385416178073204,56,fixed_k3
00_Optimized_Structure,a,0.0,0.15515649,-0.0066006412499999695,0.0,0.0495183135273823,56,fixed_k3
00_Optimized_Structure,a,0.0,-0.1551334299999998,-0.0033140031249999646,0.0,-0.9771050610347813,56,fixed_k3
00_Optimized_Structure,a,0.0,-0.1512548059999998,-0.0033140031249999646,0.0,-0.9435827797465899,56,fixed_k3
00_Optimized_Structure,a,0.0,-0.1473761819999998,-0.0033140031249999646,0.0,-0.860406657411464,56,fixed_k3
00_Optimized_Structure,a,0.0,-0.1434975579999998,-0.0033140031249999646,0.0,-0.6249158680295435,56,fixed_k3
00_Optimized_Structure,a,0.0,-0.1396189339999998,-0.0033140031249999646,0.0,0.44869342839436505,56,fixed_k3
00_Optimized_Structure,a,0.0,-0.1357403099999998,-0.0033140031249999646,0.0,11.284694774318181,56,fixed_k3
00_Optimized_Structure,a,0.0,-0.1318616859999998,-0.0033140031249999646,0.0,57.54377565838518,56,fixed_k3
00_Optimized_Structure,a,0.0,-0.12798306199999981,-0.0033140031249999646,0.0,8.714086573604591,56,fixed_k3
00_Optimized_Structure,a,0.0,-0.12410443799999982,-0.0033140031249999646,0.0,-0.15248019392943413,56,fixed_k3
00_Optimized_Structure,a,0.0,-0.12022581399999982,-0.0033140031249999646,0.0,-3.1110880848621907,56,fixed_k3
00_Optimized_Structure,a,0.0,-0.11634718999999982,-0.0033140031249999646,0.0,-4.972154229984074,56,fixed_k3
00_Optimized_Structure,a,0.0,-0.11246856599999983,-0.0033140031249999646,0.0,-6.240935106009223,56,fixed_k3
00_Optimized_Structure,a,0.0,-0.10858994199999983,-0.0033140031249999646,0.0,-6.39265506135968,56,fixed_k3
00_Optimized_Structure,a,0.0,-0.10471131799999983,-0.0033140031249999646,0.0,-4.504096449128417,56,fixed_k3
00_Optimized_Structure,a,0.0,-0.10083269399999983,-0.0033140031249999646,0.0,-0.7489397455748787,56,fixed_k3
00_Optimized_Structure,a,0.0,-0.09695406999999984,-0.0033140031249999646,0.0,2.144966214369311,56,fixed_k3
00_Optimized_Structure,a,0.0,-0.09307544599999984,-0.0033140031249999646,0.0,1.8026190185849567,56,fixed_k3
00_Optimized_Structure,a,0.0,-0.08919682199999984,-0.0033140031249999646,0.0,-0.37499548883848133,56,fixed_k3
00_Optimized_Structure,a,0.0,-0.08531819799999985,-0.0033140031249999646,0.0,-2.0738137838994284,56,fixed_k3
00_Optimized_Structure,a,0.0,-0.08143957399999985,-0.0033140031249999646,0.0,-2.6960103004014457,56,fixed_k3
00_Optimized_Structure,a,0.0,-0.07756094999999985,-0.0033140031249999646,0.0,-2.626989858470372,56,fixed_k3
00_Optimized_Structure,a,0.0,-0.07368232599999985,-0.0033140031249999646,0.0,-2.283385042379572,56,fixed_k3
00_Optimized_Structure,a,0.0,-0.06980370199999986,-0.0033140031249999646,0.0,-1.8889892995042217,56,fixed_k3
00_Optimized_Structure,a,0.0,-0.06592507799999986,-0.0033140031249999646,0.0,-1.5313342116748634,56,fixed_k3
00_Optimized_Structure,a,0.0,-0.06204645399999986,-0.0033140031249999646,0.0,-1.2337016681173547,56,fixed_k3
00_Optimized_Structure,a,0.0,-0.058167829999999865,-0.0033140031249999646,0.0,-0.994983219898632,56,fixed_k3
00_Optimized_Structure,a,0.0,-0.05428920599999987,-0.0033140031249999646,0.0,-0.8068763286168017,56,fixed_k3
00_Optimized_Structure,a,0.0,-0.05041058199999987,-0.0033140031249999646,0.0,-0.6601871273899658,56,fixed_k3
00_Optimized_Structure,a,0.0,-0.04653195799999987,-0.0033140031249999646,0.0,-0.5466818789606787,56,fixed_k3
00_Optimized_Structure,a,0.0,-0.042653333999999876,-0.0033140031249999646,0.0,-0.459343014370453,56,fixed_k3
00_Optimized_Structure,a,0.0,-0.03877470999999988,-0.0033140031249999646,0.0,-0.39216867092048147,56,fixed_k3
00_Optimized_Structure,a,0.0,-0.03489608599999988,-0.0033140031249999646,0.0,-0.3399304120835194,56,fixed_k3
00_Optimized_Structure,a,0.0,-0.031017461999999885,-0.0033140031249999646,0.0,-0.2980184017039747,56,fixed_k3
00_Optimized_Structure,a,0.0,-0.027138837999999887,-0.0033140031249999646,0.0,-0.26239554387447805,56,fixed_k3
00_Optimized_Structure,a,0.0,-0.02326021399999989,-0.0033140031249999646,0.0,-0.2296416289378569,56,fixed_k3
00_Optimized_Structure,a,0.0,-0.019381589999999893,-0.0033140031249999646,0.0,-0.19705201761496435,56,fixed_k3
00_Optimized_Structure,a,0.0,-0.015502965999999896,-0.0033140031249999646,0.0,-0.16274785426722221,56,fixed_k3
00_Optimized_Structure,a,0.0,-0.011624341999999899,-0.0033140031249999646,0.0,-0.12575294390210323,56,fixed_k3
00_Optimized_Structure,a,0.0,-0.0077457179999999015,-0.0033140031249999646,0.0,-0.08599726984554662,56,fixed_k3
00_Optimized_Structure,a,0.0,-0.0038670939999999043,-0.0033140031249999646,0.0,-0.04422006633647016,56,fixed_k3
00_Optimized_Structure,a,0.0,1.1530000000092855e-05,-0.0033140031249999646,0.0,-0.001765783787958941,56,fixed_k3
00_Optimized_Structure,a,0.0,0.00389015400000009,-0.0033140031249999646,0.0,0.039709486232414826,56,fixed_k3
00_Optimized_Structure,a,0.0,0.007768778000000087,-0.0033140031249999646,0.0,0.07858170681065968,56,fixed_k3
00_Optimized_Structure,a,0.0,0.011647402000000084,-0.0033140031249999646,0.0,0.11360038436118108,56,fixed_k3
00_Optimized_Structure,a,0.0,0.015526026000000082,-0.0033140031249999646,0.0,0.14417576580056085,56,fixed_k3
00_Optimized_Structure,a,0.0,0.01940465000000008,-0.0033140031249999646,0.0,0.17057298562901654,56,fixed_k3
00_Optimized_Structure,a,0.0,0.023283274000000076,-0.0033140031249999646,0.0,0.19399647552585608,56,fixed_k3
00_Optimized_Structure,a,0.0,0.027161898000000073,-0.0033140031249999646,0.0,0.21657209415227738,56,fixed_k3
00_Optimized_Structure,a,0.0,0.03104052200000007,-0.0033140031249999646,0.0,0.2412543879932208,56,fixed_k3
00_Optimized_Structure,a,0.0,0.03491914600000007,-0.0033140031249999646,0.0,0.27169838380896605,56,fixed_k3
00_Optimized_Structure,a,0.0,0.038797770000000065,-0.0033140031249999646,0.0,0.31213857253836114,56,fixed_k3
00_Optimized_Structure,a,0.0,0.04267639400000006,-0.0033140031249999646,0.0,0.3673133462047661,56,fixed_k3
00_Optimized_Structure,a,0.0,0.04655501800000006,-0.0033140031249999646,0.0,0.44246146279210274,56,fixed_k3
00_Optimized_Structure,a,0.0,0.050433642000000056,-0.0033140031249999646,0.0,0.5433936354266845,56,fixed_k3
00_Optimized_Structure,a,0.0,0.05431226600000005,-0.0033140031249999646,0.0,0.6765898737964948,56,fixed_k3
00_Optimized_Structure,a,0.0,0.05819089000000005,-0.0033140031249999646,0.0,0.8491446770094715,56,fixed_k3
00_Optimized_Structure,a,0.0,0.06206951400000005,-0.0033140031249999646,0.0,1.0680616153334501,56,fixed_k3
00_Optimized_Structure,a,0.0,0.06594813800000005,-0.0033140031249999646,0.0,1.3376195965382376,56,fixed_k3
00_Optimized_Structure,a,0.0,0.06982676200000004,-0.0033140031249999646,0.0,1.651749345671044,56,fixed_k3
00_Optimized_Structure,a,0.0,0.07370538600000004,-0.0033140031249999646,0.0,1.9747743754099416,56,fixed_k3
00_Optimized_Structure,a,0.0,0.07758401000000004,-0.0033140031249999646,0.0,2.1989866672036724,56,fixed_k3
00_Optimized_Structure,a,0.0,0.08146263400000003,-0.0033140031249999646,0.0,2.0720096875634595,56,fixed_k3
00_Optimized_Structure,a,0.0,0.08534125800000003,-0.0033140031249999646,0.0,1.151136045702742,56,fixed_k3
00_Optimized_Structure,a,0.0,0.08921988200000003,-0.0033140031249999646,0.0,-0.928503289828678,56,fixed_k3
00_Optimized_Structure,a,0.0,0.09309850600000003,-0.0033140031249999646,0.0,-3.425722339181735,56,fixed_k3
00_Optimized_Structure,a,0.0,0.09697713000000002,-0.0033140031249999646,0.0,-3.7961904638421955,56,fixed_k3
00_Optimized_Structure,a,0.0,0.10085575400000002,-0.0033140031249999646,0.0,-0.594988895066319,56,fixed_k3
00_Optimized_Structure,a,0.0,0.10473437800000002,-0.0033140031249999646,0.0,3.595539287115444,56,fixed_k3
00_Optimized_Structure,a,0.0,0.10861300200000001,-0.0033140031249999646,0.0,5.890489157073912,56,fixed_k3
00_Optimized_Structure,a,0.0,0.11249162600000001,-0.0033140031249999646,0.0,6.128755709705653,56,fixed_k3
00_Optimized_Structure,a,0.0,0.11637025000000001,-0.0033140031249999646,0.0,5.378514251001328,56,fixed_k3
00_Optimized_Structure,a,0.0,0.120248874,-0.0033140031249999646,0.0,4.546839784354741,56,fixed_k3
00_Optimized_Structure,a,0.0,0.124127498,-0.0033140031249999646,0.0,4.566668655738002,56,fixed_k3
00_Optimized_Structure,a,0.0,0.128006122,-0.0033140031249999646,0.0,10.191629953230485,56,fixed_k3
00_Optimized_Structure,a,0.0,0.131884746,-0.0033140031249999646,0.0,73.4112643009104,56,fixed_k3
00_Optimized_Structure,a,0.0,0.13576337,-0.0033140031249999646,0.0,24.83724742488322,56,fixed_k3
00_Optimized_Structure,a,0.0,0.139641994,-0.0033140031249999646,0.0,4.0457816747512725,56,fixed_k3
00_Optimized_Structure,a,0.0,0.143520618,-0.0033140031249999646,0.0,1.2381578750958118,56,fixed_k3
00_Optimized_Structure,a,0.0,0.14739924199999999,-0.0033140031249999646,0.0,0.5928256753139193,56,fixed_k3
00_Optimized_Structure,a,0.0,0.15127786599999998,-0.0033140031249999646,0.0,0.4108906000899397,56,fixed_k3
00_Optimized_Structure,a,0.0,0.15515649,-0.0033140031249999646,0.0,0.36333062811822275,56,fixed_k3
00_Optimized_Structure,a,0.0,-0.1551334299999998,-2.736499999997366e-05,0.0,-0.680944819190325,56,fixed_k3
00_Optimized_Structure,a,0.0,-0.1512548059999998,-2.736499999997366e-05,0.0,-0.6915400707542503,56,fixed_k3
00_Optimized_Structure,a,0.0,-0.1473761819999998,-2.736499999997366e-05,0.0,-0.7490890607208325,56,fixed_k3
00_Optimized_Structure,a,0.0,-0.1434975579999998,-2.736499999997366e-05,0.0,-0.9792199521140537,56,fixed_k3
00_Optimized_Structure,a,0.0,-0.1396189339999998,-2.736499999997366e-05,0.0,-1.9605464527808052,56,fixed_k3
00_Optimized_Structure,a,0.0,-0.1357403099999998,-2.736499999997366e-05,0.0,-7.881096594377485,56,fixed_k3
00_Optimized_Structure,a,0.0,-0.1318616859999998,-2.736499999997366e-05,0.0,-10.900422797911476,56,fixed_k3
00_Optimized_Structure,a,0.0,-0.12798306199999981,-2.736499999997366e-05,0.0,-1.183235333681701,56,fixed_k3
00_Optimized_Structure,a,0.0,-0.12410443799999982,-2.736499999997366e-05,0.0,-2.4531101941973446,56,fixed_k3
00_Optimized_Structure,a,0.0,-0.12022581399999982,-2.736499999997366e-05,0.0,-3.850464552517052,56,fixed_k3
00_Optimized_Structure,a,0.0,-0.11634718999999982,-2.736499999997366e-05,0.0,-5.174404282831622,56,fixed_k3
00_Optimized_Structure,a,0.0,-0.11246856599999983,-2.736499999997366e-05,0.0,-6.177422291954128,56,fixed_k3
00_Optimized_Structure,a,0.0,-0.10858994199999983,-2.736499999997366e-05,0.0,-6.139673306420604,56,fixed_k3
00_Optimized_Structure,a,0.0,-0.10471131799999983,-2.736499999997366e-05,0.0,-4.0720359746010395,56,fixed_k3
00_Optimized_Structure,a,0.0,-0.10083269399999983,-2.736499999997366e-05,0.0,-0.15067158147522194,56,fixed_k3
00_Optimized_Structure,a,0.0,-0.09695406999999984,-2.736499999997366e-05,0.0,2.8272003379136104,56,fixed_k3
00_Optimized_Structure,a,0.0,-0.09307544599999984,-2.736499999997366e-05,0.0,2.4222080784803626,56,fixed_k3
00_Optimized_Structure,a,0.0,-0.08919682199999984,-2.736499999997366e-05,0.0,0.08580723530719714,56,fixed_k3
00_Optimized_Structure,a,0.0,-0.08531819799999985,-2.736499999997366e-05,0.0,-1.768084652181439,56,fixed_k3
00_Optimized_Structure,a,0.0,-0.08143957399999985,-2.736499999997366e-05,0.0,-2.4979623407800293,56,fixed_k3
00_Optimized_Structure,a,0.0,-0.07756094999999985,-2.736499999997366e-05,0.0,-2.49304495160213,56,fixed_k3
00_Optimized_Structure,a,0.0,-0.07368232599999985,-2.736499999997366e-05,0.0,-2.1851620438382833,56,fixed_k3
00_Optimized_Structure,a,0.0,-0.06980370199999986,-2.736499999997366e-05,0.0,-1.8103181393530918,56,fixed_k3
00_Optimized_Structure,a,0.0,-0.06592507799999986,-2.736499999997366e-05,0.0,-1.4636368953010943,56,fixed_k3
00_Optimized_Structure,a,0.0,-0.06204645399999986,-2.736499999997366e-05,0.0,-1.1727103735515736,56,fixed_k3
00_Optimized_Structure,a,0.0,-0.058167829999999865,-2.736499999997366e-05,0.0,-0.9387702548135488,56,fixed_k3
00_Optimized_Structure,a,0.0,-0.05428920599999987,-2.736499999997366e-05,0.0,-0.7547358468646326,56,fixed_k3
00_Optimized_Structure,a,0.0,-0.05041058199999987,-2.736499999997366e-05,0.0,-0.6120133923541599,56,fixed_k3
00_Optimized_Structure,a,0.0,-0.04653195799999987,-2.736499999997366e-05,0.0,-0.5026267693053617,56,fixed_k3
00_Optimized_Structure,a,0.0,-0.042653333999999876,-2.736499999997366e-05,0.0,-0.4196285434475304,56,fixed_k3
00_Optimized_Structure,a,0.0,-0.03877470999999988,-2.736499999997366e-05,0.0,-0.3569851296226909,56,fixed_k3
00_Optimized_Structure,a,0.0,-0.03489608599999988,-2.736499999997366e-05,0.0,-0.3093818021627472,56,fixed_k3
00_Optimized_Structure,a,0.0,-0.031017461999999885,-2.736499999997366e-05,0.0,-0.27209425274687316,56,fixed_k3
00_Optimized_Structure,a,0.0,-0.027138837999999887,-2.736499999997366e-05,0.0,-0.24095797782825815,56,fixed_k3
00_Optimized_Structure,a,0.0,-0.02326021399999989,-2.736499999997366e-05,0.0,-0.21242198553158792,56,fixed_k3
00_Optimized_Structure,a,0.0,-0.019381589999999893,-2.736499999997366e-05,0.0,-0.18365431667881454,56,fixed_k3
00_Optimized_Structure,a,0.0,-0.015502965999999896,-2.736499999997366e-05,0.0,-0.15265786584654123,56,fixed_k3
00_Optimized_Structure,a,0.0,-0.011624341999999899,-2.736499999997366e-05,0.0,-0.11835225169074429,56,fixed_k3
00_Optimized_Structure,a,0.0,-0.0077457179999999015,-2.736499999997366e-05,0.0,-0.08058181171575281,56,fixed_k3
00_Optimized_Structure,a,0.0,-0.0038670939999999043,-2.736499999997366e-05,0.0,-0.040022463964709654,56,fixed_k3
00_Optimized_Structure,a,0.0,1.1530000000092855e-05,-2.736499999997366e-05,0.0,0.0020194919256999733,56,fixed_k3
00_Optimized_Structure,a,0.0,0.00389015400000009,-2.736499999997366e-05,0.0,0.043899302790431055,56,fixed_k3
00_Optimized_Structure,a,0.0,0.007768778000000087,-2.736499999997366e-05,0.0,0.08397713079390039,56,fixed_k3
00_Optimized_Structure,a,0.0,0.011647402000000084,-2.736499999997366e-05,0.0,0.12096053193893834,56,fixed_k3
00_Optimized_Structure,a,0.0,0.015526026000000082,-2.736499999997366e-05,0.0,0.15419382882127336,56,fixed_k3
00_Optimized_Structure,a,0.0,0.01940465000000008,-2.736499999997366e-05,0.0,0.18385539432915518,56,fixed_k3
00_Optimized_Structure,a,0.0,0.023283274000000076,-2.736499999997366e-05,0.0,0.2110458963014396,56,fixed_k3
00_Optimized_Structure,a,0.0,0.027161898000000073,-2.736499999997366e-05,0.0,0.23777473876707703,56,fixed_k3
00_Optimized_Structure,a,0.0,0.03104052200000007,-2.736499999997366e-05,0.0,0.26687203804180815,56,fixed_k3
00_Optimized_Structure,a,0.0,0.03491914600000007,-2.736499999997366e-05,0.0,0.30186576730126796,56,fixed_k3
00_Optimized_Structure,a,0.0,0.038797770000000065,-2.736499999997366e-05,0.0,0.34686750193453997,56,fixed_k3
00_Optimized_Structure,a,0.0,0.04267639400000006,-2.736499999997366e-05,0.0,0.40650671010205813,56,fixed_k3
00_Optimized_Structure,a,0.0,0.04655501800000006,-2.736499999997366e-05,0.0,0.4859433789126623,56,fixed_k3
00_Optimized_Structure,a,0.0,0.050433642000000056,-2.736499999997366e-05,0.0,0.5909679061969557,56,fixed_k3
00_Optimized_Structure,a,0.0,0.05431226600000005,-2.736499999997366e-05,0.0,0.7281492632522801,56,fixed_k3
00_Optimized_Structure,a,0.0,0.05819089000000005,-2.736499999997366e-05,0.0,0.9048718408958629,56,fixed_k3
00_Optimized_Structure,a,0.0,0.06206951400000005,-2.736499999997366e-05,0.0,1.128794512185722,56,fixed_k3
00_Optimized_Structure,a,0.0,0.06594813800000005,-2.736499999997366e-05,0.0,1.4055086330639672,56,fixed_k3
00_Optimized_Structure,a,0.0,0.06982676200000004,-2.736499999997366e-05,0.0,1.731419587071593,56,fixed_k3
00_Optimized_Structure,a,0.0,0.07370538600000004,-2.736499999997366e-05,0.0,2.0753153065513157,56,fixed_k3
00_Optimized_Structure,a,0.0,0.07758401000000004,-2.736499999997366e-05,0.0,2.3371169059710573,56,fixed_k3
00_Optimized_Structure,a,0.0,0.08146263400000003,-2.736499999997366e-05,0.0,2.276212225611539,56,fixed_k3
00_Optimized_Structure,a,0.0,0.08534125800000003,-2.736499999997366e-05,0.0,1.4638497290146342,56,fixed_k3
00_Optimized_Structure,a,0.0,0.08921988200000003,-2.736499999997366e-05,0.0,-0.46103054639060526,56,fixed_k3
00_Optimized_Structure,a,0.0,0.09309850600000003,-2.736499999997366e-05,0.0,-2.7925528711290104,56,fixed_k3
00_Optimized_Structure,a,0.0,0.09697713000000002,-2.736499999997366e-05,0.0,-3.0741778149843286,56,fixed_k3
00_Optimized_Structure,a,0.0,0.10085575400000002,-2.736499999997366e-05,0.0,0.0688353804961819,56,fixed_k3
00_Optimized_Structure,a,0.0,0.10473437800000002,-2.736499999997366e-05,0.0,4.084703587155267,56,fixed_k3
00_Optimized_Structure,a,0.0,0.10861300200000001,-2.736499999997366e-05,0.0,6.16899779148357,56,fixed_k3
00_Optimized_Structure,a,0.0,0.11249162600000001,-2.736499999997366e-05,0.0,6.190061044021325,56,fixed_k3
00_Optimized_Structure,a,0.0,0.11637025000000001,-2.736499999997366e-05,0.0,5.15830428032968,56,fixed_k3
00_Optimized_Structure,a,0.0,0.120248874,-2.736499999997366e-05,0.0,3.7818874368848916,56,fixed_k3
00_Optimized_Structure,a,0.0,0.124127498,-2.736499999997366e-05,0.0,2.2339938515193616,56,fixed_k3
00_Optimized_Structure,a,0.0,0.128006122,-2.736499999997366e-05,0.0,0.21824350175408735,56,fixed_k3
00_Optimized_Structure,a,0.0,0.131884746,-2.736499999997366e-05,0.0,4.202292295022539,56,fixed_k3
00_Optimized_Structure,a,0.0,0.13576337,-2.736499999997366e-05,0.0,5.86483962823191,56,fixed_k3
00_Optimized_Structure,a,0.0,0.139641994,-2.736499999997366e-05,0.0,1.6678123721992302,56,fixed_k3
00_Optimized_Structure,a,0.0,0.143520618,-2.736499999997366e-05,0.0,0.8960700362384088,56,fixed_k3
00_Optimized_Structure,a,0.0,0.14739924199999999,-2.736499999997366e-05,0.0,0.7133739535297458,56,fixed_k3
00_Optimized_Structure,a,0.0,0.15127786599999998,-2.736499999997366e-05,0.0,0.6714069131805442,56,fixed_k3
00_Optimized_Structure,a,0.0,0.15515649,-2.736499999997366e-05,0.0,0.6675042689400337,56,fixed_k3
00_Optimized_Structure,a,0.0,-0.1551334299999998,0.0032592731250000173,0.0,-0.37593527076557365,56,fixed_k3
00_Optimized_Structure,a,0.0,-0.1512548059999998,0.0032592731250000173,0.0,-0.43008767395964514,56,fixed_k3
00_Optimized_Structure,a,0.0,-0.1473761819999998,0.0032592731250000173,0.0,-0.6273424316407964,56,fixed_k3
00_Optimized_Structure,a,0.0,-0.1434975579999998,0.0032592731250000173,0.0,-1.3193365650014384,56,fixed_k3
00_Optimized_Structure,a,0.0,-0.1396189339999998,0.0032592731250000173,0.0,-4.334594072988341,56,fixed_k3
00_Optimized_Structure,a,0.0,-0.1357403099999998,0.0032592731250000173,0.0,-26.852802317664008,56,fixed_k3
00_Optimized_Structure,a,0.0,-0.1318616859999998,0.0032592731250000173,0.0,-78.99532469551636,56,fixed_k3
00_Optimized_Structure,a,0.0,-0.12798306199999981,0.0032592731250000173,0.0,-10.998332606047713,56,fixed_k3
00_Optimized_Structure,a,0.0,-0.12410443799999982,0.0032592731250000173,0.0,-4.757664416021037,56,fixed_k3
00_Optimized_Structure,a,0.0,-0.12022581399999982,0.0032592731250000173,0.0,-4.609079804324255,56,fixed_k3
00_Optimized_Structure,a,0.0,-0.11634718999999982,0.0032592731250000173,0.0,-5.394782006022118,56,fixed_k3
00_Optimized_Structure,a,0.0,-0.11246856599999983,0.0032592731250000173,0.0,-6.118470666859959,56,fixed_k3
00_Optimized_Structure,a,0.0,-0.10858994199999983,0.0032592731250000173,0.0,-5.863255219625124,56,fixed_k3
00_Optimized_Structure,a,0.0,-0.10471131799999983,0.0032592731250000173,0.0,-3.5826941817437374,56,fixed_k3
00_Optimized_Structure,a,0.0,-0.10083269399999983,0.0032592731250000173,0.0,0.5162059779728027,56,fixed_k3
00_Optimized_Structure,a,0.0,-0.09695406999999984,0.0032592731250000173,0.0,3.5529718525161007,56,fixed_k3
00_Optimized_Structure,a,0.0,-0.09307544599999984,0.0032592731250000173,0.0,3.0569823241641014,56,fixed_k3
00_Optimized_Structure,a,0.0,-0.08919682199999984,0.0032592731250000173,0.0,0.5524995788875804,56,fixed_k3
00_Optimized_Structure,a,0.0,-0.08531819799999985,0.0032592731250000173,0.0,-1.4571095445063296,56,fixed_k3
00_Optimized_Structure,a,0.0,-0.08143957399999985,0.0032592731250000173,0.0,-2.295411073144837,56,fixed_k3
00_Optimized_Structure,a,0.0,-0.07756094999999985,0.0032592731250000173,0.0,-2.3561393342659733,56,fixed_k3
00_Optimized_Structure,a,0.0,-0.07368232599999985,0.0032592731250000173,0.0,-2.085428062737993,56,fixed_k3
00_Optimized_Structure,a,0.0,-0.06980370199999986,0.0032592731250000173,0.0,-1.7311394559585378,56,fixed_k3
00_Optimized_Structure,a,0.0,-0.06592507799999986,0.0032592731250000173,0.0,-1.396023819849828,56,fixed_k3
00_Optimized_Structure,a,0.0,-0.06204645399999986,0.0032592731250000173,0.0,-1.112113458092913,56,fixed_k3
00_Optimized_Structure,a,0.0,-0.058167829999999865,0.0032592731250000173,0.0,-0.8830921375178927,56,fixed_k3
00_Optimized_Structure,a,0.0,-0.05428920599999987,0.0032592731250000173,0.0,-0.7031750752715886,56,fixed_k3
00_Optimized_Structure,a,0.0,-0.05041058199999987,0.0032592731250000173,0.0,-0.564412475109821,56,fixed_k3
00_Optimized_Structure,a,0.0,-0.04653195799999987,0.0032592731250000173,0.0,-0.45911030715303686,56,fixed_k3
00_Optimized_Structure,a,0.0,-0.042653333999999876,0.0032592731250000173,0.0,-0.38040450520952696,56,fixed_k3
00_Optimized_Structure,a,0.0,-0.03877470999999988,0.0032592731250000173,0.0,-0.32223690573848474,56,fixed_k3
00_Optimized_Structure,a,0.0,-0.03489608599999988,0.0032592731250000173,0.0,-0.2792105703226919,56,fixed_k3
00_Optimized_Structure,a,0.0,-0.031017461999999885,0.0032592731250000173,0.0,-0.2464893894501686,56,fixed_k3
00_Optimized_Structure,a,0.0,-0.027138837999999887,0.0032592731250000173,0.0,-0.21978353873170245,56,fixed_k3
00_Optimized_Structure,a,0.0,-0.02326021399999989,0.0032592731250000173,0.0,-0.1954130473012278,56,fixed_k3
00_Optimized_Structure,a,0.0,-0.019381589999999893,0.0032592731250000173,0.0,-0.1704201402664444,56,fixed_k3
00_Optimized_Structure,a,0.0,-0.015502965999999896,0.0032592731250000173,0.0,-0.14269048406039953,56,fixed_k3
00_Optimized_Structure,a,0.0,-0.011624341999999899,0.0032592731250000173,0.0,-0.11103982189788736,56,fixed_k3
00_Optimized_Structure,a,0.0,-0.0077457179999999015,0.0032592731250000173,0.0,-0.07522627939899915,56,fixed_k3
00_Optimized_Structure,a,0.0,-0.0038670939999999043,0.0032592731250000173,0.0,-0.03586099202401036,56,fixed_k3
00_Optimized_Structure,a,0.0,1.1530000000092855e-05,0.0032592731250000173,0.0,0.005790099754286446,56,fixed_k3
00_Optimized_Structure,a,0.0,0.00389015400000009,0.0032592731250000173,0.0,0.04809620710957431,56,fixed_k3
00_Optimized_Structure,a,0.0,0.007768778000000087,0.0032592731250000173,0.0,0.08940431193870366,56,fixed_k3
00_Optimized_Structure,a,0.0,0.011647402000000084,0.0032592731250000173,0.0,0.1283822137674471,56,fixed_k3
00_Optimized_Structure,a,0.0,0.015526026000000082,0.0032592731250000173,0.0,0.16430975757879066,56,fixed_k3
00_Optimized_Structure,a,0.0,0.01940465000000008,0.0032592731250000173,0.0,0.1972791015769699,56,fixed_k3
00_Optimized_Structure,a,0.0,0.023283274000000076,0.0032592731250000173,0.0,0.22828682708069245,56,fixed_k3
00_Optimized_Structure,a,0.0,0.027161898000000073,0.0032592731250000173,0.0,0.25922486483096496,56,fixed_k3
00_Optimized_Structure,a,0.0,0.03104052200000007,0.0032592731250000173,0.0,0.29279742272799214,56,fixed_k3
00_Optimized_Structure,a,0.0,0.03491914600000007,0.0032592731250000173,0.0,0.33240367640865903,56,fixed_k3
00_Optimized_Structure,a,0.0,0.038797770000000065,0.0032592731250000173,0.0,0.38203030718650466,56,fixed_k3
00_Optimized_Structure,a,0.0,0.04267639400000006,0.0032592731250000173,0.0,0.4461953722832991,56,fixed_k3
00_Optimized_Structure,a,0.0,0.04655501800000006,0.0032592731250000173,0.0,0.5299763190244593,56,fixed_k3
00_Optimized_Structure,a,0.0,0.050433642000000056,0.0032592731250000173,0.0,0.6391366050055033,56,fixed_k3
00_Optimized_Structure,a,0.0,0.05431226600000005,0.0032592731250000173,0.0,0.7803218237640511,56,fixed_k3
00_Optimized_Structure,a,0.0,0.05819089000000005,0.0032592731250000173,0.0,0.9611833541399737,56,fixed_k3
00_Optimized_Structure,a,0.0,0.06206951400000005,0.0032592731250000173,0.0,1.189994340339552,56,fixed_k3
00_Optimized_Structure,a,0.0,0.06594813800000005,0.0032592731250000173,0.0,1.4735896342515167,56,fixed_k3
00_Optimized_Structure,a,0.0,0.06982676200000004,0.0032592731250000173,0.0,1.810746538841089,56,fixed_k3
00_Optimized_Structure,a,0.0,0.07370538600000004,0.0032592731250000173,0.0,2.1746032789847862,56,fixed_k3
00_Optimized_Structure,a,0.0,0.07758401000000004,0.0032592731250000173,0.0,2.472699491264567,56,fixed_k3
00_Optimized_Structure,a,0.0,0.08146263400000003,0.0032592731250000173,0.0,2.4765613901349752,56,fixed_k3
00_Optimized_Structure,a,0.0,0.08534125800000003,0.0032592731250000173,0.0,1.7722439524152953,56,fixed_k3
00_Optimized_Structure,a,0.0,0.08921988200000003,0.0032592731250000173,0.0,0.0015512093781337444,56,fixed_k3
00_Optimized_Structure,a,0.0,0.09309850600000003,0.0032592731250000173,0.0,-2.174115849532605,56,fixed_k3
00_Optimized_Structure,a,0.0,0.09697713000000002,0.0032592731250000173,0.0,-2.3961746588491524,56,fixed_k3
00_Optimized_Structure,a,0.0,0.10085575400000002,0.0032592731250000173,0.0,0.6633936060613028,56,fixed_k3
00_Optimized_Structure,a,0.0,0.10473437800000002,0.0032592731250000173,0.0,4.516436475191926,56,fixed_k3
00_Optimized_Structure,a,0.0,0.10861300200000001,0.0032592731250000173,0.0,6.424145422528795,56,fixed_k3
00_Optimized_Structure,a,0.0,0.11249162600000001,0.0032592731250000173,0.0,6.255734764697243,56,fixed_k3
00_Optimized_Structure,a,0.0,0.11637025000000001,0.0032592731250000173,0.0,4.955423287121583,56,fixed_k3
00_Optimized_Structure,a,0.0,0.120248874,0.0032592731250000173,0.0,3.0341718293286255,56,fixed_k3
00_Optimized_Structure,a,0.0,0.124127498,0.0032592731250000173,0.0,-0.10069261848355646,56,fixed_k3
00_Optimized_Structure,a,0.0,0.128006122,0.0032592731250000173,0.0,-9.87008216457421,56,fixed_k3
00_Optimized_Structure,a,0.0,0.131884746,0.0032592731250000173,0.0,-65.68157573558827,56,fixed_k3
00_Optimized_Structure,a,0.0,0.13576337,0.0032592731250000173,0.0,-13.306584623620571,56,fixed_k3
00_Optimized_Structure,a,0.0,0.139641994,0.0032592731250000173,0.0,-0.7445157564430493,56,fixed_k3
00_Optimized_Structure,a,0.0,0.143520618,0.0032592731250000173,0.0,0.5400730372801172,56,fixed_k3
00_Optimized_Structure,a,0.0,0.14739924199999999,0.0032592731250000173,0.0,0.8236193086519952,56,fixed_k3
00_Optimized_Structure,a,0.0,0.15127786599999998,0.0032592731250000173,0.0,0.9225777289437561,56,fixed_k3
00_Optimized_Structure,a,0.0,0.15515649,0.0032592731250000173,0.0,0.9628619031646175,56,fixed_k3
00_Optimized_Structure,a,0.0,-0.1551334299999998,0.006545911250000008,0.0,-0.06123992733318587,56,fixed_k3
00_Optimized_Structure,a,0.0,-0.1512548059999998,0.006545911250000008,0.0,-0.15672321354466517,56,fixed_k3
00_Optimized_Structure,a,0.0,-0.1473761819999998,0.006545911250000008,0.0,-0.4883859848797314,56,fixed_k3
00_Optimized_Structure,a,0.0,-0.1434975579999998,0.006545911250000008,0.0,-1.6238714454921803,56,fixed_k3
00_Optimized_Structure,a,0.0,-0.1396189339999998,0.006545911250000008,0.0,-6.573873033204432,56,fixed_k3
00_Optimized_Structure,a,0.0,-0.1357403099999998,0.006545911250000008,0.0,-44.89690539429222,56,fixed_k3
00_Optimized_Structure,a,0.0,-0.1318616859999998,0.006545911250000008,0.0,-155.26424347255087,56,fixed_k3
00_Optimized_Structure,a,0.0,-0.12798306199999981,0.006545911250000008,0.0,-21.65336259609828,56,fixed_k3
00_Optimized_Structure,a,0.0,-0.12410443799999982,0.006545911250000008,0.0,-7.211944790618464,56,fixed_k3
00_Optimized_Structure,a,0.0,-0.12022581399999982,0.006545911250000008,0.0,-5.4279080188168285,56,fixed_k3
00_Optimized_Structure,a,0.0,-0.11634718999999982,0.006545911250000008,0.0,-5.6469198065106045,56,fixed_k3
00_Optimized_Structure,a,0.0,-0.11246856599999983,0.006545911250000008,0.0,-6.067048406227576,56,fixed_k3
00_Optimized_Structure,a,0.0,-0.10858994199999983,0.006545911250000008,0.0,-5.561362822253351,56,fixed_k3
00_Optimized_Structure,a,0.0,-0.10471131799999983,0.006545911250000008,0.0,-3.033014923709038,56,fixed_k3
00_Optimized_Structure,a,0.0,-0.10083269399999983,0.006545911250000008,0.0,1.2515975125579115,56,fixed_k3
00_Optimized_Structure,a,0.0,-0.09695406999999984,0.006545911250000008,0.0,4.317212839921334,56,fixed_k3
00_Optimized_Structure,a,0.0,-0.09307544599999984,0.006545911250000008,0.0,3.6995093039925204,56,fixed_k3
00_Optimized_Structure,a,0.0,-0.08919682199999984,0.006545911250000008,0.0,1.018855849072028,56,fixed_k3
00_Optimized_Structure,a,0.0,-0.08531819799999985,0.006545911250000008,0.0,-1.1447788570535495,56,fixed_k3
00_Optimized_Structure,a,0.0,-0.08143957399999985,0.006545911250000008,0.0,-2.090468070254591,56,fixed_k3
00_Optimized_Structure,a,0.0,-0.07756094999999985,0.006545911250000008,0.0,-2.2173808439856177,56,fixed_k3
00_Optimized_Structure,a,0.0,-0.07368232599999985,0.006545911250000008,0.0,-1.984800318775928,56,fixed_k3
00_Optimized_Structure,a,0.0,-0.06980370199999986,0.006545911250000008,0.0,-1.6518512545109436,56,fixed_k3
00_Optimized_Structure,a,0.0,-0.06592507799999986,0.006545911250000008,0.0,-1.3288030863498415,56,fixed_k3
00_Optimized_Structure,a,0.0,-0.06204645399999986,0.006545911250000008,0.0,-1.0521864241598187,56,fixed_k3
00_Optimized_Structure,a,0.0,-0.058167829999999865,0.006545911250000008,0.0,-0.8282149946805584,56,fixed_k3
00_Optimized_Structure,a,0.0,-0.05428920599999987,0.006545911250000008,0.0,-0.6524585976785622,56,fixed_k3
00_Optimized_Structure,a,0.0,-0.05041058199999987,0.006545911250000008,0.0,-0.5176487061981367,56,fixed_k3
00_Optimized_Structure,a,0.0,-0.04653195799999987,0.006545911250000008,0.0,-0.41639540007037884,56,fixed_k3
00_Optimized_Structure,a,0.0,-0.042653333999999876,0.006545911250000008,0.0,-0.3419305871697782,56,fixed_k3
00_Optimized_Structure,a,0.0,-0.03877470999999988,0.006545911250000008,0.0,-0.28817881977278803,56,fixed_k3
00_Optimized_Structure,a,0.0,-0.03489608599999988,0.006545911250000008,0.0,-0.24966546243411944,56,fixed_k3
00_Optimized_Structure,a,0.0,-0.031017461999999885,0.006545911250000008,0.0,-0.22144578261964443,56,fixed_k3
00_Optimized_Structure,a,0.0,-0.027138837999999887,0.006545911250000008,0.0,-0.199107201547575,56,fixed_k3
00_Optimized_Structure,a,0.0,-0.02326021399999989,0.006545911250000008,0.0,-0.17884298837479692,56,fixed_k3
00_Optimized_Structure,a,0.0,-0.019381589999999893,0.006545911250000008,0.0,-0.15757139943856036,56,fixed_k3
00_Optimized_Structure,a,0.0,-0.015502965999999896,0.006545911250000008,0.0,-0.13306216712835772,56,fixed_k3
00_Optimized_Structure,a,0.0,-0.011624341999999899,0.006545911250000008,0.0,-0.10402767954494724,56,fixed_k3
00_Optimized_Structure,a,0.0,-0.0077457179999999015,0.006545911250000008,0.0,-0.07013943892832528,56,fixed_k3
00_Optimized_Structure,a,0.0,-0.0038670939999999043,0.006545911250000008,0.0,-0.03194243876263381,56,fixed_k3
00_Optimized_Structure,a,0.0,1.1530000000092855e-05,0.006545911250000008,0.0,0.009339883283159739,56,fixed_k3
00_Optimized_Structure,a,0.0,0.00389015400000009,0.006545911250000008,0.0,0.052093303392072327,56,fixed_k3
00_Optimized_Structure,a,0.0,0.007768778000000087,0.006545911250000008,0.0,0.09465425800425781,56,fixed_k3
00_Optimized_Structure,a,0.0,0.011647402000000084,0.006545911250000008,0.0,0.13565304015694857,56,fixed_k3
00_Optimized_Structure,a,0.0,0.015526026000000082,0.006545911250000008,0.0,0.17430656637219166,56,fixed_k3
00_Optimized_Structure,a,0.0,0.01940465000000008,0.006545911250000008,0.0,0.2106214818404516,56,fixed_k3
00_Optimized_Structure,a,0.0,0.023283274000000076,0.006545911250000008,0.0,0.24549017244172144,56,fixed_k3
00_Optimized_Structure,a,0.0,0.027161898000000073,0.006545911250000008,0.0,0.28068635654286445,56,fixed_k3
00_Optimized_Structure,a,0.0,0.03104052200000007,0.006545911250000008,0.0,0.3187872063224049,56,fixed_k3
00_Optimized_Structure,a,0.0,0.03491914600000007,0.006545911250000008,0.0,0.36306177953801433,56,fixed_k3
00_Optimized_Structure,a,0.0,0.038797770000000065,0.006545911250000008,0.0,0.4173703713738825,56,fixed_k3
00_Optimized_Structure,a,0.0,0.04267639400000006,0.006545911250000008,0.0,0.48611765478035823,56,fixed_k3
00_Optimized_Structure,a,0.0,0.04655501800000006,0.006545911250000008,0.0,0.5742952171922417,56,fixed_k3
00_Optimized_Structure,a,0.0,0.050433642000000056,0.006545911250000008,0.0,0.6876331218374699,56,fixed_k3
00_Optimized_Structure,a,0.0,0.05431226600000005,0.006545911250000008,0.0,0.8328406691120178,56,fixed_k3
00_Optimized_Structure,a,0.0,0.05819089000000005,0.006545911250000008,0.0,1.0178109897744783,56,fixed_k3
00_Optimized_Structure,a,0.0,0.06206951400000005,0.006545911250000008,0.0,1.2513842254894647,56,fixed_k3
00_Optimized_Structure,a,0.0,0.06594813800000005,0.006545911250000008,0.0,1.541555065969138,56,fixed_k3
00_Optimized_Structure,a,0.0,0.06982676200000004,0.006545911250000008,0.0,1.889337368380269,56,fixed_k3
00_Optimized_Structure,a,0.0,0.07370538600000004,0.006545911250000008,0.0,2.272036311013317,56,fixed_k3
00_Optimized_Structure,a,0.0,0.07758401000000004,0.006545911250000008,0.0,2.604661823977966,56,fixed_k3
00_Optimized_Structure,a,0.0,0.08146263400000003,0.006545911250000008,0.0,2.6710166532955224,56,fixed_k3
00_Optimized_Structure,a,0.0,0.08534125800000003,0.006545911250000008,0.0,2.0725648845994846,56,fixed_k3
00_Optimized_Structure,a,0.0,0.08921988200000003,0.006545911250000008,0.0,0.453318115084671,56,fixed_k3
00_Optimized_Structure,a,0.0,0.09309850600000003,0.006545911250000008,0.0,-1.577143934372399,56,fixed_k3
00_Optimized_Structure,a,0.0,0.09697713000000002,0.006545911250000008,0.0,-1.7663274709398085,56,fixed_k3
00_Optimized_Structure,a,0.0,0.10085575400000002,0.006545911250000008,0.0,1.1885187913447366,56,fixed_k3
00_Optimized_Structure,a,0.0,0.10473437800000002,0.006545911250000008,0.0,4.892329081169773,56,fixed_k3
00_Optimized_Structure,a,0.0,0.10861300200000001,0.006545911250000008,0.0,6.656274076459364,56,fixed_k3
00_Optimized_Structure,a,0.0,0.11249162600000001,0.006545911250000008,0.0,6.321773880418751,56,fixed_k3
00_Optimized_Structure,a,0.0,0.11637025000000001,0.006545911250000008,0.0,4.755900724315181,56,fixed_k3
00_Optimized_Structure,a,0.0,0.120248874,0.006545911250000008,0.0,2.262484725455365,56,fixed_k3
00_Optimized_Structure,a,0.0,0.124127498,0.006545911250000008,0.0,-2.586190382562923,56,fixed_k3
00_Optimized_Structure,a,0.0,0.128006122,0.006545911250000008,0.0,-21.03329990228776,56,fixed_k3
00_Optimized_Structure,a,0.0,0.131884746,0.006545911250000008,0.0,-145.07219226843867,56,fixed_k3
00_Optimized_Structure,a,0.0,0.13576337,0.006545911250000008,0.0,-31.92537961152062,56,fixed_k3
00_Optimized_Structure,a,0.0,0.139641994,0.006545911250000008,0.0,-3.0896399859429082,56,fixed_k3
00_Optimized_Structure,a,0.0,0.143520618,0.006545911250000008,0.0,0.19189494830531373,56,fixed_k3
00_Optimized_Structure,a,0.0,0.14739924199999999,0.006545911250000008,0.0,0.9304366499067828,56,fixed_k3
00_Optimized_Structure,a,0.0,0.15127786599999998,0.006545911250000008,0.0,1.1669636945374826,56,fixed_k3
00_Optimized_Structure,a,0.0,0.15515649,0.006545911250000008,0.0,1.2502989765695216,56,fixed_k3
00_Optimized_Structure,a,0.0,-0.1551334299999998,0.009832549375000027,0.0,0.2638542230652691,56,fixed_k3
00_Optimized_Structure,a,0.0,-0.1512548059999998,0.009832549375000027,0.0,0.13087446080031903,56,fixed_k3
00_Optimized_Structure,a,0.0,-0.1473761819999998,0.009832549375000027,0.0,-0.3258316219570896,56,fixed_k3
00_Optimized_Structure,a,0.0,-0.1434975579999998,0.009832549375000027,0.0,-1.8728057888906728,56,fixed_k3
00_Optimized_Structure,a,0.0,-0.1396189339999998,0.009832549375000027,0.0,-8.586523846863473,56,fixed_k3
00_Optimized_Structure,a,0.0,-0.1357403099999998,0.009832549375000027,0.0,-61.27229643389841,56,fixed_k3
00_Optimized_Structure,a,0.0,-0.1318616859999998,0.009832549375000027,0.0,-249.89251985619597,56,fixed_k3
00_Optimized_Structure,a,0.0,-0.12798306199999981,0.009832549375000027,0.0,-34.23600169109708,56,fixed_k3
00_Optimized_Structure,a,0.0,-0.12410443799999982,0.009832549375000027,0.0,-9.97757567781918,56,fixed_k3
00_Optimized_Structure,a,0.0,-0.12022581399999982,0.009832549375000027,0.0,-6.351155302429805,56,fixed_k3
00_Optimized_Structure,a,0.0,-0.11634718999999982,0.009832549375000027,0.0,-5.944769764105666,56,fixed_k3
00_Optimized_Structure,a,0.0,-0.11246856599999983,0.009832549375000027,0.0,-6.024997401942705,56,fixed_k3
00_Optimized_Structure,a,0.0,-0.10858994199999983,0.009832549375000027,0.0,-5.230041596034796,56,fixed_k3
00_Optimized_Structure,a,0.0,-0.10471131799999983,0.009832549375000027,0.0,-2.4184105966333806,56,fixed_k3
00_Optimized_Structure,a,0.0,-0.10083269399999983,0.009832549375000027,0.0,2.05541159781959,56,fixed_k3
00_Optimized_Structure,a,0.0,-0.09695406999999984,0.009832549375000027,0.0,5.1139722528949,56,fixed_k3
00_Optimized_Structure,a,0.0,-0.09307544599999984,0.009832549375000027,0.0,4.341839459579949,56,fixed_k3
00_Optimized_Structure,a,0.0,-0.08919682199999984,0.009832549375000027,0.0,1.478519824210829,56,fixed_k3
00_Optimized_Structure,a,0.0,-0.08531819799999985,0.009832549375000027,0.0,-0.8350239022901904,56,fixed_k3
00_Optimized_Structure,a,0.0,-0.08143957399999985,0.009832549375000027,0.0,-1.885273520603217,56,fixed_k3
00_Optimized_Structure,a,0.0,-0.07756094999999985,0.009832549375000027,0.0,-2.0778948593997315,56,fixed_k3
00_Optimized_Structure,a,0.0,-0.07368232599999985,0.009832549375000027,0.0,-1.8839032621921683,56,fixed_k3
00_Optimized_Structure,a,0.0,-0.06980370199999986,0.009832549375000027,0.0,-1.5728521888508356,56,fixed_k3
00_Optimized_Structure,a,0.0,-0.06592507799999986,0.009832549375000027,0.0,-1.262279997595761,56,fixed_k3
00_Optimized_Structure,a,0.0,-0.06204645399999986,0.009832549375000027,0.0,-0.9932003695572214,56,fixed_k3
00_Optimized_Structure,a,0.0,-0.058167829999999865,0.009832549375000027,0.0,-0.7743998808038597,56,fixed_k3
00_Optimized_Structure,a,0.0,-0.05428920599999987,0.009832549375000027,0.0,-0.602845715744776,56,fixed_k3
00_Optimized_Structure,a,0.0,-0.05041058199999987,0.009832549375000027,0.0,-0.4719811521579128,56,fixed_k3
00_Optimized_Structure,a,0.0,-0.04653195799999987,0.009832549375000027,0.0,-0.374739833570377,56,fixed_k3
00_Optimized_Structure,a,0.0,-0.042653333999999876,0.009832549375000027,0.0,-0.3044615719975073,56,fixed_k3
00_Optimized_Structure,a,0.0,-0.03877470999999988,0.009832549375000027,0.0,-0.2550610541991187,56,fixed_k3
00_Optimized_Structure,a,0.0,-0.03489608599999988,0.009832549375000027,0.0,-0.22099088511638335,56,fixed_k3
00_Optimized_Structure,a,0.0,-0.031017461999999885,0.009832549375000027,0.0,-0.1972013787517784,56,fixed_k3
00_Optimized_Structure,a,0.0,-0.027138837999999887,0.009832549375000027,0.0,-0.17916023200148232,56,fixed_k3
00_Optimized_Structure,a,0.0,-0.02326021399999989,0.009832549375000027,0.0,-0.16293657268872258,56,fixed_k3
00_Optimized_Structure,a,0.0,-0.019381589999999893,0.009832549375000027,0.0,-0.14532686320226773,56,fixed_k3
00_Optimized_Structure,a,0.0,-0.015502965999999896,0.009832549375000027,0.0,-0.12398645697257799,56,fixed_k3
00_Optimized_Structure,a,0.0,-0.011624341999999899,0.009832549375000027,0.0,-0.09752511088778604,56,fixed_k3
00_Optimized_Structure,a,0.0,-0.0077457179999999015,0.009832549375000027,0.0,-0.06552744834168783,56,fixed_k3
00_Optimized_Structure,a,0.0,-0.0038670939999999043,0.009832549375000027,0.0,-0.028471077644823595,56,fixed_k3
00_Optimized_Structure,a,0.0,1.1530000000092855e-05,0.009832549375000027,0.0,0.01246512948677092,56,fixed_k3
00_Optimized_Structure,a,0.0,0.00389015400000009,0.009832549375000027,0.0,0.05568607005214904,56,fixed_k3
00_Optimized_Structure,a,0.0,0.007768778000000087,0.009832549375000027,0.0,0.09952026419635968,56,fixed_k3
00_Optimized_Structure,a,0.0,0.011647402000000084,0.009832549375000027,0.0,0.1425627881226148,56,fixed_k3
00_Optimized_Structure,a,0.0,0.015526026000000082,0.009832549375000027,0.0,0.18396927122686374,56,fixed_k3
00_Optimized_Structure,a,0.0,0.01940465000000008,0.009832549375000027,0.0,0.22366169915083123,56,fixed_k3
00_Optimized_Structure,a,0.0,0.023283274000000076,0.009832549375000027,0.0,0.26242837106536065,56,fixed_k3
00_Optimized_Structure,a,0.0,0.027161898000000073,0.009832549375000027,0.0,0.30192434246243827,56,fixed_k3
00_Optimized_Structure,a,0.0,0.03104052200000007,0.009832549375000027,0.0,0.34459898524413785,56,fixed_k3
00_Optimized_Structure,a,0.0,0.03491914600000007,0.009832549375000027,0.0,0.3935903549774995,56,fixed_k3
00_Optimized_Structure,a,0.0,0.038797770000000065,0.009832549375000027,0.0,0.4526313668831522,56,fixed_k3
00_Optimized_Structure,a,0.0,0.04267639400000006,0.009832549375000027,0.0,0.5260118616415965,56,fixed_k3
00_Optimized_Structure,a,0.0,0.04655501800000006,0.009832549375000027,0.0,0.6186347110184292,56,fixed_k3
00_Optimized_Structure,a,0.0,0.050433642000000056,0.009832549375000027,0.0,0.7361903314927201,56,fixed_k3
00_Optimized_Structure,a,0.0,0.05431226600000005,0.009832549375000027,0.0,0.8854383134631898,56,fixed_k3
00_Optimized_Structure,a,0.0,0.05819089000000005,0.009832549375000027,0.0,1.0744861552767877,56,fixed_k3
00_Optimized_Structure,a,0.0,0.06206951400000005,0.009832549375000027,0.0,1.3126879247075256,56,fixed_k3
00_Optimized_Structure,a,0.0,0.06594813800000005,0.009832549375000027,0.0,1.6091008175877701,56,fixed_k3
00_Optimized_Structure,a,0.0,0.06982676200000004,0.009832549375000027,0.0,1.9668095293172834,56,fixed_k3
00_Optimized_Structure,a,0.0,0.07370538600000004,0.009832549375000027,0.0,2.3670382450808214,56,fixed_k3
00_Optimized_Structure,a,0.0,0.07758401000000004,0.009832549375000027,0.0,2.731989323231394,56,fixed_k3
00_Optimized_Structure,a,0.0,0.08146263400000003,0.009832549375000027,0.0,2.8576547418912672,56,fixed_k3
00_Optimized_Structure,a,0.0,0.08534125800000003,0.009832549375000027,0.0,2.361272390022781,56,fixed_k3
00_Optimized_Structure,a,0.0,0.08921988200000003,0.009832549375000027,0.0,0.8887225354095258,56,fixed_k3
00_Optimized_Structure,a,0.0,0.09309850600000003,0.009832549375000027,0.0,-1.0077041718927484,56,fixed_k3
00_Optimized_Structure,a,0.0,0.09697713000000002,0.009832549375000027,0.0,-1.1880155343695287,56,fixed_k3
00_Optimized_Structure,a,0.0,0.10085575400000002,0.009832549375000027,0.0,1.6439091464237305,56,fixed_k3
00_Optimized_Structure,a,0.0,0.10473437800000002,0.009832549375000027,0.0,5.212609818483194,56,fixed_k3
00_Optimized_Structure,a,0.0,0.10861300200000001,0.009832549375000027,0.0,6.864161647264085,56,fixed_k3
00_Optimized_Structure,a,0.0,0.11249162600000001,0.009832549375000027,0.0,6.3831086284065215,56,fixed_k3
00_Optimized_Structure,a,0.0,0.11637025000000001,0.009832549375000027,0.0,4.544839028858209,56,fixed_k3
00_Optimized_Structure,a,0.0,0.120248874,0.009832549375000027,0.0,1.4226760858359075,56,fixed_k3
00_Optimized_Structure,a,0.0,0.124127498,0.009832549375000027,0.0,-5.38950397345184,56,fixed_k3
00_Optimized_Structure,a,0.0,0.128006122,0.009832549375000027,0.0,-34.446709261894476,56,fixed_k3
00_Optimized_Structure,a,0.0,0.131884746,0.009832549375000027,0.0,-244.88070676814522,56,fixed_k3
00_Optimized_Structure,a,0.0,0.13576337,0.009832549375000027,0.0,-49.20569307923823,56,fixed_k3
00_Optimized_Structure,a,0.0,0.139641994,0.009832549375000027,0.0,-5.269910612409325,56,fixed_k3
00_Optimized_Structure,a,0.0,0.143520618,0.009832549375000027,0.0,-0.12743143272281898,56,fixed_k3
00_Optimized_Structure,a,0.0,0.14739924199999999,0.009832549375000027,0.0,1.0405327074624842,56,fixed_k3
00_Optimized_Structure,a,0.0,0.15127786599999998,0.009832549375000027,0.0,1.4070968909884576,56,fixed_k3
00_Optimized_Structure,a,0.0,0.15515649,0.009832549375000027,0.0,1.530737368478064,56,fixed_k3
00_Optimized_Structure,a,0.0,-0.1551334299999998,0.013119187500000018,0.0,0.599888920764951,56,fixed_k3
00_Optimized_Structure,a,0.0,-0.1512548059999998,0.013119187500000018,0.0,0.43474516321162854,56,fixed_k3
00_Optimized_Structure,a,0.0,-0.1473761819999998,0.013119187500000018,0.0,-0.1339429244596474,56,fixed_k3
00_Optimized_Structure,a,0.0,-0.1434975579999998,0.013119187500000018,0.0,-2.0484247039271,56,fixed_k3
00_Optimized_Structure,a,0.0,-0.1396189339999998,0.013119187500000018,0.0,-10.293660234218867,56,fixed_k3
00_Optimized_Structure,a,0.0,-0.1357403099999998,0.013119187500000018,0.0,-75.23921981866766,56,fixed_k3
00_Optimized_Structure,a,0.0,-0.1318616859999998,0.013119187500000018,0.0,-376.7850050950988,56,fixed_k3
00_Optimized_Structure,a,0.0,-0.12798306199999981,0.013119187500000018,0.0,-50.240549998086834,56,fixed_k3
00_Optimized_Structure,a,0.0,-0.12410443799999982,0.013119187500000018,0.0,-13.251271013374945,56,fixed_k3
00_Optimized_Structure,a,0.0,-0.12022581399999982,0.013119187500000018,0.0,-7.4294771848866965,56,fixed_k3
00_Optimized_Structure,a,0.0,-0.11634718999999982,0.013119187500000018,0.0,-6.303084275485144,56,fixed_k3
00_Optimized_Structure,a,0.0,-0.11246856599999983,0.013119187500000018,0.0,-5.992817975493441,56,fixed_k3
00_Optimized_Structure,a,0.0,-0.10858994199999983,0.013119187500000018,0.0,-4.863132918337715,56,fixed_k3
00_Optimized_Structure,a,0.0,-0.10471131799999983,0.013119187500000018,0.0,-1.732722558200666,56,fixed_k3
00_Optimized_Structure,a,0.0,-0.10083269399999983,0.013119187500000018,0.0,2.9273776795438557,56,fixed_k3
00_Optimized_Structure,a,0.0,-0.09695406999999984,0.013119187500000018,0.0,5.936317531876345,56,fixed_k3
00_Optimized_Structure,a,0.0,-0.09307544599999984,0.013119187500000018,0.0,4.975591547343543,56,fixed_k3
00_Optimized_Structure,a,0.0,-0.08919682199999984,0.013119187500000018,0.0,1.9251382498917025,56,fixed_k3
00_Optimized_Structure,a,0.0,-0.08531819799999985,0.013119187500000018,0.0,-0.5317242867409797,56,fixed_k3
00_Optimized_Structure,a,0.0,-0.08143957399999985,0.013119187500000018,0.0,-1.6819483054554691,56,fixed_k3
00_Optimized_Structure,a,0.0,-0.07756094999999985,0.013119187500000018,0.0,-1.9388022748172988,56,fixed_k3
00_Optimized_Structure,a,0.0,-0.07368232599999985,0.013119187500000018,0.0,-1.783358532868034,56,fixed_k3
00_Optimized_Structure,a,0.0,-0.06980370199999986,0.013119187500000018,0.0,-1.494536500954674,56,fixed_k3
00_Optimized_Structure,a,0.0,-0.06592507799999986,0.013119187500000018,0.0,-1.1967539249325085,56,fixed_k3
00_Optimized_Structure,a,0.0,-0.06204645399999986,0.013119187500000018,0.0,-0.9354195384454591,56,fixed_k3
00_Optimized_Structure,a,0.0,-0.058167829999999865,0.013119187500000018,0.0,-0.7219005311744342,56,fixed_k3
00_Optimized_Structure,a,0.0,-0.05428920599999987,0.013119187500000018,0.0,-0.554588229408948,56,fixed_k3
00_Optimized_Structure,a,0.0,-0.05041058199999987,0.013119187500000018,0.0,-0.42766136992086656,56,fixed_k3
00_Optimized_Structure,a,0.0,-0.04653195799999987,0.013119187500000018,0.0,-0.33439399115273344,56,fixed_k3
00_Optimized_Structure,a,0.0,-0.042653333999999876,0.013119187500000018,0.0,-0.2682450299951337,56,fixed_k3
00_Optimized_Structure,a,0.0,-0.03877470999999988,0.013119187500000018,0.0,-0.22312682848034482,56,fixed_k3
00_Optimized_Structure,a,0.0,-0.03489608599999988,0.013119187500000018,0.0,-0.19342457248565847,56,fixed_k3
00_Optimized_Structure,a,0.0,-0.031017461999999885,0.013119187500000018,0.0,-0.17398776556615764,56,fixed_k3
00_Optimized_Structure,a,0.0,-0.027138837999999887,0.013119187500000018,0.0,-0.1601678557592251,56,fixed_k3
00_Optimized_Structure,a,0.0,-0.02326021399999989,0.013119187500000018,0.0,-0.1479128297852792,56,fixed_k3
00_Optimized_Structure,a,0.0,-0.019381589999999893,0.013119187500000018,0.0,-0.13389984239888586,56,fixed_k3
00_Optimized_Structure,a,0.0,-0.015502965999999896,0.013119187500000018,0.0,-0.11567167143698281,56,fixed_k3
00_Optimized_Structure,a,0.0,-0.011624341999999899,0.013119187500000018,0.0,-0.09173636319779094,56,fixed_k3
00_Optimized_Structure,a,0.0,-0.0077457179999999015,0.013119187500000018,0.0,-0.06159156335592009,56,fixed_k3
00_Optimized_Structure,a,0.0,-0.0038670939999999043,0.013119187500000018,0.0,-0.02564637642023937,56,fixed_k3
00_Optimized_Structure,a,0.0,1.1530000000092855e-05,0.013119187500000018,0.0,0.014966859480346872,56,fixed_k3
00_Optimized_Structure,a,0.0,0.00389015400000009,0.013119187500000018,0.0,0.05867465408795902,56,fixed_k3
00_Optimized_Structure,a,0.0,0.007768778000000087,0.013119187500000018,0.0,0.10380021529805766,56,fixed_k3
00_Optimized_Structure,a,0.0,0.011647402000000084,0.013119187500000018,0.0,0.14890571544326092,56,fixed_k3
00_Optimized_Structure,a,0.0,0.015526026000000082,0.013119187500000018,0.0,0.19308721972982124,56,fixed_k3
00_Optimized_Structure,a,0.0,0.01940465000000008,0.013119187500000018,0.0,0.23618305585162774,56,fixed_k3
00_Optimized_Structure,a,0.0,0.023283274000000076,0.013119187500000018,0.0,0.27887776549073684,56,fixed_k3
00_Optimized_Structure,a,0.0,0.027161898000000073,0.013119187500000018,0.0,0.3227075869837002,56,fixed_k3
00_Optimized_Structure,a,0.0,0.03104052200000007,0.013119187500000018,0.0,0.3699937002993884,56,fixed_k3
00_Optimized_Structure,a,0.0,0.03491914600000007,0.013119187500000018,0.0,0.42374272106420996,56,fixed_k3
00_Optimized_Structure,a,0.0,0.038797770000000065,0.013119187500000018,0.0,0.4875596987123955,56,fixed_k3
00_Optimized_Structure,a,0.0,0.04267639400000006,0.013119187500000018,0.0,0.5656187290574114,56,fixed_k3
00_Optimized_Structure,a,0.0,0.04655501800000006,0.013119187500000018,0.0,0.6627315923368409,56,fixed_k3
00_Optimized_Structure,a,0.0,0.050433642000000056,0.013119187500000018,0.0,0.7845430432501821,56,fixed_k3
00_Optimized_Structure,a,0.0,0.05431226600000005,0.013119187500000018,0.0,0.9378491347500038,56,fixed_k3
00_Optimized_Structure,a,0.0,0.05819089000000005,0.013119187500000018,0.0,1.1309424293717398,56,fixed_k3
00_Optimized_Structure,a,0.0,0.06206951400000005,0.013119187500000018,0.0,1.3736326103231247,56,fixed_k3
00_Optimized_Structure,a,0.0,0.06594813800000005,0.013119187500000018,0.0,1.6759296864769455,56,fixed_k3
00_Optimized_Structure,a,0.0,0.06982676200000004,0.013119187500000018,0.0,2.0427960755021264,56,fixed_k3
00_Optimized_Structure,a,0.0,0.07370538600000004,0.013119187500000018,0.0,2.4590686082049755,56,fixed_k3
00_Optimized_Structure,a,0.0,0.07758401000000004,0.013119187500000018,0.0,2.853746030849139,56,fixed_k3
00_Optimized_Structure,a,0.0,0.08146263400000003,0.013119187500000018,0.0,3.0347133318796136,56,fixed_k3
00_Optimized_Structure,a,0.0,0.08534125800000003,0.013119187500000018,0.0,2.635122760622968,56,fixed_k3
00_Optimized_Structure,a,0.0,0.08921988200000003,0.013119187500000018,0.0,1.302704684701522,56,fixed_k3
00_Optimized_Structure,a,0.0,0.09309850600000003,0.013119187500000018,0.0,-0.4711393615332784,56,fixed_k3
00_Optimized_Structure,a,0.0,0.09697713000000002,0.013119187500000018,0.0,-0.6638730338872596,56,fixed_k3
00_Optimized_Structure,a,0.0,0.10085575400000002,0.013119187500000018,0.0,2.029183396199057,56,fixed_k3
00_Optimized_Structure,a,0.0,0.10473437800000002,0.013119187500000018,0.0,5.476293802256537,56,fixed_k3
00_Optimized_Structure,a,0.0,0.10861300200000001,0.013119187500000018,0.0,7.04513276338355,56,fixed_k3
00_Optimized_Structure,a,0.0,0.11249162600000001,0.013119187500000018,0.0,6.4335108268281775,56,fixed_k3
00_Optimized_Structure,a,0.0,0.11637025000000001,0.013119187500000018,0.0,4.30565261740961,56,fixed_k3
00_Optimized_Structure,a,0.0,0.120248874,0.013119187500000018,0.0,0.46416638153183093,56,fixed_k3
00_Optimized_Structure,a,0.0,0.124127498,0.013119187500000018,0.0,-8.716504238081288,56,fixed_k3
00_Optimized_Structure,a,0.0,0.128006122,0.013119187500000018,0.0,-51.77267436869526,56,fixed_k3
00_Optimized_Structure,a,0.0,0.131884746,0.013119187500000018,0.0,-380.33194248437434,56,fixed_k3
00_Optimized_Structure,a,0.0,0.13576337,0.013119187500000018,0.0,-64.3386995716549,56,fixed_k3
00_Optimized_Structure,a,0.0,0.139641994,0.013119187500000018,0.0,-7.19745149656243,56,fixed_k3
00_Optimized_Structure,a,0.0,0.143520618,0.013119187500000018,0.0,-0.3985655752548751,56,fixed_k3
00_Optimized_Structure,a,0.0,0.14739924199999999,0.013119187500000018,0.0,1.1601838638112145,56,fixed_k3
00_Optimized_Structure,a,0.0,0.15127786599999998,0.013119187500000018,0.0,1.645386261341015,56,fixed_k3
00_Optimized_Structure,a,0.0,0.15515649,0.013119187500000018,0.0,1.8050832925729745,56,fixed_k3
00_Optimized_Structure,a,0.0,-0.1551334299999998,0.01640582562500001,0.0,0.9471899625212009,56,fixed_k3
00_Optimized_Structure,a,0.0,-0.1512548059999998,0.01640582562500001,0.0,0.7565568092537182,56,fixed_k3
00_Optimized_Structure,a,0.0,-0.1473761819999998,0.01640582562500001,0.0,0.09214046769588849,56,fixed_k3
00_Optimized_Structure,a,0.0,-0.1434975579999998,0.01640582562500001,0.0,-2.1360865017575192,56,fixed_k3
00_Optimized_Structure,a,0.0,-0.1396189339999998,0.01640582562500001,0.0,-11.63379729073564,56,fixed_k3
00_Optimized_Structure,a,0.0,-0.1357403099999998,0.01640582562500001,0.0,-86.11537506460772,56,fixed_k3
00_Optimized_Structure,a,0.0,-0.1318616859999998,0.01640582562500001,0.0,-555.790611807906,56,fixed_k3
00_Optimized_Structure,a,0.0,-0.12798306199999981,0.01640582562500001,0.0,-71.96444757470937,56,fixed_k3
00_Optimized_Structure,a,0.0,-0.12410443799999982,0.01640582562500001,0.0,-17.290565346233908,56,fixed_k3
00_Optimized_Structure,a,0.0,-0.12022581399999982,0.01640582562500001,0.0,-8.723711921742627,56,fixed_k3
00_Optimized_Structure,a,0.0,-0.11634718999999982,0.01640582562500001,0.0,-6.737780138649171,56,fixed_k3
00_Optimized_Structure,a,0.0,-0.11246856599999983,0.01640582562500001,0.0,-5.969266078652812,56,fixed_k3
00_Optimized_Structure,a,0.0,-0.10858994199999983,0.01640582562500001,0.0,-4.451886583544806,56,fixed_k3
00_Optimized_Structure,a,0.0,-0.10471131799999983,0.01640582562500001,0.0,-0.9682268495724138,56,fixed_k3
00_Optimized_Structure,a,0.0,-0.10083269399999983,0.01640582562500001,0.0,3.866775242155921,56,fixed_k3
00_Optimized_Structure,a,0.0,-0.09695406999999984,0.01640582562500001,0.0,6.776224888425054,56,fixed_k3
00_Optimized_Structure,a,0.0,-0.09307544599999984,0.01640582562500001,0.0,5.592055099336278,56,fixed_k3
00_Optimized_Structure,a,0.0,-0.08919682199999984,0.01640582562500001,0.0,2.3524978584791585,56,fixed_k3
00_Optimized_Structure,a,0.0,-0.08531819799999985,0.01640582562500001,0.0,-0.23861694896349883,56,fixed_k3
00_Optimized_Structure,a,0.0,-0.08143957399999985,0.01640582562500001,0.0,-1.482547329741461,56,fixed_k3
00_Optimized_Structure,a,0.0,-0.07756094999999985,0.01640582562500001,0.0,-1.8011980953137872,56,fixed_k3
00_Optimized_Structure,a,0.0,-0.07368232599999985,0.01640582562500001,0.0,-1.6837752712109015,56,fixed_k3
00_Optimized_Structure,a,0.0,-0.06980370199999986,0.01640582562500001,0.0,-1.4172892038764895,56,fixed_k3
00_Optimized_Structure,a,0.0,-0.06592507799999986,0.01640582562500001,0.0,-1.132515364349479,56,fixed_k3
00_Optimized_Structure,a,0.0,-0.06204645399999986,0.01640582562500001,0.0,-0.879099028929755,56,fixed_k3
00_Optimized_Structure,a,0.0,-0.058167829999999865,0.01640582562500001,0.0,-0.6709612501642804,56,fixed_k3
00_Optimized_Structure,a,0.0,-0.05428920599999987,0.01640582562500001,0.0,-0.5079283385244164,56,fixed_k3
00_Optimized_Structure,a,0.0,-0.05041058199999987,0.01640582562500001,0.0,-0.38493127280837186,56,fixed_k3
00_Optimized_Structure,a,0.0,-0.04653195799999987,0.01640582562500001,0.0,-0.29559867937319784,56,fixed_k3
00_Optimized_Structure,a,0.0,-0.042653333999999876,0.01640582562500001,0.0,-0.23351911193131492,56,fixed_k3
00_Optimized_Structure,a,0.0,-0.03877470999999988,0.01640582562500001,0.0,-0.19261017096752658,56,fixed_k3
00_Optimized_Structure,a,0.0,-0.03489608599999988,0.01640582562500001,0.0,-0.1671953470600407,56,fixed_k3
00_Optimized_Structure,a,0.0,-0.031017461999999885,0.01640582562500001,0.0,-0.1520279294393399,56,fixed_k3
00_Optimized_Structure,a,0.0,-0.027138837999999887,0.01640582562500001,0.0,-0.1423470175744851,56,fixed_k3
00_Optimized_Structure,a,0.0,-0.02326021399999989,0.01640582562500001,0.0,-0.13398281894272734,56,fixed_k3
00_Optimized_Structure,a,0.0,-0.019381589999999893,0.01640582562500001,0.0,-0.12349596056830131,56,fixed_k3
00_Optimized_Structure,a,0.0,-0.015502965999999896,0.01640582562500001,0.0,-0.10831868246294507,56,fixed_k3
00_Optimized_Structure,a,0.0,-0.011624341999999899,0.01640582562500001,0.0,-0.08685842979917885,56,fixed_k3
00_Optimized_Structure,a,0.0,-0.0077457179999999015,0.01640582562500001,0.0,-0.05852592783715338,56,fixed_k3
00_Optimized_Structure,a,0.0,-0.0038670939999999043,0.01640582562500001,0.0,-0.023660790607289983,56,fixed_k3
00_Optimized_Structure,a,0.0,1.1530000000092855e-05,0.01640582562500001,0.0,0.016653035435854613,56,fixed_k3
00_Optimized_Structure,a,0.0,0.00389015400000009,0.01640582562500001,0.0,0.06086608269995797,56,fixed_k3
00_Optimized_Structure,a,0.0,0.007768778000000087,0.01640582562500001,0.0,0.1072988069589339,56,fixed_k3
00_Optimized_Structure,a,0.0,0.011647402000000084,0.01640582562500001,0.0,0.1544827968989697,56,fixed_k3
00_Optimized_Structure,a,0.0,0.015526026000000082,0.01640582562500001,0.0,0.20145634733622075,56,fixed_k3
00_Optimized_Structure,a,0.0,0.01940465000000008,0.01640582562500001,0.0,0.24797527347505122,56,fixed_k3
00_Optimized_Structure,a,0.0,0.023283274000000076,0.01640582562500001,0.0,0.2946209109774508,56,fixed_k3
00_Optimized_Structure,a,0.0,0.027161898000000073,0.01640582562500001,0.0,0.3428108291449547,56,fixed_k3
00_Optimized_Structure,a,0.0,0.03104052200000007,0.01640582562500001,0.0,0.394738005645087,56,fixed_k3
00_Optimized_Structure,a,0.0,0.03491914600000007,0.01640582562500001,0.0,0.4532776335708366,56,fixed_k3
00_Optimized_Structure,a,0.0,0.038797770000000065,0.01640582562500001,0.0,0.5219069266393404,56,fixed_k3
00_Optimized_Structure,a,0.0,0.04267639400000006,0.01640582562500001,0.0,0.6046838672458239,56,fixed_k3
00_Optimized_Structure,a,0.0,0.04655501800000006,0.01640582562500001,0.0,0.706327264070653,56,fixed_k3
00_Optimized_Structure,a,0.0,0.050433642000000056,0.01640582562500001,0.0,0.8324304728604366,56,fixed_k3
00_Optimized_Structure,a,0.0,0.05431226600000005,0.01640582562500001,0.0,0.989811878208986,56,fixed_k3
00_Optimized_Structure,a,0.0,0.05819089000000005,0.01640582562500001,0.0,1.1869181568578417,56,fixed_k3
00_Optimized_Structure,a,0.0,0.06206951400000005,0.01640582562500001,0.0,1.4339517230814396,56,fixed_k3
00_Optimized_Structure,a,0.0,0.06594813800000005,0.01640582562500001,0.0,1.741754914441898,56,fixed_k3
00_Optimized_Structure,a,0.0,0.06982676200000004,0.01640582562500001,0.0,2.1169509166233444,56,fixed_k3
00_Optimized_Structure,a,0.0,0.07370538600000004,0.01640582562500001,0.0,2.5476320390326963,56,fixed_k3
00_Optimized_Structure,a,0.0,0.07758401000000004,0.01640582562500001,0.0,2.9690937508175854,56,fixed_k3
00_Optimized_Structure,a,0.0,0.08146263400000003,0.01640582562500001,0.0,3.2006309584642416,56,fixed_k3
00_Optimized_Structure,a,0.0,0.08534125800000003,0.01640582562500001,0.0,2.8912439625159765,56,fixed_k3
00_Optimized_Structure,a,0.0,0.08921988200000003,0.01640582562500001,0.0,1.6907946046303595,56,fixed_k3
00_Optimized_Structure,a,0.0,0.09309850600000003,0.01640582562500001,0.0,0.02798810152340181,56,fixed_k3
00_Optimized_Structure,a,0.0,0.09697713000000002,0.01640582562500001,0.0,-0.19578426536902283,56,fixed_k3
00_Optimized_Structure,a,0.0,0.10085575400000002,0.01640582562500001,0.0,2.3440051379903255,56,fixed_k3
00_Optimized_Structure,a,0.0,0.10473437800000002,0.01640582562500001,0.0,5.681385439252421,56,fixed_k3
00_Optimized_Structure,a,0.0,0.10861300200000001,0.01640582562500001,0.0,7.195166015525251,56,fixed_k3
00_Optimized_Structure,a,0.0,0.11249162600000001,0.01640582562500001,0.0,6.4654660552041285,56,fixed_k3
00_Optimized_Structure,a,0.0,0.11637025000000001,0.01640582562500001,0.0,4.01919520282878,56,fixed_k3
00_Optimized_Structure,a,0.0,0.120248874,0.01640582562500001,0.0,-0.6742881427660745,56,fixed_k3
00_Optimized_Structure,a,0.0,0.124127498,0.01640582562500001,0.0,-12.840299665521998,56,fixed_k3
00_Optimized_Structure,a,0.0,0.128006122,0.01640582562500001,0.0,-75.6248931310252,56,fixed_k3
00_Optimized_Structure,a,0.0,0.131884746,0.01640582562500001,0.0,-573.3864178951318,56,fixed_k3
00_Optimized_Structure,a,0.0,0.13576337,0.01640582562500001,0.0,-76.55348637382625,56,fixed_k3
00_Optimized_Structure,a,0.0,0.139641994,0.01640582562500001,0.0,-8.79951043963129,56,fixed_k3
00_Optimized_Structure,a,0.0,0.143520618,0.01640582562500001,0.0,-0.6047353067094139,56,fixed_k3
00_Optimized_Structure,a,0.0,0.14739924199999999,0.01640582562500001,0.0,1.2950062127101327,56,fixed_k3
00_Optimized_Structure,a,0.0,0.15127786599999998,0.01640582562500001,0.0,1.8840355010583523,56,fixed_k3
00_Optimized_Structure,a,0.0,0.15515649,0.01640582562500001,0.0,2.0741914862425577,56,fixed_k3
00_Optimized_Structure,a,0.0,-0.1551334299999998,0.019692463750000028,0.0,1.3058278436157813,56,fixed_k3
00_Optimized_Structure,a,0.0,-0.1512548059999998,0.019692463750000028,0.0,1.0975290901851151,56,fixed_k3
00_Optimized_Structure,a,0.0,-0.1473761819999998,0.019692463750000028,0.0,0.35622612756872846,56,fixed_k3
00_Optimized_Structure,a,0.0,-0.1434975579999998,0.019692463750000028,0.0,-2.124780648725356,56,fixed_k3
00_Optimized_Structure,a,0.0,-0.1396189339999998,0.019692463750000028,0.0,-12.566054818304025,56,fixed_k3
00_Optimized_Structure,a,0.0,-0.1357403099999998,0.019692463750000028,0.0,-93.37566251525355,56,fixed_k3
00_Optimized_Structure,a,0.0,-0.1318616859999998,0.019692463750000028,0.0,-813.3688457839232,56,fixed_k3
00_Optimized_Structure,a,0.0,-0.12798306199999981,0.019692463750000028,0.0,-103.25471819269633,56,fixed_k3
00_Optimized_Structure,a,0.0,-0.12410443799999982,0.019692463750000028,0.0,-22.451472469057723,56,fixed_k3
00_Optimized_Structure,a,0.0,-0.12022581399999982,0.019692463750000028,0.0,-10.309444239968851,56,fixed_k3
00_Optimized_Structure,a,0.0,-0.11634718999999982,0.019692463750000028,0.0,-7.266118950495832,56,fixed_k3
00_Optimized_Structure,a,0.0,-0.11246856599999983,0.019692463750000028,0.0,-5.950694032074062,56,fixed_k3
00_Optimized_Structure,a,0.0,-0.10858994199999983,0.019692463750000028,0.0,-3.9844594062627325,56,fixed_k3
00_Optimized_Structure,a,0.0,-0.10471131799999983,0.019692463750000028,0.0,-0.11570656856670303,56,fixed_k3
00_Optimized_Structure,a,0.0,-0.10083269399999983,0.019692463750000028,0.0,4.872070904224842,56,fixed_k3
00_Optimized_Structure,a,0.0,-0.09695406999999984,0.019692463750000028,0.0,7.624471988233436,56,fixed_k3
00_Optimized_Structure,a,0.0,-0.09307544599999984,0.019692463750000028,0.0,6.182315413354673,56,fixed_k3
00_Optimized_Structure,a,0.0,-0.08919682199999984,0.019692463750000028,0.0,2.7546642058306174,56,fixed_k3
00_Optimized_Structure,a,0.0,-0.08531819799999985,0.019692463750000028,0.0,0.04079087061771622,56,fixed_k3
00_Optimized_Structure,a,0.0,-0.08143957399999985,0.019692463750000028,0.0,-1.289015307896212,56,fixed_k3
00_Optimized_Structure,a,0.0,-0.07756094999999985,0.019692463750000028,0.0,-1.6661311221335304,56,fixed_k3
00_Optimized_Structure,a,0.0,-0.07368232599999985,0.019692463750000028,0.0,-1.5857409346635298,56,fixed_k3
00_Optimized_Structure,a,0.0,-0.06980370199999986,0.019692463750000028,0.0,-1.3414815505585764,56,fixed_k3
00_Optimized_Structure,a,0.0,-0.06592507799999986,0.019692463750000028,0.0,-1.0698431911145772,56,fixed_k3
00_Optimized_Structure,a,0.0,-0.06204645399999986,0.019692463750000028,0.0,-0.8244826601746359,56,fixed_k3
00_Optimized_Structure,a,0.0,-0.058167829999999865,0.019692463750000028,0.0,-0.621814939640686,56,fixed_k3
00_Optimized_Structure,a,0.0,-0.05428920599999987,0.019692463750000028,0.0,-0.46309667435453417,56,fixed_k3
00_Optimized_Structure,a,0.0,-0.05041058199999987,0.019692463750000028,0.0,-0.3440211209669849,56,fixed_k3
00_Optimized_Structure,a,0.0,-0.04653195799999987,0.019692463750000028,0.0,-0.2585830745913262,56,fixed_k3
00_Optimized_Structure,a,0.0,-0.042653333999999876,0.019692463750000028,0.0,-0.20051046231844077,56,fixed_k3
00_Optimized_Structure,a,0.0,-0.03877470999999988,0.019692463750000028,0.0,-0.16373381086601158,56,fixed_k3
00_Optimized_Structure,a,0.0,-0.03489608599999988,0.019692463750000028,0.0,-0.14252100076715069,56,fixed_k3
00_Optimized_Structure,a,0.0,-0.031017461999999885,0.019692463750000028,0.0,-0.13153413315695273,56,fixed_k3
00_Optimized_Structure,a,0.0,-0.027138837999999887,0.019692463750000028,0.0,-0.12590426102015517,56,fixed_k3
00_Optimized_Structure,a,0.0,-0.02326021399999989,0.019692463750000028,0.0,-0.12134751414511602,56,fixed_k3
00_Optimized_Structure,a,0.0,-0.019381589999999893,0.019692463750000028,0.0,-0.11431104594357483,56,fixed_k3
00_Optimized_Structure,a,0.0,-0.015502965999999896,0.019692463750000028,0.0,-0.10211881572340104,56,fixed_k3
00_Optimized_Structure,a,0.0,-0.011624341999999899,0.019692463750000028,0.0,-0.08307895692994716,56,fixed_k3
00_Optimized_Structure,a,0.0,-0.0077457179999999015,0.019692463750000028,0.0,-0.05651548643171567,56,fixed_k3
00_Optimized_Structure,a,0.0,-0.0038670939999999043,0.019692463750000028,0.0,-0.0226976792924537,56,fixed_k3
00_Optimized_Structure,a,0.0,1.1530000000092855e-05,0.019692463750000028,0.0,0.017340645453520764,56,fixed_k3
00_Optimized_Structure,a,0.0,0.00389015400000009,0.019692463750000028,0.0,0.06207635385822363,56,fixed_k3
00_Optimized_Structure,a,0.0,0.007768778000000087,0.019692463750000028,0.0,0.10982964795506855,56,fixed_k3
00_Optimized_Structure,a,0.0,0.011647402000000084,0.019692463750000028,0.0,0.1591038447699017,56,fixed_k3
00_Optimized_Structure,a,0.0,0.015526026000000082,0.019692463750000028,0.0,0.2088813226792955,56,fixed_k3
00_Optimized_Structure,a,0.0,0.01940465000000008,0.019692463750000028,0.0,0.25883666886476653,56,fixed_k3
00_Optimized_Structure,a,0.0,0.023283274000000076,0.019692463750000028,0.0,0.30944878734133746,56,fixed_k3
00_Optimized_Structure,a,0.0,0.027161898000000073,0.019692463750000028,0.0,0.36201703353064285,56,fixed_k3
00_Optimized_Structure,a,0.0,0.03104052200000007,0.019692463750000028,0.0,0.4186065602514904,56,fixed_k3
00_Optimized_Structure,a,0.0,0.03491914600000007,0.019692463750000028,0.0,0.48196161720023867,56,fixed_k3
00_Optimized_Structure,a,0.0,0.038797770000000065,0.019692463750000028,0.0,0.5554321342689692,56,fixed_k3
00_Optimized_Structure,a,0.0,0.04267639400000006,0.019692463750000028,0.0,0.6429601632324924,56,fixed_k3
00_Optimized_Structure,a,0.0,0.04655501800000006,0.019692463750000028,0.0,0.7491701733330354,56,fixed_k3
00_Optimized_Structure,a,0.0,0.050433642000000056,0.019692463750000028,0.0,0.8795987074887869,56,fixed_k3
00_Optimized_Structure,a,0.0,0.05431226600000005,0.019692463750000028,0.0,1.041072170367191,56,fixed_k3
00_Optimized_Structure,a,0.0,0.05819089000000005,0.019692463750000028,0.0,1.2421590694958586,56,fixed_k3
00_Optimized_Structure,a,0.0,0.06206951400000005,0.019692463750000028,0.0,1.4933878557951847,56,fixed_k3
00_Optimized_Structure,a,0.0,0.06594813800000005,0.019692463750000028,0.0,1.806303719506732,56,fixed_k3
00_Optimized_Structure,a,0.0,0.06982676200000004,0.019692463750000028,0.0,2.188953913054708,56,fixed_k3
00_Optimized_Structure,a,0.0,0.07370538600000004,0.019692463750000028,0.0,2.6322870618404974,56,fixed_k3
00_Optimized_Structure,a,0.0,0.07758401000000004,0.019692463750000028,0.0,3.0773092121961176,56,fixed_k3
00_Optimized_Structure,a,0.0,0.08146263400000003,0.019692463750000028,0.0,3.3540819836655165,56,fixed_k3
00_Optimized_Structure,a,0.0,0.08534125800000003,0.019692463750000028,0.0,3.1272012777335654,56,fixed_k3
00_Optimized_Structure,a,0.0,0.08921988200000003,0.019692463750000028,0.0,2.049202584355026,56,fixed_k3
00_Optimized_Structure,a,0.0,0.09309850600000003,0.019692463750000028,0.0,0.48595041302163283,56,fixed_k3
00_Optimized_Structure,a,0.0,0.09697713000000002,0.019692463750000028,0.0,0.21514351051694114,56,fixed_k3
00_Optimized_Structure,a,0.0,0.10085575400000002,0.019692463750000028,0.0,2.5882691644324782,56,fixed_k3
00_Optimized_Structure,a,0.0,0.10473437800000002,0.019692463750000028,0.0,5.825151657173711,56,fixed_k3
00_Optimized_Structure,a,0.0,0.10861300200000001,0.019692463750000028,0.0,7.309037133353434,56,fixed_k3
00_Optimized_Structure,a,0.0,0.11249162600000001,0.019692463750000028,0.0,6.470051761317878,56,fixed_k3
00_Optimized_Structure,a,0.0,0.11637025000000001,0.019692463750000028,0.0,3.662769992656057,56,fixed_k3
00_Optimized_Structure,a,0.0,0.120248874,0.019692463750000028,0.0,-2.0700193017197135,56,fixed_k3
00_Optimized_Structure,a,0.0,0.124127498,0.019692463750000028,0.0,-18.14366649991372,56,fixed_k3
00_Optimized_Structure,a,0.0,0.128006122,0.019692463750000028,0.0,-110.46503359592353,56,fixed_k3
00_Optimized_Structure,a,0.0,0.131884746,0.019692463750000028,0.0,-853.150339794174,56,fixed_k3
00_Optimized_Structure,a,0.0,0.13576337,0.019692463750000028,0.0,-85.2256246339656,56,fixed_k3
00_Optimized_Structure,a,0.0,0.139641994,0.019692463750000028,0.0,-10.022788484477326,56,fixed_k3
00_Optimized_Structure,a,0.0,0.143520618,0.019692463750000028,0.0,-0.732428694289581,56,fixed_k3
00_Optimized_Structure,a,0.0,0.14739924199999999,0.019692463750000028,0.0,1.4497711308629704,56,fixed_k3
00_Optimized_Structure,a,0.0,0.15127786599999998,0.019692463750000028,0.0,2.124977414274746,56,fixed_k3
00_Optimized_Structure,a,0.0,0.15515649,0.019692463750000028,0.0,2.3388372922020277,56,fixed_k3
00_Optimized_Structure,a,0.0,-0.1551334299999998,0.02297910187500002,0.0,1.6755855176914447,56,fixed_k3
00_Optimized_Structure,a,0.0,-0.1512548059999998,0.02297910187500002,0.0,1.4583749220412252,56,fixed_k3
00_Optimized_Structure,a,0.0,-0.1473761819999998,0.02297910187500002,0.0,0.6609487998984251,56,fixed_k3
00_Optimized_Structure,a,0.0,-0.1434975579999998,0.02297910187500002,0.0,-2.0074392300893766,56,fixed_k3
00_Optimized_Structure,a,0.0,-0.1396189339999998,0.02297910187500002,0.0,-13.071741314985212,56,fixed_k3
00_Optimized_Structure,a,0.0,-0.1357403099999998,0.02297910187500002,0.0,-96.76550279393753,56,fixed_k3
00_Optimized_Structure,a,0.0,-0.1318616859999998,0.02297910187500002,0.0,-1174.6441553137265,56,fixed_k3
00_Optimized_Structure,a,0.0,-0.12798306199999981,0.02297910187500002,0.0,-151.05368365345424,56,fixed_k3
00_Optimized_Structure,a,0.0,-0.12410443799999982,0.02297910187500002,0.0,-29.246899012991836,56,fixed_k3
00_Optimized_Structure,a,0.0,-0.12022581399999982,0.02297910187500002,0.0,-12.28273021772025,56,fixed_k3
00_Optimized_Structure,a,0.0,-0.11634718999999982,0.02297910187500002,0.0,-7.906570166910136,56,fixed_k3
00_Optimized_Structure,a,0.0,-0.11246856599999983,0.02297910187500002,0.0,-5.930039716370818,56,fixed_k3
00_Optimized_Structure,a,0.0,-0.10858994199999983,0.02297910187500002,0.0,-3.445293503627958,56,fixed_k3
00_Optimized_Structure,a,0.0,-0.10471131799999983,0.02297910187500002,0.0,0.8353748311487917,56,fixed_k3
00_Optimized_Structure,a,0.0,-0.10083269399999983,0.02297910187500002,0.0,5.94046147834548,56,fixed_k3
00_Optimized_Structure,a,0.0,-0.09695406999999984,0.02297910187500002,0.0,8.470551157022244,56,fixed_k3
00_Optimized_Structure,a,0.0,-0.09307544599999984,0.02297910187500002,0.0,6.737406046307002,56,fixed_k3
00_Optimized_Structure,a,0.0,-0.08919682199999984,0.02297910187500002,0.0,3.1261201381768604,56,fixed_k3
00_Optimized_Structure,a,0.0,-0.08531819799999985,0.02297910187500002,0.0,0.30330251140058284,56,fixed_k3
00_Optimized_Structure,a,0.0,-0.08143957399999985,0.02297910187500002,0.0,-1.1031461157720637,56,fixed_k3
00_Optimized_Structure,a,0.0,-0.07756094999999985,0.02297910187500002,0.0,-1.5345851507739694,56,fixed_k3
00_Optimized_Structure,a,0.0,-0.07368232599999985,0.02297910187500002,0.0,-1.4898127492735158,56,fixed_k3
00_Optimized_Structure,a,0.0,-0.06980370199999986,0.02297910187500002,0.0,-1.2674668162445877,56,fixed_k3
00_Optimized_Structure,a,0.0,-0.06592507799999986,0.02297910187500002,0.0,-1.0090021123645125,56,fixed_k3
00_Optimized_Structure,a,0.0,-0.06204645399999986,0.02297910187500002,0.0,-0.771800994553438,56,fixed_k3
00_Optimized_Structure,a,0.0,-0.058167829999999865,0.02297910187500002,0.0,-0.574681266388271,56,fixed_k3
00_Optimized_Structure,a,0.0,-0.05428920599999987,0.02297910187500002,0.0,-0.42031046479647605,56,fixed_k3
00_Optimized_Structure,a,0.0,-0.05041058199999987,0.02297910187500002,0.0,-0.30514764485254575,56,fixed_k3
00_Optimized_Structure,a,0.0,-0.04653195799999987,0.02297910187500002,0.0,-0.223562804226772,56,fixed_k3
00_Optimized_Structure,a,0.0,-0.042653333999999876,0.02297910187500002,0.0,-0.16943226963329383,56,fixed_k3
00_Optimized_Structure,a,0.0,-0.03877470999999988,0.02297910187500002,0.0,-0.1367072099195591,56,fixed_k3
00_Optimized_Structure,a,0.0,-0.03489608599999988,0.02297910187500002,0.0,-0.119606318486148,56,fixed_k3
00_Optimized_Structure,a,0.0,-0.031017461999999885,0.02297910187500002,0.0,-0.11270593885472402,56,fixed_k3
00_Optimized_Structure,a,0.0,-0.027138837999999887,0.02297910187500002,0.0,-0.11103375581364694,56,fixed_k3
00_Optimized_Structure,a,0.0,-0.02326021399999989,0.02297910187500002,0.0,-0.11019583878558636,56,fixed_k3
00_Optimized_Structure,a,0.0,-0.019381589999999893,0.02297910187500002,0.0,-0.1065291750396119,56,fixed_k3
00_Optimized_Structure,a,0.0,-0.015502965999999896,0.02297910187500002,0.0,-0.09725190347761958,56,fixed_k3
00_Optimized_Structure,a,0.0,-0.011624341999999899,0.02297910187500002,0.0,-0.08057430522816222,56,fixed_k3
00_Optimized_Structure,a,0.0,-0.0077457179999999015,0.02297910187500002,0.0,-0.055734052945745294,56,fixed_k3
00_Optimized_Structure,a,0.0,-0.0038670939999999043,0.02297910187500002,0.0,-0.02292937737101719,56,fixed_k3
00_Optimized_Structure,a,0.0,1.1530000000092855e-05,0.02297910187500002,0.0,0.016857631919204197,56,fixed_k3
00_Optimized_Structure,a,0.0,0.00389015400000009,0.02297910187500002,0.0,0.06213237118060677,56,fixed_k3
00_Optimized_Structure,a,0.0,0.007768778000000087,0.02297910187500002,0.0,0.1112172087353761,56,fixed_k3
00_Optimized_Structure,a,0.0,0.011647402000000084,0.02297910187500002,0.0,0.1625894790004554,56,fixed_k3
00_Optimized_Structure,a,0.0,0.015526026000000082,0.02297910187500002,0.0,0.21517754746425877,56,fixed_k3
00_Optimized_Structure,a,0.0,0.01940465000000008,0.02297910187500002,0.0,0.26857619141303857,56,fixed_k3
00_Optimized_Structure,a,0.0,0.023283274000000076,0.02297910187500002,0.0,0.32316288001303617,56,fixed_k3
00_Optimized_Structure,a,0.0,0.027161898000000073,0.02297910187500002,0.0,0.38011951998565663,56,fixed_k3
00_Optimized_Structure,a,0.0,0.03104052200000007,0.02297910187500002,0.0,0.44138420912685195,56,fixed_k3
00_Optimized_Structure,a,0.0,0.03491914600000007,0.02297910187500002,0.0,0.5095711990303021,56,fixed_k3
00_Optimized_Structure,a,0.0,0.038797770000000065,0.02297910187500002,0.0,0.5879042133970467,56,fixed_k3
00_Optimized_Structure,a,0.0,0.04267639400000006,0.02297910187500002,0.0,0.6802101134376685,56,fixed_k3
00_Optimized_Structure,a,0.0,0.04655501800000006,0.02297910187500002,0.0,0.7910181899254829,56,fixed_k3
00_Optimized_Structure,a,0.0,0.050433642000000056,0.02297910187500002,0.0,0.9258031324765967,56,fixed_k3
00_Optimized_Structure,a,0.0,0.05431226600000005,0.02297910187500002,0.0,1.0913850110219525,56,fixed_k3
00_Optimized_Structure,a,0.0,0.05819089000000005,0.02297910187500002,0.0,1.2964208969835447,56,fixed_k3
00_Optimized_Structure,a,0.0,0.06206951400000005,0.02297910187500002,0.0,1.5516956232796193,56,fixed_k3
00_Optimized_Structure,a,0.0,0.06594813800000005,0.02297910187500002,0.0,1.8693207596223924,56,fixed_k3
00_Optimized_Structure,a,0.0,0.06982676200000004,0.02297910187500002,0.0,2.2585157011352877,56,fixed_k3
00_Optimized_Structure,a,0.0,0.07370538600000004,0.02297910187500002,0.0,2.712653989904294,56,fixed_k3
00_Optimized_Structure,a,0.0,0.07758401000000004,0.02297910187500002,0.0,3.177798778971919,56,fixed_k3
00_Optimized_Structure,a,0.0,0.08146263400000003,0.02297910187500002,0.0,3.494005575830591,56,fixed_k3
00_Optimized_Structure,a,0.0,0.08534125800000003,0.02297910187500002,0.0,3.341051368089889,56,fixed_k3
00_Optimized_Structure,a,0.0,0.08921988200000003,0.02297910187500002,0.0,2.374895780404925,56,fixed_k3
00_Optimized_Structure,a,0.0,0.09309850600000003,0.02297910187500002,0.0,0.899905606872066,56,fixed_k3
00_Optimized_Structure,a,0.0,0.09697713000000002,0.02297910187500002,0.0,0.5686225533581661,56,fixed_k3
00_Optimized_Structure,a,0.0,0.10085575400000002,0.02297910187500002,0.0,2.762338860522754,56,fixed_k3
00_Optimized_Structure,a,0.0,0.10473437800000002,0.02297910187500002,0.0,5.9044845307629625,56,fixed_k3
00_Optimized_Structure,a,0.0,0.10861300200000001,0.02297910187500002,0.0,7.380548574322444,56,fixed_k3
00_Optimized_Structure,a,0.0,0.11249162600000001,0.02297910187500002,0.0,6.436884143853065,56,fixed_k3
00_Optimized_Structure,a,0.0,0.11637025000000001,0.02297910187500002,0.0,3.209046111397159,56,fixed_k3
00_Optimized_Structure,a,0.0,0.120248874,0.02297910187500002,0.0,-3.8236026993883807,56,fixed_k3
00_Optimized_Structure,a,0.0,0.124127498,0.02297910187500002,0.0,-25.186044502184714,56,fixed_k3
00_Optimized_Structure,a,0.0,0.128006122,0.02297910187500002,0.0,-164.5009840526112,56,fixed_k3
00_Optimized_Structure,a,0.0,0.131884746,0.02297910187500002,0.0,-1245.5378934618857,56,fixed_k3
00_Optimized_Structure,a,0.0,0.13576337,0.02297910187500002,0.0,-90.00304117020663,56,fixed_k3
00_Optimized_Structure,a,0.0,0.139641994,0.02297910187500002,0.0,-10.836207519554769,56,fixed_k3
00_Optimized_Structure,a,0.0,0.143520618,0.02297910187500002,0.0,-0.7718526476280291,56,fixed_k3
00_Optimized_Structure,a,0.0,0.14739924199999999,0.02297910187500002,0.0,1.6282758961667363,56,fixed_k3
00_Optimized_Structure,a,0.0,0.15127786599999998,0.02297910187500002,0.0,2.36982747071333,56,fixed_k3
00_Optimized_Structure,a,0.0,0.15515649,0.02297910187500002,0.0,2.5996976968758787,56,fixed_k3
00_Optimized_Structure,a,0.0,-0.1551334299999998,0.02626574000000001,0.0,2.055934572223034,56,fixed_k3
00_Optimized_Structure,a,0.0,-0.1512548059999998,0.02626574000000001,0.0,1.8392617877930615,56,fixed_k3
00_Optimized_Structure,a,0.0,-0.1473761819999998,0.02626574000000001,0.0,1.007711299626867,56,fixed_k3
00_Optimized_Structure,a,0.0,-0.1434975579999998,0.02626574000000001,0.0,-1.7809882091208236,56,fixed_k3
00_Optimized_Structure,a,0.0,-0.1396189339999998,0.02626574000000001,0.0,-13.154047331453508,56,fixed_k3
00_Optimized_Structure,a,0.0,-0.1357403099999998,0.02626574000000001,0.0,-96.3795701240097,56,fixed_k3
00_Optimized_Structure,a,0.0,-0.1318616859999998,0.02626574000000001,0.0,-1629.251082963533,56,fixed_k3
00_Optimized_Structure,a,0.0,-0.12798306199999981,0.02626574000000001,0.0,-228.89719002478006,56,fixed_k3
00_Optimized_Structure,a,0.0,-0.12410443799999982,0.02626574000000001,0.0,-38.4408071041096,56,fixed_k3
00_Optimized_Structure,a,0.0,-0.12022581399999982,0.02626574000000001,0.0,-14.767280000635841,56,fixed_k3
00_Optimized_Structure,a,0.0,-0.11634718999999982,0.02626574000000001,0.0,-8.678114953797584,56,fixed_k3
00_Optimized_Structure,a,0.0,-0.11246856599999983,0.02626574000000001,0.0,-5.895336585078779,56,fixed_k3
00_Optimized_Structure,a,0.0,-0.10858994199999983,0.02626574000000001,0.0,-2.8143820291058192,56,fixed_k3
00_Optimized_Structure,a,0.0,-0.10471131799999983,0.02626574000000001,0.0,1.8965503110192157,56,fixed_k3
00_Optimized_Structure,a,0.0,-0.10083269399999983,0.02626574000000001,0.0,7.067326435904724,56,fixed_k3
00_Optimized_Structure,a,0.0,-0.09695406999999984,0.02626574000000001,0.0,9.302625478929807,56,fixed_k3
00_Optimized_Structure,a,0.0,-0.09307544599999984,0.02626574000000001,0.0,7.248492407275748,56,fixed_k3
00_Optimized_Structure,a,0.0,-0.08919682199999984,0.02626574000000001,0.0,3.46190105582819,56,fixed_k3
00_Optimized_Structure,a,0.0,-0.08531819799999985,0.02626574000000001,0.0,0.5461044916159083,56,fixed_k3
00_Optimized_Structure,a,0.0,-0.08143957399999985,0.02626574000000001,0.0,-0.9265467049645253,56,fixed_k3
00_Optimized_Structure,a,0.0,-0.07756094999999985,0.02626574000000001,0.0,-1.4074620493623597,56,fixed_k3
00_Optimized_Structure,a,0.0,-0.07368232599999985,0.02626574000000001,0.0,-1.3965099010417699,56,fixed_k3
00_Optimized_Structure,a,0.0,-0.06980370199999986,0.02626574000000001,0.0,-1.195576408878482,56,fixed_k3
00_Optimized_Structure,a,0.0,-0.06592507799999986,0.02626574000000001,0.0,-0.9502403081100093,56,fixed_k3
00_Optimized_Structure,a,0.0,-0.06204645399999986,0.02626574000000001,0.0,-0.7212695038213939,56,fixed_k3
00_Optimized_Structure,a,0.0,-0.058167829999999865,0.02626574000000001,0.0,-0.5297649622038421,56,fixed_k3
00_Optimized_Structure,a,0.0,-0.05428920599999987,0.02626574000000001,0.0,-0.37977183261589453,56,fixed_k3
00_Optimized_Structure,a,0.0,-0.05041058199999987,0.02626574000000001,0.0,-0.2685123062488306,56,fixed_k3
00_Optimized_Structure,a,0.0,-0.04653195799999987,0.02626574000000001,0.0,-0.19073817143449923,56,fixed_k3
00_Optimized_Structure,a,0.0,-0.042653333999999876,0.02626574000000001,0.0,-0.14048246607890047,56,fixed_k3
00_Optimized_Structure,a,0.0,-0.03877470999999988,0.02626574000000001,0.0,-0.1117247495833078,56,fixed_k3
00_Optimized_Structure,a,0.0,-0.03489608599999988,0.02626574000000001,0.0,-0.09864126259295936,56,fixed_k3
00_Optimized_Structure,a,0.0,-0.031017461999999885,0.02626574000000001,0.0,-0.09572839694805024,56,fixed_k3
00_Optimized_Structure,a,0.0,-0.027138837999999887,0.02626574000000001,0.0,-0.09791549553993883,56,fixed_k3
00_Optimized_Structure,a,0.0,-0.02326021399999989,0.02626574000000001,0.0,-0.1007028745978148,56,fixed_k3
00_Optimized_Structure,a,0.0,-0.019381589999999893,0.02626574000000001,0.0,-0.10032089378816167,56,fixed_k3
00_Optimized_Structure,a,0.0,-0.015502965999999896,0.02626574000000001,0.0,-0.09388451780240592,56,fixed_k3
00_Optimized_Structure,a,0.0,-0.011624341999999899,0.02626574000000001,0.0,-0.07950779394463625,56,fixed_k3
00_Optimized_Structure,a,0.0,-0.0077457179999999015,0.02626574000000001,0.0,-0.05634256329020915,56,fixed_k3
00_Optimized_Structure,a,0.0,-0.0038670939999999043,0.02626574000000001,0.0,-0.024515453595813974,56,fixed_k3
00_Optimized_Structure,a,0.0,1.1530000000092855e-05,0.02626574000000001,0.0,0.015044633607789515,56,fixed_k3
00_Optimized_Structure,a,0.0,0.00389015400000009,0.02626574000000001,0.0,0.06087369310737145,56,fixed_k3
00_Optimized_Structure,a,0.0,0.007768778000000087,0.02626574000000001,0.0,0.11129858607228027,56,fixed_k3
00_Optimized_Structure,a,0.0,0.011647402000000084,0.02626574000000001,0.0,0.16477291670588856,56,fixed_k3
00_Optimized_Structure,a,0.0,0.015526026000000082,0.02626574000000001,0.0,0.2201729805375896,56,fixed_k3
00_Optimized_Structure,a,0.0,0.01940465000000008,0.02626574000000001,0.0,0.2770152909411261,56,fixed_k3
00_Optimized_Structure,a,0.0,0.023283274000000076,0.02626574000000001,0.0,0.3355770998172368,56,fixed_k3
00_Optimized_Structure,a,0.0,0.027161898000000073,0.02626574000000001,0.0,0.39692394165303035,56,fixed_k3
00_Optimized_Structure,a,0.0,0.03104052200000007,0.02626574000000001,0.0,0.46286802384387915,56,fixed_k3
00_Optimized_Structure,a,0.0,0.03491914600000007,0.02626574000000001,0.0,0.5358950134941393,56,fixed_k3
00_Optimized_Structure,a,0.0,0.038797770000000065,0.02626574000000001,0.0,0.6191040332461584,56,fixed_k3
00_Optimized_Structure,a,0.0,0.04267639400000006,0.02626574000000001,0.0,0.7162080554536419,56,fixed_k3
00_Optimized_Structure,a,0.0,0.04655501800000006,0.02626574000000001,0.0,0.8316408991200648,56,fixed_k3
00_Optimized_Structure,a,0.0,0.050433642000000056,0.02626574000000001,0.0,0.9708107877286387,56,fixed_k3
00_Optimized_Structure,a,0.0,0.05431226600000005,0.02626574000000001,0.0,1.1405172087342668,56,fixed_k3
00_Optimized_Structure,a,0.0,0.05819089000000005,0.02626574000000001,0.0,1.349471928943952,56,fixed_k3
00_Optimized_Structure,a,0.0,0.06206951400000005,0.02626574000000001,0.0,1.6086444700350762,56,fixed_k3
00_Optimized_Structure,a,0.0,0.06594813800000005,0.02626574000000001,0.0,1.9305714597987231,56,fixed_k3
00_Optimized_Structure,a,0.0,0.06982676200000004,0.02626574000000001,0.0,2.325382136950844,56,fixed_k3
00_Optimized_Structure,a,0.0,0.07370538600000004,0.02626574000000001,0.0,2.788421749499455,56,fixed_k3
00_Optimized_Structure,a,0.0,0.07758401000000004,0.02626574000000001,0.0,3.2701102814404805,56,fixed_k3
00_Optimized_Structure,a,0.0,0.08146263400000003,0.02626574000000001,0.0,3.6196278064270255,56,fixed_k3
00_Optimized_Structure,a,0.0,0.08534125800000003,0.02626574000000001,0.0,3.5313830093603022,56,fixed_k3
00_Optimized_Structure,a,0.0,0.08921988200000003,0.02626574000000001,0.0,2.665658529992753,56,fixed_k3
00_Optimized_Structure,a,0.0,0.09309850600000003,0.02626574000000001,0.0,1.2679435284647653,56,fixed_k3
00_Optimized_Structure,a,0.0,0.09697713000000002,0.02626574000000001,0.0,0.8652335533116238,56,fixed_k3
00_Optimized_Structure,a,0.0,0.10085575400000002,0.02626574000000001,0.0,2.867318136682882,56,fixed_k3
00_Optimized_Structure,a,0.0,0.10473437800000002,0.02626574000000001,0.0,5.916368803830283,56,fixed_k3
00_Optimized_Structure,a,0.0,0.10861300200000001,0.02626574000000001,0.0,7.402908480456859,56,fixed_k3
00_Optimized_Structure,a,0.0,0.11249162600000001,0.02626574000000001,0.0,6.354231890906357,56,fixed_k3
00_Optimized_Structure,a,0.0,0.11637025000000001,0.02626574000000001,0.0,2.6249683359282785,56,fixed_k3
00_Optimized_Structure,a,0.0,0.120248874,0.02626574000000001,0.0,-6.068376490041868,56,fixed_k3
00_Optimized_Structure,a,0.0,0.124127498,0.02626574000000001,0.0,-34.81322987453001,56,fixed_k3
00_Optimized_Structure,a,0.0,0.128006122,0.02626574000000001,0.0,-254.08545715458627,56,fixed_k3
00_Optimized_Structure,a,0.0,0.131884746,0.02626574000000001,0.0,-1731.5189372919824,56,fixed_k3
00_Optimized_Structure,a,0.0,0.13576337,0.02626574000000001,0.0,-90.89826072749072,56,fixed_k3
00_Optimized_Structure,a,0.0,0.139641994,0.02626574000000001,0.0,-11.231687087934784,56,fixed_k3
00_Optimized_Structure,a,0.0,0.143520618,0.02626574000000001,0.0,-0.7171293895948884,56,fixed_k3
00_Optimized_Structure,a,0.0,0.14739924199999999,0.02626574000000001,0.0,1.8332744171623356,56,fixed_k3
00_Optimized_Structure,a,0.0,0.15127786599999998,0.02626574000000001,0.0,2.6198578743634733,56,fixed_k3
00_Optimized_Structure,a,0.0,0.15515649,0.02626574000000001,0.0,2.857341798952105,56,fixed_k3
00_Optimized_Structure,a,0.0,-0.1551334299999998,0.029552378125,0.0,2.4460205437239937,56,fixed_k3
00_Optimized_Structure,a,0.0,-0.1512548059999998,0.029552378125,0.0,2.239793545945495,56,fixed_k3
00_Optimized_Structure,a,0.0,-0.1473761819999998,0.029552378125,0.0,1.3966854999181475,56,fixed_k3
00_Optimized_Structure,a,0.0,-0.1434975579999998,0.029552378125,0.0,-1.4461488267622902,56,fixed_k3
00_Optimized_Structure,a,0.0,-0.1396189339999998,0.029552378125,0.0,-12.835824374985485,56,fixed_k3
00_Optimized_Structure,a,0.0,-0.1357403099999998,0.029552378125,0.0,-92.6637363397697,56,fixed_k3
00_Optimized_Structure,a,0.0,-0.1318616859999998,0.029552378125,0.0,-2060.7108171315913,56,fixed_k3
00_Optimized_Structure,a,0.0,-0.12798306199999981,0.029552378125,0.0,-365.66632981674644,56,fixed_k3
00_Optimized_Structure,a,0.0,-0.12410443799999982,0.029552378125,0.0,-51.20418660089353,56,fixed_k3
00_Optimized_Structure,a,0.0,-0.12022581399999982,0.029552378125,0.0,-17.9232054478444,56,fixed_k3
00_Optimized_Structure,a,0.0,-0.11634718999999982,0.029552378125,0.0,-9.598575711564514,56,fixed_k3
00_Optimized_Structure,a,0.0,-0.11246856599999983,0.029552378125,0.0,-5.82758052392814,56,fixed_k3
00_Optimized_Structure,a,0.0,-0.10858994199999983,0.029552378125,0.0,-2.06645534965108,56,fixed_k3
00_Optimized_Structure,a,0.0,-0.10471131799999983,0.029552378125,0.0,3.079811379397935,56,fixed_k3
00_Optimized_Structure,a,0.0,-0.10083269399999983,0.029552378125,0.0,8.245602859620368,56,fixed_k3
00_Optimized_Structure,a,0.0,-0.09695406999999984,0.029552378125,0.0,10.107553689723582,56,fixed_k3
00_Optimized_Structure,a,0.0,-0.09307544599999984,0.029552378125,0.0,7.7070877074680135,56,fixed_k3
00_Optimized_Structure,a,0.0,-0.08919682199999984,0.029552378125,0.0,3.757723395606872,56,fixed_k3
00_Optimized_Structure,a,0.0,-0.08531819799999985,0.029552378125,0.0,0.7668288122323398,56,fixed_k3
00_Optimized_Structure,a,0.0,-0.08143957399999985,0.029552378125,0.0,-0.760606438679329,56,fixed_k3
00_Optimized_Structure,a,0.0,-0.07756094999999985,0.029552378125,0.0,-1.285567024389479,56,fixed_k3
00_Optimized_Structure,a,0.0,-0.07368232599999985,0.029552378125,0.0,-1.3063065475288151,56,fixed_k3
00_Optimized_Structure,a,0.0,-0.06980370199999986,0.029552378125,0.0,-1.1261163102911316,56,fixed_k3
00_Optimized_Structure,a,0.0,-0.06592507799999986,0.029552378125,0.0,-0.8937872441041363,56,fixed_k3
00_Optimized_Structure,a,0.0,-0.06204645399999986,0.029552378125,0.0,-0.6730868628654476,56,fixed_k3
00_Optimized_Structure,a,0.0,-0.058167829999999865,0.029552378125,0.0,-0.4872542457343776,56,fixed_k3
00_Optimized_Structure,a,0.0,-0.05428920599999987,0.029552378125,0.0,-0.3416662219054709,56,fixed_k3
00_Optimized_Structure,a,0.0,-0.05041058199999987,0.029552378125,0.0,-0.23429969741833923,56,fixed_k3
00_Optimized_Structure,a,0.0,-0.04653195799999987,0.029552378125,0.0,-0.1602925282455303,56,fixed_k3
00_Optimized_Structure,a,0.0,-0.042653333999999876,0.029552378125,0.0,-0.11384208562463138,56,fixed_k3
00_Optimized_Structure,a,0.0,-0.03877470999999988,0.029552378125,0.0,-0.08896408540544143,56,fixed_k3
00_Optimized_Structure,a,0.0,-0.03489608599999988,0.029552378125,0.0,-0.07979933271849737,56,fixed_k3
00_Optimized_Structure,a,0.0,-0.031017461999999885,0.029552378125,0.0,-0.08077041735079105,56,fixed_k3
00_Optimized_Structure,a,0.0,-0.027138837999999887,0.029552378125,0.0,-0.08671368384632261,56,fixed_k3
00_Optimized_Structure,a,0.0,-0.02326021399999989,0.029552378125,0.0,-0.0930282644174324,56,fixed_k3
00_Optimized_Structure,a,0.0,-0.019381589999999893,0.029552378125,0.0,-0.09584163706487159,56,fixed_k3
00_Optimized_Structure,a,0.0,-0.015502965999999896,0.029552378125,0.0,-0.09216840606098464,56,fixed_k3
00_Optimized_Structure,a,0.0,-0.011624341999999899,0.029552378125,0.0,-0.08002815056727575,56,fixed_k3
00_Optimized_Structure,a,0.0,-0.0077457179999999015,0.029552378125,0.0,-0.05848753632616366,56,fixed_k3
00_Optimized_Structure,a,0.0,-0.0038670939999999043,0.029552378125,0.0,-0.027601178253771508,56,fixed_k3
00_Optimized_Structure,a,0.0,1.1530000000092855e-05,0.029552378125,0.0,0.011756517309546632,56,fixed_k3
00_Optimized_Structure,a,0.0,0.00389015400000009,0.029552378125,0.0,0.058154071822896225,56,fixed_k3
00_Optimized_Structure,a,0.0,0.007768778000000087,0.029552378125,0.0,0.10992505892167881,56,fixed_k3
00_Optimized_Structure,a,0.0,0.011647402000000084,0.029552378125,0.0,0.16550155579689418,56,fixed_k3
00_Optimized_Structure,a,0.0,0.015526026000000082,0.029552378125,0.0,0.22370976052019365,56,fixed_k3
00_Optimized_Structure,a,0.0,0.01940465000000008,0.029552378125,0.0,0.28398959020107784,56,fixed_k3
00_Optimized_Structure,a,0.0,0.023283274000000076,0.029552378125,0.0,0.34651951501373723,56,fixed_k3
00_Optimized_Structure,a,0.0,0.027161898000000073,0.029552378125,0.0,0.41225008439465727,56,fixed_k3
00_Optimized_Structure,a,0.0,0.03104052200000007,0.029552378125,0.0,0.4828691749434397,56,fixed_k3
00_Optimized_Structure,a,0.0,0.03491914600000007,0.029552378125,0.0,0.560735750913095,56,fixed_k3
00_Optimized_Structure,a,0.0,0.038797770000000065,0.029552378125,0.0,0.648826465949759,56,fixed_k3
00_Optimized_Structure,a,0.0,0.04267639400000006,0.029552378125,0.0,0.7507422695620563,56,fixed_k3
00_Optimized_Structure,a,0.0,0.04655501800000006,0.029552378125,0.0,0.8708217780785075,56,fixed_k3
00_Optimized_Structure,a,0.0,0.050433642000000056,0.029552378125,0.0,1.0144026211799246,56,fixed_k3
00_Optimized_Structure,a,0.0,0.05431226600000005,0.029552378125,0.0,1.1882497241782979,56,fixed_k3
00_Optimized_Structure,a,0.0,0.05819089000000005,0.029552378125,0.0,1.4010954867152456,56,fixed_k3
00_Optimized_Structure,a,0.0,0.06206951400000005,0.029552378125,0.0,1.6640213641396542,56,fixed_k3
00_Optimized_Structure,a,0.0,0.06594813800000005,0.029552378125,0.0,1.9898451311323713,56,fixed_k3
00_Optimized_Structure,a,0.0,0.06982676200000004,0.029552378125,0.0,2.389338247103532,56,fixed_k3
00_Optimized_Structure,a,0.0,0.07370538600000004,0.029552378125,0.0,2.859353431973757,56,fixed_k3
00_Optimized_Structure,a,0.0,0.07758401000000004,0.029552378125,0.0,3.3539416108046813,56,fixed_k3
00_Optimized_Structure,a,0.0,0.08146263400000003,0.029552378125,0.0,3.7304761573156586,56,fixed_k3
00_Optimized_Structure,a,0.0,0.08534125800000003,0.029552378125,0.0,3.6973430498324427,56,fixed_k3
00_Optimized_Structure,a,0.0,0.08921988200000003,0.029552378125,0.0,2.920133731313684,56,fixed_k3
00_Optimized_Structure,a,0.0,0.09309850600000003,0.029552378125,0.0,1.5891230296628915,56,fixed_k3
00_Optimized_Structure,a,0.0,0.09697713000000002,0.029552378125,0.0,1.1064709280189158,56,fixed_k3
00_Optimized_Structure,a,0.0,0.10085575400000002,0.029552378125,0.0,2.9053343481873455,56,fixed_k3
00_Optimized_Structure,a,0.0,0.10473437800000002,0.029552378125,0.0,5.858459922735052,56,fixed_k3
00_Optimized_Structure,a,0.0,0.10861300200000001,0.029552378125,0.0,7.369333191622503,56,fixed_k3
00_Optimized_Structure,a,0.0,0.11249162600000001,0.029552378125,0.0,6.20944826799534,56,fixed_k3
00_Optimized_Structure,a,0.0,0.11637025000000001,0.029552378125,0.0,1.8708723499793156,56,fixed_k3
00_Optimized_Structure,a,0.0,0.120248874,0.029552378125,0.0,-8.98293170293348,56,fixed_k3
00_Optimized_Structure,a,0.0,0.124127498,0.029552378125,0.0,-48.341594487988736,56,fixed_k3
00_Optimized_Structure,a,0.0,0.128006122,0.029552378125,0.0,-415.0317906896528,56,fixed_k3
00_Optimized_Structure,a,0.0,0.131884746,0.029552378125,0.0,-2168.3517112782065,56,fixed_k3
00_Optimized_Structure,a,0.0,0.13576337,0.029552378125,0.0,-88.300721888751,56,fixed_k3
00_Optimized_Structure,a,0.0,0.139641994,0.029552378125,0.0,-11.222765852739933,56,fixed_k3
00_Optimized_Structure,a,0.0,0.143520618,0.029552378125,0.0,-0.5662265654170855,56,fixed_k3
00_Optimized_Structure,a,0.0,0.14739924199999999,0.029552378125,0.0,2.0664683731772016,56,fixed_k3
00_Optimized_Structure,a,0.0,0.15127786599999998,0.029552378125,0.0,2.8759920124785054,56,fixed_k3
00_Optimized_Structure,a,0.0,0.15515649,0.029552378125,0.0,3.11223059149337,56,fixed_k3
00_Optimized_Structure,a,0.0,-0.1551334299999998,0.03283901624999999,0.0,2.8446575126910165,56,fixed_k3
00_Optimized_Structure,a,0.0,-0.1512548059999998,0.03283901624999999,0.0,2.659011772786673,56,fixed_k3
00_Optimized_Structure,a,0.0,-0.1473761819999998,0.03283901624999999,0.0,1.8268676861103161,56,fixed_k3
00_Optimized_Structure,a,0.0,-0.1434975579999998,0.03283901624999999,0.0,-1.0070231793550233,56,fixed_k3
00_Optimized_Structure,a,0.0,-0.1396189339999998,0.03283901624999999,0.0,-12.155736716843702,56,fixed_k3
00_Optimized_Structure,a,0.0,-0.1357403099999998,0.03283901624999999,0.0,-86.33030403005465,56,fixed_k3
00_Optimized_Structure,a,0.0,-0.1318616859999998,0.03283901624999999,0.0,-2232.6015472803174,56,fixed_k3
00_Optimized_Structure,a,0.0,-0.12798306199999981,0.03283901624999999,0.0,-630.3704683074089,56,fixed_k3
00_Optimized_Structure,a,0.0,-0.12410443799999982,0.03283901624999999,0.0,-69.37817776525411,56,fixed_k3
00_Optimized_Structure,a,0.0,-0.12022581399999982,0.03283901624999999,0.0,-21.956860720006812,56,fixed_k3
00_Optimized_Structure,a,0.0,-0.11634718999999982,0.03283901624999999,0.0,-10.681286627025054,56,fixed_k3
00_Optimized_Structure,a,0.0,-0.11246856599999983,0.03283901624999999,0.0,-5.697756682294788,56,fixed_k3
00_Optimized_Structure,a,0.0,-0.10858994199999983,0.03283901624999999,0.0,-1.1701626987537836,56,fixed_k3
00_Optimized_Structure,a,0.0,-0.10471131799999983,0.03283901624999999,0.0,4.396776315924943,56,fixed_k3
00_Optimized_Structure,a,0.0,-0.10083269399999983,0.03283901624999999,0.0,9.46511098723088,56,fixed_k3
00_Optimized_Structure,a,0.0,-0.09695406999999984,0.03283901624999999,0.0,10.871011737238243,56,fixed_k3
00_Optimized_Structure,a,0.0,-0.09307544599999984,0.03283901624999999,0.0,8.105299209854358,56,fixed_k3
00_Optimized_Structure,a,0.0,-0.08919682199999984,0.03283901624999999,0.0,4.010102010950554,56,fixed_k3
00_Optimized_Structure,a,0.0,-0.08531819799999985,0.03283901624999999,0.0,0.9636031314285831,56,fixed_k3
00_Optimized_Structure,a,0.0,-0.08143957399999985,0.03283901624999999,0.0,-0.6064725506764475,56,fixed_k3
00_Optimized_Structure,a,0.0,-0.07756094999999985,0.03283901624999999,0.0,-1.169596316816212,56,fixed_k3
00_Optimized_Structure,a,0.0,-0.07368232599999985,0.03283901624999999,0.0,-1.2196257075767774,56,fixed_k3
00_Optimized_Structure,a,0.0,-0.06980370199999986,0.03283901624999999,0.0,-1.0593638418429,56,fixed_k3
00_Optimized_Structure,a,0.0,-0.06592507799999986,0.03283901624999999,0.0,-0.839851634721754,56,fixed_k3
00_Optimized_Structure,a,0.0,-0.06204645399999986,0.03283901624999999,0.0,-0.6274333506480088,56,fixed_k3
00_Optimized_Structure,a,0.0,-0.058167829999999865,0.03283901624999999,0.0,-0.4473193515796551,56,fixed_k3
00_Optimized_Structure,a,0.0,-0.05428920599999987,0.03283901624999999,0.0,-0.306160944509967,56,fixed_k3
00_Optimized_Structure,a,0.0,-0.05041058199999987,0.03283901624999999,0.0,-0.20267607547985533,56,fixed_k3
00_Optimized_Structure,a,0.0,-0.04653195799999987,0.03283901624999999,0.0,-0.13239079861830905,56,fixed_k3
00_Optimized_Structure,a,0.0,-0.042653333999999876,0.03283901624999999,0.0,-0.0896737851735454,56,fixed_k3
00_Optimized_Structure,a,0.0,-0.03877470999999988,0.03283901624999999,0.0,-0.06858467621029518,56,fixed_k3
00_Optimized_Structure,a,0.0,-0.03489608599999988,0.03283901624999999,0.0,-0.06323611052121747,56,fixed_k3
00_Optimized_Structure,a,0.0,-0.031017461999999885,0.03283901624999999,0.0,-0.0679833345815073,56,fixed_k3
00_Optimized_Structure,a,0.0,-0.027138837999999887,0.03283901624999999,0.0,-0.07757532218870677,56,fixed_k3
00_Optimized_Structure,a,0.0,-0.02326021399999989,0.03283901624999999,0.0,-0.08731482304221416,56,fixed_k3
00_Optimized_Structure,a,0.0,-0.019381589999999893,0.03283901624999999,0.0,-0.09323036188353429,56,fixed_k3
00_Optimized_Structure,a,0.0,-0.015502965999999896,0.03283901624999999,0.0,-0.09223914470935446,56,fixed_k3
00_Optimized_Structure,a,0.0,-0.011624341999999899,0.03283901624999999,0.0,-0.08226818260837332,56,fixed_k3
00_Optimized_Structure,a,0.0,-0.0077457179999999015,0.03283901624999999,0.0,-0.062299759890723005,56,fixed_k3
00_Optimized_Structure,a,0.0,-0.0038670939999999043,0.03283901624999999,0.0,-0.03231621819284425,56,fixed_k3
00_Optimized_Structure,a,0.0,1.1530000000092855e-05,0.03283901624999999,0.0,0.006863680864918065,56,fixed_k3
00_Optimized_Structure,a,0.0,0.00389015400000009,0.03283901624999999,0.0,0.05384276338605787,56,fixed_k3
00_Optimized_Structure,a,0.0,0.007768778000000087,0.03283901624999999,0.0,0.10696341650398833,56,fixed_k3
00_Optimized_Structure,a,0.0,0.011647402000000084,0.03283901624999999,0.0,0.1646383331622563,56,fixed_k3
00_Optimized_Structure,a,0.0,0.015526026000000082,0.03283901624999999,0.0,0.2256456067973076,56,fixed_k3
00_Optimized_Structure,a,0.0,0.01940465000000008,0.03283901624999999,0.0,0.28935034102014434,56,fixed_k3
00_Optimized_Structure,a,0.0,0.023283274000000076,0.03283901624999999,0.0,0.35583387375119857,56,fixed_k3
00_Optimized_Structure,a,0.0,0.027161898000000073,0.03283901624999999,0.0,0.4259334648159987,56,fixed_k3
00_Optimized_Structure,a,0.0,0.03104052200000007,0.03283901624999999,0.0,0.5012146123980624,56,fixed_k3
00_Optimized_Structure,a,0.0,0.03491914600000007,0.03283901624999999,0.0,0.5839119246554335,56,fixed_k3
00_Optimized_Structure,a,0.0,0.038797770000000065,0.03283901624999999,0.0,0.6768822420981243,56,fixed_k3
00_Optimized_Structure,a,0.0,0.04267639400000006,0.03283901624999999,0.0,0.7836169223017555,56,fixed_k3
00_Optimized_Structure,a,0.0,0.04655501800000006,0.03283901624999999,0.0,0.908360226333221,56,fixed_k3
00_Optimized_Structure,a,0.0,0.050433642000000056,0.03283901624999999,0.0,1.056375607182623,56,fixed_k3
00_Optimized_Structure,a,0.0,0.05431226600000005,0.03283901624999999,0.0,1.2343798852638628,56,fixed_k3
00_Optimized_Structure,a,0.0,0.05819089000000005,0.03283901624999999,0.0,1.4510922625748686,56,fixed_k3
00_Optimized_Structure,a,0.0,0.06206951400000005,0.03283901624999999,0.0,1.7176333242126642,56,fixed_k3
00_Optimized_Structure,a,0.0,0.06594813800000005,0.03283901624999999,0.0,2.0469578092510745,56,fixed_k3
00_Optimized_Structure,a,0.0,0.06982676200000004,0.03283901624999999,0.0,2.450211578990135,56,fixed_k3
00_Optimized_Structure,a,0.0,0.07370538600000004,0.03283901624999999,0.0,2.925290404320291,56,fixed_k3
00_Optimized_Structure,a,0.0,0.07758401000000004,0.03283901624999999,0.0,3.429145799927026,56,fixed_k3
00_Optimized_Structure,a,0.0,0.08146263400000003,0.03283901624999999,0.0,3.8263859529613957,56,fixed_k3
00_Optimized_Structure,a,0.0,0.08534125800000003,0.03283901624999999,0.0,3.8386465435493236,56,fixed_k3
00_Optimized_Structure,a,0.0,0.08921988200000003,0.03283901624999999,0.0,3.1378427554792765,56,fixed_k3
00_Optimized_Structure,a,0.0,0.09309850600000003,0.03283901624999999,0.0,1.8634959947798446,56,fixed_k3
00_Optimized_Structure,a,0.0,0.09697713000000002,0.03283901624999999,0.0,1.2947742933559168,56,fixed_k3
00_Optimized_Structure,a,0.0,0.10085575400000002,0.03283901624999999,0.0,2.8798014057761963,56,fixed_k3
00_Optimized_Structure,a,0.0,0.10473437800000002,0.03283901624999999,0.0,5.729759550652935,56,fixed_k3
00_Optimized_Structure,a,0.0,0.10861300200000001,0.03283901624999999,0.0,7.273951640503438,56,fixed_k3
00_Optimized_Structure,a,0.0,0.11249162600000001,0.03283901624999999,0.0,5.98994663610556,56,fixed_k3
00_Optimized_Structure,a,0.0,0.11637025000000001,0.03283901624999999,0.0,0.9002461764020029,56,fixed_k3
00_Optimized_Structure,a,0.0,0.120248874,0.03283901624999999,0.0,-12.806799201687486,56,fixed_k3
00_Optimized_Structure,a,0.0,0.124127498,0.03283901624999999,0.0,-67.87231590048773,56,fixed_k3
00_Optimized_Structure,a,0.0,0.128006122,0.03283901624999999,0.0,-735.7909191947057,56,fixed_k3
00_Optimized_Structure,a,0.0,0.131884746,0.03283901624999999,0.0,-2298.130608377308,56,fixed_k3
00_Optimized_Structure,a,0.0,0.13576337,0.03283901624999999,0.0,-82.89609886228263,56,fixed_k3
00_Optimized_Structure,a,0.0,0.139641994,0.03283901624999999,0.0,-10.84126056999711,56,fixed_k3
00_Optimized_Structure,a,0.0,0.143520618,0.03283901624999999,0.0,-0.320642759185112,56,fixed_k3
00_Optimized_Structure,a,0.0,0.14739924199999999,0.03283901624999999,0.0,2.3285544764416364,56,fixed_k3
00_Optimized_Structure,a,0.0,0.15127786599999998,0.03283901624999999,0.0,3.1388178279394916,56,fixed_k3
00_Optimized_Structure,a,0.0,0.15515649,0.03283901624999999,0.0,3.3647254039127485,56,fixed_k3
00_Optimized_Structure,a,0.0,-0.1551334299999998,0.03612565437500001,0.0,3.250331583446518,56,fixed_k3
00_Optimized_Structure,a,0.0,-0.1512548059999998,0.03612565437500001,0.0,3.095414400278003,56,fixed_k3
00_Optimized_Structure,a,0.0,-0.1473761819999998,0.03612565437500001,0.0,2.296178458108507,56,fixed_k3
00_Optimized_Structure,a,0.0,-0.1434975579999998,0.03612565437500001,0.0,-0.47051774283400005,56,fixed_k3
00_Optimized_Structure,a,0.0,-0.1396189339999998,0.03612565437500001,0.0,-11.163349434400885,56,fixed_k3
00_Optimized_Structure,a,0.0,-0.1357403099999998,0.03612565437500001,0.0,-78.21654602849928,56,fixed_k3
00_Optimized_Structure,a,0.0,-0.1318616859999998,0.03612565437500001,0.0,-2005.6028766679801,56,fixed_k3
00_Optimized_Structure,a,0.0,-0.12798306199999981,0.03612565437500001,0.0,-1214.6134015172938,56,fixed_k3
00_Optimized_Structure,a,0.0,-0.12410443799999982,0.03612565437500001,0.0,-95.92065827573387,56,fixed_k3
00_Optimized_Structure,a,0.0,-0.12022581399999982,0.03612565437500001,0.0,-27.129841544907343,56,fixed_k3
00_Optimized_Structure,a,0.0,-0.11634718999999982,0.03612565437500001,0.0,-11.92902042915906,56,fixed_k3
00_Optimized_Structure,a,0.0,-0.11246856599999983,0.03612565437500001,0.0,-5.462815777623863,56,fixed_k3
00_Optimized_Structure,a,0.0,-0.10858994199999983,0.03612565437500001,0.0,-0.08738989633570104,56,fixed_k3
00_Optimized_Structure,a,0.0,-0.10471131799999983,0.03612565437500001,0.0,5.857475958346696,56,fixed_k3
00_Optimized_Structure,a,0.0,-0.10083269399999983,0.03612565437500001,0.0,10.711879533171084,56,fixed_k3
00_Optimized_Structure,a,0.0,-0.09695406999999984,0.03612565437500001,0.0,11.577738151333769,56,fixed_k3
00_Optimized_Structure,a,0.0,-0.09307544599999984,0.03612565437500001,0.0,8.436098550139231,56,fixed_k3
00_Optimized_Structure,a,0.0,-0.08919682199999984,0.03612565437500001,0.0,4.216451508693932,56,fixed_k3
00_Optimized_Structure,a,0.0,-0.08531819799999985,0.03612565437500001,0.0,1.13508722334999,56,fixed_k3
00_Optimized_Structure,a,0.0,-0.08143957399999985,0.03612565437500001,0.0,-0.46503225322577457,56,fixed_k3
00_Optimized_Structure,a,0.0,-0.07756094999999985,0.03612565437500001,0.0,-1.0601275053131138,56,fixed_k3
00_Optimized_Structure,a,0.0,-0.07368232599999985,0.03612565437500001,0.0,-1.1368340666866301,56,fixed_k3
00_Optimized_Structure,a,0.0,-0.06980370199999986,0.03612565437500001,0.0,-0.9955647418051292,56,fixed_k3
00_Optimized_Structure,a,0.0,-0.06592507799999986,0.03612565437500001,0.0,-0.788619531206799,56,fixed_k3
00_Optimized_Structure,a,0.0,-0.06204645399999986,0.03612565437500001,0.0,-0.5844693356682136,56,fixed_k3
00_Optimized_Structure,a,0.0,-0.058167829999999865,0.03612565437500001,0.0,-0.41011114981946406,56,fixed_k3
00_Optimized_Structure,a,0.0,-0.05428920599999987,0.03612565437500001,0.0,-0.2734038355275742,56,fixed_k3
00_Optimized_Structure,a,0.0,-0.05041058199999987,0.03612565437500001,0.0,-0.17378802617834754,56,fixed_k3
00_Optimized_Structure,a,0.0,-0.04653195799999987,0.03612565437500001,0.0,-0.10717814954034777,56,fixed_k3
00_Optimized_Structure,a,0.0,-0.042653333999999876,0.03612565437500001,0.0,-0.06812053010099295,56,fixed_k3
00_Optimized_Structure,a,0.0,-0.03877470999999988,0.03612565437500001,0.0,-0.050726491694179865,56,fixed_k3
00_Optimized_Structure,a,0.0,-0.03489608599999988,0.03612565437500001,0.0,-0.04908799489327054,56,fixed_k3
00_Optimized_Structure,a,0.0,-0.031017461999999885,0.03612565437500001,0.0,-0.05749967358697927,56,fixed_k3
00_Optimized_Structure,a,0.0,-0.027138837999999887,0.03612565437500001,0.0,-0.07062900705766628,56,fixed_k3
00_Optimized_Structure,a,0.0,-0.02326021399999989,0.03612565437500001,0.0,-0.08368736502061103,56,fixed_k3
00_Optimized_Structure,a,0.0,-0.019381589999999893,0.03612565437500001,0.0,-0.09260840378987156,56,fixed_k3
00_Optimized_Structure,a,0.0,-0.015502965999999896,0.03612565437500001,0.0,-0.09421502152315575,56,fixed_k3
00_Optimized_Structure,a,0.0,-0.011624341999999899,0.03612565437500001,0.0,-0.08634368210202814,56,fixed_k3
00_Optimized_Structure,a,0.0,-0.0077457179999999015,0.03612565437500001,0.0,-0.06789321293155881,56,fixed_k3
00_Optimized_Structure,a,0.0,-0.0038670939999999043,0.03612565437500001,0.0,-0.038773570495218124,56,fixed_k3
00_Optimized_Structure,a,0.0,1.1530000000092855e-05,0.03612565437500001,0.0,0.000253115912721924,56,fixed_k3
00_Optimized_Structure,a,0.0,0.00389015400000009,0.03612565437500001,0.0,0.047825596917811186,56,fixed_k3
00_Optimized_Structure,a,0.0,0.007768778000000087,0.03612565437500001,0.0,0.10229704585486754,56,fixed_k3
00_Optimized_Structure,a,0.0,0.011647402000000084,0.03612565437500001,0.0,0.16206284392164116,56,fixed_k3
00_Optimized_Structure,a,0.0,0.015526026000000082,0.03612565437500001,0.0,0.2258549844391059,56,fixed_k3
00_Optimized_Structure,a,0.0,0.01940465000000008,0.03612565437500001,0.0,0.2929656485713972,56,fixed_k3
00_Optimized_Structure,a,0.0,0.023283274000000076,0.03612565437500001,0.0,0.3633809001663829,56,fixed_k3
00_Optimized_Structure,a,0.0,0.027161898000000073,0.03612565437500001,0.0,0.4378267087125378,56,fixed_k3
00_Optimized_Structure,a,0.0,0.03104052200000007,0.03612565437500001,0.0,0.5177485344253143,56,fixed_k3
00_Optimized_Structure,a,0.0,0.03491914600000007,0.03612565437500001,0.0,0.6052594355377664,56,fixed_k3
00_Optimized_Structure,a,0.0,0.038797770000000065,0.03612565437500001,0.0,0.7030996131216429,56,fixed_k3
00_Optimized_Structure,a,0.0,0.04267639400000006,0.03612565437500001,0.0,0.8146538267694682,56,fixed_k3
00_Optimized_Structure,a,0.0,0.04655501800000006,0.03612565437500001,0.0,0.944073422475592,56,fixed_k3
00_Optimized_Structure,a,0.0,0.050433642000000056,0.03612565437500001,0.0,1.0965446986845069,56,fixed_k3
00_Optimized_Structure,a,0.0,0.05431226600000005,0.03612565437500001,0.0,1.278723438381699,56,fixed_k3
00_Optimized_Structure,a,0.0,0.05819089000000005,0.03612565437500001,0.0,1.499282483919484,56,fixed_k3
00_Optimized_Structure,a,0.0,0.06206951400000005,0.03612565437500001,0.0,1.7693097260786173,56,fixed_k3
00_Optimized_Structure,a,0.0,0.06594813800000005,0.03612565437500001,0.0,2.101754740984049,56,fixed_k3
00_Optimized_Structure,a,0.0,0.06982676200000004,0.03612565437500001,0.0,2.5078748508822786,56,fixed_k3
00_Optimized_Structure,a,0.0,0.07370538600000004,0.03612565437500001,0.0,2.986154838299538,56,fixed_k3
00_Optimized_Structure,a,0.0,0.07758401000000004,0.03612565437500001,0.0,3.495732406769889,56,fixed_k3
00_Optimized_Structure,a,0.0,0.08146263400000003,0.03612565437500001,0.0,3.907498480584728,56,fixed_k3
00_Optimized_Structure,a,0.0,0.08534125800000003,0.03612565437500001,0.0,3.955570492600712,56,fixed_k3
00_Optimized_Structure,a,0.0,0.08921988200000003,0.03612565437500001,0.0,3.319181711289672,56,fixed_k3
00_Optimized_Structure,a,0.0,0.09309850600000003,0.03612565437500001,0.0,2.0921132884562423,56,fixed_k3
00_Optimized_Structure,a,0.0,0.09697713000000002,0.03612565437500001,0.0,1.4335367606296163,56,fixed_k3
00_Optimized_Structure,a,0.0,0.10085575400000002,0.03612565437500001,0.0,2.795626647070967,56,fixed_k3
00_Optimized_Structure,a,0.0,0.10473437800000002,0.03612565437500001,0.0,5.531346864305298,56,fixed_k3
00_Optimized_Structure,a,0.0,0.10861300200000001,0.03612565437500001,0.0,7.113077067743937,56,fixed_k3
00_Optimized_Structure,a,0.0,0.11249162600000001,0.03612565437500001,0.0,5.68503419177128,56,fixed_k3
00_Optimized_Structure,a,0.0,0.11637025000000001,0.03612565437500001,0.0,-0.33903061572613813,56,fixed_k3
00_Optimized_Structure,a,0.0,0.120248874,0.03612565437500001,0.0,-17.85823298529304,56,fixed_k3
00_Optimized_Structure,a,0.0,0.124127498,0.03612565437500001,0.0,-96.82752453159847,56,fixed_k3
00_Optimized_Structure,a,0.0,0.128006122,0.03612565437500001,0.0,-1472.876723540169,56,fixed_k3
00_Optimized_Structure,a,0.0,0.131884746,0.03612565437500001,0.0,-2011.1903425378525,56,fixed_k3
00_Optimized_Structure,a,0.0,0.13576337,0.03612565437500001,0.0,-75.52215839580292,56,fixed_k3
00_Optimized_Structure,a,0.0,0.139641994,0.03612565437500001,0.0,-10.132496378227728,56,fixed_k3
00_Optimized_Structure,a,0.0,0.143520618,0.03612565437500001,0.0,0.015106379042594487,56,fixed_k3
00_Optimized_Structure,a,0.0,0.14739924199999999,0.03612565437500001,0.0,2.6193196277361976,56,fixed_k3
00_Optimized_Structure,a,0.0,0.15127786599999998,0.03612565437500001,0.0,3.4086175689691816,56,fixed_k3
00_Optimized_Structure,a,0.0,0.15515649,0.03612565437500001,0.0,3.615103912833888,56,fixed_k3
00_Optimized_Structure,a,0.0,-0.1551334299999998,0.0394122925,0.0,3.6612124212100814,56,fixed_k3
00_Optimized_Structure,a,0.0,-0.1512548059999998,0.0394122925,0.0,3.5469884481644227,56,fixed_k3
00_Optimized_Structure,a,0.0,-0.1473761819999998,0.0394122925,0.0,2.8015945206991706,56,fixed_k3
00_Optimized_Structure,a,0.0,-0.1434975579999998,0.0394122925,0.0,0.15432884688120146,56,fixed_k3
00_Optimized_Structure,a,0.0,-0.1396189339999998,0.0394122925,0.0,-9.91386613076839,56,fixed_k3
00_Optimized_Structure,a,0.0,-0.1357403099999998,0.0394122925,0.0,-69.13804970436173,56,fixed_k3
00_Optimized_Structure,a,0.0,-0.1318616859999998,0.0394122925,0.0,-1535.4082977527335,56,fixed_k3
00_Optimized_Structure,a,0.0,-0.12798306199999981,0.0394122925,0.0,-2774.1696150006533,56,fixed_k3
00_Optimized_Structure,a,0.0,-0.12410443799999982,0.0394122925,0.0,-135.65041258028344,56,fixed_k3
00_Optimized_Structure,a,0.0,-0.12022581399999982,0.0394122925,0.0,-33.76188761247481,56,fixed_k3
00_Optimized_Structure,a,0.0,-0.11634718999999982,0.0394122925,0.0,-13.323536776323916,56,fixed_k3
00_Optimized_Structure,a,0.0,-0.11246856599999983,0.0394122925,0.0,-5.060424839825034,56,fixed_k3
00_Optimized_Structure,a,0.0,-0.10858994199999983,0.0394122925,0.0,1.2270509953542001,56,fixed_k3
00_Optimized_Structure,a,0.0,-0.10471131799999983,0.0394122925,0.0,7.468671527727234,56,fixed_k3
00_Optimized_Structure,a,0.0,-0.10083269399999983,0.0394122925,0.0,11.967546755020832,56,fixed_k3
00_Optimized_Structure,a,0.0,-0.09695406999999984,0.0394122925,0.0,12.21192563146142,56,fixed_k3
00_Optimized_Structure,a,0.0,-0.09307544599999984,0.0394122925,0.0,8.693605164540273,56,fixed_k3
00_Optimized_Structure,a,0.0,-0.08919682199999984,0.0394122925,0.0,4.375166240711491,56,fixed_k3
00_Optimized_Structure,a,0.0,-0.08531819799999985,0.0394122925,0.0,1.2804944675668088,56,fixed_k3
00_Optimized_Structure,a,0.0,-0.08143957399999985,0.0394122925,0.0,-0.3369018289755583,56,fixed_k3
00_Optimized_Structure,a,0.0,-0.07756094999999985,0.0394122925,0.0,-0.9576125265298199,56,fixed_k3
00_Optimized_Structure,a,0.0,-0.07368232599999985,0.0394122925,0.0,-1.0582377179498041,56,fixed_k3
00_Optimized_Structure,a,0.0,-0.06980370199999986,0.0394122925,0.0,-0.9349305384980766,56,fixed_k3
00_Optimized_Structure,a,0.0,-0.06592507799999986,0.0394122925,0.0,-0.7402525102080515,56,fixed_k3
00_Optimized_Structure,a,0.0,-0.06204645399999986,0.0394122925,0.0,-0.5443338228267376,56,fixed_k3
00_Optimized_Structure,a,0.0,-0.058167829999999865,0.0394122925,0.0,-0.3757598380269772,56,fixed_k3
00_Optimized_Structure,a,0.0,-0.05428920599999987,0.0394122925,0.0,-0.24352200530382995,56,fixed_k3
00_Optimized_Structure,a,0.0,-0.05041058199999987,0.0394122925,0.0,-0.1477612489390001,56,fixed_k3
00_Optimized_Structure,a,0.0,-0.04653195799999987,0.0394122925,0.0,-0.08477880556938344,56,fixed_k3
00_Optimized_Structure,a,0.0,-0.042653333999999876,0.0394122925,0.0,-0.04930444212390395,56,fixed_k3
00_Optimized_Structure,a,0.0,-0.03877470999999988,0.0394122925,0.0,-0.03550889826699921,56,fixed_k3
00_Optimized_Structure,a,0.0,-0.03489608599999988,0.0394122925,0.0,-0.03747112879557912,56,fixed_k3
00_Optimized_Structure,a,0.0,-0.031017461999999885,0.0394122925,0.0,-0.04943211844605633,56,fixed_k3
00_Optimized_Structure,a,0.0,-0.027138837999999887,0.0394122925,0.0,-0.06598393955411275,56,fixed_k3
00_Optimized_Structure,a,0.0,-0.02326021399999989,0.0394122925,0.0,-0.08225175273416019,56,fixed_k3
00_Optimized_Structure,a,0.0,-0.019381589999999893,0.0394122925,0.0,-0.09407856019472538,56,fixed_k3
00_Optimized_Structure,a,0.0,-0.015502965999999896,0.0394122925,0.0,-0.09819615029349738,56,fixed_k3
00_Optimized_Structure,a,0.0,-0.011624341999999899,0.0394122925,0.0,-0.09235256709902706,56,fixed_k3
00_Optimized_Structure,a,0.0,-0.0077457179999999015,0.0394122925,0.0,-0.07536422828172706,56,fixed_k3
00_Optimized_Structure,a,0.0,-0.0038670939999999043,0.0394122925,0.0,-0.047068739604509746,56,fixed_k3
00_Optimized_Structure,a,0.0,1.1530000000092855e-05,0.0394122925,0.0,-0.008170774812260584,56,fixed_k3
00_Optimized_Structure,a,0.0,0.00389015400000009,0.0394122925,0.0,0.0400057971667942,56,fixed_k3
00_Optimized_Structure,a,0.0,0.007768778000000087,0.0394122925,0.0,0.09582677246832572,56,fixed_k3
00_Optimized_Structure,a,0.0,0.011647402000000084,0.0394122925,0.0,0.15767221444898527,56,fixed_k3
00_Optimized_Structure,a,0.0,0.015526026000000082,0.0394122925,0.0,0.22423002460617303,56,fixed_k3
00_Optimized_Structure,a,0.0,0.01940465000000008,0.0394122925,0.0,0.2947214539209513,56,fixed_k3
00_Optimized_Structure,a,0.0,0.023283274000000076,0.0394122925,0.0,0.3690393526587481,56,fixed_k3
00_Optimized_Structure,a,0.0,0.027161898000000073,0.0394122925,0.0,0.4478006966589261,56,fixed_k3
00_Optimized_Structure,a,0.0,0.03104052200000007,0.0394122925,0.0,0.5323336293797116,56,fixed_k3
00_Optimized_Structure,a,0.0,0.03491914600000007,0.0394122925,0.0,0.6246329160116784,56,fixed_k3
00_Optimized_Structure,a,0.0,0.038797770000000065,0.0394122925,0.0,0.7273258006662445,56,fixed_k3
00_Optimized_Structure,a,0.0,0.04267639400000006,0.0394122925,0.0,0.8436939971320269,56,fixed_k3
00_Optimized_Structure,a,0.0,0.04655501800000006,0.0394122925,0.0,0.9777979814238784,56,fixed_k3
00_Optimized_Structure,a,0.0,0.050433642000000056,0.0394122925,0.0,1.134744583756165,56,fixed_k3
00_Optimized_Structure,a,0.0,0.05431226600000005,0.0394122925,0.0,1.3211164012917174,56,fixed_k3
00_Optimized_Structure,a,0.0,0.05819089000000005,0.0394122925,0.0,1.545507860825445,56,fixed_k3
00_Optimized_Structure,a,0.0,0.06206951400000005,0.0394122925,0.0,1.818904336971651,56,fixed_k3
00_Optimized_Structure,a,0.0,0.06594813800000005,0.0394122925,0.0,2.154112451377078,56,fixed_k3
00_Optimized_Structure,a,0.0,0.06982676200000004,0.0394122925,0.0,2.5622478132845767,56,fixed_k3
00_Optimized_Structure,a,0.0,0.07370538600000004,0.0394122925,0.0,3.0419505535249742,56,fixed_k3
00_Optimized_Structure,a,0.0,0.07758401000000004,0.0394122925,0.0,3.553865120171257,56,fixed_k3
00_Optimized_Structure,a,0.0,0.08146263400000003,0.0394122925,0.0,3.9742508291572656,56,fixed_k3
00_Optimized_Structure,a,0.0,0.08534125800000003,0.0394122925,0.0,4.048931191623966,56,fixed_k3
00_Optimized_Structure,a,0.0,0.08921988200000003,0.0394122925,0.0,3.4653925313905196,56,fixed_k3
00_Optimized_Structure,a,0.0,0.09309850600000003,0.0394122925,0.0,2.2770076546669715,56,fixed_k3
00_Optimized_Structure,a,0.0,0.09697713000000002,0.0394122925,0.0,1.5270825620872788,56,fixed_k3
00_Optimized_Structure,a,0.0,0.10085575400000002,0.0394122925,0.0,2.6593234161975783,56,fixed_k3
00_Optimized_Structure,a,0.0,0.10473437800000002,0.0394122925,0.0,5.267086358508946,56,fixed_k3
00_Optimized_Structure,a,0.0,0.10861300200000001,0.0394122925,0.0,6.886867088894546,56,fixed_k3
00_Optimized_Structure,a,0.0,0.11249162600000001,0.0394122925,0.0,5.289006551731334,56,fixed_k3
00_Optimized_Structure,a,0.0,0.11637025000000001,0.0394122925,0.0,-1.9005189214611322,56,fixed_k3
00_Optimized_Structure,a,0.0,0.120248874,0.0394122925,0.0,-24.549481325098597,56,fixed_k3
00_Optimized_Structure,a,0.0,0.124127498,0.0394122925,0.0,-140.83603598188824,56,fixed_k3
00_Optimized_Structure,a,0.0,0.128006122,0.0394122925,0.0,-3557.078549148422,56,fixed_k3
00_Optimized_Structure,a,0.0,0.131884746,0.0394122925,0.0,-1508.1109777674274,56,fixed_k3
00_Optimized_Structure,a,0.0,0.13576337,0.0394122925,0.0,-67.01474262021286,56,fixed_k3
00_Optimized_Structure,a,0.0,0.139641994,0.0394122925,0.0,-9.149858253965924,56,fixed_k3
00_Optimized_Structure,a,0.0,0.143520618,0.0394122925,0.0,0.4341391605366375,56,fixed_k3
00_Optimized_Structure,a,0.0,0.14739924199999999,0.0394122925,0.0,2.9377728501167213,56,fixed_k3
00_Optimized_Structure,a,0.0,0.15127786599999998,0.0394122925,0.0,3.6854106108413163,56,fixed_k3
00_Optimized_Structure,a,0.0,0.15515649,0.0394122925,0.0,3.8635823299026155,56,fixed_k3
00_Optimized_Structure,a,0.0,-0.1551334299999998,0.04269893062499999,0.0,4.075171727632911,56,fixed_k3
00_Optimized_Structure,a,0.0,-0.1512548059999998,0.04269893062499999,0.0,4.011253124629801,56,fixed_k3
00_Optimized_Structure,a,0.0,-0.1473761819999998,0.04269893062499999,0.0,3.3392984162952812,56,fixed_k3
00_Optimized_Structure,a,0.0,-0.1434975579999998,0.04269893062499999,0.0,0.857044025203908,56,fixed_k3
00_Optimized_Structure,a,0.0,-0.1396189339999998,0.04269893062499999,0.0,-8.463212781585781,56,fixed_k3
00_Optimized_Structure,a,0.0,-0.1357403099999998,0.04269893062499999,0.0,-59.780553674212136,56,fixed_k3
00_Optimized_Structure,a,0.0,-0.1318616859999998,0.04269893062499999,0.0,-1067.6360915263028,56,fixed_k3
00_Optimized_Structure,a,0.0,-0.12798306199999981,0.04269893062499999,0.0,-8345.738156424119,56,fixed_k3
00_Optimized_Structure,a,0.0,-0.12410443799999982,0.04269893062499999,0.0,-196.39335770530977,56,fixed_k3
00_Optimized_Structure,a,0.0,-0.12022581399999982,0.04269893062499999,0.0,-42.21552514405725,56,fixed_k3
00_Optimized_Structure,a,0.0,-0.11634718999999982,0.04269893062499999,0.0,-14.808463235411987,56,fixed_k3
00_Optimized_Structure,a,0.0,-0.11246856599999983,0.04269893062499999,0.0,-4.402451367399944,56,fixed_k3
00_Optimized_Structure,a,0.0,-0.10858994199999983,0.04269893062499999,0.0,2.824996630298386,56,fixed_k3
00_Optimized_Structure,a,0.0,-0.10471131799999983,0.04269893062499999,0.0,9.231644599209497,56,fixed_k3
00_Optimized_Structure,a,0.0,-0.10083269399999983,0.04269893062499999,0.0,13.208943483140954,56,fixed_k3
00_Optimized_Structure,a,0.0,-0.09695406999999984,0.04269893062499999,0.0,12.75777128232523,56,fixed_k3
00_Optimized_Structure,a,0.0,-0.09307544599999984,0.04269893062499999,0.0,8.873367050787389,56,fixed_k3
00_Optimized_Structure,a,0.0,-0.08919682199999984,0.04269893062499999,0.0,4.485673677079536,56,fixed_k3
00_Optimized_Structure,a,0.0,-0.08531819799999985,0.04269893062499999,0.0,1.3995975376198313,56,fixed_k3
00_Optimized_Structure,a,0.0,-0.08143957399999985,0.04269893062499999,0.0,-0.22242283890828807,56,fixed_k3
00_Optimized_Structure,a,0.0,-0.07756094999999985,0.04269893062499999,0.0,-0.862373456359079,56,fixed_k3
00_Optimized_Structure,a,0.0,-0.07368232599999985,0.04269893062499999,0.0,-0.9840788437540646,56,fixed_k3
00_Optimized_Structure,a,0.0,-0.06980370199999986,0.04269893062499999,0.0,-0.8776362028778508,56,fixed_k3
00_Optimized_Structure,a,0.0,-0.06592507799999986,0.04269893062499999,0.0,-0.694885939683568,56,fixed_k3
00_Optimized_Structure,a,0.0,-0.06204645399999986,0.04269893062499999,0.0,-0.507143040069737,56,fixed_k3
00_Optimized_Structure,a,0.0,-0.058167829999999865,0.04269893062499999,0.0,-0.34437368822250924,56,fixed_k3
00_Optimized_Structure,a,0.0,-0.05428920599999987,0.04269893062499999,0.0,-0.21662067467111368,56,fixed_k3
00_Optimized_Structure,a,0.0,-0.05041058199999987,0.04269893062499999,0.0,-0.12469945362488177,56,fixed_k3
00_Optimized_Structure,a,0.0,-0.04653195799999987,0.04269893062499999,0.0,-0.06529499998023836,56,fixed_k3
00_Optimized_Structure,a,0.0,-0.042653333999999876,0.04269893062499999,0.0,-0.033325804654624536,56,fixed_k3
00_Optimized_Structure,a,0.0,-0.03877470999999988,0.04269893062499999,0.0,-0.02302971961180922,56,fixed_k3
00_Optimized_Structure,a,0.0,-0.03489608599999988,0.04269893062499999,0.0,-0.02848051501689941,56,fixed_k3
00_Optimized_Structure,a,0.0,-0.031017461999999885,0.04269893062499999,0.0,-0.043872681736564556,56,fixed_k3
00_Optimized_Structure,a,0.0,-0.027138837999999887,0.04269893062499999,0.0,-0.06372914534817908,56,fixed_k3
00_Optimized_Structure,a,0.0,-0.02326021399999989,0.04269893062499999,0.0,-0.08309416292705918,56,fixed_k3
00_Optimized_Structure,a,0.0,-0.019381589999999893,0.04269893062499999,0.0,-0.09772439884203665,56,fixed_k3
00_Optimized_Structure,a,0.0,-0.015502965999999896,0.04269893062499999,0.0,-0.1042638161827838,56,fixed_k3
00_Optimized_Structure,a,0.0,-0.011624341999999899,0.04269893062499999,0.0,-0.10037425837928615,56,fixed_k3
00_Optimized_Structure,a,0.0,-0.0077457179999999015,0.04269893062499999,0.0,-0.08479089437874299,56,fixed_k3
00_Optimized_Structure,a,0.0,-0.0038670939999999043,0.04269893062499999,0.0,-0.05727915638708714,56,fixed_k3
00_Optimized_Structure,a,0.0,1.1530000000092855e-05,0.04269893062499999,0.0,-0.018485604449071324,56,fixed_k3
00_Optimized_Structure,a,0.0,0.00389015400000009,0.04269893062499999,0.0,0.030304561110584327,56,fixed_k3
00_Optimized_Structure,a,0.0,0.007768778000000087,0.04269893062499999,0.0,0.08747145392202871,56,fixed_k3
00_Optimized_Structure,a,0.0,0.011647402000000084,0.04269893062499999,0.0,0.15138172799407612,56,fixed_k3
00_Optimized_Structure,a,0.0,0.015526026000000082,0.04269893062499999,0.0,0.2206811979084442,56,fixed_k3
00_Optimized_Structure,a,0.0,0.01940465000000008,0.04269893062499999,0.0,0.29452227068643877,56,fixed_k3
00_Optimized_Structure,a,0.0,0.023283274000000076,0.04269893062499999,0.0,0.372706838254413,56,fixed_k3
00_Optimized_Structure,a,0.0,0.027161898000000073,0.04269893062499999,0.0,0.45574546848654496,56,fixed_k3
00_Optimized_Structure,a,0.0,0.03104052200000007,0.04269893062499999,0.0,0.5448520800540827,56,fixed_k3
00_Optimized_Structure,a,0.0,0.03491914600000007,0.04269893062499999,0.0,0.6419068408602379,56,fixed_k3
00_Optimized_Structure,a,0.0,0.038797770000000065,0.04269893062499999,0.0,0.7494282168179245,56,fixed_k3
00_Optimized_Structure,a,0.0,0.04267639400000006,0.04269893062499999,0.0,0.8705989780463306,56,fixed_k3
00_Optimized_Structure,a,0.0,0.04655501800000006,0.04269893062499999,0.0,1.009391389376308,56,fixed_k3
00_Optimized_Structure,a,0.0,0.050433642000000056,0.04269893062499999,0.0,1.1708312193000587,56,fixed_k3
00_Optimized_Structure,a,0.0,0.05431226600000005,0.04269893062499999,0.0,1.3614166850832463,56,fixed_k3
00_Optimized_Structure,a,0.0,0.05819089000000005,0.04269893062499999,0.0,1.5896332771943846,56,fixed_k3
00_Optimized_Structure,a,0.0,0.06206951400000005,0.04269893062499999,0.0,1.8662970276516004,56,fixed_k3
00_Optimized_Structure,a,0.0,0.06594813800000005,0.04269893062499999,0.0,2.2039403286762855,56,fixed_k3
00_Optimized_Structure,a,0.0,0.06982676200000004,0.04269893062499999,0.0,2.613298247490924,56,fixed_k3
00_Optimized_Structure,a,0.0,0.07370538600000004,0.04269893062499999,0.0,3.0927621100704537,56,fixed_k3
00_Optimized_Structure,a,0.0,0.07758401000000004,0.04269893062499999,0.0,3.603855616491197,56,fixed_k3
00_Optimized_Structure,a,0.0,0.08146263400000003,0.04269893062499999,0.0,4.02735775463866,56,fixed_k3
00_Optimized_Structure,a,0.0,0.08534125800000003,0.04269893062499999,0.0,4.12004577905485,56,fixed_k3
00_Optimized_Structure,a,0.0,0.08921988200000003,0.04269893062499999,0.0,3.578508283791681,56,fixed_k3
00_Optimized_Structure,a,0.0,0.09309850600000003,0.04269893062499999,0.0,2.4211490706974494,56,fixed_k3
00_Optimized_Structure,a,0.0,0.09697713000000002,0.04269893062499999,0.0,1.5806090932548778,56,fixed_k3
00_Optimized_Structure,a,0.0,0.10085575400000002,0.04269893062499999,0.0,2.478996122715908,56,fixed_k3
00_Optimized_Structure,a,0.0,0.10473437800000002,0.04269893062499999,0.0,4.944191846585641,56,fixed_k3
00_Optimized_Structure,a,0.0,0.10861300200000001,0.04269893062499999,0.0,6.6012997323377105,56,fixed_k3
00_Optimized_Structure,a,0.0,0.11249162600000001,0.04269893062499999,0.0,4.805947741881546,56,fixed_k3
00_Optimized_Structure,a,0.0,0.11637025000000001,0.04269893062499999,0.0,-3.8297949408856633,56,fixed_k3
00_Optimized_Structure,a,0.0,0.120248874,0.04269893062499999,0.0,-33.38689155080225,56,fixed_k3
00_Optimized_Structure,a,0.0,0.124127498,0.04269893062499999,0.0,-209.03299202549263,56,fixed_k3
00_Optimized_Structure,a,0.0,0.128006122,0.04269893062499999,0.0,-11609.329995367487,56,fixed_k3
00_Optimized_Structure,a,0.0,0.131884746,0.04269893062499999,0.0,-1036.0492016957685,56,fixed_k3
00_Optimized_Structure,a,0.0,0.13576337,0.04269893062499999,0.0,-58.09073007874347,56,fixed_k3
00_Optimized_Structure,a,0.0,0.139641994,0.04269893062499999,0.0,-7.949445644563711,56,fixed_k3
00_Optimized_Structure,a,0.0,0.143520618,0.04269893062499999,0.0,0.9279258404129526,56,fixed_k3
00_Optimized_Structure,a,0.0,0.14739924199999999,0.04269893062499999,0.0,3.282301324534131,56,fixed_k3
00_Optimized_Structure,a,0.0,0.15127786599999998,0.04269893062499999,0.0,3.9690056693776703,56,fixed_k3
00_Optimized_Structure,a,0.0,0.15515649,0.04269893062499999,0.0,4.110342233178257,56,fixed_k3
00_Optimized_Structure,a,0.0,-0.1551334299999998,0.04598556875000001,0.0,4.489807405040805,56,fixed_k3
00_Optimized_Structure,a,0.0,-0.1512548059999998,0.04598556875000001,0.0,4.485309524351672,56,fixed_k3
00_Optimized_Structure,a,0.0,-0.1473761819999998,0.04598556875000001,0.0,3.9048326198725487,56,fixed_k3
00_Optimized_Structure,a,0.0,-0.1434975579999998,0.04598556875000001,0.0,1.6263815869117124,56,fixed_k3
00_Optimized_Structure,a,0.0,-0.1396189339999998,0.04598556875000001,0.0,-6.864001649606098,56,fixed_k3
00_Optimized_Structure,a,0.0,-0.1357403099999998,0.04598556875000001,0.0,-50.648088575611816,56,fixed_k3
00_Optimized_Structure,a,0.0,-0.1318616859999998,0.04598556875000001,0.0,-714.4113311763823,56,fixed_k3
00_Optimized_Structure,a,0.0,-0.12798306199999981,0.04598556875000001,0.0,-38168.20911729323,56,fixed_k3
00_Optimized_Structure,a,0.0,-0.12410443799999982,0.04598556875000001,0.0,-290.3119319620038,56,fixed_k3
00_Optimized_Structure,a,0.0,-0.12022581399999982,0.04598556875000001,0.0,-52.837385245492726,56,fixed_k3
00_Optimized_Structure,a,0.0,-0.11634718999999982,0.04598556875000001,0.0,-16.262669569549377,56,fixed_k3
00_Optimized_Structure,a,0.0,-0.11246856599999983,0.04598556875000001,0.0,-3.367443301608592,56,fixed_k3
00_Optimized_Structure,a,0.0,-0.10858994199999983,0.04598556875000001,0.0,4.763255246339039,56,fixed_k3
00_Optimized_Structure,a,0.0,-0.10471131799999983,0.04598556875000001,0.0,11.13946111702372,56,fixed_k3
00_Optimized_Structure,a,0.0,-0.10083269399999983,0.04598556875000001,0.0,14.407993000890148,56,fixed_k3
00_Optimized_Structure,a,0.0,-0.09695406999999984,0.04598556875000001,0.0,13.200181932626057,56,fixed_k3
00_Optimized_Structure,a,0.0,-0.09307544599999984,0.04598556875000001,0.0,8.972618882903822,56,fixed_k3
00_Optimized_Structure,a,0.0,-0.08919682199999984,0.04598556875000001,0.0,4.548456412233874,56,fixed_k3
00_Optimized_Structure,a,0.0,-0.08531819799999985,0.04598556875000001,0.0,1.4927179666730863,56,fixed_k3
00_Optimized_Structure,a,0.0,-0.08143957399999985,0.04598556875000001,0.0,-0.12166536860538979,56,fixed_k3
00_Optimized_Structure,a,0.0,-0.07756094999999985,0.04598556875000001,0.0,-0.774601031704981,56,fixed_k3
00_Optimized_Structure,a,0.0,-0.07368232599999985,0.04598556875000001,0.0,-0.9145333317506417,56,fixed_k3
00_Optimized_Structure,a,0.0,-0.06980370199999986,0.04598556875000001,0.0,-0.8238180669938318,56,fixed_k3
00_Optimized_Structure,a,0.0,-0.06592507799999986,0.04598556875000001,0.0,-0.6526273038698012,56,fixed_k3
00_Optimized_Structure,a,0.0,-0.06204645399999986,0.04598556875000001,0.0,-0.4729890465981157,56,fixed_k3
00_Optimized_Structure,a,0.0,-0.058167829999999865,0.04598556875000001,0.0,-0.31603783302376787,56,fixed_k3
00_Optimized_Structure,a,0.0,-0.05428920599999987,0.04598556875000001,0.0,-0.19278208067512548,56,fixed_k3
00_Optimized_Structure,a,0.0,-0.05041058199999987,0.04598556875000001,0.0,-0.1046833587778434,56,fixed_k3
00_Optimized_Structure,a,0.0,-0.04653195799999987,0.04598556875000001,0.0,-0.04880605421837125,56,fixed_k3
00_Optimized_Structure,a,0.0,-0.042653333999999876,0.04598556875000001,0.0,-0.02026221854010124,56,fixed_k3
00_Optimized_Structure,a,0.0,-0.03877470999999988,0.04598556875000001,0.0,-0.013364465542850201,56,fixed_k3
00_Optimized_Structure,a,0.0,-0.03489608599999988,0.04598556875000001,0.0,-0.022189314700860607,56,fixed_k3
00_Optimized_Structure,a,0.0,-0.031017461999999885,0.04598556875000001,0.0,-0.04089206837986681,56,fixed_k3
00_Optimized_Structure,a,0.0,-0.027138837999999887,0.04598556875000001,0.0,-0.06393289863335916,56,fixed_k3
00_Optimized_Structure,a,0.0,-0.02326021399999989,0.04598556875000001,0.0,-0.08628056500623127,56,fixed_k3
00_Optimized_Structure,a,0.0,-0.019381589999999893,0.04598556875000001,0.0,-0.10360978442142366,56,fixed_k3
00_Optimized_Structure,a,0.0,-0.015502965999999896,0.04598556875000001,0.0,-0.11248004448767346,56,fixed_k3
00_Optimized_Structure,a,0.0,-0.011624341999999899,0.04598556875000001,0.0,-0.11046928393065181,56,fixed_k3
00_Optimized_Structure,a,0.0,-0.0077457179999999015,0.04598556875000001,0.0,-0.09623268838450794,56,fixed_k3
00_Optimized_Structure,a,0.0,-0.0038670939999999043,0.04598556875000001,0.0,-0.06946383166499648,56,fixed_k3
00_Optimized_Structure,a,0.0,1.1530000000092855e-05,0.04598556875000001,0.0,-0.030750666065636034,56,fixed_k3
00_Optimized_Structure,a,0.0,0.00389015400000009,0.04598556875000001,0.0,0.018661395236634792,56,fixed_k3
00_Optimized_Structure,a,0.0,0.007768778000000087,0.04598556875000001,0.0,0.07716833229280318,56,fixed_k3
00_Optimized_Structure,a,0.0,0.011647402000000084,0.04598556875000001,0.0,0.14312520756352187,56,fixed_k3
00_Optimized_Structure,a,0.0,0.015526026000000082,0.04598556875000001,0.0,0.21513774388728013,56,fixed_k3
00_Optimized_Structure,a,0.0,0.01940465000000008,0.04598556875000001,0.0,0.29229167713165793,56,fixed_k3
00_Optimized_Structure,a,0.0,0.023283274000000076,0.04598556875000001,0.0,0.37430038223453166,56,fixed_k3
00_Optimized_Structure,a,0.0,0.027161898000000073,0.04598556875000001,0.0,0.46157088336124863,56,fixed_k3
00_Optimized_Structure,a,0.0,0.03104052200000007,0.04598556875000001,0.0,0.5552063243929617,56,fixed_k3
00_Optimized_Structure,a,0.0,0.03491914600000007,0.04598556875000001,0.0,0.6569763954057658,56,fixed_k3
00_Optimized_Structure,a,0.0,0.038797770000000065,0.04598556875000001,0.0,0.7692954429398475,56,fixed_k3
00_Optimized_Structure,a,0.0,0.04267639400000006,0.04598556875000001,0.0,0.8952519331832034,56,fixed_k3
00_Optimized_Structure,a,0.0,0.04655501800000006,0.04598556875000001,0.0,1.0387331966532518,56,fixed_k3
00_Optimized_Structure,a,0.0,0.050433642000000056,0.04598556875000001,0.0,1.2046831175107608,56,fixed_k3
00_Optimized_Structure,a,0.0,0.05431226600000005,0.04598556875000001,0.0,1.3995054552006212,56,fixed_k3
00_Optimized_Structure,a,0.0,0.05819089000000005,0.04598556875000001,0.0,1.6315481884909933,56,fixed_k3
00_Optimized_Structure,a,0.0,0.06206951400000005,0.04598556875000001,0.0,1.9113951166399377,56,fixed_k3
00_Optimized_Structure,a,0.0,0.06594813800000005,0.04598556875000001,0.0,2.25118167219328,56,fixed_k3
00_Optimized_Structure,a,0.0,0.06982676200000004,0.04598556875000001,0.0,2.6610420444951277,56,fixed_k3
00_Optimized_Structure,a,0.0,0.07370538600000004,0.04598556875000001,0.0,3.138752129921271,56,fixed_k3
00_Optimized_Structure,a,0.0,0.07758401000000004,0.04598556875000001,0.0,3.6461538067740564,56,fixed_k3
00_Optimized_Structure,a,0.0,0.08146263400000003,0.04598556875000001,0.0,4.067786151994123,56,fixed_k3
00_Optimized_Structure,a,0.0,0.08534125800000003,0.04598556875000001,0.0,4.170679230830667,56,fixed_k3
00_Optimized_Structure,a,0.0,0.08921988200000003,0.04598556875000001,0.0,3.6612732905471623,56,fixed_k3
00_Optimized_Structure,a,0.0,0.09309850600000003,0.04598556875000001,0.0,2.5283691312409275,56,fixed_k3
00_Optimized_Structure,a,0.0,0.09697713000000002,0.04598556875000001,0.0,1.600091381703756,56,fixed_k3
00_Optimized_Structure,a,0.0,0.10085575400000002,0.04598556875000001,0.0,2.264177419797175,56,fixed_k3
00_Optimized_Structure,a,0.0,0.10473437800000002,0.04598556875000001,0.0,4.57349332716028,56,fixed_k3
00_Optimized_Structure,a,0.0,0.10861300200000001,0.04598556875000001,0.0,6.270235932527265,56,fixed_k3
00_Optimized_Structure,a,0.0,0.11249162600000001,0.04598556875000001,0.0,4.256592769769576,56,fixed_k3
00_Optimized_Structure,a,0.0,0.11637025000000001,0.04598556875000001,0.0,-6.146423865654058,56,fixed_k3
00_Optimized_Structure,a,0.0,0.120248874,0.04598556875000001,0.0,-44.927064848904436,56,fixed_k3
00_Optimized_Structure,a,0.0,0.124127498,0.04598556875000001,0.0,-315.23676156513085,56,fixed_k3
00_Optimized_Structure,a,0.0,0.128006122,0.04598556875000001,0.0,-54112.76916911211,56,fixed_k3
00_Optimized_Structure,a,0.0,0.131884746,0.04598556875000001,0.0,-689.3965081440807,56,fixed_k3
00_Optimized_Structure,a,0.0,0.13576337,0.04598556875000001,0.0,-49.28841086160743,56,fixed_k3
00_Optimized_Structure,a,0.0,0.139641994,0.04598556875000001,0.0,-6.585471762921712,56,fixed_k3
00_Optimized_Structure,a,0.0,0.143520618,0.04598556875000001,0.0,1.4870052263789508,56,fixed_k3
00_Optimized_Structure,a,0.0,0.14739924199999999,0.04598556875000001,0.0,3.6508377148723543,56,fixed_k3
00_Optimized_Structure,a,0.0,0.15127786599999998,0.04598556875000001,0.0,4.259058748528771,56,fixed_k3
00_Optimized_Structure,a,0.0,0.15515649,0.04598556875000001,0.0,4.3555605341149946,56,fixed_k3
00_Optimized_Structure,a,0.0,-0.1551334299999998,0.049272206875,0.0,4.902472182906979,56,fixed_k3
00_Optimized_Structure,a,0.0,-0.1512548059999998,0.049272206875,0.0,4.965893558291873,56,fixed_k3
00_Optimized_Structure,a,0.0,-0.1473761819999998,0.049272206875,0.0,4.493246287519552,56,fixed_k3
00_Optimized_Structure,a,0.0,-0.1434975579999998,0.049272206875,0.0,2.4508933399833435,56,fixed_k3
00_Optimized_Structure,a,0.0,-0.1396189339999998,0.049272206875,0.0,-5.162667641261759,56,fixed_k3
00_Optimized_Structure,a,0.0,-0.1357403099999998,0.049272206875,0.0,-42.06060177844172,56,fixed_k3
00_Optimized_Structure,a,0.0,-0.1318616859999998,0.049272206875,0.0,-476.50629323321783,56,fixed_k3
00_Optimized_Structure,a,0.0,-0.12798306199999981,0.049272206875,0.0,-112330.80485944492,56,fixed_k3
00_Optimized_Structure,a,0.0,-0.12410443799999982,0.049272206875,0.0,-433.58401948795,56,fixed_k3
00_Optimized_Structure,a,0.0,-0.12022581399999982,0.049272206875,0.0,-65.8110569741198,56,fixed_k3
00_Optimized_Structure,a,0.0,-0.11634718999999982,0.049272206875,0.0,-17.461383856354754,56,fixed_k3
00_Optimized_Structure,a,0.0,-0.11246856599999983,0.049272206875,0.0,-1.792921998486432,56,fixed_k3
00_Optimized_Structure,a,0.0,-0.10858994199999983,0.049272206875,0.0,7.10000602941186,56,fixed_k3
00_Optimized_Structure,a,0.0,-0.10471131799999983,0.049272206875,0.0,13.173824045843492,56,fixed_k3
00_Optimized_Structure,a,0.0,-0.10083269399999983,0.049272206875,0.0,15.53208114288849,56,fixed_k3
00_Optimized_Structure,a,0.0,-0.09695406999999984,0.049272206875,0.0,13.525609166660185,56,fixed_k3
00_Optimized_Structure,a,0.0,-0.09307544599999984,0.049272206875,0.0,8.990494701032462,56,fixed_k3
00_Optimized_Structure,a,0.0,-0.08919682199999984,0.049272206875,0.0,4.565039134796226,56,fixed_k3
00_Optimized_Structure,a,0.0,-0.08531819799999985,0.049272206875,0.0,1.5606998501207676,56,fixed_k3
00_Optimized_Structure,a,0.0,-0.08143957399999985,0.049272206875,0.0,-0.034438023884376,56,fixed_k3
00_Optimized_Structure,a,0.0,-0.07756094999999985,0.049272206875,0.0,-0.6943558309367885,56,fixed_k3
00_Optimized_Structure,a,0.0,-0.07368232599999985,0.049272206875,0.0,-0.8497093095374462,56,fixed_k3
00_Optimized_Structure,a,0.0,-0.06980370199999986,0.049272206875,0.0,-0.7735719998570965,56,fixed_k3
00_Optimized_Structure,a,0.0,-0.06592507799999986,0.049272206875,0.0,-0.6135545758375898,56,fixed_k3
00_Optimized_Structure,a,0.0,-0.06204645399999986,0.049272206875,0.0,-0.44193834967083667,56,fixed_k3
00_Optimized_Structure,a,0.0,-0.058167829999999865,0.049272206875,0.0,-0.2908130785317622,56,fixed_k3
00_Optimized_Structure,a,0.0,-0.05428920599999987,0.049272206875,0.0,-0.17206444158826328,56,fixed_k3
00_Optimized_Structure,a,0.0,-0.05041058199999987,0.049272206875,0.0,-0.08776978142051273,56,fixed_k3
00_Optimized_Structure,a,0.0,-0.04653195799999987,0.049272206875,0.0,-0.035367576566989634,56,fixed_k3
00_Optimized_Structure,a,0.0,-0.042653333999999876,0.049272206875,0.0,-0.01016789951267838,56,fixed_k3
00_Optimized_Structure,a,0.0,-0.03877470999999988,0.049272206875,0.0,-0.0065657204526041735,56,fixed_k3
00_Optimized_Structure,a,0.0,-0.03489608599999988,0.049272206875,0.0,-0.018648319579156913,56,fixed_k3
00_Optimized_Structure,a,0.0,-0.031017461999999885,0.049272206875,0.0,-0.040539224350758074,56,fixed_k3
00_Optimized_Structure,a,0.0,-0.027138837999999887,0.049272206875,0.0,-0.06664233980842105,56,fixed_k3
00_Optimized_Structure,a,0.0,-0.02326021399999989,0.049272206875,0.0,-0.09185640016148788,56,fixed_k3
00_Optimized_Structure,a,0.0,-0.019381589999999893,0.049272206875,0.0,-0.11177861174717618,56,fixed_k3
00_Optimized_Structure,a,0.0,-0.015502965999999896,0.049272206875,0.0,-0.12288738067744176,56,fixed_k3
00_Optimized_Structure,a,0.0,-0.011624341999999899,0.049272206875,0.0,-0.12267909865145987,56,fixed_k3
00_Optimized_Structure,a,0.0,-0.0077457179999999015,0.049272206875,0.0,-0.10973032793392523,56,fixed_k3
00_Optimized_Structure,a,0.0,-0.0038670939999999043,0.049272206875,0.0,-0.08366323141687526,56,fixed_k3
00_Optimized_Structure,a,0.0,1.1530000000092855e-05,0.049272206875,0.0,-0.045006821212058234,56,fixed_k3
00_Optimized_Structure,a,0.0,0.00389015400000009,0.049272206875,0.0,0.005034225580520912,56,fixed_k3
00_Optimized_Structure,a,0.0,0.007768778000000087,0.049272206875,0.0,0.06487315659304405,56,fixed_k3
00_Optimized_Structure,a,0.0,0.011647402000000084,0.049272206875,0.0,0.1328551660816637,56,fixed_k3
00_Optimized_Structure,a,0.0,0.015526026000000082,0.049272206875,0.0,0.20754786505830314,56,fixed_k3
00_Optimized_Structure,a,0.0,0.01940465000000008,0.049272206875,0.0,0.287972570185852,56,fixed_k3
00_Optimized_Structure,a,0.0,0.023283274000000076,0.049272206875,0.0,0.3737567571891094,56,fixed_k3
00_Optimized_Structure,a,0.0,0.027161898000000073,0.049272206875,0.0,0.4652070369778838,56,fixed_k3
00_Optimized_Structure,a,0.0,0.03104052200000007,0.049272206875,0.0,0.5633195711597396,56,fixed_k3
00_Optimized_Structure,a,0.0,0.03491914600000007,0.049272206875,0.0,0.6697580965315038,56,fixed_k3
00_Optimized_Structure,a,0.0,0.038797770000000065,0.049272206875,0.0,0.7868379588655285,56,fixed_k3
00_Optimized_Structure,a,0.0,0.04267639400000006,0.049272206875,0.0,0.9175584807402044,56,fixed_k3
00_Optimized_Structure,a,0.0,0.04655501800000006,0.049272206875,0.0,1.065725952039564,56,fixed_k3
00_Optimized_Structure,a,0.0,0.050433642000000056,0.049272206875,0.0,1.2362023638843873,56,fixed_k3
00_Optimized_Structure,a,0.0,0.05431226600000005,0.049272206875,0.0,1.4352882047101612,56,fixed_k3
00_Optimized_Structure,a,0.0,0.05819089000000005,0.049272206875,0.0,1.6711676926050094,56,fixed_k3
00_Optimized_Structure,a,0.0,0.06206951400000005,0.049272206875,0.0,1.954134305801056,56,fixed_k3
00_Optimized_Structure,a,0.0,0.06594813800000005,0.049272206875,0.0,2.2958141570695725,56,fixed_k3
00_Optimized_Structure,a,0.0,0.06982676200000004,0.049272206875,0.0,2.705542327036267,56,fixed_k3
00_Optimized_Structure,a,0.0,0.07370538600000004,0.049272206875,0.0,3.18015687232257,56,fixed_k3
00_Optimized_Structure,a,0.0,0.07758401000000004,0.049272206875,0.0,3.6813347225984594,56,fixed_k3
00_Optimized_Structure,a,0.0,0.08146263400000003,0.049272206875,0.0,4.096722971311385,56,fixed_k3
00_Optimized_Structure,a,0.0,0.08534125800000003,0.049272206875,0.0,4.202978645315944,56,fixed_k3
00_Optimized_Structure,a,0.0,0.08921988200000003,0.049272206875,0.0,3.7170399783411137,56,fixed_k3
00_Optimized_Structure,a,0.0,0.09309850600000003,0.049272206875,0.0,2.6032527207098415,56,fixed_k3
00_Optimized_Structure,a,0.0,0.09697713000000002,0.049272206875,0.0,1.5921497832618476,56,fixed_k3
00_Optimized_Structure,a,0.0,0.10085575400000002,0.049272206875,0.0,2.0255177065894694,56,fixed_k3
00_Optimized_Structure,a,0.0,0.10473437800000002,0.049272206875,0.0,4.1692460662227955,56,fixed_k3
00_Optimized_Structure,a,0.0,0.10861300200000001,0.049272206875,0.0,5.917118114959557,56,fixed_k3
00_Optimized_Structure,a,0.0,0.11249162600000001,0.049272206875,0.0,3.6872657847982255,56,fixed_k3
00_Optimized_Structure,a,0.0,0.11637025000000001,0.049272206875,0.0,-8.813321513074333,56,fixed_k3
00_Optimized_Structure,a,0.0,0.120248874,0.049272206875,0.0,-59.63377657085983,56,fixed_k3
00_Optimized_Structure,a,0.0,0.124127498,0.049272206875,0.0,-475.89254715934885,56,fixed_k3
00_Optimized_Structure,a,0.0,0.128006122,0.049272206875,0.0,-79237.61724802232,56,fixed_k3
00_Optimized_Structure,a,0.0,0.131884746,0.049272206875,0.0,-458.7890615598244,56,fixed_k3
00_Optimized_Structure,a,0.0,0.13576337,0.049272206875,0.0,-40.95976877142258,56,fixed_k3
00_Optimized_Structure,a,0.0,0.139641994,0.049272206875,0.0,-5.106802173061844,56,fixed_k3
00_Optimized_Structure,a,0.0,0.143520618,0.049272206875,0.0,2.1016420534687175,56,fixed_k3
00_Optimized_Structure,a,0.0,0.14739924199999999,0.049272206875,0.0,4.041027166872135,56,fixed_k3
00_Optimized_Structure,a,0.0,0.15127786599999998,0.049272206875,0.0,4.5551335525942225,56,fixed_k3
00_Optimized_Structure,a,0.0,0.15515649,0.049272206875,0.0,4.599441255383356,56,fixed_k3
00_Optimized_Structure,a,0.0,-0.1551334299999998,0.05255884499999999,0.0,5.310305625450163,56,fixed_k3
00_Optimized_Structure,a,0.0,-0.1512548059999998,0.05255884499999999,0.0,5.449429511374749,56,fixed_k3
00_Optimized_Structure,a,0.0,-0.1473761819999998,0.05255884499999999,0.0,5.099225977354988,56,fixed_k3
00_Optimized_Structure,a,0.0,-0.1434975579999998,0.05255884499999999,0.0,3.3193792445246775,56,fixed_k3
00_Optimized_Structure,a,0.0,-0.1396189339999998,0.05255884499999999,0.0,-3.3978259172460517,56,fixed_k3
00_Optimized_Structure,a,0.0,-0.1357403099999998,0.05255884499999999,0.0,-34.182127866491356,56,fixed_k3
00_Optimized_Structure,a,0.0,-0.1318616859999998,0.05255884499999999,0.0,-321.97246180539867,56,fixed_k3
00_Optimized_Structure,a,0.0,-0.12798306199999981,0.05255884499999999,0.0,-28020.538106615415,56,fixed_k3
00_Optimized_Structure,a,0.0,-0.12410443799999982,0.05255884499999999,0.0,-637.4110559500873,56,fixed_k3
00_Optimized_Structure,a,0.0,-0.12022581399999982,0.05255884499999999,0.0,-80.85681764576816,56,fixed_k3
00_Optimized_Structure,a,0.0,-0.11634718999999982,0.05255884499999999,0.0,-18.024029696081847,56,fixed_k3
00_Optimized_Structure,a,0.0,-0.11246856599999983,0.05255884499999999,0.0,0.5308301630939976,56,fixed_k3
00_Optimized_Structure,a,0.0,-0.10858994199999983,0.05255884499999999,0.0,9.888499600687975,56,fixed_k3
00_Optimized_Structure,a,0.0,-0.10471131799999983,0.05255884499999999,0.0,15.301803794787952,56,fixed_k3
00_Optimized_Structure,a,0.0,-0.10083269399999983,0.05255884499999999,0.0,16.54504614999076,56,fixed_k3
00_Optimized_Structure,a,0.0,-0.09695406999999984,0.05255884499999999,0.0,13.722962808046363,56,fixed_k3
00_Optimized_Structure,a,0.0,-0.09307544599999984,0.05255884499999999,0.0,8.928171811661553,56,fixed_k3
00_Optimized_Structure,a,0.0,-0.08919682199999984,0.05255884499999999,0.0,4.537938518715461,56,fixed_k3
00_Optimized_Structure,a,0.0,-0.08531819799999985,0.05255884499999999,0.0,1.6048685750017202,56,fixed_k3
00_Optimized_Structure,a,0.0,-0.08143957399999985,0.05255884499999999,0.0,0.0396958186518257,56,fixed_k3
00_Optimized_Structure,a,0.0,-0.07756094999999985,0.05255884499999999,0.0,-0.6215719736151983,56,fixed_k3
00_Optimized_Structure,a,0.0,-0.07368232599999985,0.05255884499999999,0.0,-0.7896465755697393,56,fixed_k3
00_Optimized_Structure,a,0.0,-0.06980370199999986,0.05255884499999999,0.0,-0.7269518395919576,56,fixed_k3
00_Optimized_Structure,a,0.0,-0.06592507799999986,0.05255884499999999,0.0,-0.5777146349612492,56,fixed_k3
00_Optimized_Structure,a,0.0,-0.06204645399999986,0.05255884499999999,0.0,-0.4140305239401265,56,fixed_k3
00_Optimized_Structure,a,0.0,-0.058167829999999865,0.05255884499999999,0.0,-0.26873473606384235,56,fixed_k3
00_Optimized_Structure,a,0.0,-0.05428920599999987,0.05255884499999999,0.0,-0.1545009727062201,56,fixed_k3
00_Optimized_Structure,a,0.0,-0.05041058199999987,0.05255884499999999,0.0,-0.07399080964549021,56,fixed_k3
00_Optimized_Structure,a,0.0,-0.04653195799999987,0.05255884499999999,0.0,-0.025010770989007503,56,fixed_k3
00_Optimized_Structure,a,0.0,-0.042653333999999876,0.05255884499999999,0.0,-0.00307310775846803,56,fixed_k3
00_Optimized_Structure,a,0.0,-0.03877470999999988,0.05255884499999999,0.0,-0.0026626809896432846,56,fixed_k3
00_Optimized_Structure,a,0.0,-0.03489608599999988,0.05255884499999999,0.0,-0.017885586595663305,56,fixed_k3
00_Optimized_Structure,a,0.0,-0.031017461999999885,0.05255884499999999,0.0,-0.04284105785959791,56,fixed_k3
00_Optimized_Structure,a,0.0,-0.027138837999999887,0.05255884499999999,0.0,-0.07188327339246237,56,fixed_k3
00_Optimized_Structure,a,0.0,-0.02326021399999989,0.05255884499999999,0.0,-0.09984644675665022,56,fixed_k3
00_Optimized_Structure,a,0.0,-0.019381589999999893,0.05255884499999999,0.0,-0.12225472999799258,56,fixed_k3
00_Optimized_Structure,a,0.0,-0.015502965999999896,0.05255884499999999,0.0,-0.13550886541515417,56,fixed_k3
00_Optimized_Structure,a,0.0,-0.011624341999999899,0.05255884499999999,0.0,-0.13702610237635393,56,fixed_k3
00_Optimized_Structure,a,0.0,-0.0077457179999999015,0.05255884499999999,0.0,-0.1253058242192504,56,fixed_k3
00_Optimized_Structure,a,0.0,-0.0038670939999999043,0.05255884499999999,0.0,-0.0998993562210031,56,fixed_k3
00_Optimized_Structure,a,0.0,1.1530000000092855e-05,0.05255884499999999,0.0,-0.061276595705914705,56,fixed_k3
00_Optimized_Structure,a,0.0,0.00389015400000009,0.05255884499999999,0.0,-0.01060070269248814,56,fixed_k3
00_Optimized_Structure,a,0.0,0.007768778000000087,0.05255884499999999,0.0,0.05056009118956828,56,fixed_k3
00_Optimized_Structure,a,0.0,0.011647402000000084,0.05255884499999999,0.0,0.12054273858030151,56,fixed_k3
00_Optimized_Structure,a,0.0,0.015526026000000082,0.05255884499999999,0.0,0.19787869864962637,56,fixed_k3
00_Optimized_Structure,a,0.0,0.01940465000000008,0.05255884499999999,0.0,0.2815271925083389,56,fixed_k3
00_Optimized_Structure,a,0.0,0.023283274000000076,0.05255884499999999,0.0,0.3710325802343999,56,fixed_k3
00_Optimized_Structure,a,0.0,0.027161898000000073,0.05255884499999999,0.0,0.4666044418503339,56,fixed_k3
00_Optimized_Structure,a,0.0,0.03104052200000007,0.05255884499999999,0.0,0.5691360734445687,56,fixed_k3
00_Optimized_Structure,a,0.0,0.03491914600000007,0.05255884499999999,0.0,0.6801901659771541,56,fixed_k3
00_Optimized_Structure,a,0.0,0.038797770000000065,0.05255884499999999,0.0,0.8019886181981257,56,fixed_k3
00_Optimized_Structure,a,0.0,0.04267639400000006,0.05255884499999999,0.0,0.9374472676261809,56,fixed_k3
00_Optimized_Structure,a,0.0,0.04655501800000006,0.05255884499999999,0.0,1.0902958658849247,56,fixed_k3
00_Optimized_Structure,a,0.0,0.050433642000000056,0.05255884499999999,0.0,1.265315349126273,56,fixed_k3
00_Optimized_Structure,a,0.0,0.05431226600000005,0.05255884499999999,0.0,1.468695516685448,56,fixed_k3
00_Optimized_Structure,a,0.0,0.05819089000000005,0.05255884499999999,0.0,1.7084332447318784,56,fixed_k3
00_Optimized_Structure,a,0.0,0.06206951400000005,0.05255884499999999,0.0,1.994479172620451,56,fixed_k3
00_Optimized_Structure,a,0.0,0.06594813800000005,0.05255884499999999,0.0,2.3378496805098945,56,fixed_k3
00_Optimized_Structure,a,0.0,0.06982676200000004,0.05255884499999999,0.0,2.746907598895707,56,fixed_k3
00_Optimized_Structure,a,0.0,0.07370538600000004,0.05255884499999999,0.0,3.21728013449334,56,fixed_k3
00_Optimized_Structure,a,0.0,0.07758401000000004,0.05255884499999999,0.0,3.7100823908108453,56,fixed_k3
00_Optimized_Structure,a,0.0,0.08146263400000003,0.05255884499999999,0.0,4.115537642589353,56,fixed_k3
00_Optimized_Structure,a,0.0,0.08534125800000003,0.05255884499999999,0.0,4.2193972194238345,56,fixed_k3
00_Optimized_Structure,a,0.0,0.08921988200000003,0.05255884499999999,0.0,3.74964577548051,56,fixed_k3
00_Optimized_Structure,a,0.0,0.09309850600000003,0.05255884499999999,0.0,2.650997470097956,56,fixed_k3
00_Optimized_Structure,a,0.0,0.09697713000000002,0.05255884499999999,0.0,1.5638840003331365,56,fixed_k3
00_Optimized_Structure,a,0.0,0.10085575400000002,0.05255884499999999,0.0,1.7743522709999164,56,fixed_k3
00_Optimized_Structure,a,0.0,0.10473437800000002,0.05255884499999999,0.0,3.7483602135432728,56,fixed_k3
00_Optimized_Structure,a,0.0,0.10861300200000001,0.05255884499999999,0.0,5.575602924774371,56,fixed_k3
00_Optimized_Structure,a,0.0,0.11249162600000001,0.05255884499999999,0.0,3.180159530359516,56,fixed_k3
00_Optimized_Structure,a,0.0,0.11637025000000001,0.05255884499999999,0.0,-11.690304605379918,56,fixed_k3
00_Optimized_Structure,a,0.0,0.120248874,0.05255884499999999,0.0,-77.55327980538327,56,fixed_k3
00_Optimized_Structure,a,0.0,0.124127498,0.05255884499999999,0.0,-694.9023445359624,56,fixed_k3
00_Optimized_Structure,a,0.0,0.128006122,0.05255884499999999,0.0,-17476.330991143826,56,fixed_k3
00_Optimized_Structure,a,0.0,0.131884746,0.05255884499999999,0.0,-309.6581043639914,56,fixed_k3
00_Optimized_Structure,a,0.0,0.13576337,0.05255884499999999,0.0,-33.29584316862398,56,fixed_k3
00_Optimized_Structure,a,0.0,0.139641994,0.05255884499999999,0.0,-3.554759288425478,56,fixed_k3
00_Optimized_Structure,a,0.0,0.143520618,0.05255884499999999,0.0,2.7623835804440433,56,fixed_k3
00_Optimized_Structure,a,0.0,0.14739924199999999,0.05255884499999999,0.0,4.450384635071986,56,fixed_k3
00_Optimized_Structure,a,0.0,0.15127786599999998,0.05255884499999999,0.0,4.856761777749067,56,fixed_k3
00_Optimized_Structure,a,0.0,0.15515649,0.05255884499999999,0.0,4.842248111001385,56,fixed_k3
00_Optimized_Structure,a,0.0,-0.1551334299999998,0.055845483124999984,0.0,5.710268651216422,56,fixed_k3
00_Optimized_Structure,a,0.0,-0.1512548059999998,0.055845483124999984,0.0,5.932082590762117,56,fixed_k3
00_Optimized_Structure,a,0.0,-0.1473761819999998,0.055845483124999984,0.0,5.717205342865599,56,fixed_k3
00_Optimized_Structure,a,0.0,-0.1434975579999998,0.055845483124999984,0.0,4.221202169210532,56,fixed_k3
00_Optimized_Structure,a,0.0,-0.1396189339999998,0.055845483124999984,0.0,-1.5997116415459907,56,fixed_k3
00_Optimized_Structure,a,0.0,-0.1357403099999998,0.055845483124999984,0.0,-27.06056546505426,56,fixed_k3
00_Optimized_Structure,a,0.0,-0.1318616859999998,0.055845483124999984,0.0,-221.4377517838432,56,fixed_k3
00_Optimized_Structure,a,0.0,-0.12798306199999981,0.055845483124999984,0.0,-6558.510120685472,56,fixed_k3
00_Optimized_Structure,a,0.0,-0.12410443799999982,0.055845483124999984,0.0,-876.3262311706967,56,fixed_k3
00_Optimized_Structure,a,0.0,-0.12022581399999982,0.055845483124999984,0.0,-96.73018845962224,56,fixed_k3
00_Optimized_Structure,a,0.0,-0.11634718999999982,0.055845483124999984,0.0,-17.35243817427917,56,fixed_k3
00_Optimized_Structure,a,0.0,-0.11246856599999983,0.055845483124999984,0.0,3.8626616872443895,56,fixed_k3
00_Optimized_Structure,a,0.0,-0.10858994199999983,0.055845483124999984,0.0,13.16732103636574,56,fixed_k3
00_Optimized_Structure,a,0.0,-0.10471131799999983,0.055845483124999984,0.0,17.472969658038995,56,fixed_k3
00_Optimized_Structure,a,0.0,-0.10083269399999983,0.055845483124999984,0.0,17.408897773158078,56,fixed_k3
00_Optimized_Structure,a,0.0,-0.09695406999999984,0.055845483124999984,0.0,13.784525219934807,56,fixed_k3
00_Optimized_Structure,a,0.0,-0.09307544599999984,0.055845483124999984,0.0,8.788924806141802,56,fixed_k3
00_Optimized_Structure,a,0.0,-0.08919682199999984,0.055845483124999984,0.0,4.470576080549597,56,fixed_k3
00_Optimized_Structure,a,0.0,-0.08531819799999985,0.055845483124999984,0.0,1.6269761055901824,56,fixed_k3
00_Optimized_Structure,a,0.0,-0.08143957399999985,0.055845483124999984,0.0,0.10139619231713914,56,fixed_k3
00_Optimized_Structure,a,0.0,-0.07756094999999985,0.055845483124999984,0.0,-0.556063147302132,56,fixed_k3
00_Optimized_Structure,a,0.0,-0.07368232599999985,0.055845483124999984,0.0,-0.7343168988194115,56,fixed_k3
00_Optimized_Structure,a,0.0,-0.06980370199999986,0.055845483124999984,0.0,-0.6839680893446838,56,fixed_k3
00_Optimized_Structure,a,0.0,-0.06592507799999986,0.055845483124999984,0.0,-0.5451217368236878,56,fixed_k3
00_Optimized_Structure,a,0.0,-0.06204645399999986,0.055845483124999984,0.0,-0.3892768354936358,56,fixed_k3
00_Optimized_Structure,a,0.0,-0.058167829999999865,0.055845483124999984,0.0,-0.24981147071394516,56,fixed_k3
00_Optimized_Structure,a,0.0,-0.05428920599999987,0.055845483124999984,0.0,-0.14009894812656576,56,fixed_k3
00_Optimized_Structure,a,0.0,-0.05041058199999987,0.055845483124999984,0.0,-0.06335305130736146,56,fixed_k3
00_Optimized_Structure,a,0.0,-0.04653195799999987,0.055845483124999984,0.0,-0.01774184786254196,56,fixed_k3
00_Optimized_Structure,a,0.0,-0.042653333999999876,0.055845483124999984,0.0,0.0010163001444964959,56,fixed_k3
00_Optimized_Structure,a,0.0,-0.03877470999999988,0.055845483124999984,0.0,-0.0016608316698782932,56,fixed_k3
00_Optimized_Structure,a,0.0,-0.03489608599999988,0.055845483124999984,0.0,-0.0199062220413031,56,fixed_k3
00_Optimized_Structure,a,0.0,-0.031017461999999885,0.055845483124999984,0.0,-0.04780231855397621,56,fixed_k3
00_Optimized_Structure,a,0.0,-0.027138837999999887,0.055845483124999984,0.0,-0.07966013019969331,56,fixed_k3
00_Optimized_Structure,a,0.0,-0.02326021399999989,0.055845483124999984,0.0,-0.1102548546270683,56,fixed_k3
00_Optimized_Structure,a,0.0,-0.019381589999999893,0.055845483124999984,0.0,-0.13504203942796478,56,fixed_k3
00_Optimized_Structure,a,0.0,-0.015502965999999896,0.055845483124999984,0.0,-0.1503481849451438,56,fixed_k3
00_Optimized_Structure,a,0.0,-0.011624341999999899,0.055845483124999984,0.0,-0.1535138358264363,56,fixed_k3
00_Optimized_Structure,a,0.0,-0.0077457179999999015,0.055845483124999984,0.0,-0.142962715492148,56,fixed_k3
00_Optimized_Structure,a,0.0,-0.0038670939999999043,0.055845483124999984,0.0,-0.11817600378458848,56,fixed_k3
00_Optimized_Structure,a,0.0,1.1530000000092855e-05,0.055845483124999984,0.0,-0.07956446156530506,56,fixed_k3
00_Optimized_Structure,a,0.0,0.00389015400000009,0.055845483124999984,0.0,-0.028249115491422616,56,fixed_k3
00_Optimized_Structure,a,0.0,0.007768778000000087,0.055845483124999984,0.0,0.03422143009015444,56,fixed_k3
00_Optimized_Structure,a,0.0,0.011647402000000084,0.055845483124999984,0.0,0.10617741513160417,56,fixed_k3
00_Optimized_Structure,a,0.0,0.015526026000000082,0.055845483124999984,0.0,0.18611608318428807,56,fixed_k3
00_Optimized_Structure,a,0.0,0.01940465000000008,0.055845483124999984,0.0,0.2729369477726944,56,fixed_k3
00_Optimized_Structure,a,0.0,0.023283274000000076,0.055845483124999984,0.0,0.3661041911742986,56,fixed_k3
00_Optimized_Structure,a,0.0,0.027161898000000073,0.055845483124999984,0.0,0.4657339807055876,56,fixed_k3
00_Optimized_Structure,a,0.0,0.03104052200000007,0.055845483124999984,0.0,0.5726211668870207,56,fixed_k3
00_Optimized_Structure,a,0.0,0.03491914600000007,0.055845483124999984,0.0,0.688232659322505,56,fixed_k3
00_Optimized_Structure,a,0.0,0.038797770000000065,0.055845483124999984,0.0,0.814702869318682,56,fixed_k3
00_Optimized_Structure,a,0.0,0.04267639400000006,0.055845483124999984,0.0,0.9548702778224327,56,fixed_k3
00_Optimized_Structure,a,0.0,0.04655501800000006,0.055845483124999984,0.0,1.1123931930088082,56,fixed_k3
00_Optimized_Structure,a,0.0,0.050433642000000056,0.055845483124999984,0.0,1.291973201181107,56,fixed_k3
00_Optimized_Structure,a,0.0,0.05431226600000005,0.055845483124999984,0.0,1.4996834967688708,56,fixed_k3
00_Optimized_Structure,a,0.0,0.05819089000000005,0.055845483124999984,0.0,1.743312992190961,56,fixed_k3
00_Optimized_Structure,a,0.0,0.06206951400000005,0.055845483124999984,0.0,2.0324231915983746,56,fixed_k3
00_Optimized_Structure,a,0.0,0.06594813800000005,0.055845483124999984,0.0,2.377333565988262,56,fixed_k3
00_Optimized_Structure,a,0.0,0.06982676200000004,0.055845483124999984,0.0,2.7852889281806696,56,fixed_k3
00_Optimized_Structure,a,0.0,0.07370538600000004,0.055845483124999984,0.0,3.2504855945459585,56,fixed_k3
00_Optimized_Structure,a,0.0,0.07758401000000004,0.055845483124999984,0.0,3.7331711382626382,56,fixed_k3
00_Optimized_Structure,a,0.0,0.08146263400000003,0.055845483124999984,0.0,4.125740259295513,56,fixed_k3
00_Optimized_Structure,a,0.0,0.08534125800000003,0.055845483124999984,0.0,4.222610765313743,56,fixed_k3
00_Optimized_Structure,a,0.0,0.08921988200000003,0.055845483124999984,0.0,3.763274673864764,56,fixed_k3
00_Optimized_Structure,a,0.0,0.09309850600000003,0.055845483124999984,0.0,2.6772441362250268,56,fixed_k3
00_Optimized_Structure,a,0.0,0.09697713000000002,0.055845483124999984,0.0,1.5226781857521432,56,fixed_k3
00_Optimized_Structure,a,0.0,0.10085575400000002,0.055845483124999984,0.0,1.5221950381020173,56,fixed_k3
00_Optimized_Structure,a,0.0,0.10473437800000002,0.055845483124999984,0.0,3.3290298363692625,56,fixed_k3
00_Optimized_Structure,a,0.0,0.10861300200000001,0.055845483124999984,0.0,5.2882290820809015,56,fixed_k3
00_Optimized_Structure,a,0.0,0.11249162600000001,0.055845483124999984,0.0,2.86298701451706,56,fixed_k3
00_Optimized_Structure,a,0.0,0.11637025000000001,0.055845483124999984,0.0,-14.472693864950617,56,fixed_k3
00_Optimized_Structure,a,0.0,0.120248874,0.055845483124999984,0.0,-97.74621915774264,56,fixed_k3
00_Optimized_Structure,a,0.0,0.124127498,0.055845483124999984,0.0,-923.617090282466,56,fixed_k3
00_Optimized_Structure,a,0.0,0.128006122,0.055845483124999984,0.0,-4765.860572487055,56,fixed_k3
00_Optimized_Structure,a,0.0,0.131884746,0.055845483124999984,0.0,-212.70778305539872,56,fixed_k3
00_Optimized_Structure,a,0.0,0.13576337,0.055845483124999984,0.0,-26.365660114629723,56,fixed_k3
00_Optimized_Structure,a,0.0,0.139641994,0.055845483124999984,0.0,-1.9620992609842398,56,fixed_k3
00_Optimized_Structure,a,0.0,0.143520618,0.055845483124999984,0.0,3.4604926015977084,56,fixed_k3
00_Optimized_Structure,a,0.0,0.14739924199999999,0.055845483124999984,0.0,4.87643615202337,56,fixed_k3
00_Optimized_Structure,a,0.0,0.15127786599999998,0.055845483124999984,0.0,5.163501577009828,56,fixed_k3
00_Optimized_Structure,a,0.0,0.15515649,0.055845483124999984,0.0,5.084337292366886,56,fixed_k3
00_Optimized_Structure,a,0.0,-0.1551334299999998,0.059132121249999975,0.0,6.099179902447147,56,fixed_k3
00_Optimized_Structure,a,0.0,-0.1512548059999998,0.059132121249999975,0.0,6.409809807811163,56,fixed_k3
00_Optimized_Structure,a,0.0,-0.1473761819999998,0.059132121249999975,0.0,6.341452559843846,56,fixed_k3
00_Optimized_Structure,a,0.0,-0.1434975579999998,0.059132121249999975,0.0,5.14647063736709,56,fixed_k3
00_Optimized_Structure,a,0.0,-0.1396189339999998,0.059132121249999975,0.0,0.20954457761168988,56,fixed_k3
00_Optimized_Structure,a,0.0,-0.1357403099999998,0.059132121249999975,0.0,-20.666180943354306,56,fixed_k3
00_Optimized_Structure,a,0.0,-0.1318616859999998,0.059132121249999975,0.0,-154.74792563495848,56,fixed_k3
00_Optimized_Structure,a,0.0,-0.12798306199999981,0.059132121249999975,0.0,-2293.26760767069,56,fixed_k3
00_Optimized_Structure,a,0.0,-0.12410443799999982,0.059132121249999975,0.0,-1045.967212893486,56,fixed_k3
00_Optimized_Structure,a,0.0,-0.12022581399999982,0.059132121249999975,0.0,-110.60744083256299,56,fixed_k3
00_Optimized_Structure,a,0.0,-0.11634718999999982,0.059132121249999975,0.0,-14.571142049701868,56,fixed_k3
00_Optimized_Structure,a,0.0,-0.11246856599999983,0.059132121249999975,0.0,8.504063105347429,56,fixed_k3
00_Optimized_Structure,a,0.0,-0.10858994199999983,0.059132121249999975,0.0,16.946786792030572,56,fixed_k3
00_Optimized_Structure,a,0.0,-0.10471131799999983,0.059132121249999975,0.0,19.617709429245725,56,fixed_k3
00_Optimized_Structure,a,0.0,-0.10083269399999983,0.059132121249999975,0.0,18.086287353606444,56,fixed_k3
00_Optimized_Structure,a,0.0,-0.09695406999999984,0.059132121249999975,0.0,13.7067672875703,56,fixed_k3
00_Optimized_Structure,a,0.0,-0.09307544599999984,0.059132121249999975,0.0,8.57807402798074,56,fixed_k3
00_Optimized_Structure,a,0.0,-0.08919682199999984,0.059132121249999975,0.0,4.367156429952608,56,fixed_k3
00_Optimized_Structure,a,0.0,-0.08531819799999985,0.059132121249999975,0.0,1.6291349615498443,56,fixed_k3
00_Optimized_Structure,a,0.0,-0.08143957399999985,0.059132121249999975,0.0,0.15152000809738841,56,fixed_k3
00_Optimized_Structure,a,0.0,-0.07756094999999985,0.059132121249999975,0.0,-0.4975307223837855,56,fixed_k3
00_Optimized_Structure,a,0.0,-0.07368232599999985,0.059132121249999975,0.0,-0.6836251555495834,56,fixed_k3
00_Optimized_Structure,a,0.0,-0.06980370199999986,0.059132121249999975,0.0,-0.6445868937365449,56,fixed_k3
00_Optimized_Structure,a,0.0,-0.06592507799999986,0.059132121249999975,0.0,-0.5157560542243496,56,fixed_k3
00_Optimized_Structure,a,0.0,-0.06204645399999986,0.059132121249999975,0.0,-0.36765888208487985,56,fixed_k3
00_Optimized_Structure,a,0.0,-0.058167829999999865,0.059132121249999975,0.0,-0.2340241714342166,56,fixed_k3
00_Optimized_Structure,a,0.0,-0.05428920599999987,0.059132121249999975,0.0,-0.12883880828435634,56,fixed_k3
00_Optimized_Structure,a,0.0,-0.05041058199999987,0.059132121249999975,0.0,-0.05583695495620611,56,fixed_k3
00_Optimized_Structure,a,0.0,-0.04653195799999987,0.059132121249999975,0.0,-0.013541529898762228,56,fixed_k3
00_Optimized_Structure,a,0.0,-0.042653333999999876,0.059132121249999975,0.0,0.002119206162562559,56,fixed_k3
00_Optimized_Structure,a,0.0,-0.03877470999999988,0.059132121249999975,0.0,-0.0035417468848655265,56,fixed_k3
00_Optimized_Structure,a,0.0,-0.03489608599999988,0.059132121249999975,0.0,-0.024692301481349155,56,fixed_k3
00_Optimized_Structure,a,0.0,-0.031017461999999885,0.059132121249999975,0.0,-0.05540561896294749,56,fixed_k3
00_Optimized_Structure,a,0.0,-0.027138837999999887,0.059132121249999975,0.0,-0.08995607610779244,56,fixed_k3
00_Optimized_Structure,a,0.0,-0.02326021399999989,0.059132121249999975,0.0,-0.12306532891255517,56,fixed_k3
00_Optimized_Structure,a,0.0,-0.019381589999999893,0.059132121249999975,0.0,-0.15012473971188878,56,fixed_k3
00_Optimized_Structure,a,0.0,-0.015502965999999896,0.059132121249999975,0.0,-0.16738997480423,56,fixed_k3
00_Optimized_Structure,a,0.0,-0.011624341999999899,0.059132121249999975,0.0,-0.17212733150730353,56,fixed_k3
00_Optimized_Structure,a,0.0,-0.0077457179999999015,0.059132121249999975,0.0,-0.16268645736611886,56,fixed_k3
00_Optimized_Structure,a,0.0,-0.0038670939999999043,0.059132121249999975,0.0,-0.13847919060958414,56,fixed_k3
00_Optimized_Structure,a,0.0,1.1530000000092855e-05,0.059132121249999975,0.0,-0.09985728113078207,56,fixed_k3
00_Optimized_Structure,a,0.0,0.00389015400000009,0.059132121249999975,0.0,-0.04789916615724921,56,fixed_k3
00_Optimized_Structure,a,0.0,0.007768778000000087,0.059132121249999975,0.0,0.015867140034255156,56,fixed_k3
00_Optimized_Structure,a,0.0,0.011647402000000084,0.059132121249999975,0.0,0.08976659638460505,56,fixed_k3
00_Optimized_Structure,a,0.0,0.015526026000000082,0.059132121249999975,0.0,0.17226414028298986,56,fixed_k3
00_Optimized_Structure,a,0.0,0.01940465000000008,0.059132121249999975,0.0,0.2622020226559565,56,fixed_k3
00_Optimized_Structure,a,0.0,0.023283274000000076,0.059132121249999975,0.0,0.3589673278122305,56,fixed_k3
00_Optimized_Structure,a,0.0,0.027161898000000073,0.059132121249999975,0.0,0.46258664651160375,56,fixed_k3
00_Optimized_Structure,a,0.0,0.03104052200000007,0.059132121249999975,0.0,0.573761083096362,56,fixed_k3
00_Optimized_Structure,a,0.0,0.03491914600000007,0.059132121249999975,0.0,0.6938673577226799,56,fixed_k3
00_Optimized_Structure,a,0.0,0.038797770000000065,0.059132121249999975,0.0,0.8249587254457125,56,fixed_k3
00_Optimized_Structure,a,0.0,0.04267639400000006,0.059132121249999975,0.0,0.9698028741936495,56,fixed_k3
00_Optimized_Structure,a,0.0,0.04655501800000006,0.059132121249999975,0.0,1.1319923303324553,56,fixed_k3
00_Optimized_Structure,a,0.0,0.050433642000000056,0.059132121249999975,0.0,1.3161519077071313,56,fixed_k3
00_Optimized_Structure,a,0.0,0.05431226600000005,0.059132121249999975,0.0,1.5282338615578128,56,fixed_k3
00_Optimized_Structure,a,0.0,0.05819089000000005,0.059132121249999975,0.0,1.7758017107577824,56,fixed_k3
00_Optimized_Structure,a,0.0,0.06206951400000005,0.059132121249999975,0.0,2.067988265167486,56,fixed_k3
00_Optimized_Structure,a,0.0,0.06594813800000005,0.059132121249999975,0.0,2.4143431147710164,56,fixed_k3
00_Optimized_Structure,a,0.0,0.06982676200000004,0.059132121249999975,0.0,2.820876194453859,56,fixed_k3
00_Optimized_Structure,a,0.0,0.07370538600000004,0.059132121249999975,0.0,3.280187756083931,56,fixed_k3
00_Optimized_Structure,a,0.0,0.07758401000000004,0.059132121249999975,0.0,3.751444843598321,56,fixed_k3
00_Optimized_Structure,a,0.0,0.08146263400000003,0.059132121249999975,0.0,4.128936904603576,56,fixed_k3
00_Optimized_Structure,a,0.0,0.08534125800000003,0.059132121249999975,0.0,4.2154299270030275,56,fixed_k3
00_Optimized_Structure,a,0.0,0.08921988200000003,0.059132121249999975,0.0,3.7623091488370366,56,fixed_k3
00_Optimized_Structure,a,0.0,0.09309850600000003,0.059132121249999975,0.0,2.6878838314608045,56,fixed_k3
00_Optimized_Structure,a,0.0,0.09697713000000002,0.059132121249999975,0.0,1.4759831144851265,56,fixed_k3
00_Optimized_Structure,a,0.0,0.10085575400000002,0.059132121249999975,0.0,1.2802225837653471,56,fixed_k3
00_Optimized_Structure,a,0.0,0.10473437800000002,0.059132121249999975,0.0,2.928899761066579,56,fixed_k3
00_Optimized_Structure,a,0.0,0.10861300200000001,0.059132121249999975,0.0,5.102223785978798,56,fixed_k3
00_Optimized_Structure,a,0.0,0.11249162600000001,0.059132121249999975,0.0,2.914428973009963,56,fixed_k3
00_Optimized_Structure,a,0.0,0.11637025000000001,0.059132121249999975,0.0,-16.62445963479039,56,fixed_k3
00_Optimized_Structure,a,0.0,0.120248874,0.059132121249999975,0.0,-117.59202759211969,56,fixed_k3
00_Optimized_Structure,a,0.0,0.124127498,0.059132121249999975,0.0,-1038.2106055819963,56,fixed_k3
00_Optimized_Structure,a,0.0,0.128006122,0.059132121249999975,0.0,-1827.4180073027449,56,fixed_k3
00_Optimized_Structure,a,0.0,0.131884746,0.059132121249999975,0.0,-148.35046812020195,56,fixed_k3
00_Optimized_Structure,a,0.0,0.13576337,0.059132121249999975,0.0,-20.155099564811508,56,fixed_k3
00_Optimized_Structure,a,0.0,0.139641994,0.059132121249999975,0.0,-0.35293030690287663,56,fixed_k3
00_Optimized_Structure,a,0.0,0.143520618,0.059132121249999975,0.0,4.188251986778937,56,fixed_k3
00_Optimized_Structure,a,0.0,0.14739924199999999,0.059132121249999975,0.0,5.316840861990645,56,fixed_k3
00_Optimized_Structure,a,0.0,0.15127786599999998,0.059132121249999975,0.0,5.4749934477036994,56,fixed_k3
00_Optimized_Structure,a,0.0,0.15515649,0.059132121249999975,0.0,5.326190324812597,56,fixed_k3
00_Optimized_Structure,a,0.0,-0.1551334299999998,0.062418759374999994,0.0,6.473753426028031,56,fixed_k3
00_Optimized_Structure,a,0.0,-0.1512548059999998,0.062418759374999994,0.0,6.878409324487101,56,fixed_k3
00_Optimized_Structure,a,0.0,-0.1473761819999998,0.062418759374999994,0.0,6.966137516037607,56,fixed_k3
00_Optimized_Structure,a,0.0,-0.1434975579999998,0.062418759374999994,0.0,6.08610627316232,56,fixed_k3
00_Optimized_Structure,a,0.0,-0.1396189339999998,0.062418759374999994,0.0,2.0150829079431336,56,fixed_k3
00_Optimized_Structure,a,0.0,-0.1357403099999998,0.062418759374999994,0.0,-14.922639248107165,56,fixed_k3
00_Optimized_Structure,a,0.0,-0.1318616859999998,0.062418759374999994,0.0,-109.23612161563516,56,fixed_k3
00_Optimized_Structure,a,0.0,-0.12798306199999981,0.062418759374999994,0.0,-1030.5500818729342,56,fixed_k3
00_Optimized_Structure,a,0.0,-0.12410443799999982,0.062418759374999994,0.0,-1019.1806759088438,56,fixed_k3
00_Optimized_Structure,a,0.0,-0.12022581399999982,0.062418759374999994,0.0,-117.77591551023431,56,fixed_k3
00_Optimized_Structure,a,0.0,-0.11634718999999982,0.062418759374999994,0.0,-8.489710140301895,56,fixed_k3
00_Optimized_Structure,a,0.0,-0.11246856599999983,0.062418759374999994,0.0,14.779257949642806,56,fixed_k3
00_Optimized_Structure,a,0.0,-0.10858994199999983,0.062418759374999994,0.0,21.191797677104248,56,fixed_k3
00_Optimized_Structure,a,0.0,-0.10471131799999983,0.062418759374999994,0.0,21.64774449286654,56,fixed_k3
00_Optimized_Structure,a,0.0,-0.10083269399999983,0.062418759374999994,0.0,18.543612834564573,56,fixed_k3
00_Optimized_Structure,a,0.0,-0.09695406999999984,0.062418759374999994,0.0,13.490956667735578,56,fixed_k3
00_Optimized_Structure,a,0.0,-0.09307544599999984,0.062418759374999994,0.0,8.302821171506482,56,fixed_k3
00_Optimized_Structure,a,0.0,-0.08919682199999984,0.062418759374999994,0.0,4.232515786508182,56,fixed_k3
00_Optimized_Structure,a,0.0,-0.08531819799999985,0.062418759374999994,0.0,1.613743550284084,56,fixed_k3
00_Optimized_Structure,a,0.0,-0.08143957399999985,0.062418759374999994,0.0,0.191090803977076,56,fixed_k3
00_Optimized_Structure,a,0.0,-0.07756094999999985,0.062418759374999994,0.0,-0.44557367573531237,56,fixed_k3
00_Optimized_Structure,a,0.0,-0.07368232599999985,0.062418759374999994,0.0,-0.6374112681647168,56,fixed_k3
00_Optimized_Structure,a,0.0,-0.06980370199999986,0.062418759374999994,0.0,-0.6087293218698933,56,fixed_k3
00_Optimized_Structure,a,0.0,-0.06592507799999986,0.062418759374999994,0.0,-0.48956231936435746,56,fixed_k3
00_Optimized_Structure,a,0.0,-0.06204645399999986,0.062418759374999994,0.0,-0.34912727090349316,56,fixed_k3
00_Optimized_Structure,a,0.0,-0.058167829999999865,0.062418759374999994,0.0,-0.22132485491682785,56,fixed_k3
00_Optimized_Structure,a,0.0,-0.05428920599999987,0.062418759374999994,0.0,-0.12067331834065387,56,fixed_k3
00_Optimized_Structure,a,0.0,-0.05041058199999987,0.062418759374999994,0.0,-0.05139620272832568,56,fixed_k3
00_Optimized_Structure,a,0.0,-0.04653195799999987,0.062418759374999994,0.0,-0.012364648722194449,56,fixed_k3
00_Optimized_Structure,a,0.0,-0.042653333999999876,0.062418759374999994,0.0,0.00027946062164385665,56,fixed_k3
00_Optimized_Structure,a,0.0,-0.03877470999999988,0.062418759374999994,0.0,-0.008263008222358703,56,fixed_k3
00_Optimized_Structure,a,0.0,-0.03489608599999988,0.062418759374999994,0.0,-0.03220291164036149,56,fixed_k3
00_Optimized_Structure,a,0.0,-0.031017461999999885,0.062418759374999994,0.0,-0.06561158187079652,56,fixed_k3
00_Optimized_Structure,a,0.0,-0.027138837999999887,0.062418759374999994,0.0,-0.10273324887876423,56,fixed_k3
00_Optimized_Structure,a,0.0,-0.02326021399999989,0.062418759374999994,0.0,-0.13824144293135432,56,fixed_k3
00_Optimized_Structure,a,0.0,-0.019381589999999893,0.062418759374999994,0.0,-0.16746770776188025,56,fixed_k3
00_Optimized_Structure,a,0.0,-0.015502965999999896,0.062418759374999994,0.0,-0.18660025332218377,56,fixed_k3
00_Optimized_Structure,a,0.0,-0.011624341999999899,0.062418759374999994,0.0,-0.19283359496445818,56,fixed_k3
00_Optimized_Structure,a,0.0,-0.0077457179999999015,0.062418759374999994,0.0,-0.18444494458309513,56,fixed_k3
00_Optimized_Structure,a,0.0,-0.0038670939999999043,0.062418759374999994,0.0,-0.1607777070329417,56,fixed_k3
00_Optimized_Structure,a,0.0,1.1530000000092855e-05,0.062418759374999994,0.0,-0.12212488751000539,56,fixed_k3
00_Optimized_Structure,a,0.0,0.00389015400000009,0.062418759374999994,0.0,-0.06952203235226784,56,fixed_k3
00_Optimized_Structure,a,0.0,0.007768778000000087,0.062418759374999994,0.0,-0.004475742565833052,56,fixed_k3
00_Optimized_Structure,a,0.0,0.011647402000000084,0.062418759374999994,0.0,0.07133499580394731,56,fixed_k3
00_Optimized_Structure,a,0.0,0.015526026000000082,0.062418759374999994,0.0,0.15634469446762433,56,fixed_k3
00_Optimized_Structure,a,0.0,0.01940465000000008,0.062418759374999994,0.0,0.2493408366022143,56,fixed_k3
00_Optimized_Structure,a,0.0,0.023283274000000076,0.062418759374999994,0.0,0.349636617372302,56,fixed_k3
00_Optimized_Structure,a,0.0,0.027161898000000073,0.062418759374999994,0.0,0.45717308559917513,56,fixed_k3
00_Optimized_Structure,a,0.0,0.03104052200000007,0.062418759374999994,0.0,0.572562551844445,56,fixed_k3
00_Optimized_Structure,a,0.0,0.03491914600000007,0.062418759374999994,0.0,0.6970974327500419,56,fixed_k3
00_Optimized_Structure,a,0.0,0.038797770000000065,0.062418759374999994,0.0,0.8327564905215199,56,fixed_k3
00_Optimized_Structure,a,0.0,0.04267639400000006,0.062418759374999994,0.0,0.9822435766767945,56,fixed_k3
00_Optimized_Structure,a,0.0,0.04655501800000006,0.062418759374999994,0.0,1.1490916280710102,56,fixed_k3
00_Optimized_Structure,a,0.0,0.050433642000000056,0.062418759374999994,0.0,1.337852123606787,56,fixed_k3
00_Optimized_Structure,a,0.0,0.05431226600000005,0.062418759374999994,0.0,1.5543536734164607,56,fixed_k3
00_Optimized_Structure,a,0.0,0.05819089000000005,0.062418759374999994,0.0,1.8059203302986826,56,fixed_k3
00_Optimized_Structure,a,0.0,0.06206951400000005,0.062418759374999994,0.0,2.101223753252462,56,fixed_k3
00_Optimized_Structure,a,0.0,0.06594813800000005,0.062418759374999994,0.0,2.4489855078218663,56,fixed_k3
00_Optimized_Structure,a,0.0,0.06982676200000004,0.062418759374999994,0.0,2.8538934526232476,56,fixed_k3
00_Optimized_Structure,a,0.0,0.07370538600000004,0.062418759374999994,0.0,3.306841692615948,56,fixed_k3
00_Optimized_Structure,a,0.0,0.07758401000000004,0.062418759374999994,0.0,3.765794711183998,56,fixed_k3
00_Optimized_Structure,a,0.0,0.08146263400000003,0.062418759374999994,0.0,4.126783578727324,56,fixed_k3
00_Optimized_Structure,a,0.0,0.08534125800000003,0.062418759374999994,0.0,4.200711402043556,56,fixed_k3
00_Optimized_Structure,a,0.0,0.08921988200000003,0.062418759374999994,0.0,3.751178849596361,56,fixed_k3
00_Optimized_Structure,a,0.0,0.09309850600000003,0.062418759374999994,0.0,2.688850630323506,56,fixed_k3
00_Optimized_Structure,a,0.0,0.09697713000000002,0.062418759374999994,0.0,1.431082567604487,56,fixed_k3
00_Optimized_Structure,a,0.0,0.10085575400000002,0.062418759374999994,0.0,1.058811564516784,56,fixed_k3
00_Optimized_Structure,a,0.0,0.10473437800000002,0.062418759374999994,0.0,2.563093803404102,56,fixed_k3
00_Optimized_Structure,a,0.0,0.10861300200000001,0.062418759374999994,0.0,5.061934175708267,56,fixed_k3
00_Optimized_Structure,a,0.0,0.11249162600000001,0.062418759374999994,0.0,3.560251678270545,56,fixed_k3
00_Optimized_Structure,a,0.0,0.11637025000000001,0.062418759374999994,0.0,-17.32635303763302,56,fixed_k3
00_Optimized_Structure,a,0.0,0.120248874,0.062418759374999994,0.0,-132.48532091189236,56,fixed_k3
00_Optimized_Structure,a,0.0,0.124127498,0.062418759374999994,0.0,-949.4974598184609,56,fixed_k3
00_Optimized_Structure,a,0.0,0.128006122,0.062418759374999994,0.0,-867.1362794196252,56,fixed_k3
00_Optimized_Structure,a,0.0,0.131884746,0.062418759374999994,0.0,-104.39398707119545,56,fixed_k3
00_Optimized_Structure,a,0.0,0.13576337,0.062418759374999994,0.0,-14.598856268988014,56,fixed_k3
00_Optimized_Structure,a,0.0,0.139641994,0.062418759374999994,0.0,1.2567115434364404,56,fixed_k3
00_Optimized_Structure,a,0.0,0.143520618,0.062418759374999994,0.0,4.939150510804332,56,fixed_k3
00_Optimized_Structure,a,0.0,0.14739924199999999,0.062418759374999994,0.0,5.769493655094973,56,fixed_k3
00_Optimized_Structure,a,0.0,0.15127786599999998,0.062418759374999994,0.0,5.791013693274568,56,fixed_k3
00_Optimized_Structure,a,0.0,0.15515649,0.062418759374999994,0.0,5.568447317641625,56,fixed_k3
00_Optimized_Structure,a,0.0,-0.1551334299999998,0.06570539749999998,0.0,6.830637098584264,56,fixed_k3
00_Optimized_Structure,a,0.0,-0.1512548059999998,0.06570539749999998,0.0,7.333568794592028,56,fixed_k3
00_Optimized_Structure,a,0.0,-0.1473761819999998,0.06570539749999998,0.0,7.585383060163082,56,fixed_k3
00_Optimized_Structure,a,0.0,-0.1434975579999998,0.06570539749999998,0.0,7.03182094807518,56,fixed_k3
00_Optimized_Structure,a,0.0,-0.1396189339999998,0.06570539749999998,0.0,3.8081748050342568,56,fixed_k3
00_Optimized_Structure,a,0.0,-0.1357403099999998,0.06570539749999998,0.0,-9.729099397429032,56,fixed_k3
00_Optimized_Structure,a,0.0,-0.1318616859999998,0.06570539749999998,0.0,-77.10171751120414,56,fixed_k3
00_Optimized_Structure,a,0.0,-0.12798306199999981,0.06570539749999998,0.0,-539.5606454736542,56,fixed_k3
00_Optimized_Structure,a,0.0,-0.12410443799999982,0.06570539749999998,0.0,-811.9845245973441,56,fixed_k3
00_Optimized_Structure,a,0.0,-0.12022581399999982,0.06570539749999998,0.0,-112.35555076309849,56,fixed_k3
00_Optimized_Structure,a,0.0,-0.11634718999999982,0.06570539749999998,0.0,2.3942961834575978,56,fixed_k3
00_Optimized_Structure,a,0.0,-0.11246856599999983,0.06570539749999998,0.0,22.996415420632516,56,fixed_k3
00_Optimized_Structure,a,0.0,-0.10858994199999983,0.06570539749999998,0.0,25.80283338799682,56,fixed_k3
00_Optimized_Structure,a,0.0,-0.10471131799999983,0.06570539749999998,0.0,23.459897265929726,56,fixed_k3
00_Optimized_Structure,a,0.0,-0.10083269399999983,0.06570539749999998,0.0,18.754469695104294,56,fixed_k3
00_Optimized_Structure,a,0.0,-0.09695406999999984,0.06570539749999998,0.0,13.143455559431251,56,fixed_k3
00_Optimized_Structure,a,0.0,-0.09307544599999984,0.06570539749999998,0.0,7.971975168446159,56,fixed_k3
00_Optimized_Structure,a,0.0,-0.08919682199999984,0.06570539749999998,0.0,4.071947876177122,56,fixed_k3
00_Optimized_Structure,a,0.0,-0.08531819799999985,0.06570539749999998,0.0,1.5834059144462027,56,fixed_k3
00_Optimized_Structure,a,0.0,-0.08143957399999985,0.06570539749999998,0.0,0.22126587102384931,56,fixed_k3
00_Optimized_Structure,a,0.0,-0.07756094999999985,0.06570539749999998,0.0,-0.39970001194891047,56,fixed_k3
00_Optimized_Structure,a,0.0,-0.07368232599999985,0.06570539749999998,0.0,-0.5954529075600468,56,fixed_k3
00_Optimized_Structure,a,0.0,-0.06980370199999986,0.06570539749999998,0.0,-0.5762709911646371,56,fixed_k3
00_Optimized_Structure,a,0.0,-0.06592507799999986,0.06570539749999998,0.0,-0.46644860837726076,56,fixed_k3
00_Optimized_Structure,a,0.0,-0.06204645399999986,0.06570539749999998,0.0,-0.333600365275309,56,fixed_k3
00_Optimized_Structure,a,0.0,-0.058167829999999865,0.06570539749999998,0.0,-0.21163562341151265,56,fixed_k3
00_Optimized_Structure,a,0.0,-0.05428920599999987,0.06570539749999998,0.0,-0.11552678837483987,56,fixed_k3
00_Optimized_Structure,a,0.0,-0.05041058199999987,0.06570539749999998,0.0,-0.04995717903181007,56,fixed_k3
00_Optimized_Structure,a,0.0,-0.04653195799999987,0.06570539749999998,0.0,-0.014139830413379295,56,fixed_k3
00_Optimized_Structure,a,0.0,-0.042653333999999876,0.06570539749999998,0.0,-0.004433986894546882,56,fixed_k3
00_Optimized_Structure,a,0.0,-0.03877470999999988,0.06570539749999998,0.0,-0.01575822712311603,56,fixed_k3
00_Optimized_Structure,a,0.0,-0.03489608599999988,0.06570539749999998,0.0,-0.04237430099676187,56,fixed_k3
00_Optimized_Structure,a,0.0,-0.031017461999999885,0.06570539749999998,0.0,-0.07835909749194458,56,fixed_k3
00_Optimized_Structure,a,0.0,-0.027138837999999887,0.06570539749999998,0.0,-0.11793310439508176,56,fixed_k3
00_Optimized_Structure,a,0.0,-0.02326021399999989,0.06570539749999998,0.0,-0.15572705930434871,56,fixed_k3
00_Optimized_Structure,a,0.0,-0.019381589999999893,0.06570539749999998,0.0,-0.18701698240691234,56,fixed_k3
00_Optimized_Structure,a,0.0,-0.015502965999999896,0.06570539749999998,0.0,-0.2079269608281049,56,fixed_k3
00_Optimized_Structure,a,0.0,-0.011624341999999899,0.06570539749999998,0.0,-0.21558219116044253,56,fixed_k3
00_Optimized_Structure,a,0.0,-0.0077457179999999015,0.06570539749999998,0.0,-0.20818913818321083,56,fixed_k3
00_Optimized_Structure,a,0.0,-0.0038670939999999043,0.06570539749999998,0.0,-0.18502377906915912,56,fixed_k3
00_Optimized_Structure,a,0.0,1.1530000000092855e-05,0.06570539749999998,0.0,-0.14632077457711024,56,fixed_k3
00_Optimized_Structure,a,0.0,0.00389015400000009,0.06570539749999998,0.0,-0.09307262681238981,56,fixed_k3
00_Optimized_Structure,a,0.0,0.007768778000000087,0.06570539749999998,0.0,-0.02676383460730314,56,fixed_k3
00_Optimized_Structure,a,0.0,0.011647402000000084,0.06570539749999998,0.0,0.05092391407393548,56,fixed_k3
00_Optimized_Structure,a,0.0,0.015526026000000082,0.06570539749999998,0.0,0.13839655530559103,56,fixed_k3
00_Optimized_Structure,a,0.0,0.01940465000000008,0.06570539749999998,0.0,0.23438934222742813,56,fixed_k3
00_Optimized_Structure,a,0.0,0.023283274000000076,0.06570539749999998,0.0,0.3381449050397132,56,fixed_k3
00_Optimized_Structure,a,0.0,0.027161898000000073,0.06570539749999998,0.0,0.4495229626568271,56,fixed_k3
00_Optimized_Structure,a,0.0,0.03104052200000007,0.06570539749999998,0.0,0.5690522082166942,56,fixed_k3
00_Optimized_Structure,a,0.0,0.03491914600000007,0.06570539749999998,0.0,0.6979468975707104,56,fixed_k3
00_Optimized_Structure,a,0.0,0.038797770000000065,0.06570539749999998,0.0,0.8381182509011125,56,fixed_k3
00_Optimized_Structure,a,0.0,0.04267639400000006,0.06570539749999998,0.0,0.9922135832858561,56,fixed_k3
00_Optimized_Structure,a,0.0,0.04655501800000006,0.06570539749999998,0.0,1.1637129172086438,56,fixed_k3
00_Optimized_Structure,a,0.0,0.050433642000000056,0.06570539749999998,0.0,1.3570986626508976,56,fixed_k3
00_Optimized_Structure,a,0.0,0.05431226600000005,0.06570539749999998,0.0,1.5780747175780427,56,fixed_k3
00_Optimized_Structure,a,0.0,0.05819089000000005,0.06570539749999998,0.0,1.8337150441918595,56,fixed_k3
00_Optimized_Structure,a,0.0,0.06206951400000005,0.06570539749999998,0.0,2.132204999909076,56,fixed_k3
00_Optimized_Structure,a,0.0,0.06594813800000005,0.06570539749999998,0.0,2.481395075358553,56,fixed_k3
00_Optimized_Structure,a,0.0,0.06982676200000004,0.06570539749999998,0.0,2.884593488915084,56,fixed_k3
00_Optimized_Structure,a,0.0,0.07370538600000004,0.06570539749999998,0.0,3.3309318230280183,56,fixed_k3
00_Optimized_Structure,a,0.0,0.07758401000000004,0.06570539749999998,0.0,3.777136179625848,56,fixed_k3
00_Optimized_Structure,a,0.0,0.08146263400000003,0.06570539749999998,0.0,4.120940197571512,56,fixed_k3
00_Optimized_Structure,a,0.0,0.08534125800000003,0.06570539749999998,0.0,4.181271441252621,56,fixed_k3
00_Optimized_Structure,a,0.0,0.08921988200000003,0.06570539749999998,0.0,3.7342127447432913,56,fixed_k3
00_Optimized_Structure,a,0.0,0.09309850600000003,0.06570539749999998,0.0,2.6859101085368726,56,fixed_k3
00_Optimized_Structure,a,0.0,0.09697713000000002,0.06570539749999998,0.0,1.394852564182767,56,fixed_k3
00_Optimized_Structure,a,0.0,0.10085575400000002,0.06570539749999998,0.0,0.8671752963171176,56,fixed_k3
00_Optimized_Structure,a,0.0,0.10473437800000002,0.06570539749999998,0.0,2.242571458595748,56,fixed_k3
00_Optimized_Structure,a,0.0,0.10861300200000001,0.06570539749999998,0.0,5.19827983988983,56,fixed_k3
00_Optimized_Structure,a,0.0,0.11249162600000001,0.06570539749999998,0.0,5.0541554268476965,56,fixed_k3
00_Optimized_Structure,a,0.0,0.11637025000000001,0.06570539749999998,0.0,-15.463351773338612,56,fixed_k3
00_Optimized_Structure,a,0.0,0.120248874,0.06570539749999998,0.0,-136.72672035451524,56,fixed_k3
00_Optimized_Structure,a,0.0,0.124127498,0.06570539749999998,0.0,-727.9816443976126,56,fixed_k3
00_Optimized_Structure,a,0.0,0.128006122,0.06570539749999998,0.0,-469.72408906808744,56,fixed_k3
00_Optimized_Structure,a,0.0,0.131884746,0.06570539749999998,0.0,-73.3536609961629,56,fixed_k3
00_Optimized_Structure,a,0.0,0.13576337,0.06570539749999998,0.0,-9.603599194630224,56,fixed_k3
00_Optimized_Structure,a,0.0,0.139641994,0.06570539749999998,0.0,2.8579011753017958,56,fixed_k3
00_Optimized_Structure,a,0.0,0.143520618,0.06570539749999998,0.0,5.707969684574668,56,fixed_k3
00_Optimized_Structure,a,0.0,0.14739924199999999,0.06570539749999998,0.0,6.232610659945956,56,fixed_k3
00_Optimized_Structure,a,0.0,0.15127786599999998,0.06570539749999998,0.0,6.111526337291625,56,fixed_k3
00_Optimized_Structure,a,0.0,0.15515649,0.06570539749999998,0.0,5.811941332971719,56,fixed_k3
00_Optimized_Structure,a,0.0,-0.1551334299999998,0.06899203562499998,0.0,7.1664509962139284,56,fixed_k3
00_Optimized_Structure,a,0.0,-0.1512548059999998,0.06899203562499998,0.0,7.77091308409612,56,fixed_k3
00_Optimized_Structure,a,0.0,-0.1473761819999998,0.06899203562499998,0.0,8.193305476279624,56,fixed_k3
00_Optimized_Structure,a,0.0,-0.1434975579999998,0.06899203562499998,0.0,7.976031547567583,56,fixed_k3
00_Optimized_Structure,a,0.0,-0.1396189339999998,0.06899203562499998,0.0,5.58497457403869,56,fixed_k3
00_Optimized_Structure,a,0.0,-0.1357403099999998,0.06899203562499998,0.0,-4.974398929750004,56,fixed_k3
00_Optimized_Structure,a,0.0,-0.1318616859999998,0.06899203562499998,0.0,-53.49559679034235,56,fixed_k3
00_Optimized_Structure,a,0.0,-0.12798306199999981,0.06899203562499998,0.0,-310.15182362134277,56,fixed_k3
00_Optimized_Structure,a,0.0,-0.12410443799999982,0.06899203562499998,0.0,-560.3136915578892,56,fixed_k3
00_Optimized_Structure,a,0.0,-0.12022581399999982,0.06899203562499998,0.0,-89.30044407794314,56,fixed_k3
00_Optimized_Structure,a,0.0,-0.11634718999999982,0.06899203562499998,0.0,19.858020704182433,56,fixed_k3
00_Optimized_Structure,a,0.0,-0.11246856599999983,0.06899203562499998,0.0,33.38456567037188,56,fixed_k3
00_Optimized_Structure,a,0.0,-0.10858994199999983,0.06899203562499998,0.0,30.598842718055,56,fixed_k3
00_Optimized_Structure,a,0.0,-0.10471131799999983,0.06899203562499998,0.0,24.943882239839127,56,fixed_k3
00_Optimized_Structure,a,0.0,-0.10083269399999983,0.06899203562499998,0.0,18.702987688967525,56,fixed_k3
00_Optimized_Structure,a,0.0,-0.09695406999999984,0.06899203562499998,0.0,12.67563197839739,56,fixed_k3
00_Optimized_Structure,a,0.0,-0.09307544599999984,0.06899203562499998,0.0,7.595582776556406,56,fixed_k3
00_Optimized_Structure,a,0.0,-0.08919682199999984,0.06899203562499998,0.0,3.89101608938572,56,fixed_k3
00_Optimized_Structure,a,0.0,-0.08531819799999985,0.06899203562499998,0.0,1.5408491905597432,56,fixed_k3
00_Optimized_Structure,a,0.0,-0.08143957399999985,0.06899203562499998,0.0,0.24330190765831117,56,fixed_k3
00_Optimized_Structure,a,0.0,-0.07756094999999985,0.06899203562499998,0.0,-0.35933934760390573,56,fixed_k3
00_Optimized_Structure,a,0.0,-0.07368232599999985,0.06899203562499998,0.0,-0.5574689165470006,56,fixed_k3
00_Optimized_Structure,a,0.0,-0.06980370199999986,0.06899203562499998,0.0,-0.5470420729527115,56,fixed_k3
00_Optimized_Structure,a,0.0,-0.06592507799999986,0.06899203562499998,0.0,-0.4462853193228098,56,fixed_k3
00_Optimized_Structure,a,0.0,-0.06204645399999986,0.06899203562499998,0.0,-0.3209631413149965,56,fixed_k3
00_Optimized_Structure,a,0.0,-0.058167829999999865,0.06899203562499998,0.0,-0.2048477046072339,56,fixed_k3
00_Optimized_Structure,a,0.0,-0.05428920599999987,0.06899203562499998,0.0,-0.11329437240217999,56,fixed_k3
00_Optimized_Structure,a,0.0,-0.05041058199999987,0.06899203562499998,0.0,-0.05141852336684982,56,fixed_k3
00_Optimized_Structure,a,0.0,-0.04653195799999987,0.06899203562499998,0.0,-0.01876927157831121,56,fixed_k3
00_Optimized_Structure,a,0.0,-0.042653333999999876,0.06899203562499998,0.0,-0.011927051723932713,56,fixed_k3
00_Optimized_Structure,a,0.0,-0.03877470999999988,0.06899203562499998,0.0,-0.025937164579231453,56,fixed_k3
00_Optimized_Structure,a,0.0,-0.03489608599999988,0.06899203562499998,0.0,-0.055120127039087086,56,fixed_k3
00_Optimized_Structure,a,0.0,-0.031017461999999885,0.06899203562499998,0.0,-0.09356567522032488,56,fixed_k3
00_Optimized_Structure,a,0.0,-0.027138837999999887,0.06899203562499998,0.0,-0.13547685435968515,56,fixed_k3
00_Optimized_Structure,a,0.0,-0.02326021399999989,0.06899203562499998,0.0,-0.1754468390569177,56,fixed_k3
00_Optimized_Structure,a,0.0,-0.019381589999999893,0.06899203562499998,0.0,-0.2087003337369151,56,fixed_k3
00_Optimized_Structure,a,0.0,-0.015502965999999896,0.06899203562499998,0.0,-0.2313005807987536,56,fixed_k3
00_Optimized_Structure,a,0.0,-0.011624341999999899,0.06899203562499998,0.0,-0.240305910992747,56,fixed_k3
00_Optimized_Structure,a,0.0,-0.0077457179999999015,0.06899203562499998,0.0,-0.2338537722046916,56,fixed_k3
00_Optimized_Structure,a,0.0,-0.0038670939999999043,0.06899203562499998,0.0,-0.21115381058949367,56,fixed_k3
00_Optimized_Structure,a,0.0,1.1530000000092855e-05,0.06899203562499998,0.0,-0.17238286976042483,56,fixed_k3
00_Optimized_Structure,a,0.0,0.00389015400000009,0.06899203562499998,0.0,-0.11849039519464188,56,fixed_k3
00_Optimized_Structure,a,0.0,0.007768778000000087,0.06899203562499998,0.0,-0.0509382226940176,56,fixed_k3
00_Optimized_Structure,a,0.0,0.011647402000000084,0.06899203562499998,0.0,0.02859041160896658,56,fixed_k3
00_Optimized_Structure,a,0.0,0.015526026000000082,0.06899203562499998,0.0,0.11847468697792296,56,fixed_k3
00_Optimized_Structure,a,0.0,0.01940465000000008,0.06899203562499998,0.0,0.2174002002436859,56,fixed_k3
00_Optimized_Structure,a,0.0,0.023283274000000076,0.06899203562499998,0.0,0.3245424419744187,56,fixed_k3
00_Optimized_Structure,a,0.0,0.027161898000000073,0.06899203562499998,0.0,0.4396841680714565,56,fixed_k3
00_Optimized_Structure,a,0.0,0.03104052200000007,0.06899203562499998,0.0,0.5632758229657111,56,fixed_k3
00_Optimized_Structure,a,0.0,0.03491914600000007,0.06899203562499998,0.0,0.6964598601405383,56,fixed_k3
00_Optimized_Structure,a,0.0,0.038797770000000065,0.06899203562499998,0.0,0.84108714566196,56,fixed_k3
00_Optimized_Structure,a,0.0,0.04267639400000006,0.06899203562499998,0.0,0.9997560436686446,56,fixed_k3
00_Optimized_Structure,a,0.0,0.04655501800000006,0.06899203562499998,0.0,1.1759007598221687,56,fixed_k3
00_Optimized_Structure,a,0.0,0.050433642000000056,0.06899203562499998,0.0,1.3739396767619472,56,fixed_k3
00_Optimized_Structure,a,0.0,0.05431226600000005,0.06899203562499998,0.0,1.5994525229212626,56,fixed_k3
00_Optimized_Structure,a,0.0,0.05819089000000005,0.06899203562499998,0.0,1.8592560041720112,56,fixed_k3
00_Optimized_Structure,a,0.0,0.06206951400000005,0.06899203562499998,0.0,2.161031365388061,56,fixed_k3
00_Optimized_Structure,a,0.0,0.06594813800000005,0.06899203562499998,0.0,2.511729965712746,56,fixed_k3
00_Optimized_Structure,a,0.0,0.06982676200000004,0.06899203562499998,0.0,2.9132516652992893,56,fixed_k3
00_Optimized_Structure,a,0.0,0.07370538600000004,0.06899203562499998,0.0,3.352959975875378,56,fixed_k3
00_Optimized_Structure,a,0.0,0.07758401000000004,0.06899203562499998,0.0,3.7863855928767425,56,fixed_k3
00_Optimized_Structure,a,0.0,0.08146263400000003,0.06899203562499998,0.0,4.113026081685575,56,fixed_k3
00_Optimized_Structure,a,0.0,0.08534125800000003,0.06899203562499998,0.0,4.1598046913226545,56,fixed_k3
00_Optimized_Structure,a,0.0,0.08921988200000003,0.06899203562499998,0.0,3.7155011888907943,56,fixed_k3
00_Optimized_Structure,a,0.0,0.09309850600000003,0.06899203562499998,0.0,2.6844554847245132,56,fixed_k3
00_Optimized_Structure,a,0.0,0.09697713000000002,0.06899203562499998,0.0,1.3735240144302683,56,fixed_k3
00_Optimized_Structure,a,0.0,0.10085575400000002,0.06899203562499998,0.0,0.7131157515494099,56,fixed_k3
00_Optimized_Structure,a,0.0,0.10473437800000002,0.06899203562499998,0.0,1.9732967983469645,56,fixed_k3
00_Optimized_Structure,a,0.0,0.10861300200000001,0.06899203562499998,0.0,5.517046446047366,56,fixed_k3
00_Optimized_Structure,a,0.0,0.11249162600000001,0.06899203562499998,0.0,7.637909444210473,56,fixed_k3
00_Optimized_Structure,a,0.0,0.11637025000000001,0.06899203562499998,0.0,-9.658658825922322,56,fixed_k3
00_Optimized_Structure,a,0.0,0.120248874,0.06899203562499998,0.0,-125.67910270841567,56,fixed_k3
00_Optimized_Structure,a,0.0,0.124127498,0.06899203562499998,0.0,-499.66013637393417,56,fixed_k3
00_Optimized_Structure,a,0.0,0.128006122,0.06899203562499998,0.0,-275.9752427104525,56,fixed_k3
00_Optimized_Structure,a,0.0,0.131884746,0.06899203562499998,0.0,-50.57909054470731,56,fixed_k3
00_Optimized_Structure,a,0.0,0.13576337,0.06899203562499998,0.0,-5.063114785985054,56,fixed_k3
00_Optimized_Structure,a,0.0,0.139641994,0.06899203562499998,0.0,4.4476980713781185,56,fixed_k3
00_Optimized_Structure,a,0.0,0.143520618,0.06899203562499998,0.0,6.490796056865642,56,fixed_k3
00_Optimized_Structure,a,0.0,0.14739924199999999,0.06899203562499998,0.0,6.70480135689885,56,fixed_k3
00_Optimized_Structure,a,0.0,0.15127786599999998,0.06899203562499998,0.0,6.4367348005490435,56,fixed_k3
00_Optimized_Structure,a,0.0,0.15515649,0.06899203562499998,0.0,6.057734893082789,56,fixed_k3
00_Optimized_Structure,a,0.0,-0.1551334299999998,0.07227867375,0.0,7.477824461145198,56,fixed_k3
00_Optimized_Structure,a,0.0,-0.1512548059999998,0.07227867375,0.0,8.186050968073227,56,fixed_k3
00_Optimized_Structure,a,0.0,-0.1473761819999998,0.07227867375,0.0,8.78404856113072,56,fixed_k3
00_Optimized_Structure,a,0.0,-0.1434975579999998,0.07227867375,0.0,8.911738035674198,56,fixed_k3
00_Optimized_Structure,a,0.0,-0.1396189339999998,0.07227867375,0.0,7.34529131969427,56,fixed_k3
00_Optimized_Structure,a,0.0,-0.1357403099999998,0.07227867375,0.0,-0.5452419825722263,56,fixed_k3
00_Optimized_Structure,a,0.0,-0.1318616859999998,0.07227867375,0.0,-35.322614855710285,56,fixed_k3
00_Optimized_Structure,a,0.0,-0.12798306199999981,0.07227867375,0.0,-187.16683672970242,56,fixed_k3
00_Optimized_Structure,a,0.0,-0.12410443799999982,0.07227867375,0.0,-353.8241226164123,56,fixed_k3
00_Optimized_Structure,a,0.0,-0.12022581399999982,0.07227867375,0.0,-46.27702089623067,56,fixed_k3
00_Optimized_Structure,a,0.0,-0.11634718999999982,0.07227867375,0.0,45.938329208058775,56,fixed_k3
00_Optimized_Structure,a,0.0,-0.11246856599999983,0.07227867375,0.0,46.000766245869706,56,fixed_k3
00_Optimized_Structure,a,0.0,-0.10858994199999983,0.07227867375,0.0,35.30837567078347,56,fixed_k3
00_Optimized_Structure,a,0.0,-0.10471131799999983,0.07227867375,0.0,25.9941315127457,56,fixed_k3
00_Optimized_Structure,a,0.0,-0.10083269399999983,0.07227867375,0.0,18.386480119494543,56,fixed_k3
00_Optimized_Structure,a,0.0,-0.09695406999999984,0.07227867375,0.0,12.103353906818095,56,fixed_k3
00_Optimized_Structure,a,0.0,-0.09307544599999984,0.07227867375,0.0,7.184488664284835,56,fixed_k3
00_Optimized_Structure,a,0.0,-0.08919682199999984,0.07227867375,0.0,3.6953618537997874,56,fixed_k3
00_Optimized_Structure,a,0.0,-0.08531819799999985,0.07227867375,0.0,1.4888421214615915,56,fixed_k3
00_Optimized_Structure,a,0.0,-0.08143957399999985,0.07227867375,0.0,0.25852036142561885,56,fixed_k3
00_Optimized_Structure,a,0.0,-0.07756094999999985,0.07227867375,0.0,-0.3238563104076442,56,fixed_k3
00_Optimized_Structure,a,0.0,-0.07368232599999985,0.07227867375,0.0,-0.5231234074252644,56,fixed_k3
00_Optimized_Structure,a,0.0,-0.06980370199999986,0.07227867375,0.0,-0.5208277251968916,56,fixed_k3
00_Optimized_Structure,a,0.0,-0.06592507799999986,0.07227867375,0.0,-0.4289044032236995,56,fixed_k3
00_Optimized_Structure,a,0.0,-0.06204645399999986,0.07227867375,0.0,-0.31106620435973875,56,fixed_k3
00_Optimized_Structure,a,0.0,-0.058167829999999865,0.07227867375,0.0,-0.2008206093361784,56,fixed_k3
00_Optimized_Structure,a,0.0,-0.05428920599999987,0.07227867375,0.0,-0.11384146940406858,56,fixed_k3
00_Optimized_Structure,a,0.0,-0.05041058199999987,0.07227867375,0.0,-0.055650780353071916,56,fixed_k3
00_Optimized_Structure,a,0.0,-0.04653195799999987,0.07227867375,0.0,-0.026128611108863664,56,fixed_k3
00_Optimized_Structure,a,0.0,-0.042653333999999876,0.07227867375,0.0,-0.022080572296851564,56,fixed_k3
00_Optimized_Structure,a,0.0,-0.03877470999999988,0.07227867375,0.0,-0.038685941749508235,56,fixed_k3
00_Optimized_Structure,a,0.0,-0.03489608599999988,0.07227867375,0.0,-0.07033178992511857,56,fixed_k3
00_Optimized_Structure,a,0.0,-0.031017461999999885,0.07227867375,0.0,-0.11112787622621267,56,fixed_k3
00_Optimized_Structure,a,0.0,-0.027138837999999887,0.07227867375,0.0,-0.1552659788409505,56,fixed_k3
00_Optimized_Structure,a,0.0,-0.02326021399999989,0.07227867375,0.0,-0.1973068196781147,56,fixed_k3
00_Optimized_Structure,a,0.0,-0.019381589999999893,0.07227867375,0.0,-0.23242789610720394,56,fixed_k3
00_Optimized_Structure,a,0.0,-0.015502965999999896,0.07227867375,0.0,-0.25663482034640217,56,fixed_k3
00_Optimized_Structure,a,0.0,-0.011624341999999899,0.07227867375,0.0,-0.26692149409889954,56,fixed_k3
00_Optimized_Structure,a,0.0,-0.0077457179999999015,0.07227867375,0.0,-0.26135811510840945,56,fixed_k3
00_Optimized_Structure,a,0.0,-0.0038670939999999043,0.07227867375,0.0,-0.23908918038224325,56,fixed_k3
00_Optimized_Structure,a,0.0,1.1530000000092855e-05,0.07227867375,0.0,-0.20023436376414083,56,fixed_k3
00_Optimized_Structure,a,0.0,0.00389015400000009,0.07227867375,0.0,-0.14570017499539523,56,fixed_k3
00_Optimized_Structure,a,0.0,0.007768778000000087,0.07227867375,0.0,-0.07692534701255527,56,fixed_k3
00_Optimized_Structure,a,0.0,0.011647402000000084,0.07227867375,0.0,0.004406404792031804,56,fixed_k3
00_Optimized_Structure,a,0.0,0.015526026000000082,0.07227867375,0.0,0.0966492903069156,56,fixed_k3
00_Optimized_Structure,a,0.0,0.01940465000000008,0.07227867375,0.0,0.19844185309397333,56,fixed_k3
00_Optimized_Structure,a,0.0,0.023283274000000076,0.07227867375,0.0,0.3088959558229125,56,fixed_k3
00_Optimized_Structure,a,0.0,0.027161898000000073,0.07227867375,0.0,0.4277218891745447,56,fixed_k3
00_Optimized_Structure,a,0.0,0.03104052200000007,0.07227867375,0.0,0.5552973758394888,56,fixed_k3
00_Optimized_Structure,a,0.0,0.03491914600000007,0.07227867375,0.0,0.6926995961111269,56,fixed_k3
00_Optimized_Structure,a,0.0,0.038797770000000065,0.07227867375,0.0,0.8417264308851449,56,fixed_k3
00_Optimized_Structure,a,0.0,0.04267639400000006,0.07227867375,0.0,1.004935098049491,56,fixed_k3
00_Optimized_Structure,a,0.0,0.04655501800000006,0.07227867375,0.0,1.185721432562345,56,fixed_k3
00_Optimized_Structure,a,0.0,0.050433642000000056,0.07227867375,0.0,1.3884455311006594,56,fixed_k3
00_Optimized_Structure,a,0.0,0.05431226600000005,0.07227867375,0.0,1.618565033550115,56,fixed_k3
00_Optimized_Structure,a,0.0,0.05819089000000005,0.07227867375,0.0,1.8826356096969334,56,fixed_k3
00_Optimized_Structure,a,0.0,0.06206951400000005,0.07227867375,0.0,2.18782378215174,56,fixed_k3
00_Optimized_Structure,a,0.0,0.06594813800000005,0.07227867375,0.0,2.540168259547059,56,fixed_k3
00_Optimized_Structure,a,0.0,0.06982676200000004,0.07227867375,0.0,2.940159167974593,56,fixed_k3
00_Optimized_Structure,a,0.0,0.07370538600000004,0.07227867375,0.0,3.3734330194437936,56,fixed_k3
00_Optimized_Structure,a,0.0,0.07758401000000004,0.07227867375,0.0,3.7944372553670345,56,fixed_k3
00_Optimized_Structure,a,0.0,0.08146263400000003,0.07227867375,0.0,4.104578244989901,56,fixed_k3
00_Optimized_Structure,a,0.0,0.08534125800000003,0.07227867375,0.0,4.138811078312599,56,fixed_k3
00_Optimized_Structure,a,0.0,0.08921988200000003,0.07227867375,0.0,3.6987736819339117,56,fixed_k3
00_Optimized_Structure,a,0.0,0.09309850600000003,0.07227867375,0.0,2.689323000826331,56,fixed_k3
00_Optimized_Structure,a,0.0,0.09697713000000002,0.07227867375,0.0,1.3724614148922167,56,fixed_k3
00_Optimized_Structure,a,0.0,0.10085575400000002,0.07227867375,0.0,0.6028763399963819,56,fixed_k3
00_Optimized_Structure,a,0.0,0.10473437800000002,0.07227867375,0.0,1.7565309124642168,56,fixed_k3
00_Optimized_Structure,a,0.0,0.10861300200000001,0.07227867375,0.0,5.989459488741781,56,fixed_k3
00_Optimized_Structure,a,0.0,0.11249162600000001,0.07227867375,0.0,11.477349419590315,56,fixed_k3
00_Optimized_Structure,a,0.0,0.11637025000000001,0.07227867375,0.0,1.678343081109929,56,fixed_k3
00_Optimized_Structure,a,0.0,0.120248874,0.07227867375,0.0,-97.51895706947231,56,fixed_k3
00_Optimized_Structure,a,0.0,0.124127498,0.07227867375,0.0,-322.02225962145985,56,fixed_k3
00_Optimized_Structure,a,0.0,0.128006122,0.07227867375,0.0,-168.85727843972117,56,fixed_k3
00_Optimized_Structure,a,0.0,0.131884746,0.07227867375,0.0,-33.101689724357804,56,fixed_k3
00_Optimized_Structure,a,0.0,0.13576337,0.07227867375,0.0,-0.8672452273058386,56,fixed_k3
00_Optimized_Structure,a,0.0,0.139641994,0.07227867375,0.0,6.02800694169077,56,fixed_k3
00_Optimized_Structure,a,0.0,0.143520618,0.07227867375,0.0,7.284983144276324,56,fixed_k3
00_Optimized_Structure,a,0.0,0.14739924199999999,0.07227867375,0.0,7.18513140884195,56,fixed_k3
00_Optimized_Structure,a,0.0,0.15127786599999998,0.07227867375,0.0,6.7671346892557835,56,fixed_k3
00_Optimized_Structure,a,0.0,0.15515649,0.07227867375,0.0,6.307159782329139,56,fixed_k3
00_Optimized_Structure,a,0.0,-0.1551334299999998,0.07556531187499999,0.0,7.761429986044121,56,fixed_k3
00_Optimized_Structure,a,0.0,-0.1512548059999998,0.07556531187499999,0.0,8.574618960202413,56,fixed_k3
00_Optimized_Structure,a,0.0,-0.1473761819999998,0.07556531187499999,0.0,9.351813131075625,56,fixed_k3
00_Optimized_Structure,a,0.0,-0.1434975579999998,0.07556531187499999,0.0,9.832383531385048,56,fixed_k3
00_Optimized_Structure,a,0.0,-0.1396189339999998,0.07556531187499999,0.0,9.09144306865008,56,fixed_k3
00_Optimized_Structure,a,0.0,-0.1357403099999998,0.07556531187499999,0.0,3.6696387159923542,56,fixed_k3
00_Optimized_Structure,a,0.0,-0.1318616859999998,0.07556531187499999,0.0,-20.52431015276158,56,fixed_k3
00_Optimized_Structure,a,0.0,-0.12798306199999981,0.07556531187499999,0.0,-112.83363311009855,56,fixed_k3
00_Optimized_Structure,a,0.0,-0.12410443799999982,0.07556531187499999,0.0,-205.40795367835617,56,fixed_k3
00_Optimized_Structure,a,0.0,-0.12022581399999982,0.07556531187499999,0.0,17.04209122587363,56,fixed_k3
00_Optimized_Structure,a,0.0,-0.11634718999999982,0.07556531187499999,0.0,83.03831109796465,56,fixed_k3
00_Optimized_Structure,a,0.0,-0.11246856599999983,0.07556531187499999,0.0,60.60256959654429,56,fixed_k3
00_Optimized_Structure,a,0.0,-0.10858994199999983,0.07556531187499999,0.0,39.57759341143931,56,fixed_k3
00_Optimized_Structure,a,0.0,-0.10471131799999983,0.07556531187499999,0.0,26.524434912543974,56,fixed_k3
00_Optimized_Structure,a,0.0,-0.10083269399999983,0.07556531187499999,0.0,17.81683668774093,56,fixed_k3
00_Optimized_Structure,a,0.0,-0.09695406999999984,0.07556531187499999,0.0,11.446093022545377,56,fixed_k3
00_Optimized_Structure,a,0.0,-0.09307544599999984,0.07556531187499999,0.0,6.749857617710734,56,fixed_k3
00_Optimized_Structure,a,0.0,-0.08919682199999984,0.07556531187499999,0.0,3.490519408003755,56,fixed_k3
00_Optimized_Structure,a,0.0,-0.08531819799999985,0.07556531187499999,0.0,1.4301178149483484,56,fixed_k3
00_Optimized_Structure,a,0.0,-0.08143957399999985,0.07556531187499999,0.0,0.2682735764256934,56,fixed_k3
00_Optimized_Structure,a,0.0,-0.07756094999999985,0.07556531187499999,0.0,-0.29256440186493604,56,fixed_k3
00_Optimized_Structure,a,0.0,-0.07368232599999985,0.07556531187499999,0.0,-0.492030481635481,56,fixed_k3
00_Optimized_Structure,a,0.0,-0.06980370199999986,0.07556531187499999,0.0,-0.4973689993229027,56,fixed_k3
00_Optimized_Structure,a,0.0,-0.06592507799999986,0.07556531187499999,0.0,-0.4140989137326152,56,fixed_k3
00_Optimized_Structure,a,0.0,-0.06204645399999986,0.07556531187499999,0.0,-0.3037250223982144,56,fixed_k3
00_Optimized_Structure,a,0.0,-0.058167829999999865,0.07556531187499999,0.0,-0.1993814498296167,56,fixed_k3
00_Optimized_Structure,a,0.0,-0.05428920599999987,0.07556531187499999,0.0,-0.1170032553748408,56,fixed_k3
00_Optimized_Structure,a,0.0,-0.05041058199999987,0.07556531187499999,0.0,-0.06249616475896369,56,fixed_k3
00_Optimized_Structure,a,0.0,-0.04653195799999987,0.07556531187499999,0.0,-0.03606690656227651,56,fixed_k3
00_Optimized_Structure,a,0.0,-0.042653333999999876,0.07556531187499999,0.0,-0.03475046426429751,56,fixed_k3
00_Optimized_Structure,a,0.0,-0.03877470999999988,0.07556531187499999,0.0,-0.05386733792893361,56,fixed_k3
00_Optimized_Structure,a,0.0,-0.03489608599999988,0.07556531187499999,0.0,-0.08787884450317462,56,fixed_k3
00_Optimized_Structure,a,0.0,-0.031017461999999885,0.07556531187499999,0.0,-0.13092181522395419,56,fixed_k3
00_Optimized_Structure,a,0.0,-0.027138837999999887,0.07556531187499999,0.0,-0.17718279899476608,56,fixed_k3
00_Optimized_Structure,a,0.0,-0.02326021399999989,0.07556531187499999,0.0,-0.22119504501260634,56,fixed_k3
00_Optimized_Structure,a,0.0,-0.019381589999999893,0.07556531187499999,0.0,-0.25809284568558755,56,fixed_k3
00_Optimized_Structure,a,0.0,-0.015502965999999896,0.07556531187499999,0.0,-0.28382732931890353,56,fixed_k3
00_Optimized_Structure,a,0.0,-0.011624341999999899,0.07556531187499999,0.0,-0.29533038594289884,56,fixed_k3
00_Optimized_Structure,a,0.0,-0.0077457179999999015,0.07556531187499999,0.0,-0.2906067629609821,56,fixed_k3
00_Optimized_Structure,a,0.0,-0.0038670939999999043,0.07556531187499999,0.0,-0.26873707039013217,56,fixed_k3
00_Optimized_Structure,a,0.0,1.1530000000092855e-05,0.07556531187499999,0.0,-0.2297845730158139,56,fixed_k3
00_Optimized_Structure,a,0.0,0.00389015400000009,0.07556531187499999,0.0,-0.17461309103878264,56,fixed_k3
00_Optimized_Structure,a,0.0,0.007768778000000087,0.07556531187499999,0.0,-0.10463792806012151,56,fixed_k3
00_Optimized_Structure,a,0.0,0.011647402000000084,0.07556531187499999,0.0,-0.021542289507206824,56,fixed_k3
00_Optimized_Structure,a,0.0,0.015526026000000082,0.07556531187499999,0.0,0.0730048215220167,56,fixed_k3
00_Optimized_Structure,a,0.0,0.01940465000000008,0.07556531187499999,0.0,0.1775975210792171,56,fixed_k3
00_Optimized_Structure,a,0.0,0.023283274000000076,0.07556531187499999,0.0,0.2912876267846203,56,fixed_k3
00_Optimized_Structure,a,0.0,0.027161898000000073,0.07556531187499999,0.0,0.4137175674446518,56,fixed_k3
00_Optimized_Structure,a,0.0,0.03104052200000007,0.07556531187499999,0.0,0.5451979926679336,56,fixed_k3
00_Optimized_Structure,a,0.0,0.03491914600000007,0.07556531187499999,0.0,0.6867474607039825,56,fixed_k3
00_Optimized_Structure,a,0.0,0.038797770000000065,0.07556531187499999,0.0,0.8401183554400058,56,fixed_k3
00_Optimized_Structure,a,0.0,0.04267639400000006,0.07556531187499999,0.0,1.0078346972513914,56,fixed_k3
00_Optimized_Structure,a,0.0,0.04655501800000006,0.07556531187499999,0.0,1.1932616572558699,56,fixed_k3
00_Optimized_Structure,a,0.0,0.050433642000000056,0.07556531187499999,0.0,1.4007073877326632,56,fixed_k3
00_Optimized_Structure,a,0.0,0.05431226600000005,0.07556531187499999,0.0,1.6355109442172218,56,fixed_k3
00_Optimized_Structure,a,0.0,0.05819089000000005,0.07556531187499999,0.0,1.9039664087158914,56,fixed_k3
00_Optimized_Structure,a,0.0,0.06206951400000005,0.07556531187499999,0.0,2.2127218638735204,56,fixed_k3
00_Optimized_Structure,a,0.0,0.06594813800000005,0.07556531187499999,0.0,2.566903589523807,56,fixed_k3
00_Optimized_Structure,a,0.0,0.06982676200000004,0.07556531187499999,0.0,2.965615792369772,56,fixed_k3
00_Optimized_Structure,a,0.0,0.07370538600000004,0.07556531187499999,0.0,3.392850345638434,56,fixed_k3
00_Optimized_Structure,a,0.0,0.07758401000000004,0.07556531187499999,0.0,3.8021414647319425,56,fixed_k3
00_Optimized_Structure,a,0.0,0.08146263400000003,0.07556531187499999,0.0,4.097013632022165,56,fixed_k3
00_Optimized_Structure,a,0.0,0.08534125800000003,0.07556531187499999,0.0,4.120532933738194,56,fixed_k3
00_Optimized_Structure,a,0.0,0.08921988200000003,0.07556531187499999,0.0,3.6872969916400296,56,fixed_k3
00_Optimized_Structure,a,0.0,0.09309850600000003,0.07556531187499999,0.0,2.7046369307659583,56,fixed_k3
00_Optimized_Structure,a,0.0,0.09697713000000002,0.07556531187499999,0.0,1.3959716328460785,56,fixed_k3
00_Optimized_Structure,a,0.0,0.10085575400000002,0.07556531187499999,0.0,0.541060599062444,56,fixed_k3
00_Optimized_Structure,a,0.0,0.10473437800000002,0.07556531187499999,0.0,1.590210402619639,56,fixed_k3
00_Optimized_Structure,a,0.0,0.10861300200000001,0.07556531187499999,0.0,6.549549100504951,56,fixed_k3
00_Optimized_Structure,a,0.0,0.11249162600000001,0.07556531187499999,0.0,16.57499460064381,56,fixed_k3
00_Optimized_Structure,a,0.0,0.11637025000000001,0.07556531187499999,0.0,20.352878129497483,56,fixed_k3
00_Optimized_Structure,a,0.0,0.120248874,0.07556531187499999,0.0,-52.43187031756003,56,fixed_k3
00_Optimized_Structure,a,0.0,0.124127498,0.07556531187499999,0.0,-195.1342009654356,56,fixed_k3
00_Optimized_Structure,a,0.0,0.128006122,0.07556531187499999,0.0,-102.62857149126684,56,fixed_k3
00_Optimized_Structure,a,0.0,0.131884746,0.07556531187499999,0.0,-18.948658854321685,56,fixed_k3
00_Optimized_Structure,a,0.0,0.13576337,0.07556531187499999,0.0,3.093434969586313,56,fixed_k3
00_Optimized_Structure,a,0.0,0.139641994,0.07556531187499999,0.0,7.6045058573837885,56,fixed_k3
00_Optimized_Structure,a,0.0,0.143520618,0.07556531187499999,0.0,8.089082156629352,56,fixed_k3
00_Optimized_Structure,a,0.0,0.14739924199999999,0.07556531187499999,0.0,7.673179277099761,56,fixed_k3
00_Optimized_Structure,a,0.0,0.15127786599999998,0.07556531187499999,0.0,7.103568588624878,56,fixed_k3
00_Optimized_Structure,a,0.0,0.15515649,0.07556531187499999,0.0,6.5618612275876025,56,fixed_k3
00_Optimized_Structure,a,0.0,-0.1551334299999998,0.07885194999999998,0.0,8.014011313789428,56,fixed_k3
00_Optimized_Structure,a,0.0,-0.1512548059999998,0.07885194999999998,0.0,8.932318414226886,56,fixed_k3
00_Optimized_Structure,a,0.0,-0.1473761819999998,0.07885194999999998,0.0,9.89087953178988,56,fixed_k3
00_Optimized_Structure,a,0.0,-0.1434975579999998,0.07885194999999998,0.0,10.73170390600286,56,fixed_k3
00_Optimized_Structure,a,0.0,-0.1396189339999998,0.07885194999999998,0.0,10.827190817498899,56,fixed_k3
00_Optimized_Structure,a,0.0,-0.1357403099999998,0.07885194999999998,0.0,7.777603587203904,56,fixed_k3
00_Optimized_Structure,a,0.0,-0.1318616859999998,0.07885194999999998,0.0,-7.649597903536879,56,fixed_k3
00_Optimized_Structure,a,0.0,-0.12798306199999981,0.07885194999999998,0.0,-61.893791254306905,56,fixed_k3
00_Optimized_Structure,a,0.0,-0.12410443799999982,0.07885194999999998,0.0,-97.29037750697746,56,fixed_k3
00_Optimized_Structure,a,0.0,-0.12022581399999982,0.07885194999999998,0.0,103.27040537013549,56,fixed_k3
00_Optimized_Structure,a,0.0,-0.11634718999999982,0.07885194999999998,0.0,134.21231613799617,56,fixed_k3
00_Optimized_Structure,a,0.0,-0.11246856599999983,0.07885194999999998,0.0,76.48787617746231,56,fixed_k3
00_Optimized_Structure,a,0.0,-0.10858994199999983,0.07885194999999998,0.0,43.00387569668567,56,fixed_k3
00_Optimized_Structure,a,0.0,-0.10471131799999983,0.07885194999999998,0.0,26.4827550773572,56,fixed_k3
00_Optimized_Structure,a,0.0,-0.10083269399999983,0.07885194999999998,0.0,17.020249165969723,56,fixed_k3
00_Optimized_Structure,a,0.0,-0.09695406999999984,0.07885194999999998,0.0,10.725722904065556,56,fixed_k3
00_Optimized_Structure,a,0.0,-0.09307544599999984,0.07885194999999998,0.0,6.302695475645441,56,fixed_k3
00_Optimized_Structure,a,0.0,-0.08919682199999984,0.07885194999999998,0.0,3.28174651960412,56,fixed_k3
00_Optimized_Structure,a,0.0,-0.08531819799999985,0.07885194999999998,0.0,1.3673036039528188,56,fixed_k3
00_Optimized_Structure,a,0.0,-0.08143957399999985,0.07885194999999998,0.0,0.2739127760305,56,fixed_k3
00_Optimized_Structure,a,0.0,-0.07756094999999985,0.07885194999999998,0.0,-0.2647399793001486,56,fixed_k3
00_Optimized_Structure,a,0.0,-0.07368232599999985,0.07885194999999998,0.0,-0.4637595134611978,56,fixed_k3
00_Optimized_Structure,a,0.0,-0.06980370199999986,0.07885194999999998,0.0,-0.47636426670194076,56,fixed_k3
00_Optimized_Structure,a,0.0,-0.06592507799999986,0.07885194999999998,0.0,-0.40162294443774416,56,fixed_k3
00_Optimized_Structure,a,0.0,-0.06204645399999986,0.07885194999999998,0.0,-0.2987194392630643,56,fixed_k3
00_Optimized_Structure,a,0.0,-0.058167829999999865,0.07885194999999998,0.0,-0.20032446705390083,56,fixed_k3
00_Optimized_Structure,a,0.0,-0.05428920599999987,0.07885194999999998,0.0,-0.12258438070379873,56,fixed_k3
00_Optimized_Structure,a,0.0,-0.05041058199999987,0.07885194999999998,0.0,-0.0717684637843008,56,fixed_k3
00_Optimized_Structure,a,0.0,-0.04653195799999987,0.07885194999999998,0.0,-0.04840672784540856,56,fixed_k3
00_Optimized_Structure,a,0.0,-0.042653333999999876,0.07885194999999998,0.0,-0.04976797573854164,56,fixed_k3
00_Optimized_Structure,a,0.0,-0.03877470999999988,0.07885194999999998,0.0,-0.07132117509492852,56,fixed_k3
00_Optimized_Structure,a,0.0,-0.03489608599999988,0.07885194999999998,0.0,-0.10760948523339953,56,fixed_k3
00_Optimized_Structure,a,0.0,-0.031017461999999885,0.07885194999999998,0.0,-0.15280372218870664,56,fixed_k3
00_Optimized_Structure,a,0.0,-0.027138837999999887,0.07885194999999998,0.0,-0.20109109771125477,56,fixed_k3
00_Optimized_Structure,a,0.0,-0.02326021399999989,0.07885194999999998,0.0,-0.24698223228992955,56,fixed_k3
00_Optimized_Structure,a,0.0,-0.019381589999999893,0.07885194999999998,0.0,-0.2855721058672911,56,fixed_k3
00_Optimized_Structure,a,0.0,-0.015502965999999896,0.07885194999999998,0.0,-0.3127604397606447,56,fixed_k3
00_Optimized_Structure,a,0.0,-0.011624341999999899,0.07885194999999998,0.0,-0.32541950968898936,56,fixed_k3
00_Optimized_Structure,a,0.0,-0.0077457179999999015,0.07885194999999998,0.0,-0.32149044387508185,56,fixed_k3
00_Optimized_Structure,a,0.0,-0.0038670939999999043,0.07885194999999998,0.0,-0.2999913038643127,56,fixed_k3
00_Optimized_Structure,a,0.0,1.1530000000092855e-05,0.07885194999999998,0.0,-0.2609298129797524,56,fixed_k3
00_Optimized_Structure,a,0.0,0.00389015400000009,0.07885194999999998,0.0,-0.20512746521105552,56,fixed_k3
00_Optimized_Structure,a,0.0,0.007768778000000087,0.07885194999999998,0.0,-0.1339759135832823,56,fixed_k3
00_Optimized_Structure,a,0.0,0.011647402000000084,0.07885194999999998,0.0,-0.049156938292338914,56,fixed_k3
00_Optimized_Structure,a,0.0,0.015526026000000082,0.07885194999999998,0.0,0.04763897067618261,56,fixed_k3
00_Optimized_Structure,a,0.0,0.01940465000000008,0.07885194999999998,0.0,0.15496414378542456,56,fixed_k3
00_Optimized_Structure,a,0.0,0.023283274000000076,0.07885194999999998,0.0,0.27181399174835974,56,fixed_k3
00_Optimized_Structure,a,0.0,0.027161898000000073,0.07885194999999998,0.0,0.3977677636951342,56,fixed_k3
00_Optimized_Structure,a,0.0,0.03104052200000007,0.07885194999999998,0.0,0.5330747675331131,56,fixed_k3
00_Optimized_Structure,a,0.0,0.03491914600000007,0.07885194999999998,0.0,0.678701659968997,56,fixed_k3
00_Optimized_Structure,a,0.0,0.038797770000000065,0.07885194999999998,0.0,0.83636286762518,56,fixed_k3
00_Optimized_Structure,a,0.0,0.04267639400000006,0.07885194999999998,0.0,1.0085572220917425,56,fixed_k3
00_Optimized_Structure,a,0.0,0.04655501800000006,0.07885194999999998,0.0,1.1986270960983576,56,fixed_k3
00_Optimized_Structure,a,0.0,0.050433642000000056,0.07885194999999998,0.0,1.4108355152312166,56,fixed_k3
00_Optimized_Structure,a,0.0,0.05431226600000005,0.07885194999999998,0.0,1.6504077186707562,56,fixed_k3
00_Optimized_Structure,a,0.0,0.05819089000000005,0.07885194999999998,0.0,1.9233786346568404,56,fixed_k3
00_Optimized_Structure,a,0.0,0.06206951400000005,0.07885194999999998,0.0,2.2358806069464414,56,fixed_k3
00_Optimized_Structure,a,0.0,0.06594813800000005,0.07885194999999998,0.0,2.592140338917091,56,fixed_k3
00_Optimized_Structure,a,0.0,0.06982676200000004,0.07885194999999998,0.0,2.9899224112244513,56,fixed_k3
00_Optimized_Structure,a,0.0,0.07370538600000004,0.07885194999999998,0.0,3.411691498794792,56,fixed_k3
00_Optimized_Structure,a,0.0,0.07758401000000004,0.07885194999999998,0.0,3.8102840684689596,56,fixed_k3
00_Optimized_Structure,a,0.0,0.08146263400000003,0.07885194999999998,0.0,4.091596251747634,56,fixed_k3
00_Optimized_Structure,a,0.0,0.08534125800000003,0.07885194999999998,0.0,4.106903978827893,56,fixed_k3
00_Optimized_Structure,a,0.0,0.08921988200000003,0.07885194999999998,0.0,3.6837969185672357,56,fixed_k3
00_Optimized_Structure,a,0.0,0.09309850600000003,0.07885194999999998,0.0,2.7336922817814644,56,fixed_k3
00_Optimized_Structure,a,0.0,0.09697713000000002,0.07885194999999998,0.0,1.4471567629342679,56,fixed_k3
00_Optimized_Structure,a,0.0,0.10085575400000002,0.07885194999999998,0.0,0.5305801055643125,56,fixed_k3
00_Optimized_Structure,a,0.0,0.10473437800000002,0.07885194999999998,0.0,1.4709665792956215,56,fixed_k3
00_Optimized_Structure,a,0.0,0.10861300200000001,0.07885194999999998,0.0,7.102252840766608,56,fixed_k3
00_Optimized_Structure,a,0.0,0.11249162600000001,0.07885194999999998,0.0,22.669655942686635,56,fixed_k3
00_Optimized_Structure,a,0.0,0.11637025000000001,0.07885194999999998,0.0,48.45005384910019,56,fixed_k3
00_Optimized_Structure,a,0.0,0.120248874,0.07885194999999998,0.0,11.00203523251501,56,fixed_k3
00_Optimized_Structure,a,0.0,0.124127498,0.07885194999999998,0.0,-101.63597574341675,56,fixed_k3
00_Optimized_Structure,a,0.0,0.128006122,0.07885194999999998,0.0,-56.53794269452175,56,fixed_k3
00_Optimized_Structure,a,0.0,0.131884746,0.07885194999999998,0.0,-6.733102015561753,56,fixed_k3
00_Optimized_Structure,a,0.0,0.13576337,0.07885194999999998,0.0,6.925456345342971,56,fixed_k3
00_Optimized_Structure,a,0.0,0.139641994,0.07885194999999998,0.0,9.185653558424338,56,fixed_k3
00_Optimized_Structure,a,0.0,0.143520618,0.07885194999999998,0.0,8.902751356156912,56,fixed_k3
00_Optimized_Structure,a,0.0,0.14739924199999999,0.07885194999999998,0.0,8.169087137223178,56,fixed_k3
00_Optimized_Structure,a,0.0,0.15127786599999998,0.07885194999999998,0.0,7.447282717228513,56,fixed_k3
00_Optimized_Structure,a,0.0,0.15515649,0.07885194999999998,0.0,6.823847204725011,56,fixed_k3
00_Optimized_Structure,a,0.0,-0.1551334299999998,0.08213858812499997,0.0,8.232402496541543,56,fixed_k3
00_Optimized_Structure,a,0.0,-0.1512548059999998,0.08213858812499997,0.0,9.254939626866879,56,fixed_k3
00_Optimized_Structure,a,0.0,-0.1473761819999998,0.08213858812499997,0.0,10.395615006150846,56,fixed_k3
00_Optimized_Structure,a,0.0,-0.1434975579999998,0.08213858812499997,0.0,11.603559445743018,56,fixed_k3
00_Optimized_Structure,a,0.0,-0.1396189339999998,0.08213858812499997,0.0,12.556688029936529,56,fixed_k3
00_Optimized_Structure,a,0.0,-0.1357403099999998,0.08213858812499997,0.0,11.880958687594424,56,fixed_k3
00_Optimized_Structure,a,0.0,-0.1318616859999998,0.08213858812499997,0.0,4.406582522042125,56,fixed_k3
00_Optimized_Structure,a,0.0,-0.12798306199999981,0.08213858812499997,0.0,-21.372411316410123,56,fixed_k3
00_Optimized_Structure,a,0.0,-0.12410443799999982,0.08213858812499997,0.0,-7.222560591691732,56,fixed_k3
00_Optimized_Structure,a,0.0,-0.12022581399999982,0.08213858812499997,0.0,224.9097086924069,56,fixed_k3
00_Optimized_Structure,a,0.0,-0.11634718999999982,0.08213858812499997,0.0,203.44026440394097,56,fixed_k3
00_Optimized_Structure,a,0.0,-0.11246856599999983,0.08213858812499997,0.0,92.33394166982178,56,fixed_k3
00_Optimized_Structure,a,0.0,-0.10858994199999983,0.08213858812499997,0.0,45.198772071911456,56,fixed_k3
00_Optimized_Structure,a,0.0,-0.10471131799999983,0.08213858812499997,0.0,25.86256216719327,56,fixed_k3
00_Optimized_Structure,a,0.0,-0.10083269399999983,0.08213858812499997,0.0,16.035158401365518,56,fixed_k3
00_Optimized_Structure,a,0.0,-0.09695406999999984,0.08213858812499997,0.0,9.965142939960128,56,fixed_k3
00_Optimized_Structure,a,0.0,-0.09307544599999984,0.08213858812499997,0.0,5.853404868325057,56,fixed_k3
00_Optimized_Structure,a,0.0,-0.08919682199999984,0.08213858812499997,0.0,3.0738792510445854,56,fixed_k3
00_Optimized_Structure,a,0.0,-0.08531819799999985,0.08213858812499997,0.0,1.3028603667708354,56,fixed_k3
00_Optimized_Structure,a,0.0,-0.08143957399999985,0.08213858812499997,0.0,0.27675877986317543,56,fixed_k3
00_Optimized_Structure,a,0.0,-0.07756094999999985,0.08213858812499997,0.0,-0.23963603072763795,56,fixed_k3
00_Optimized_Structure,a,0.0,-0.07368232599999985,0.08213858812499997,0.0,-0.4378409336578408,56,fixed_k3
00_Optimized_Structure,a,0.0,-0.06980370199999986,0.08213858812499997,0.0,-0.45747120562912413,56,fixed_k3
00_Optimized_Structure,a,0.0,-0.06592507799999986,0.08213858812499997,0.0,-0.3911920230227255,56,fixed_k3
00_Optimized_Structure,a,0.0,-0.06204645399999986,0.08213858812499997,0.0,-0.29579353364292427,56,fixed_k3
00_Optimized_Structure,a,0.0,-0.058167829999999865,0.08213858812499997,0.0,-0.20341082010883027,56,fixed_k3
00_Optimized_Structure,a,0.0,-0.05428920599999987,0.08213858812499997,0.0,-0.13035887160417592,56,fixed_k3
00_Optimized_Structure,a,0.0,-0.05041058199999987,0.08213858812499997,0.0,-0.08325310291229737,56,fixed_k3
00_Optimized_Structure,a,0.0,-0.04653195799999987,0.08213858812499997,0.0,-0.06294438442858352,56,fixed_k3
00_Optimized_Structure,a,0.0,-0.042653333999999876,0.08213858812499997,0.0,-0.06694005197127129,56,fixed_k3
00_Optimized_Structure,a,0.0,-0.03877470999999988,0.08213858812499997,0.0,-0.09086479119106405,56,fixed_k3
00_Optimized_Structure,a,0.0,-0.03489608599999988,0.08213858812499997,0.0,-0.12935110133527394,56,fixed_k3
00_Optimized_Structure,a,0.0,-0.031017461999999885,0.08213858812499997,0.0,-0.17661055754620447,56,fixed_k3
00_Optimized_Structure,a,0.0,-0.027138837999999887,0.08213858812499997,0.0,-0.22683677871397867,56,fixed_k3
00_Optimized_Structure,a,0.0,-0.02326021399999989,0.08213858812499997,0.0,-0.2745224644309414,56,fixed_k3
00_Optimized_Structure,a,0.0,-0.019381589999999893,0.08213858812499997,0.0,-0.3147270668062543,56,fixed_k3
00_Optimized_Structure,a,0.0,-0.015502965999999896,0.08213858812499997,0.0,-0.3433019104597994,56,fixed_k3
00_Optimized_Structure,a,0.0,-0.011624341999999899,0.08213858812499997,0.0,-0.3570620363510817,56,fixed_k3
00_Optimized_Structure,a,0.0,-0.0077457179999999015,0.08213858812499997,0.0,-0.3538868162122877,56,fixed_k3
00_Optimized_Structure,a,0.0,-0.0038670939999999043,0.08213858812499997,0.0,-0.3327331751056213,56,fixed_k3
00_Optimized_Structure,a,0.0,1.1530000000092855e-05,0.08213858812499997,0.0,-0.29355426331531476,56,fixed_k3
00_Optimized_Structure,a,0.0,0.00389015400000009,0.08213858812499997,0.0,-0.23712972082375616,56,fixed_k3
00_Optimized_Structure,a,0.0,0.007768778000000087,0.08213858812499997,0.0,-0.16482742557451235,56,fixed_k3
00_Optimized_Structure,a,0.0,0.011647402000000084,0.08213858812499997,0.0,-0.07832688506746166,56,fixed_k3
00_Optimized_Structure,a,0.0,0.015526026000000082,0.08213858812499997,0.0,0.020661620698551264,56,fixed_k3
00_Optimized_Structure,a,0.0,0.01940465000000008,0.08213858812499997,0.0,0.1306512880971078,56,fixed_k3
00_Optimized_Structure,a,0.0,0.023283274000000076,0.08213858812499997,0.0,0.2505847979623095,56,fixed_k3
00_Optimized_Structure,a,0.0,0.027161898000000073,0.08213858812499997,0.0,0.37998295274726734,56,fixed_k3
00_Optimized_Structure,a,0.0,0.03104052200000007,0.08213858812499997,0.0,0.5190394914055734,56,fixed_k3
00_Optimized_Structure,a,0.0,0.03491914600000007,0.08213858812499997,0.0,0.6686759025875479,56,fixed_k3
00_Optimized_Structure,a,0.0,0.038797770000000065,0.08213858812499997,0.0,0.8305761735551798,56,fixed_k3
00_Optimized_Structure,a,0.0,0.04267639400000006,0.08213858812499997,0.0,1.0072219228250048,56,fixed_k3
00_Optimized_Structure,a,0.0,0.04655501800000006,0.08213858812499997,0.0,1.2019406322495216,56,fixed_k3
00_Optimized_Structure,a,0.0,0.050433642000000056,0.08213858812499997,0.0,1.4189573461562361,56,fixed_k3
00_Optimized_Structure,a,0.0,0.05431226600000005,0.08213858812499997,0.0,1.663389316026398,56,fixed_k3
00_Optimized_Structure,a,0.0,0.05819089000000005,0.08213858812499997,0.0,1.941017412474058,56,fixed_k3
00_Optimized_Structure,a,0.0,0.06206951400000005,0.08213858812499997,0.0,2.2574667344223274,56,fixed_k3
00_Optimized_Structure,a,0.0,0.06594813800000005,0.08213858812499997,0.0,2.6160885051210347,56,fixed_k3
00_Optimized_Structure,a,0.0,0.06982676200000004,0.08213858812499997,0.0,3.0133732831966884,56,fixed_k3
00_Optimized_Structure,a,0.0,0.07370538600000004,0.08213858812499997,0.0,3.4304042354399895,56,fixed_k3
00_Optimized_Structure,a,0.0,0.07758401000000004,0.08213858812499997,0.0,3.8195680272028785,56,fixed_k3
00_Optimized_Structure,a,0.0,0.08146263400000003,0.08213858812499997,0.0,4.089409927670724,56,fixed_k3
00_Optimized_Structure,a,0.0,0.08534125800000003,0.08213858812499997,0.0,4.099511151559313,56,fixed_k3
00_Optimized_Structure,a,0.0,0.08921988200000003,0.08213858812499997,0.0,3.6904054415952845,56,fixed_k3
00_Optimized_Structure,a,0.0,0.09309850600000003,0.08213858812499997,0.0,2.7788801582990343,56,fixed_k3
00_Optimized_Structure,a,0.0,0.09697713000000002,0.08213858812499997,0.0,1.5278228776464995,56,fixed_k3
00_Optimized_Structure,a,0.0,0.10085575400000002,0.08213858812499997,0.0,0.5726107353047754,56,fixed_k3
00_Optimized_Structure,a,0.0,0.10473437800000002,0.08213858812499997,0.0,1.3960637434290062,56,fixed_k3
00_Optimized_Structure,a,0.0,0.10861300200000001,0.08213858812499997,0.0,7.543087213199069,56,fixed_k3
00_Optimized_Structure,a,0.0,0.11249162600000001,0.08213858812499997,0.0,29.155066409630535,56,fixed_k3
00_Optimized_Structure,a,0.0,0.11637025000000001,0.08213858812499997,0.0,88.27235097358428,56,fixed_k3
00_Optimized_Structure,a,0.0,0.120248874,0.08213858812499997,0.0,101.53664447942958,56,fixed_k3
00_Optimized_Structure,a,0.0,0.124127498,0.08213858812499997,0.0,-22.95404151178258,56,fixed_k3
00_Optimized_Structure,a,0.0,0.128006122,0.08213858812499997,0.0,-19.584358505532027,56,fixed_k3
00_Optimized_Structure,a,0.0,0.131884746,0.08213858812499997,0.0,4.595714088334093,56,fixed_k3
00_Optimized_Structure,a,0.0,0.13576337,0.08213858812499997,0.0,10.731243071612313,56,fixed_k3
00_Optimized_Structure,a,0.0,0.139641994,0.08213858812499997,0.0,10.781720201494409,56,fixed_k3
00_Optimized_Structure,a,0.0,0.143520618,0.08213858812499997,0.0,9.726640317165462,56,fixed_k3
00_Optimized_Structure,a,0.0,0.14739924199999999,0.08213858812499997,0.0,8.673602364993664,56,fixed_k3
00_Optimized_Structure,a,0.0,0.15127786599999998,0.08213858812499997,0.0,7.799983561634493,56,fixed_k3
00_Optimized_Structure,a,0.0,0.15515649,0.08213858812499997,0.0,7.095542945185806,56,fixed_k3
00_Optimized_Structure,a,0.0,-0.1551334299999998,0.08542522624999996,0.0,8.41353432072931,56,fixed_k3
00_Optimized_Structure,a,0.0,-0.1512548059999998,0.08542522624999996,0.0,9.538364159903818,56,fixed_k3
00_Optimized_Structure,a,0.0,-0.1473761819999998,0.08542522624999996,0.0,10.860451027198005,56,fixed_k3
00_Optimized_Structure,a,0.0,-0.1434975579999998,0.08542522624999996,0.0,12.441723014807735,56,fixed_k3
00_Optimized_Structure,a,0.0,-0.1396189339999998,0.08542522624999996,0.0,14.28331674658773,56,fixed_k3
00_Optimized_Structure,a,0.0,-0.1357403099999998,0.08542522624999996,0.0,16.074970319965868,56,fixed_k3
00_Optimized_Structure,a,0.0,-0.1318616859999998,0.08542522624999996,0.0,16.563175969894644,56,fixed_k3
00_Optimized_Structure,a,0.0,-0.12798306199999981,0.08542522624999996,0.0,16.98377852623525,56,fixed_k3
00_Optimized_Structure,a,0.0,-0.12410443799999982,0.08542522624999996,0.0,88.45327939626294,56,fixed_k3
00_Optimized_Structure,a,0.0,-0.12022581399999982,0.08542522624999996,0.0,419.25454574816035,56,fixed_k3
00_Optimized_Structure,a,0.0,-0.11634718999999982,0.08542522624999996,0.0,295.0112315480033,56,fixed_k3
00_Optimized_Structure,a,0.0,-0.11246856599999983,0.08542522624999996,0.0,106.13879002236567,56,fixed_k3
00_Optimized_Structure,a,0.0,-0.10858994199999983,0.08542522624999996,0.0,45.87208478253844,56,fixed_k3
00_Optimized_Structure,a,0.0,-0.10471131799999983,0.08542522624999996,0.0,24.707124734137814,56,fixed_k3
00_Optimized_Structure,a,0.0,-0.10083269399999983,0.08542522624999996,0.0,14.908679816296099,56,fixed_k3
00_Optimized_Structure,a,0.0,-0.09695406999999984,0.08542522624999996,0.0,9.186883057153533,56,fixed_k3
00_Optimized_Structure,a,0.0,-0.09307544599999984,0.08542522624999996,0.0,5.411406951782265,56,fixed_k3
00_Optimized_Structure,a,0.0,-0.08919682199999984,0.08542522624999996,0.0,2.8712168131372966,56,fixed_k3
00_Optimized_Structure,a,0.0,-0.08531819799999985,0.08542522624999996,0.0,1.2390330501252784,56,fixed_k3
00_Optimized_Structure,a,0.0,-0.08143957399999985,0.08542522624999996,0.0,0.27807618882770546,56,fixed_k3
00_Optimized_Structure,a,0.0,-0.07756094999999985,0.08542522624999996,0.0,-0.21649544332532233,56,fixed_k3
00_Optimized_Structure,a,0.0,-0.07368232599999985,0.08542522624999996,0.0,-0.41377244236495514,56,fixed_k3
00_Optimized_Structure,a,0.0,-0.06980370199999986,0.08542522624999996,0.0,-0.44030938170897493,56,fixed_k3
00_Optimized_Structure,a,0.0,-0.06592507799999986,0.08542522624999996,0.0,-0.3824840283352484,56,fixed_k3
00_Optimized_Structure,a,0.0,-0.06204645399999986,0.08542522624999996,0.0,-0.2946558906217276,56,fixed_k3
00_Optimized_Structure,a,0.0,-0.058167829999999865,0.08542522624999996,0.0,-0.20836869322388685,56,fixed_k3
00_Optimized_Structure,a,0.0,-0.05428920599999987,0.08542522624999996,0.0,-0.14007027759899593,56,fixed_k3
00_Optimized_Structure,a,0.0,-0.05041058199999987,0.08542522624999996,0.0,-0.09670740494017305,56,fixed_k3
00_Optimized_Structure,a,0.0,-0.04653195799999987,0.08542522624999996,0.0,-0.07945030550842791,56,fixed_k3
00_Optimized_Structure,a,0.0,-0.042653333999999876,0.08542522624999996,0.0,-0.08604982079159051,56,fixed_k3
00_Optimized_Structure,a,0.0,-0.03877470999999988,0.08542522624999996,0.0,-0.11229360719039772,56,fixed_k3
00_Optimized_Structure,a,0.0,-0.03489608599999988,0.08542522624999996,0.0,-0.15291090234924476,56,fixed_k3
00_Optimized_Structure,a,0.0,-0.031017461999999885,0.08542522624999996,0.0,-0.20216067728074072,56,fixed_k3
00_Optimized_Structure,a,0.0,-0.027138837999999887,0.08542522624999996,0.0,-0.25424855763897014,56,fixed_k3
00_Optimized_Structure,a,0.0,-0.02326021399999989,0.08542522624999996,0.0,-0.3036538988891029,56,fixed_k3
00_Optimized_Structure,a,0.0,-0.019381589999999893,0.08542522624999996,0.0,-0.3454043085162355,56,fixed_k3
00_Optimized_Structure,a,0.0,-0.015502965999999896,0.08542522624999996,0.0,-0.37530566460312764,56,fixed_k3
00_Optimized_Structure,a,0.0,-0.011624341999999899,0.08542522624999996,0.0,-0.390118140078739,56,fixed_k3
00_Optimized_Structure,a,0.0,-0.0077457179999999015,0.08542522624999996,0.0,-0.3876612464205351,56,fixed_k3
00_Optimized_Structure,a,0.0,-0.0038670939999999043,0.08542522624999996,0.0,-0.36683225582065315,56,fixed_k3
00_Optimized_Structure,a,0.0,1.1530000000092855e-05,0.08542522624999996,0.0,-0.32753080912384736,56,fixed_k3
00_Optimized_Structure,a,0.0,0.00389015400000009,0.08542522624999996,0.0,-0.27049526511013156,56,fixed_k3
00_Optimized_Structure,a,0.0,0.007768778000000087,0.08542522624999996,0.0,-0.19706969010870168,56,fixed_k3
00_Optimized_Structure,a,0.0,0.011647402000000084,0.08542522624999996,0.0,-0.10893053278522125,56,fixed_k3
00_Optimized_Structure,a,0.0,0.015526026000000082,0.08542522624999996,0.0,-0.007806194248304088,56,fixed_k3
00_Optimized_Structure,a,0.0,0.01940465000000008,0.08542522624999996,0.0,0.10478004214963299,56,fixed_k3
00_Optimized_Structure,a,0.0,0.023283274000000076,0.08542522624999996,0.0,0.2277218262310825,56,fixed_k3
00_Optimized_Structure,a,0.0,0.027161898000000073,0.08542522624999996,0.0,0.3604862681575942,56,fixed_k3
00_Optimized_Structure,a,0.0,0.03104052200000007,0.08542522624999996,0.0,0.5032173083474838,56,fixed_k3
00_Optimized_Structure,a,0.0,0.03491914600000007,0.08542522624999996,0.0,0.6567979537768354,56,fixed_k3
00_Optimized_Structure,a,0.0,0.038797770000000065,0.08542522624999996,0.0,0.8228891693355305,56,fixed_k3
00_Optimized_Structure,a,0.0,0.04267639400000006,0.08542522624999996,0.0,1.003963201373936,56,fixed_k3
00_Optimized_Structure,a,0.0,0.04655501800000006,0.08542522624999996,0.0,1.2033404598283628,56,fixed_k3
00_Optimized_Structure,a,0.0,0.050433642000000056,0.08542522624999996,0.0,1.4252153087610886,56,fixed_k3
00_Optimized_Structure,a,0.0,0.05431226600000005,0.08542522624999996,0.0,1.67460365634986,56,fixed_k3
00_Optimized_Structure,a,0.0,0.05819089000000005,0.08542522624999996,0.0,1.9570396745141205,56,fixed_k3
00_Optimized_Structure,a,0.0,0.06206951400000005,0.08542522624999996,0.0,2.277654742365754,56,fixed_k3
00_Optimized_Structure,a,0.0,0.06594813800000005,0.08542522624999996,0.0,2.6389583252678044,56,fixed_k3
00_Optimized_Structure,a,0.0,0.06982676200000004,0.08542522624999996,0.0,3.036248366953182,56,fixed_k3
00_Optimized_Structure,a,0.0,0.07370538600000004,0.08542522624999996,0.0,3.449393288352473,56,fixed_k3
00_Optimized_Structure,a,0.0,0.07758401000000004,0.08542522624999996,0.0,3.8305973903122874,56,fixed_k3
00_Optimized_Structure,a,0.0,0.08146263400000003,0.08542522624999996,0.0,4.091337141647786,56,fixed_k3
00_Optimized_Structure,a,0.0,0.08534125800000003,0.08542522624999996,0.0,4.099569629697941,56,fixed_k3
00_Optimized_Structure,a,0.0,0.08921988200000003,0.08542522624999996,0.0,3.708633441734148,56,fixed_k3
00_Optimized_Structure,a,0.0,0.09309850600000003,0.08542522624999996,0.0,2.8416573166495422,56,fixed_k3
00_Optimized_Structure,a,0.0,0.09697713000000002,0.08542522624999996,0.0,1.6384521932558163,56,fixed_k3
00_Optimized_Structure,a,0.0,0.10085575400000002,0.08542522624999996,0.0,0.666560763071657,56,fixed_k3
00_Optimized_Structure,a,0.0,0.10473437800000002,0.08542522624999996,0.0,1.3645537161896901,56,fixed_k3
00_Optimized_Structure,a,0.0,0.10861300200000001,0.08542522624999996,0.0,7.784877510117159,56,fixed_k3
00_Optimized_Structure,a,0.0,0.11249162600000001,0.08542522624999996,0.0,35.08415231436415,56,fixed_k3
00_Optimized_Structure,a,0.0,0.11637025000000001,0.08542522624999996,0.0,141.48334963124205,56,fixed_k3
00_Optimized_Structure,a,0.0,0.120248874,0.08542522624999996,0.0,245.9580368260247,56,fixed_k3
00_Optimized_Structure,a,0.0,0.124127498,0.08542522624999996,0.0,60.65155626669325,56,fixed_k3
00_Optimized_Structure,a,0.0,0.128006122,0.08542522624999996,0.0,15.461820134501291,56,fixed_k3
00_Optimized_Structure,a,0.0,0.131884746,0.08542522624999996,0.0,15.905768082061394,56,fixed_k3
00_Optimized_Structure,a,0.0,0.13576337,0.08542522624999996,0.0,14.607283893058629,56,fixed_k3
00_Optimized_Structure,a,0.0,0.139641994,0.08542522624999996,0.0,12.403715154922498,56,fixed_k3
00_Optimized_Structure,a,0.0,0.143520618,0.08542522624999996,0.0,10.562227344599272,56,fixed_k3
00_Optimized_Structure,a,0.0,0.14739924199999999,0.08542522624999996,0.0,9.188099717986967,56,fixed_k3
00_Optimized_Structure,a,0.0,0.15127786599999998,0.08542522624999996,0.0,8.163890025554798,56,fixed_k3
00_Optimized_Structure,a,0.0,0.15515649,0.08542522624999996,0.0,7.379849604090295,56,fixed_k3
00_Optimized_Structure,a,0.0,-0.1551334299999998,0.08871186437499998,0.0,8.554424854559787,56,fixed_k3
00_Optimized_Structure,a,0.0,-0.1512548059999998,0.08871186437499998,0.0,9.77853441046811,56,fixed_k3
00_Optimized_Structure,a,0.0,-0.1473761819999998,0.08871186437499998,0.0,11.27980860501206,56,fixed_k3
00_Optimized_Structure,a,0.0,-0.1434975579999998,0.08871186437499998,0.0,13.23957899065394,56,fixed_k3
00_Optimized_Structure,a,0.0,-0.1396189339999998,0.08871186437499998,0.0,16.0082127050455,56,fixed_k3
00_Optimized_Structure,a,0.0,-0.1357403099999998,0.08871186437499998,0.0,20.443183954343752,56,fixed_k3
00_Optimized_Structure,a,0.0,-0.1318616859999998,0.08871186437499998,0.0,29.640408038314284,56,fixed_k3
00_Optimized_Structure,a,0.0,-0.12798306199999981,0.08871186437499998,0.0,60.17307793989248,56,fixed_k3
00_Optimized_Structure,a,0.0,-0.12410443799999982,0.08871186437499998,0.0,224.56259504377164,56,fixed_k3
00_Optimized_Structure,a,0.0,-0.12022581399999982,0.08871186437499998,0.0,792.2666647123046,56,fixed_k3
00_Optimized_Structure,a,0.0,-0.11634718999999982,0.08871186437499998,0.0,409.5812497992267,56,fixed_k3
00_Optimized_Structure,a,0.0,-0.11246856599999983,0.08871186437499998,0.0,115.4601028584585,56,fixed_k3
00_Optimized_Structure,a,0.0,-0.10858994199999983,0.08871186437499998,0.0,44.91283584838289,56,fixed_k3
00_Optimized_Structure,a,0.0,-0.10471131799999983,0.08871186437499998,0.0,23.10476455259751,56,fixed_k3
00_Optimized_Structure,a,0.0,-0.10083269399999983,0.08871186437499998,0.0,13.692091846848625,56,fixed_k3
00_Optimized_Structure,a,0.0,-0.09695406999999984,0.08871186437499998,0.0,8.411840714829498,56,fixed_k3
00_Optimized_Structure,a,0.0,-0.09307544599999984,0.08871186437499998,0.0,4.984852007472247,56,fixed_k3
00_Optimized_Structure,a,0.0,-0.08919682199999984,0.08871186437499998,0.0,2.677440107070937,56,fixed_k3
00_Optimized_Structure,a,0.0,-0.08531819799999985,0.08871186437499998,0.0,1.1778134538776708,56,fixed_k3
00_Optimized_Structure,a,0.0,-0.08143957399999985,0.08871186437499998,0.0,0.27905158266184826,56,fixed_k3
00_Optimized_Structure,a,0.0,-0.07756094999999985,0.08871186437499998,0.0,-0.1945635021199883,56,fixed_k3
00_Optimized_Structure,a,0.0,-0.07368232599999985,0.08871186437499998,0.0,-0.3910255745638187,56,fixed_k3
00_Optimized_Structure,a,0.0,-0.06980370199999986,0.08871186437499998,0.0,-0.4244634435361929,56,fixed_k3
00_Optimized_Structure,a,0.0,-0.06592507799999986,0.08871186437499998,0.0,-0.3751406897286469,56,fixed_k3
00_Optimized_Structure,a,0.0,-0.06204645399999986,0.08871186437499998,0.0,-0.29498035021158797,56,fixed_k3
00_Optimized_Structure,a,0.0,-0.058167829999999865,0.08871186437499998,0.0,-0.2148937764307446,56,fixed_k3
00_Optimized_Structure,a,0.0,-0.05428920599999987,0.08871186437499998,0.0,-0.1514321089279631,56,fixed_k3
00_Optimized_Structure,a,0.0,-0.05041058199999987,0.08871186437499998,0.0,-0.11186107423219838,56,fixed_k3
00_Optimized_Structure,a,0.0,-0.04653195799999987,0.08871186437499998,0.0,-0.0976695951099158,56,fixed_k3
00_Optimized_Structure,a,0.0,-0.042653333999999876,0.08871186437499998,0.0,-0.10685721279432814,56,fixed_k3
00_Optimized_Structure,a,0.0,-0.03877470999999988,0.08871186437499998,0.0,-0.13538179570366493,56,fixed_k3
00_Optimized_Structure,a,0.0,-0.03489608599999988,0.08871186437499998,0.0,-0.17807661712970235,56,fixed_k3
00_Optimized_Structure,a,0.0,-0.031017461999999885,0.08871186437499998,0.0,-0.22925454735280137,56,fixed_k3
00_Optimized_Structure,a,0.0,-0.027138837999999887,0.08871186437499998,0.0,-0.28313868173089674,56,fixed_k3
00_Optimized_Structure,a,0.0,-0.02326021399999989,0.08871186437499998,0.0,-0.3341994875348506,56,fixed_k3
00_Optimized_Structure,a,0.0,-0.019381589999999893,0.08871186437499998,0.0,-0.37743632040368924,56,fixed_k3
00_Optimized_Structure,a,0.0,-0.015502965999999896,0.08871186437499998,0.0,-0.40861251207214,56,fixed_k3
00_Optimized_Structure,a,0.0,-0.011624341999999899,0.08871186437499998,0.0,-0.424435729013811,56,fixed_k3
00_Optimized_Structure,a,0.0,-0.0077457179999999015,0.08871186437499998,0.0,-0.42266755599659467,56,fixed_k3
00_Optimized_Structure,a,0.0,-0.0038670939999999043,0.08871186437499998,0.0,-0.40214716670092887,56,fixed_k3
00_Optimized_Structure,a,0.0,1.1530000000092855e-05,0.08871186437499998,0.0,-0.36272184604637925,56,fixed_k3
00_Optimized_Structure,a,0.0,0.00389015400000009,0.08871186437499998,0.0,-0.3050893367433565,56,fixed_k3
00_Optimized_Structure,a,0.0,0.007768778000000087,0.08871186437499998,0.0,-0.2305699359943385,56,fixed_k3
00_Optimized_Structure,a,0.0,0.011647402000000084,0.08871186437499998,0.0,-0.14083630212829057,56,fixed_k3
00_Optimized_Structure,a,0.0,0.015526026000000082,0.08871186437499998,0.0,-0.0376333151012167,56,fixed_k3
00_Optimized_Structure,a,0.0,0.01940465000000008,0.08871186437499998,0.0,0.07748191229370116,56,fixed_k3
00_Optimized_Structure,a,0.0,0.023283274000000076,0.08871186437499998,0.0,0.20335770181020285,56,fixed_k3
00_Optimized_Structure,a,0.0,0.027161898000000073,0.08871186437499998,0.0,0.33941221628435514,56,fixed_k3
00_Optimized_Structure,a,0.0,0.03104052200000007,0.08871186437499998,0.0,0.4857453196706554,56,fixed_k3
00_Optimized_Structure,a,0.0,0.03491914600000007,0.08871186437499998,0.0,0.643208112881092,56,fixed_k3
00_Optimized_Structure,a,0.0,0.038797770000000065,0.08871186437499998,0.0,0.8134457699460296,56,fixed_k3
00_Optimized_Structure,a,0.0,0.04267639400000006,0.08871186437499998,0.0,0.9989287609395126,56,fixed_k3
00_Optimized_Structure,a,0.0,0.04655501800000006,0.08871186437499998,0.0,1.202978010211651,56,fixed_k3
00_Optimized_Structure,a,0.0,0.050433642000000056,0.08871186437499998,0.0,1.4297644635647269,56,fixed_k3
00_Optimized_Structure,a,0.0,0.05431226600000005,0.08871186437499998,0.0,1.6842098624161959,56,fixed_k3
00_Optimized_Structure,a,0.0,0.05819089000000005,0.08871186437499998,0.0,1.9716108346847994,56,fixed_k3
00_Optimized_Structure,a,0.0,0.06206951400000005,0.08871186437499998,0.0,2.2966227180168817,56,fixed_k3
00_Optimized_Structure,a,0.0,0.06594813800000005,0.08871186437499998,0.0,2.6609547707846097,56,fixed_k3
00_Optimized_Structure,a,0.0,0.06982676200000004,0.08871186437499998,0.0,3.058805809527777,56,fixed_k3
00_Optimized_Structure,a,0.0,0.07370538600000004,0.08871186437499998,0.0,3.469010088658789,56,fixed_k3
00_Optimized_Structure,a,0.0,0.07758401000000004,0.08871186437499998,0.0,3.8438640041199243,56,fixed_k3
00_Optimized_Structure,a,0.0,0.08146263400000003,0.08871186437499998,0.0,4.098044206704243,56,fixed_k3
00_Optimized_Structure,a,0.0,0.08534125800000003,0.08871186437499998,0.0,4.107910813312591,56,fixed_k3
00_Optimized_Structure,a,0.0,0.08921988200000003,0.08871186437499998,0.0,3.7393677964088923,56,fixed_k3
00_Optimized_Structure,a,0.0,0.09309850600000003,0.08871186437499998,0.0,2.9225581012205115,56,fixed_k3
00_Optimized_Structure,a,0.0,0.09697713000000002,0.08871186437499998,0.0,1.77824034967258,56,fixed_k3
00_Optimized_Structure,a,0.0,0.10085575400000002,0.08871186437499998,0.0,0.8100746803285156,56,fixed_k3
00_Optimized_Structure,a,0.0,0.10473437800000002,0.08871186437499998,0.0,1.3772784469040125,56,fixed_k3
00_Optimized_Structure,a,0.0,0.10861300200000001,0.08871186437499998,0.0,7.781982990495612,56,fixed_k3
00_Optimized_Structure,a,0.0,0.11249162600000001,0.08871186437499998,0.0,39.34442123784241,56,fixed_k3
00_Optimized_Structure,a,0.0,0.11637025000000001,0.08871186437499998,0.0,206.08470782511304,56,fixed_k3
00_Optimized_Structure,a,0.0,0.120248874,0.08871186437499998,0.0,519.6435988446046,56,fixed_k3
00_Optimized_Structure,a,0.0,0.124127498,0.08871186437499998,0.0,179.70357656820607,56,fixed_k3
00_Optimized_Structure,a,0.0,0.128006122,0.08871186437499998,0.0,54.98550738017915,56,fixed_k3
00_Optimized_Structure,a,0.0,0.131884746,0.08871186437499998,0.0,27.96709665544878,56,fixed_k3
00_Optimized_Structure,a,0.0,0.13576337,0.08871186437499998,0.0,18.63983843810968,56,fixed_k3
00_Optimized_Structure,a,0.0,0.139641994,0.08871186437499998,0.0,14.062006789754324,56,fixed_k3
00_Optimized_Structure,a,0.0,0.143520618,0.08871186437499998,0.0,11.411565520890933,56,fixed_k3
00_Optimized_Structure,a,0.0,0.14739924199999999,0.08871186437499998,0.0,9.714566010929744,56,fixed_k3
00_Optimized_Structure,a,0.0,0.15127786599999998,0.08871186437499998,0.0,8.541772971737826,56,fixed_k3
00_Optimized_Structure,a,0.0,0.15515649,0.08871186437499998,0.0,7.680204347386976,56,fixed_k3
00_Optimized_Structure,a,0.0,-0.1551334299999998,0.09199850249999997,0.0,8.652152479560874,56,fixed_k3
00_Optimized_Structure,a,0.0,-0.1512548059999998,0.09199850249999997,0.0,9.971378219988692,56,fixed_k3
00_Optimized_Structure,a,0.0,-0.1473761819999998,0.09199850249999997,0.0,11.647943177904622,56,fixed_k3
00_Optimized_Structure,a,0.0,-0.1434975579999998,0.09199850249999997,0.0,13.989667220891468,56,fixed_k3
00_Optimized_Structure,a,0.0,-0.1396189339999998,0.09199850249999997,0.0,17.72821360507993,56,fixed_k3
00_Optimized_Structure,a,0.0,-0.1357403099999998,0.09199850249999997,0.0,25.047666676482557,56,fixed_k3
00_Optimized_Structure,a,0.0,-0.1318616859999998,0.09199850249999997,0.0,44.3717300772057,56,fixed_k3
00_Optimized_Structure,a,0.0,-0.12798306199999981,0.09199850249999997,0.0,115.9378975914702,56,fixed_k3
00_Optimized_Structure,a,0.0,-0.12410443799999982,0.09199850249999997,0.0,476.74199965798095,56,fixed_k3
00_Optimized_Structure,a,0.0,-0.12022581399999982,0.09199850249999997,0.0,1689.5575385339687,56,fixed_k3
00_Optimized_Structure,a,0.0,-0.11634718999999982,0.09199850249999997,0.0,532.9692038377573,56,fixed_k3
00_Optimized_Structure,a,0.0,-0.11246856599999983,0.09199850249999997,0.0,118.12269600811466,56,fixed_k3
00_Optimized_Structure,a,0.0,-0.10858994199999983,0.09199850249999997,0.0,42.433053855825186,56,fixed_k3
00_Optimized_Structure,a,0.0,-0.10471131799999983,0.09199850249999997,0.0,21.175752776249798,56,fixed_k3
00_Optimized_Structure,a,0.0,-0.10083269399999983,0.09199850249999997,0.0,12.436152052910147,56,fixed_k3
00_Optimized_Structure,a,0.0,-0.09695406999999984,0.09199850249999997,0.0,7.658272313884308,56,fixed_k3
00_Optimized_Structure,a,0.0,-0.09307544599999984,0.09199850249999997,0.0,4.5804314615254444,56,fixed_k3
00_Optimized_Structure,a,0.0,-0.08919682199999984,0.09199850249999997,0.0,2.495565014105021,56,fixed_k3
00_Optimized_Structure,a,0.0,-0.08531819799999985,0.09199850249999997,0.0,1.1209156376374179,56,fixed_k3
00_Optimized_Structure,a,0.0,-0.08143957399999985,0.09199850249999997,0.0,0.2807760717981709,56,fixed_k3
00_Optimized_Structure,a,0.0,-0.07756094999999985,0.09199850249999997,0.0,-0.17309939829926013,56,fixed_k3
00_Optimized_Structure,a,0.0,-0.07368232599999985,0.09199850249999997,0.0,-0.3690525358637433,56,fixed_k3
00_Optimized_Structure,a,0.0,-0.06980370199999986,0.09199850249999997,0.0,-0.4094869419530909,56,fixed_k3
00_Optimized_Structure,a,0.0,-0.06592507799999986,0.09199850249999997,0.0,-0.36876971794822655,56,fixed_k3
00_Optimized_Structure,a,0.0,-0.06204645399999986,0.09199850249999997,0.0,-0.2964072920665959,56,fixed_k3
00_Optimized_Structure,a,0.0,-0.058167829999999865,0.09199850249999997,0.0,-0.22265017416196953,56,fixed_k3
00_Optimized_Structure,a,0.0,-0.05428920599999987,0.09199850249999997,0.0,-0.1641286079591464,56,fixed_k3
00_Optimized_Structure,a,0.0,-0.05041058199999987,0.09199850249999997,0.0,-0.1284169395216308,56,fixed_k3
00_Optimized_Structure,a,0.0,-0.04653195799999987,0.09199850249999997,0.0,-0.11732278598610524,56,fixed_k3
00_Optimized_Structure,a,0.0,-0.042653333999999876,0.09199850249999997,0.0,-0.12909973242599637,56,fixed_k3
00_Optimized_Structure,a,0.0,-0.03877470999999988,0.09199850249999997,0.0,-0.15988306130821517,56,fixed_k3
00_Optimized_Structure,a,0.0,-0.03489608599999988,0.09199850249999997,0.0,-0.20461727190383572,56,fixed_k3
00_Optimized_Structure,a,0.0,-0.031017461999999885,0.09199850249999997,0.0,-0.2576755096640979,56,fixed_k3
00_Optimized_Structure,a,0.0,-0.027138837999999887,0.09199850249999997,0.0,-0.313303677844849,56,fixed_k3
00_Optimized_Structure,a,0.0,-0.02326021399999989,0.09199850249999997,0.0,-0.3659677053644703,56,fixed_k3
00_Optimized_Structure,a,0.0,-0.019381589999999893,0.09199850249999997,0.0,-0.41064221353095354,56,fixed_k3
00_Optimized_Structure,a,0.0,-0.015502965999999896,0.09199850249999997,0.0,-0.44305085150027423,56,fixed_k3
00_Optimized_Structure,a,0.0,-0.011624341999999899,0.09199850249999997,0.0,-0.45985114583395204,56,fixed_k3
00_Optimized_Structure,a,0.0,-0.0077457179999999015,0.09199850249999997,0.0,-0.4587487307715712,56,fixed_k3
00_Optimized_Structure,a,0.0,-0.0038670939999999043,0.09199850249999997,0.0,-0.43852630654199753,56,fixed_k3
00_Optimized_Structure,a,0.0,1.1530000000092855e-05,0.09199850249999997,0.0,-0.39898004061765135,56,fixed_k3
00_Optimized_Structure,a,0.0,0.00389015400000009,0.09199850249999997,0.0,-0.34076780880736646,56,fixed_k3
00_Optimized_Structure,a,0.0,0.007768778000000087,0.09199850249999997,0.0,-0.26518625160015086,56,fixed_k3
00_Optimized_Structure,a,0.0,0.011647402000000084,0.09199850249999997,0.0,-0.17390355329338947,56,fixed_k3
00_Optimized_Structure,a,0.0,0.015526026000000082,0.09199850249999997,0.0,-0.06867945578165235,56,fixed_k3
00_Optimized_Structure,a,0.0,0.01940465000000008,0.09199850249999997,0.0,0.048897737621559134,56,fixed_k3
00_Optimized_Structure,a,0.0,0.023283274000000076,0.09199850249999997,0.0,0.17763470906831857,56,fixed_k3
00_Optimized_Structure,a,0.0,0.027161898000000073,0.09199850249999997,0.0,0.3169053773821062,56,fixed_k3
00_Optimized_Structure,a,0.0,0.03104052200000007,0.09199850249999997,0.0,0.4667711554974203,56,fixed_k3
00_Optimized_Structure,a,0.0,0.03491914600000007,0.09199850249999997,0.0,0.628057635980825,56,fixed_k3
00_Optimized_Structure,a,0.0,0.038797770000000065,0.09199850249999997,0.0,0.8024011583176645,56,fixed_k3
00_Optimized_Structure,a,0.0,0.04267639400000006,0.09199850249999997,0.0,0.9922776490750689,56,fixed_k3
00_Optimized_Structure,a,0.0,0.04655501800000006,0.09199850249999997,0.0,1.2010157442180132,56,fixed_k3
00_Optimized_Structure,a,0.0,0.050433642000000056,0.09199850249999997,0.0,1.432769979421403,56,fixed_k3
00_Optimized_Structure,a,0.0,0.05431226600000005,0.09199850249999997,0.0,1.6923753202568574,56,fixed_k3
00_Optimized_Structure,a,0.0,0.05819089000000005,0.09199850249999997,0.0,1.9849012766792349,56,fixed_k3
00_Optimized_Structure,a,0.0,0.06206951400000005,0.09199850249999997,0.0,2.3145480078045098,56,fixed_k3
00_Optimized_Structure,a,0.0,0.06594813800000005,0.09199850249999997,0.0,2.6822720255566246,56,fixed_k3
00_Optimized_Structure,a,0.0,0.06982676200000004,0.09199850249999997,0.0,3.0812747778966445,56,fixed_k3
00_Optimized_Structure,a,0.0,0.07370538600000004,0.09199850249999997,0.0,3.489543674200464,56,fixed_k3
00_Optimized_Structure,a,0.0,0.07758401000000004,0.09199850249999997,0.0,3.8597371820788835,56,fixed_k3
00_Optimized_Structure,a,0.0,0.08146263400000003,0.09199850249999997,0.0,4.109972773621371,56,fixed_k3
00_Optimized_Structure,a,0.0,0.08534125800000003,0.09199850249999997,0.0,4.124982515506318,56,fixed_k3
00_Optimized_Structure,a,0.0,0.08921988200000003,0.09199850249999997,0.0,3.782890472060461,56,fixed_k3
00_Optimized_Structure,a,0.0,0.09309850600000003,0.09199850249999997,0.0,3.021244111945869,56,fixed_k3
00_Optimized_Structure,a,0.0,0.09697713000000002,0.09199850249999997,0.0,1.9451942392609805,56,fixed_k3
00_Optimized_Structure,a,0.0,0.10085575400000002,0.09199850249999997,0.0,0.9991035907151021,56,fixed_k3
00_Optimized_Structure,a,0.0,0.10473437800000002,0.09199850249999997,0.0,1.4358433833021493,56,fixed_k3
00_Optimized_Structure,a,0.0,0.10861300200000001,0.09199850249999997,0.0,7.541600919277794,56,fixed_k3
00_Optimized_Structure,a,0.0,0.11249162600000001,0.09199850249999997,0.0,41.02547226276466,56,fixed_k3
00_Optimized_Structure,a,0.0,0.11637025000000001,0.09199850249999997,0.0,270.33847467169045,56,fixed_k3
00_Optimized_Structure,a,0.0,0.120248874,0.09199850249999997,0.0,1157.8144769642224,56,fixed_k3
00_Optimized_Structure,a,0.0,0.124127498,0.09199850249999997,0.0,405.5413826494967,56,fixed_k3
00_Optimized_Structure,a,0.0,0.128006122,0.09199850249999997,0.0,106.43101314431763,56,fixed_k3
00_Optimized_Structure,a,0.0,0.131884746,0.09199850249999997,0.0,41.46485351856354,56,fixed_k3
00_Optimized_Structure,a,0.0,0.13576337,0.09199850249999997,0.0,22.89580757613595,56,fixed_k3
00_Optimized_Structure,a,0.0,0.139641994,0.09199850249999997,0.0,15.76434319638662,56,fixed_k3
00_Optimized_Structure,a,0.0,0.143520618,0.09199850249999997,0.0,12.276865231895286,56,fixed_k3
00_Optimized_Structure,a,0.0,0.14739924199999999,0.09199850249999997,0.0,10.255518233341691,56,fixed_k3
00_Optimized_Structure,a,0.0,0.15127786599999998,0.09199850249999997,0.0,8.936968997791777,56,fixed_k3
00_Optimized_Structure,a,0.0,0.15515649,0.09199850249999997,0.0,8.000636601366066,56,fixed_k3
00_Optimized_Structure,a,0.0,-0.1551334299999998,0.09528514062499996,0.0,8.703813532207443,56,fixed_k3
00_Optimized_Structure,a,0.0,-0.1512548059999998,0.09528514062499996,0.0,10.112677008643082,56,fixed_k3
00_Optimized_Structure,a,0.0,-0.1473761819999998,0.09528514062499996,0.0,11.958676696816543,56,fixed_k3
00_Optimized_Structure,a,0.0,-0.1434975579999998,0.09528514062499996,0.0,14.682990777808143,56,fixed_k3
00_Optimized_Structure,a,0.0,-0.1396189339999998,0.09528514062499996,0.0,19.432917820579213,56,fixed_k3
00_Optimized_Structure,a,0.0,-0.1357403099999998,0.09528514062499996,0.0,29.911306455257208,56,fixed_k3
00_Optimized_Structure,a,0.0,-0.1318616859999998,0.09528514062499996,0.0,61.30378063375502,56,fixed_k3
00_Optimized_Structure,a,0.0,-0.12798306199999981,0.09528514062499996,0.0,193.65734676582312,56,fixed_k3
00_Optimized_Structure,a,0.0,-0.12410443799999982,0.09528514062499996,0.0,1059.045704670462,56,fixed_k3
00_Optimized_Structure,a,0.0,-0.12022581399999982,0.09528514062499996,0.0,4527.911071596828,56,fixed_k3
00_Optimized_Structure,a,0.0,-0.11634718999999982,0.09528514062499996,0.0,621.502438402819,56,fixed_k3
00_Optimized_Structure,a,0.0,-0.11246856599999983,0.09528514062499996,0.0,113.22980937267404,56,fixed_k3
00_Optimized_Structure,a,0.0,-0.10858994199999983,0.09528514062499996,0.0,38.74902835069962,56,fixed_k3
00_Optimized_Structure,a,0.0,-0.10471131799999983,0.09528514062499996,0.0,19.054173311767283,56,fixed_k3
00_Optimized_Structure,a,0.0,-0.10083269399999983,0.09528514062499996,0.0,11.186985409867304,56,fixed_k3
00_Optimized_Structure,a,0.0,-0.09695406999999984,0.09528514062499996,0.0,6.941114340947018,56,fixed_k3
00_Optimized_Structure,a,0.0,-0.09307544599999984,0.09528514062499996,0.0,4.203293220236684,56,fixed_k3
00_Optimized_Structure,a,0.0,-0.08919682199999984,0.09528514062499996,0.0,2.327929110671718,56,fixed_k3
00_Optimized_Structure,a,0.0,-0.08531819799999985,0.09528514062499996,0.0,1.0697636479985282,56,fixed_k3
00_Optimized_Structure,a,0.0,-0.08143957399999985,0.09528514062499996,0.0,0.28423234149421583,56,fixed_k3
00_Optimized_Structure,a,0.0,-0.07756094999999985,0.09528514062499996,0.0,-0.15138657428308044,56,fixed_k3
00_Optimized_Structure,a,0.0,-0.07368232599999985,0.09528514062499996,0.0,-0.34729322175833865,56,fixed_k3
00_Optimized_Structure,a,0.0,-0.06980370199999986,0.09528514062499996,0.0,-0.39490676529401303,56,fixed_k3
00_Optimized_Structure,a,0.0,-0.06592507799999986,0.09528514062499996,0.0,-0.3629476033876031,56,fixed_k3
00_Optimized_Structure,a,0.0,-0.06204645399999986,0.09528514062499996,0.0,-0.29854550715998696,56,fixed_k3
00_Optimized_Structure,a,0.0,-0.058167829999999865,0.09528514062499996,0.0,-0.23127179172956014,56,fixed_k3
00_Optimized_Structure,a,0.0,-0.05428920599999987,0.09528514062499996,0.0,-0.17781589706192413,56,fixed_k3
00_Optimized_Structure,a,0.0,-0.05041058199999987,0.09528514062499996,0.0,-0.14605198856855317,56,fixed_k3
00_Optimized_Structure,a,0.0,-0.04653195799999987,0.09528514062499996,0.0,-0.13810681708471595,56,fixed_k3
00_Optimized_Structure,a,0.0,-0.042653333999999876,0.09528514062499996,0.0,-0.15249339765547631,56,fixed_k3
00_Optimized_Structure,a,0.0,-0.03877470999999988,0.09528514062499996,0.0,-0.1855315447339847,56,fixed_k3
00_Optimized_Structure,a,0.0,-0.03489608599999988,0.09528514062499996,0.0,-0.23228405534777297,56,fixed_k3
00_Optimized_Structure,a,0.0,-0.031017461999999885,0.09528514062499996,0.0,-0.2871906044357275,56,fixed_k3
00_Optimized_Structure,a,0.0,-0.027138837999999887,0.09528514062499996,0.0,-0.34452513137199015,56,fixed_k3
00_Optimized_Structure,a,0.0,-0.02326021399999989,0.09528514062499996,0.0,-0.3987532889736798,56,fixed_k3
00_Optimized_Structure,a,0.0,-0.019381589999999893,0.09528514062499996,0.0,-0.44482842527756095,56,fixed_k3
00_Optimized_Structure,a,0.0,-0.015502965999999896,0.09528514062499996,0.0,-0.4784373507319746,56,fixed_k3
00_Optimized_Structure,a,0.0,-0.011624341999999899,0.09528514062499996,0.0,-0.4961898357299708,56,fixed_k3
00_Optimized_Structure,a,0.0,-0.0077457179999999015,0.09528514062499996,0.0,-0.49573758942426593,56,fixed_k3
00_Optimized_Structure,a,0.0,-0.0038670939999999043,0.09528514062499996,0.0,-0.4758085349367698,56,fixed_k3
00_Optimized_Structure,a,0.0,1.1530000000092855e-05,0.09528514062499996,0.0,-0.43614904095439266,56,fixed_k3
00_Optimized_Structure,a,0.0,0.00389015400000009,0.09528514062499996,0.0,-0.3773779412360061,56,fixed_k3
00_Optimized_Structure,a,0.0,0.007768778000000087,0.09528514062499996,0.0,-0.3007683926466713,56,fixed_k3
00_Optimized_Structure,a,0.0,0.011647402000000084,0.09528514062499996,0.0,-0.20798346269455914,56,fixed_k3
00_Optimized_Structure,a,0.0,0.015526026000000082,0.09528514062499996,0.0,-0.10079616249700774,56,fixed_k3
00_Optimized_Structure,a,0.0,0.01940465000000008,0.09528514062499996,0.0,0.019176633934753884,56,fixed_k3
00_Optimized_Structure,a,0.0,0.023283274000000076,0.09528514062499996,0.0,0.15070362370479584,56,fixed_k3
00_Optimized_Structure,a,0.0,0.027161898000000073,0.09528514062499996,0.0,0.29311910961194965,56,fixed_k3
00_Optimized_Structure,a,0.0,0.03104052200000007,0.09528514062499996,0.0,0.44645153190153497,56,fixed_k3
00_Optimized_Structure,a,0.0,0.03491914600000007,0.09528514062499996,0.0,0.611507124272455,56,fixed_k3
00_Optimized_Structure,a,0.0,0.038797770000000065,0.09528514062499996,0.0,0.7899199783138182,56,fixed_k3
00_Optimized_Structure,a,0.0,0.04267639400000006,0.09528514062499996,0.0,0.9841782215292052,56,fixed_k3
00_Optimized_Structure,a,0.0,0.04655501800000006,0.09528514062499996,0.0,1.1976248420891389,56,fixed_k3
00_Optimized_Structure,a,0.0,0.050433642000000056,0.09528514062499996,0.0,1.4344044873728674,56,fixed_k3
00_Optimized_Structure,a,0.0,0.05431226600000005,0.09528514062499996,0.0,1.6992726061974701,56,fixed_k3
00_Optimized_Structure,a,0.0,0.05819089000000005,0.09528514062499996,0.0,1.9970827186224291,56,fixed_k3
00_Optimized_Structure,a,0.0,0.06206951400000005,0.09528514062499996,0.0,2.331602820621632,56,fixed_k3
00_Optimized_Structure,a,0.0,0.06594813800000005,0.09528514062499996,0.0,2.7030880679803584,56,fixed_k3
00_Optimized_Structure,a,0.0,0.06982676200000004,0.09528514062499996,0.0,3.1038487989735684,56,fixed_k3
00_Optimized_Structure,a,0.0,0.07370538600000004,0.09528514062499996,0.0,3.511212981815727,56,fixed_k3
00_Optimized_Structure,a,0.0,0.07758401000000004,0.09528514062499996,0.0,3.8784564752453434,56,fixed_k3
00_Optimized_Structure,a,0.0,0.08146263400000003,0.09528514062499996,0.0,4.127337468790782,56,fixed_k3
00_Optimized_Structure,a,0.0,0.08534125800000003,0.09528514062499996,0.0,4.1508601948769615,56,fixed_k3
00_Optimized_Structure,a,0.0,0.08921988200000003,0.09528514062499996,0.0,3.8389163871665875,56,fixed_k3
00_Optimized_Structure,a,0.0,0.09309850600000003,0.09528514062499996,0.0,3.136584882909803,56,fixed_k3
00_Optimized_Structure,a,0.0,0.09697713000000002,0.09528514062499996,0.0,2.136280310116323,56,fixed_k3
00_Optimized_Structure,a,0.0,0.10085575400000002,0.09528514062499996,0.0,1.2280645592416812,56,fixed_k3
00_Optimized_Structure,a,0.0,0.10473437800000002,0.09528514062499996,0.0,1.5410805892365331,56,fixed_k3
00_Optimized_Structure,a,0.0,0.10861300200000001,0.09528514062499996,0.0,7.117148084154645,56,fixed_k3
00_Optimized_Structure,a,0.0,0.11249162600000001,0.09528514062499996,0.0,39.824542863316715,56,fixed_k3
00_Optimized_Structure,a,0.0,0.11637025000000001,0.09528514062499996,0.0,309.2855229247163,56,fixed_k3
00_Optimized_Structure,a,0.0,0.120248874,0.09528514062499996,0.0,3001.6892629032463,56,fixed_k3
00_Optimized_Structure,a,0.0,0.124127498,0.09528514062499996,0.0,964.7556659038189,56,fixed_k3
00_Optimized_Structure,a,0.0,0.128006122,0.09528514062499996,0.0,179.45053189106807,56,fixed_k3
00_Optimized_Structure,a,0.0,0.131884746,0.09528514062499996,0.0,56.90374508081865,56,fixed_k3
00_Optimized_Structure,a,0.0,0.13576337,0.09528514062499996,0.0,27.405882051589753,56,fixed_k3
00_Optimized_Structure,a,0.0,0.139641994,0.09528514062499996,0.0,17.512904577021978,56,fixed_k3
00_Optimized_Structure,a,0.0,0.143520618,0.09528514062499996,0.0,13.159809810940738,56,fixed_k3
00_Optimized_Structure,a,0.0,0.14739924199999999,0.09528514062499996,0.0,10.813812422688162,56,fixed_k3
00_Optimized_Structure,a,0.0,0.15127786599999998,0.09528514062499996,0.0,9.353348479879408,56,fixed_k3
00_Optimized_Structure,a,0.0,0.15515649,0.09528514062499996,0.0,8.345811589420897,56,fixed_k3
00_Optimized_Structure,a,0.0,-0.1551334299999998,0.09857177874999998,0.0,8.706474096109217,56,fixed_k3
00_Optimized_Structure,a,0.0,-0.1512548059999998,0.09857177874999998,0.0,10.197870207733033,56,fixed_k3
00_Optimized_Structure,a,0.0,-0.1473761819999998,0.09857177874999998,0.0,12.20498580446341,56,fixed_k3
00_Optimized_Structure,a,0.0,-0.1434975579999998,0.09857177874999998,0.0,15.308003835944485,56,fixed_k3
00_Optimized_Structure,a,0.0,-0.1396189339999998,0.09857177874999998,0.0,21.100566103251367,56,fixed_k3
00_Optimized_Structure,a,0.0,-0.1357403099999998,0.09857177874999998,0.0,34.98962841856216,56,fixed_k3
00_Optimized_Structure,a,0.0,-0.1318616859999998,0.09857177874999998,0.0,80.51911417088454,56,fixed_k3
00_Optimized_Structure,a,0.0,-0.12798306199999981,0.09857177874999998,0.0,301.9950961476929,56,fixed_k3
00_Optimized_Structure,a,0.0,-0.12410443799999982,0.09857177874999998,0.0,2667.5994545217973,56,fixed_k3
00_Optimized_Structure,a,0.0,-0.12022581399999982,0.09857177874999998,0.0,15536.194924579773,56,fixed_k3
00_Optimized_Structure,a,0.0,-0.11634718999999982,0.09857177874999998,0.0,617.1773945474594,56,fixed_k3
00_Optimized_Structure,a,0.0,-0.11246856599999983,0.09857177874999998,0.0,101.80510940652931,56,fixed_k3
00_Optimized_Structure,a,0.0,-0.10858994199999983,0.09857177874999998,0.0,34.30277694724618,56,fixed_k3
00_Optimized_Structure,a,0.0,-0.10471131799999983,0.09857177874999998,0.0,16.869456952342652,56,fixed_k3
00_Optimized_Structure,a,0.0,-0.10083269399999983,0.09857177874999998,0.0,9.983089560295793,56,fixed_k3
00_Optimized_Structure,a,0.0,-0.09695406999999984,0.09857177874999998,0.0,6.2716566052603415,56,fixed_k3
00_Optimized_Structure,a,0.0,-0.09307544599999984,0.09857177874999998,0.0,3.8570527171564413,56,fixed_k3
00_Optimized_Structure,a,0.0,-0.08919682199999984,0.09857177874999998,0.0,2.176208479388821,56,fixed_k3
00_Optimized_Structure,a,0.0,-0.08531819799999985,0.09857177874999998,0.0,1.0254906842694096,56,fixed_k3
00_Optimized_Structure,a,0.0,-0.08143957399999985,0.09857177874999998,0.0,0.29028613228955535,56,fixed_k3
00_Optimized_Structure,a,0.0,-0.07756094999999985,0.09857177874999998,0.0,-0.12874178314466111,56,fixed_k3
00_Optimized_Structure,a,0.0,-0.07368232599999985,0.09857177874999998,0.0,-0.32518233026980825,56,fixed_k3
00_Optimized_Structure,a,0.0,-0.06980370199999986,0.09857177874999998,0.0,-0.38022816562441397,56,fixed_k3
00_Optimized_Structure,a,0.0,-0.06592507799999986,0.09857177874999998,0.0,-0.3572231012261251,56,fixed_k3
00_Optimized_Structure,a,0.0,-0.06204645399999986,0.09857177874999998,0.0,-0.30097469577634994,56,fixed_k3
00_Optimized_Structure,a,0.0,-0.058167829999999865,0.09857177874999998,0.0,-0.24036424276959223,56,fixed_k3
00_Optimized_Structure,a,0.0,-0.05428920599999987,0.09857177874999998,0.0,-0.19212354179727464,56,fixed_k3
00_Optimized_Structure,a,0.0,-0.05041058199999987,0.09857177874999998,0.0,-0.16441872648439126,56,fixed_k3
00_Optimized_Structure,a,0.0,-0.04653195799999987,0.09857177874999998,0.0,-0.15969625922035302,56,fixed_k3
00_Optimized_Structure,a,0.0,-0.042653333999999876,0.09857177874999998,0.0,-0.1767338666662428,56,fixed_k3
00_Optimized_Structure,a,0.0,-0.03877470999999988,0.09857177874999998,0.0,-0.2120428644240393,56,fixed_k3
00_Optimized_Structure,a,0.0,-0.03489608599999988,0.09857177874999998,0.0,-0.2608112805197029,56,fixed_k3
00_Optimized_Structure,a,0.0,-0.031017461999999885,0.09857177874999998,0.0,-0.3175514561599444,56,fixed_k3
00_Optimized_Structure,a,0.0,-0.027138837999999887,0.09857177874999998,0.0,-0.37657050132212344,56,fixed_k3
00_Optimized_Structure,a,0.0,-0.02326021399999989,0.09857177874999998,0.0,-0.43233798865700646,56,fixed_k3
00_Optimized_Structure,a,0.0,-0.019381589999999893,0.09857177874999998,0.0,-0.47978941923005536,56,fixed_k3
00_Optimized_Structure,a,0.0,-0.015502965999999896,0.09857177874999998,0.0,-0.5145776076728583,56,fixed_k3
00_Optimized_Structure,a,0.0,-0.011624341999999899,0.09857177874999998,0.0,-0.5332669830484744,56,fixed_k3
00_Optimized_Structure,a,0.0,-0.0077457179999999015,0.09857177874999998,0.0,-0.5334574116776221,56,fixed_k3
00_Optimized_Structure,a,0.0,-0.0038670939999999043,0.09857177874999998,0.0,-0.5138238081495703,56,fixed_k3
00_Optimized_Structure,a,0.0,1.1530000000092855e-05,0.09857177874999998,0.0,-0.47406413642391865,56,fixed_k3
00_Optimized_Structure,a,0.0,0.00389015400000009,0.09857177874999998,0.0,-0.41475908022213837,56,fixed_k3
00_Optimized_Structure,a,0.0,0.007768778000000087,0.09857177874999998,0.0,-0.33715853716212996,56,fixed_k3
00_Optimized_Structure,a,0.0,0.011647402000000084,0.09857177874999998,0.0,-0.24291984924143684,56,fixed_k3
00_Optimized_Structure,a,0.0,0.015526026000000082,0.09857177874999998,0.0,-0.1338277273486419,56,fixed_k3
00_Optimized_Structure,a,0.0,0.01940465000000008,0.09857177874999998,0.0,-0.0115250237475375,56,fixed_k3
00_Optimized_Structure,a,0.0,0.023283274000000076,0.09857177874999998,0.0,0.12272257388094765,56,fixed_k3
00_Optimized_Structure,a,0.0,0.027161898000000073,0.09857177874999998,0.0,0.2682142698456689,56,fixed_k3
00_Optimized_Structure,a,0.0,0.03104052200000007,0.09857177874999998,0.0,0.4249508103491335,56,fixed_k3
00_Optimized_Structure,a,0.0,0.03491914600000007,0.09857177874999998,0.0,0.5937248981517573,56,fixed_k3
00_Optimized_Structure,a,0.0,0.038797770000000065,0.09857177874999998,0.0,0.7761744952765572,56,fixed_k3
00_Optimized_Structure,a,0.0,0.04267639400000006,0.09857177874999998,0.0,0.9748060550031106,56,fixed_k3
00_Optimized_Structure,a,0.0,0.04655501800000006,0.09857177874999998,0.0,1.1929828250899184,56,fixed_k3
00_Optimized_Structure,a,0.0,0.050433642000000056,0.09857177874999998,0.0,1.4348453537300105,56,fixed_k3
00_Optimized_Structure,a,0.0,0.05431226600000005,0.09857177874999998,0.0,1.7050763326378373,56,fixed_k3
00_Optimized_Structure,a,0.0,0.05819089000000005,0.09857177874999998,0.0,2.0083245222317556,56,fixed_k3
00_Optimized_Structure,a,0.0,0.06206951400000005,0.09857177874999998,0.0,2.3479498578226803,56,fixed_k3
00_Optimized_Structure,a,0.0,0.06594813800000005,0.09857177874999998,0.0,2.723559480364651,56,fixed_k3
00_Optimized_Structure,a,0.0,0.06982676200000004,0.09857177874999998,0.0,3.126679765956035,56,fixed_k3
00_Optimized_Structure,a,0.0,0.07370538600000004,0.09857177874999998,0.0,3.53416068709266,56,fixed_k3
00_Optimized_Structure,a,0.0,0.07758401000000004,0.09857177874999998,0.0,3.900127592903304,56,fixed_k3
00_Optimized_Structure,a,0.0,0.08146263400000003,0.09857177874999998,0.0,4.150129284097616,56,fixed_k3
00_Optimized_Structure,a,0.0,0.08534125800000003,0.09857177874999998,0.0,4.185267760621154,56,fixed_k3
00_Optimized_Structure,a,0.0,0.08921988200000003,0.09857177874999998,0.0,3.906646296047516,56,fixed_k3
00_Optimized_Structure,a,0.0,0.09309850600000003,0.09857177874999998,0.0,3.266761675743907,56,fixed_k3
00_Optimized_Structure,a,0.0,0.09697713000000002,0.09857177874999998,0.0,2.347609457682638,56,fixed_k3
00_Optimized_Structure,a,0.0,0.10085575400000002,0.09857177874999998,0.0,1.4900924938239446,56,fixed_k3
00_Optimized_Structure,a,0.0,0.10473437800000002,0.09857177874999998,0.0,1.6916402389673357,56,fixed_k3
00_Optimized_Structure,a,0.0,0.10861300200000001,0.09857177874999998,0.0,6.587625803540143,56,fixed_k3
00_Optimized_Structure,a,0.0,0.11249162600000001,0.09857177874999998,0.0,36.20210105304371,56,fixed_k3
00_Optimized_Structure,a,0.0,0.11637025000000001,0.09857177874999998,0.0,299.4446327343253,56,fixed_k3
00_Optimized_Structure,a,0.0,0.120248874,0.09857177874999998,0.0,8238.071742617558,56,fixed_k3
00_Optimized_Structure,a,0.0,0.124127498,0.09857177874999998,0.0,2777.3664890098216,56,fixed_k3
00_Optimized_Structure,a,0.0,0.128006122,0.09857177874999998,0.0,283.97814122507026,56,fixed_k3
00_Optimized_Structure,a,0.0,0.131884746,0.09857177874999998,0.0,74.33652305840788,56,fixed_k3
00_Optimized_Structure,a,0.0,0.13576337,0.09857177874999998,0.0,32.137349823468355,56,fixed_k3
00_Optimized_Structure,a,0.0,0.139641994,0.09857177874999998,0.0,19.29999300743503,56,fixed_k3
00_Optimized_Structure,a,0.0,0.143520618,0.09857177874999998,0.0,14.060470675465663,56,fixed_k3
00_Optimized_Structure,a,0.0,0.14739924199999999,0.09857177874999998,0.0,11.392284382356946,56,fixed_k3
00_Optimized_Structure,a,0.0,0.15127786599999998,0.09857177874999998,0.0,9.795208971637463,56,fixed_k3
00_Optimized_Structure,a,0.0,0.15515649,0.09857177874999998,0.0,8.721047216159606,56,fixed_k3
00_Optimized_Structure,a,0.0,-0.1551334299999998,0.10185841687499997,0.0,8.65713902142338,56,fixed_k3
00_Optimized_Structure,a,0.0,-0.1512548059999998,0.10185841687499997,0.0,10.22179950425139,56,fixed_k3
00_Optimized_Structure,a,0.0,-0.1473761819999998,0.10185841687499997,0.0,12.378426666189824,56,fixed_k3
00_Optimized_Structure,a,0.0,-0.1434975579999998,0.10185841687499997,0.0,15.849221905225049,56,fixed_k3
00_Optimized_Structure,a,0.0,-0.1396189339999998,0.10185841687499997,0.0,22.69265334122635,56,fixed_k3
00_Optimized_Structure,a,0.0,-0.1357403099999998,0.10185841687499997,0.0,40.13235987740988,56,fixed_k3
00_Optimized_Structure,a,0.0,-0.1318616859999998,0.10185841687499997,0.0,101.14041995906581,56,fixed_k3
00_Optimized_Structure,a,0.0,-0.12798306199999981,0.10185841687499997,0.0,437.1727915618278,56,fixed_k3
00_Optimized_Structure,a,0.0,-0.12410443799999982,0.10185841687499997,0.0,6922.846899135005,56,fixed_k3
00_Optimized_Structure,a,0.0,-0.12022581399999982,0.10185841687499997,0.0,26005.132096575886,56,fixed_k3
00_Optimized_Structure,a,0.0,-0.11634718999999982,0.10185841687499997,0.0,512.8877619587753,56,fixed_k3
00_Optimized_Structure,a,0.0,-0.11246856599999983,0.10185841687499997,0.0,86.41643648435036,56,fixed_k3
00_Optimized_Structure,a,0.0,-0.10858994199999983,0.10185841687499997,0.0,29.556418707944303,56,fixed_k3
00_Optimized_Structure,a,0.0,-0.10471131799999983,0.10185841687499997,0.0,14.731819528760534,56,fixed_k3
00_Optimized_Structure,a,0.0,-0.10083269399999983,0.10185841687499997,0.0,8.853703644914132,56,fixed_k3
00_Optimized_Structure,a,0.0,-0.09695406999999984,0.10185841687499997,0.0,5.657541983177801,56,fixed_k3
00_Optimized_Structure,a,0.0,-0.09307544599999984,0.10185841687499997,0.0,3.543884816681974,56,fixed_k3
00_Optimized_Structure,a,0.0,-0.08919682199999984,0.10185841687499997,0.0,2.0414597969504684,56,fixed_k3
00_Optimized_Structure,a,0.0,-0.08531819799999985,0.10185841687499997,0.0,0.9889483535124346,56,fixed_k3
00_Optimized_Structure,a,0.0,-0.08143957399999985,0.10185841687499997,0.0,0.2996819267469326,56,fixed_k3
00_Optimized_Structure,a,0.0,-0.07756094999999985,0.10185841687499997,0.0,-0.10452279079231785,56,fixed_k3
00_Optimized_Structure,a,0.0,-0.07368232599999985,0.10185841687499997,0.0,-0.3021564760706372,56,fixed_k3
00_Optimized_Structure,a,0.0,-0.06980370199999986,0.10185841687499997,0.0,-0.3649403327123264,56,fixed_k3
00_Optimized_Structure,a,0.0,-0.06592507799999986,0.10185841687499997,0.0,-0.35112140419214954,56,fixed_k3
00_Optimized_Structure,a,0.0,-0.06204645399999986,0.10185841687499997,0.0,-0.30324861691702876,56,fixed_k3
00_Optimized_Structure,a,0.0,-0.058167829999999865,0.10185841687499997,0.0,-0.24950731130322534,56,fixed_k3
00_Optimized_Structure,a,0.0,-0.05428920599999987,0.10185841687499997,0.0,-0.20665656260602594,56,fixed_k3
00_Optimized_Structure,a,0.0,-0.05041058199999987,0.10185841687499997,0.0,-0.18314688648863253,56,fixed_k3
00_Optimized_Structure,a,0.0,-0.04653195799999987,0.10185841687499997,0.0,-0.18174481228002426,56,fixed_k3
00_Optimized_Structure,a,0.0,-0.042653333999999876,0.10185841687499997,0.0,-0.20149776986985302,56,fixed_k3
00_Optimized_Structure,a,0.0,-0.03877470999999988,0.10185841687499997,0.0,-0.23911530971567663,56,fixed_k3
00_Optimized_Structure,a,0.0,-0.03489608599999988,0.10185841687499997,0.0,-0.2899174548291876,56,fixed_k3
00_Optimized_Structure,a,0.0,-0.031017461999999885,0.10185841687499997,0.0,-0.3484952321345087,56,fixed_k3
00_Optimized_Structure,a,0.0,-0.027138837999999887,0.10185841687499997,0.0,-0.4091939790807304,56,fixed_k3
00_Optimized_Structure,a,0.0,-0.02326021399999989,0.10185841687499997,0.0,-0.46649134060753816,56,fixed_k3
00_Optimized_Structure,a,0.0,-0.019381589999999893,0.10185841687499997,0.0,-0.5153083860133303,56,fixed_k3
00_Optimized_Structure,a,0.0,-0.015502965999999896,0.10185841687499997,0.0,-0.5512667966131102,56,fixed_k3
00_Optimized_Structure,a,0.0,-0.011624341999999899,0.10185841687499997,0.0,-0.5708881210640366,56,fixed_k3
00_Optimized_Structure,a,0.0,-0.0077457179999999015,0.10185841687499997,0.0,-0.5717225299682642,56,fixed_k3
00_Optimized_Structure,a,0.0,-0.0038670939999999043,0.10185841687499997,0.0,-0.5523937711629321,56,fixed_k3
00_Optimized_Structure,a,0.0,1.1530000000092855e-05,0.10185841687499997,0.0,-0.5125528683196139,56,fixed_k3
00_Optimized_Structure,a,0.0,0.00389015400000009,0.10185841687499997,0.0,-0.4527433054732555,56,fixed_k3
00_Optimized_Structure,a,0.0,0.007768778000000087,0.10185841687499997,0.0,-0.3741919870657333,56,fixed_k3
00_Optimized_Structure,a,0.0,0.011647402000000084,0.10185841687499997,0.0,-0.2785499480127265,56,fixed_k3
00_Optimized_Structure,a,0.0,0.015526026000000082,0.10185841687499997,0.0,-0.16761205214582464,56,fixed_k3
00_Optimized_Structure,a,0.0,0.01940465000000008,0.10185841687499997,0.0,-0.043044573806911846,56,fixed_k3
00_Optimized_Structure,a,0.0,0.023283274000000076,0.10185841687499997,0.0,0.0938559391342606,56,fixed_k3
00_Optimized_Structure,a,0.0,0.027161898000000073,0.10185841687499997,0.0,0.2423579630297361,56,fixed_k3
00_Optimized_Structure,a,0.0,0.03104052200000007,0.10185841687499997,0.0,0.4024395744887337,56,fixed_k3
00_Optimized_Structure,a,0.0,0.03491914600000007,0.10185841687499997,0.0,0.5748853758327881,56,fixed_k3
00_Optimized_Structure,a,0.0,0.038797770000000065,0.10185841687499997,0.0,0.7613427474016321,56,fixed_k3
00_Optimized_Structure,a,0.0,0.04267639400000006,0.10185841687499997,0.0,0.9643418374147894,56,fixed_k3
00_Optimized_Structure,a,0.0,0.04655501800000006,0.10185841687499997,0.0,1.1872711440100372,56,fixed_k3
00_Optimized_Structure,a,0.0,0.050433642000000056,0.10185841687499997,0.0,1.434271916425237,56,fixed_k3
00_Optimized_Structure,a,0.0,0.05431226600000005,0.10185841687499997,0.0,1.7099599685554276,56,fixed_k3
00_Optimized_Structure,a,0.0,0.05819089000000005,0.10185841687499997,0.0,2.0187900192199137,56,fixed_k3
00_Optimized_Structure,a,0.0,0.06206951400000005,0.10185841687499997,0.0,2.36373806558245,56,fixed_k3
00_Optimized_Structure,a,0.0,0.06594813800000005,0.10185841687499997,0.0,2.743816609610907,56,fixed_k3
00_Optimized_Structure,a,0.0,0.06982676200000004,0.10185841687499997,0.0,3.1498727579061736,56,fixed_k3
00_Optimized_Structure,a,0.0,0.07370538600000004,0.10185841687499997,0.0,3.5584487183497764,56,fixed_k3
00_Optimized_Structure,a,0.0,0.07758401000000004,0.10185841687499997,0.0,3.9247214413427125,56,fixed_k3
00_Optimized_Structure,a,0.0,0.08146263400000003,0.10185841687499997,0.0,4.1781241988829105,56,fixed_k3
00_Optimized_Structure,a,0.0,0.08534125800000003,0.10185841687499997,0.0,4.2276062952231666,56,fixed_k3
00_Optimized_Structure,a,0.0,0.08921988200000003,0.10185841687499997,0.0,3.9848307464417627,56,fixed_k3
00_Optimized_Structure,a,0.0,0.09309850600000003,0.10185841687499997,0.0,3.40938618970655,56,fixed_k3
00_Optimized_Structure,a,0.0,0.09697713000000002,0.10185841687499997,0.0,2.5746429624523617,56,fixed_k3
00_Optimized_Structure,a,0.0,0.10085575400000002,0.10185841687499997,0.0,1.7773676126597553,56,fixed_k3
00_Optimized_Structure,a,0.0,0.10473437800000002,0.10185841687499997,0.0,1.8831834551110382,56,fixed_k3
00_Optimized_Structure,a,0.0,0.10861300200000001,0.10185841687499997,0.0,6.033142530277772,56,fixed_k3
00_Optimized_Structure,a,0.0,0.11249162600000001,0.10185841687499997,0.0,31.139561299984795,56,fixed_k3
00_Optimized_Structure,a,0.0,0.11637025000000001,0.10185841687499997,0.0,245.92074667044392,56,fixed_k3
00_Optimized_Structure,a,0.0,0.120248874,0.10185841687499997,0.0,9921.687960396443,56,fixed_k3
00_Optimized_Structure,a,0.0,0.124127498,0.10185841687499997,0.0,9301.310410329934,56,fixed_k3
00_Optimized_Structure,a,0.0,0.128006122,0.10185841687499997,0.0,417.43572399902433,56,fixed_k3
00_Optimized_Structure,a,0.0,0.131884746,0.10185841687499997,0.0,92.87254233874481,56,fixed_k3
00_Optimized_Structure,a,0.0,0.13576337,0.10185841687499997,0.0,36.95665240862378,56,fixed_k3
00_Optimized_Structure,a,0.0,0.139641994,0.10185841687499997,0.0,21.102090641546308,56,fixed_k3
00_Optimized_Structure,a,0.0,0.143520618,0.10185841687499997,0.0,14.97567053807144,56,fixed_k3
00_Optimized_Structure,a,0.0,0.14739924199999999,0.10185841687499997,0.0,11.993146099614368,56,fixed_k3
00_Optimized_Structure,a,0.0,0.15127786599999998,0.10185841687499997,0.0,10.267053902942296,56,fixed_k3
00_Optimized_Structure,a,0.0,0.15515649,0.10185841687499997,0.0,9.13228357311877,56,fixed_k3
00_Optimized_Structure,a,0.0,-0.1551334299999998,0.10514505499999996,0.0,8.552784927657523,56,fixed_k3
00_Optimized_Structure,a,0.0,-0.1512548059999998,0.10514505499999996,0.0,10.178418512896465,56,fixed_k3
00_Optimized_Structure,a,0.0,-0.1473761819999998,0.10514505499999996,0.0,12.46840768903591,56,fixed_k3
00_Optimized_Structure,a,0.0,-0.1434975579999998,0.10514505499999996,0.0,16.285476353053266,56,fixed_k3
00_Optimized_Structure,a,0.0,-0.1396189339999998,0.10514505499999996,0.0,24.147692522017618,56,fixed_k3
00_Optimized_Structure,a,0.0,-0.1357403099999998,0.10514505499999996,0.0,45.04259292568004,56,fixed_k3
00_Optimized_Structure,a,0.0,-0.1318616859999998,0.10514505499999996,0.0,120.76638062853833,56,fixed_k3
00_Optimized_Structure,a,0.0,-0.12798306199999981,0.10514505499999996,0.0,559.7821535150321,56,fixed_k3
00_Optimized_Structure,a,0.0,-0.12410443799999982,0.10514505499999996,0.0,9565.255992003425,56,fixed_k3
00_Optimized_Structure,a,0.0,-0.12022581399999982,0.10514505499999996,0.0,8231.26703188644,56,fixed_k3
00_Optimized_Structure,a,0.0,-0.11634718999999982,0.10514505499999996,0.0,369.80720923106674,56,fixed_k3
00_Optimized_Structure,a,0.0,-0.11246856599999983,0.10514505499999996,0.0,69.99330164661471,56,fixed_k3
00_Optimized_Structure,a,0.0,-0.10858994199999983,0.10514505499999996,0.0,24.901769529739642,56,fixed_k3
00_Optimized_Structure,a,0.0,-0.10471131799999983,0.10514505499999996,0.0,12.723953723426543,56,fixed_k3
00_Optimized_Structure,a,0.0,-0.10083269399999983,0.10514505499999996,0.0,7.818491290207531,56,fixed_k3
00_Optimized_Structure,a,0.0,-0.09695406999999984,0.10514505499999996,0.0,5.103032132008051,56,fixed_k3
00_Optimized_Structure,a,0.0,-0.09307544599999984,0.10514505499999996,0.0,3.2646772693424695,56,fixed_k3
00_Optimized_Structure,a,0.0,-0.08919682199999984,0.10514505499999996,0.0,1.9241819711291752,56,fixed_k3
00_Optimized_Structure,a,0.0,-0.08531819799999985,0.10514505499999996,0.0,0.9607243318239573,56,fixed_k3
00_Optimized_Structure,a,0.0,-0.08143957399999985,0.10514505499999996,0.0,0.31304246620729215,56,fixed_k3
00_Optimized_Structure,a,0.0,-0.07756094999999985,0.10514505499999996,0.0,-0.07813469815285745,56,fixed_k3
00_Optimized_Structure,a,0.0,-0.07368232599999985,0.10514505499999996,0.0,-0.27766121393819665,56,fixed_k3
00_Optimized_Structure,a,0.0,-0.06980370199999986,0.10514505499999996,0.0,-0.34852245406020654,56,fixed_k3
00_Optimized_Structure,a,0.0,-0.06592507799999986,0.10514505499999996,0.0,-0.344148983079817,56,fixed_k3
00_Optimized_Structure,a,0.0,-0.06204645399999986,0.10514505499999996,0.0,-0.3048988974122855,56,fixed_k3
00_Optimized_Structure,a,0.0,-0.058167829999999865,0.10514505499999996,0.0,-0.2582579901669795,56,fixed_k3
00_Optimized_Structure,a,0.0,-0.05428920599999987,0.10514505499999996,0.0,-0.22099792042178334,56,fixed_k3
00_Optimized_Structure,a,0.0,-0.05041058199999987,0.10514505499999996,0.0,-0.2018455171296223,56,fixed_k3
00_Optimized_Structure,a,0.0,-0.04653195799999987,0.10514505499999996,0.0,-0.20388709468852761,56,fixed_k3
00_Optimized_Structure,a,0.0,-0.042653333999999876,0.10514505499999996,0.0,-0.22644426445010035,56,fixed_k3
00_Optimized_Structure,a,0.0,-0.03877470999999988,0.10514505499999996,0.0,-0.26643119982526686,56,fixed_k3
00_Optimized_Structure,a,0.0,-0.03489608599999988,0.10514505499999996,0.0,-0.319306469969594,56,fixed_k3
00_Optimized_Structure,a,0.0,-0.031017461999999885,0.10514505499999996,0.0,-0.37974568393251307,56,fixed_k3
00_Optimized_Structure,a,0.0,-0.027138837999999887,0.10514505499999996,0.0,-0.44213740016409764,56,fixed_k3
00_Optimized_Structure,a,0.0,-0.02326021399999989,0.10514505499999996,0.0,-0.5009714678807824,56,fixed_k3
00_Optimized_Structure,a,0.0,-0.019381589999999893,0.10514505499999996,0.0,-0.5511579532621571,56,fixed_k3
00_Optimized_Structure,a,0.0,-0.015502965999999896,0.10514505499999996,0.0,-0.5882903078232231,56,fixed_k3
00_Optimized_Structure,a,0.0,-0.011624341999999899,0.10514505499999996,0.0,-0.6088497222382161,56,fixed_k3
00_Optimized_Structure,a,0.0,-0.0077457179999999015,0.10514505499999996,0.0,-0.6103388913940542,56,fixed_k3
00_Optimized_Structure,a,0.0,-0.0038670939999999043,0.10514505499999996,0.0,-0.5913323119789999,56,fixed_k3
00_Optimized_Structure,a,0.0,1.1530000000092855e-05,0.10514505499999996,0.0,-0.5514355966874445,56,fixed_k3
00_Optimized_Structure,a,0.0,0.00389015400000009,0.10514505499999996,0.0,-0.49115602928130864,56,fixed_k3
00_Optimized_Structure,a,0.0,0.007768778000000087,0.10514505499999996,0.0,-0.41169781892604584,56,fixed_k3
00_Optimized_Structure,a,0.0,0.011647402000000084,0.10514505499999996,0.0,-0.31470513215233886,56,fixed_k3
00_Optimized_Structure,a,0.0,0.015526026000000082,0.10514505499999996,0.0,-0.20198146121116034,56,fixed_k3
00_Optimized_Structure,a,0.0,0.01940465000000008,0.10514505499999996,0.0,-0.07521399218095004,56,fixed_k3
00_Optimized_Structure,a,0.0,0.023283274000000076,0.10514505499999996,0.0,0.06427329342673938,56,fixed_k3
00_Optimized_Structure,a,0.0,0.027161898000000073,0.10514505499999996,0.0,0.21572232964085547,56,fixed_k3
00_Optimized_Structure,a,0.0,0.03104052200000007,0.10514505499999996,0.0,0.3790932375112295,56,fixed_k3
00_Optimized_Structure,a,0.0,0.03491914600000007,0.10514505499999996,0.0,0.5551674739965389,56,fixed_k3
00_Optimized_Structure,a,0.0,0.038797770000000065,0.10514505499999996,0.0,0.7456067104695756,56,fixed_k3
00_Optimized_Structure,a,0.0,0.04267639400000006,0.10514505499999996,0.0,0.9529692642812921,56,fixed_k3
00_Optimized_Structure,a,0.0,0.04655501800000006,0.10514505499999996,0.0,1.1806727707270621,56,fixed_k3
00_Optimized_Structure,a,0.0,0.050433642000000056,0.10514505499999996,0.0,1.4328627304977566,56,fixed_k3
00_Optimized_Structure,a,0.0,0.05431226600000005,0.10514505499999996,0.0,1.7140926934700134,56,fixed_k3
00_Optimized_Structure,a,0.0,0.05819089000000005,0.10514505499999996,0.0,2.028632930780556,56,fixed_k3
00_Optimized_Structure,a,0.0,0.06206951400000005,0.10514505499999996,0.0,2.379098607428261,56,fixed_k3
00_Optimized_Structure,a,0.0,0.06594813800000005,0.10514505499999996,0.0,2.7639592006905147,56,fixed_k3
00_Optimized_Structure,a,0.0,0.06982676200000004,0.10514505499999996,0.0,3.1734818051333575,56,fixed_k3
00_Optimized_Structure,a,0.0,0.07370538600000004,0.10514505499999996,0.0,3.5840555336799067,56,fixed_k3
00_Optimized_Structure,a,0.0,0.07758401000000004,0.10514505499999996,0.0,3.9520761755559164,56,fixed_k3
00_Optimized_Structure,a,0.0,0.08146263400000003,0.10514505499999996,0.0,4.210896411959508,56,fixed_k3
00_Optimized_Structure,a,0.0,0.08534125800000003,0.10514505499999996,0.0,4.276988963138608,56,fixed_k3
00_Optimized_Structure,a,0.0,0.08921988200000003,0.10514505499999996,0.0,4.071841249251583,56,fixed_k3
00_Optimized_Structure,a,0.0,0.09309850600000003,0.10514505499999996,0.0,3.561626432178067,56,fixed_k3
00_Optimized_Structure,a,0.0,0.09697713000000002,0.10514505499999996,0.0,2.812404373241195,56,fixed_k3
00_Optimized_Structure,a,0.0,0.10085575400000002,0.10514505499999996,0.0,2.081486800185628,56,fixed_k3
00_Optimized_Structure,a,0.0,0.10473437800000002,0.10514505499999996,0.0,2.1083380611172555,56,fixed_k3
00_Optimized_Structure,a,0.0,0.10861300200000001,0.10514505499999996,0.0,5.5164283797008435,56,fixed_k3
00_Optimized_Structure,a,0.0,0.11249162600000001,0.10514505499999996,0.0,25.683860151630018,56,fixed_k3
00_Optimized_Structure,a,0.0,0.11637025000000001,0.10514505499999996,0.0,178.39105513972584,56,fixed_k3
00_Optimized_Structure,a,0.0,0.120248874,0.10514505499999996,0.0,3687.252756006215,56,fixed_k3
00_Optimized_Structure,a,0.0,0.124127498,0.10514505499999996,0.0,12954.677668498662,56,fixed_k3
00_Optimized_Structure,a,0.0,0.128006122,0.10514505499999996,0.0,535.9153186122303,56,fixed_k3
00_Optimized_Structure,a,0.0,0.131884746,0.10514505499999996,0.0,110.1267391782435,56,fixed_k3
00_Optimized_Structure,a,0.0,0.13576337,0.10514505499999996,0.0,41.589419799585606,56,fixed_k3
00_Optimized_Structure,a,0.0,0.139641994,0.10514505499999996,0.0,22.87246076614295,56,fixed_k3
00_Optimized_Structure,a,0.0,0.143520618,0.10514505499999996,0.0,15.89666233847699,56,fixed_k3
00_Optimized_Structure,a,0.0,0.14739924199999999,0.10514505499999996,0.0,12.61704825262562,56,fixed_k3
00_Optimized_Structure,a,0.0,0.15127786599999998,0.10514505499999996,0.0,10.773204119394794,56,fixed_k3
00_Optimized_Structure,a,0.0,0.15515649,0.10514505499999996,0.0,9.585975926350066,56,fixed_k3
00_Optimized_Structure,a,0.0,-0.1551334299999998,0.10843169312499995,0.0,8.390543984712977,56,fixed_k3
00_Optimized_Structure,a,0.0,-0.1512548059999998,0.10843169312499995,0.0,10.060534892468453,56,fixed_k3
00_Optimized_Structure,a,0.0,-0.1473761819999998,0.10843169312499995,0.0,12.461384843402094,56,fixed_k3
00_Optimized_Structure,a,0.0,-0.1434975579999998,0.10843169312499995,0.0,16.588005413946476,56,fixed_k3
00_Optimized_Structure,a,0.0,-0.1396189339999998,0.10843169312499995,0.0,25.375555685801366,56,fixed_k3
00_Optimized_Structure,a,0.0,-0.1357403099999998,0.10843169312499995,0.0,49.25510056808712,56,fixed_k3
00_Optimized_Structure,a,0.0,-0.1318616859999998,0.10843169312499995,0.0,135.41683576290703,56,fixed_k3
00_Optimized_Structure,a,0.0,-0.12798306199999981,0.10843169312499995,0.0,597.4130375487148,56,fixed_k3
00_Optimized_Structure,a,0.0,-0.12410443799999982,0.10843169312499995,0.0,4656.895766261875,56,fixed_k3
00_Optimized_Structure,a,0.0,-0.12022581399999982,0.10843169312499995,0.0,2317.424383079675,56,fixed_k3
00_Optimized_Structure,a,0.0,-0.11634718999999982,0.10843169312499995,0.0,245.99525239663464,56,fixed_k3
00_Optimized_Structure,a,0.0,-0.11246856599999983,0.10843169312499995,0.0,54.75269990151683,56,fixed_k3
00_Optimized_Structure,a,0.0,-0.10858994199999983,0.10843169312499995,0.0,20.611925550945983,56,fixed_k3
00_Optimized_Structure,a,0.0,-0.10471131799999983,0.10843169312499995,0.0,10.899087079420852,56,fixed_k3
00_Optimized_Structure,a,0.0,-0.10083269399999983,0.10843169312499995,0.0,6.888272456707952,56,fixed_k3
00_Optimized_Structure,a,0.0,-0.09695406999999984,0.10843169312499995,0.0,4.609460110544343,56,fixed_k3
00_Optimized_Structure,a,0.0,-0.09307544599999984,0.10843169312499995,0.0,3.019224784238486,56,fixed_k3
00_Optimized_Structure,a,0.0,-0.08919682199999984,0.10843169312499995,0.0,1.8243912616847924,56,fixed_k3
00_Optimized_Structure,a,0.0,-0.08531819799999985,0.10843169312499995,0.0,0.9411665542022376,56,fixed_k3
00_Optimized_Structure,a,0.0,-0.08143957399999985,0.10843169312499995,0.0,0.3308716081491865,56,fixed_k3
00_Optimized_Structure,a,0.0,-0.07756094999999985,0.10843169312499995,0.0,-0.049034905440541676,56,fixed_k3
00_Optimized_Structure,a,0.0,-0.07368232599999985,0.10843169312499995,0.0,-0.2511578808250614,56,fixed_k3
00_Optimized_Structure,a,0.0,-0.06980370199999986,0.10843169312499995,0.0,-0.3304501815271885,56,fixed_k3
00_Optimized_Structure,a,0.0,-0.06592507799999986,0.10843169312499995,0.0,-0.3357990534512594,56,fixed_k3
00_Optimized_Structure,a,0.0,-0.06204645399999986,0.10843169312499995,0.0,-0.30543949026843453,56,fixed_k3
00_Optimized_Structure,a,0.0,-0.058167829999999865,0.10843169312499995,0.0,-0.26615410348439417,56,fixed_k3
00_Optimized_Structure,a,0.0,-0.05428920599999987,0.10843169312499995,0.0,-0.2347114918852613,56,fixed_k3
00_Optimized_Structure,a,0.0,-0.05041058199999987,0.10843169312499995,0.0,-0.22010546367872807,56,fixed_k3
00_Optimized_Structure,a,0.0,-0.04653195799999987,0.10843169312499995,0.0,-0.22574074199543137,56,fixed_k3
00_Optimized_Structure,a,0.0,-0.042653333999999876,0.10843169312499995,0.0,-0.251216826495519,56,fixed_k3
00_Optimized_Structure,a,0.0,-0.03877470999999988,0.10843169312499995,0.0,-0.29365842194650327,56,fixed_k3
00_Optimized_Structure,a,0.0,-0.03489608599999988,0.10843169312499995,0.0,-0.34866892377600944,56,fixed_k3
00_Optimized_Structure,a,0.0,-0.031017461999999885,0.10843169312499995,0.0,-0.41101428290545616,56,fixed_k3
00_Optimized_Structure,a,0.0,-0.027138837999999887,0.10843169312499995,0.0,-0.4751312195926549,56,fixed_k3
00_Optimized_Structure,a,0.0,-0.02326021399999989,0.10843169312499995,0.0,-0.535525920507931,56,fixed_k3
00_Optimized_Structure,a,0.0,-0.019381589999999893,0.10843169312499995,0.0,-0.5871009149836728,56,fixed_k3
00_Optimized_Structure,a,0.0,-0.015502965999999896,0.10843169312499995,0.0,-0.625424390525636,56,fixed_k3
00_Optimized_Structure,a,0.0,-0.011624341999999899,0.10843169312499995,0.0,-0.646939778821511,56,fixed_k3
00_Optimized_Structure,a,0.0,-0.0077457179999999015,0.10843169312499995,0.0,-0.6491045993663844,56,fixed_k3
00_Optimized_Structure,a,0.0,-0.0038670939999999043,0.10843169312499995,0.0,-0.6304460869781847,56,fixed_k3
00_Optimized_Structure,a,0.0,1.1530000000092855e-05,0.10843169312499995,0.0,-0.5905260312431238,56,fixed_k3
00_Optimized_Structure,a,0.0,0.00389015400000009,0.10843169312499995,0.0,-0.5298165542121929,56,fixed_k3
00_Optimized_Structure,a,0.0,0.007768778000000087,0.10843169312499995,0.0,-0.449499489267843,56,fixed_k3
00_Optimized_Structure,a,0.0,0.011647402000000084,0.10843169312499995,0.0,-0.35121158661129614,56,fixed_k3
00_Optimized_Structure,a,0.0,0.015526026000000082,0.10843169312499995,0.0,-0.23676346471193055,56,fixed_k3
00_Optimized_Structure,a,0.0,0.01940465000000008,0.10843169312499995,0.0,-0.10786076711000092,56,fixed_k3
00_Optimized_Structure,a,0.0,0.023283274000000076,0.10843169312499995,0.0,0.03414839618842569,56,fixed_k3
00_Optimized_Structure,a,0.0,0.027161898000000073,0.10843169312499995,0.0,0.1884833785006581,56,fixed_k3
00_Optimized_Structure,a,0.0,0.03104052200000007,0.10843169312499995,0.0,0.3550906913187353,56,fixed_k3
00_Optimized_Structure,a,0.0,0.03491914600000007,0.10843169312499995,0.0,0.5347530463787402,56,fixed_k3
00_Optimized_Structure,a,0.0,0.038797770000000065,0.10843169312499995,0.0,0.7291504973839351,56,fixed_k3
00_Optimized_Structure,a,0.0,0.04267639400000006,0.10843169312499995,0.0,0.9408729693506372,56,fixed_k3
00_Optimized_Structure,a,0.0,0.04655501800000006,0.10843169312499995,0.0,1.1733698292211394,56,fixed_k3
00_Optimized_Structure,a,0.0,0.050433642000000056,0.10843169312499995,0.0,1.4307928695739969,56,fixed_k3
00_Optimized_Structure,a,0.0,0.05431226600000005,0.10843169312499995,0.0,1.7176363451504004,56,fixed_k3
00_Optimized_Structure,a,0.0,0.05819089000000005,0.10843169312499995,0.0,2.0379939575990016,56,fixed_k3
00_Optimized_Structure,a,0.0,0.06206951400000005,0.10843169312499995,0.0,2.394141154637019,56,fixed_k3
00_Optimized_Structure,a,0.0,0.06594813800000005,0.10843169312499995,0.0,2.7840526189229253,56,fixed_k3
00_Optimized_Structure,a,0.0,0.06982676200000004,0.10843169312499995,0.0,3.1975067154342622,56,fixed_k3
00_Optimized_Structure,a,0.0,0.07370538600000004,0.10843169312499995,0.0,3.6108752113937634,56,fixed_k3
00_Optimized_Structure,a,0.0,0.07758401000000004,0.10843169312499995,0.0,3.9819020959797022,56,fixed_k3
00_Optimized_Structure,a,0.0,0.08146263400000003,0.10843169312499995,0.0,4.24783549741484,56,fixed_k3
00_Optimized_Structure,a,0.0,0.08534125800000003,0.10843169312499995,0.0,4.332280395348629,56,fixed_k3
00_Optimized_Structure,a,0.0,0.08921988200000003,0.10843169312499995,0.0,4.165745109636776,56,fixed_k3
00_Optimized_Structure,a,0.0,0.09309850600000003,0.10843169312499995,0.0,3.7203329805474246,56,fixed_k3
00_Optimized_Structure,a,0.0,0.09697713000000002,0.10843169312499995,0.0,3.055684316769659,56,fixed_k3
00_Optimized_Structure,a,0.0,0.10085575400000002,0.10843169312499995,0.0,2.3938417812205395,56,fixed_k3
00_Optimized_Structure,a,0.0,0.10473437800000002,0.10843169312499995,0.0,2.357294944525413,56,fixed_k3
00_Optimized_Structure,a,0.0,0.10861300200000001,0.10843169312499995,0.0,5.074800841225174,56,fixed_k3
00_Optimized_Structure,a,0.0,0.11249162600000001,0.10843169312499995,0.0,20.600224372293212,56,fixed_k3
00_Optimized_Structure,a,0.0,0.11637025000000001,0.10843169312499995,0.0,120.57032014515781,56,fixed_k3
00_Optimized_Structure,a,0.0,0.120248874,0.10843169312499995,0.0,1214.8342967092215,56,fixed_k3
00_Optimized_Structure,a,0.0,0.124127498,0.10843169312499995,0.0,4347.4361612828925,56,fixed_k3
00_Optimized_Structure,a,0.0,0.128006122,0.10843169312499995,0.0,557.4475147166706,56,fixed_k3
00_Optimized_Structure,a,0.0,0.131884746,0.10843169312499995,0.0,122.23150259931147,56,fixed_k3
00_Optimized_Structure,a,0.0,0.13576337,0.10843169312499995,0.0,45.59956674814452,56,fixed_k3
00_Optimized_Structure,a,0.0,0.139641994,0.10843169312499995,0.0,24.53344307989072,56,fixed_k3
00_Optimized_Structure,a,0.0,0.143520618,0.10843169312499995,0.0,16.806091921034408,56,fixed_k3
00_Optimized_Structure,a,0.0,0.14739924199999999,0.10843169312499995,0.0,13.26172068957047,56,fixed_k3
00_Optimized_Structure,a,0.0,0.15127786599999998,0.10843169312499995,0.0,11.317179440120352,56,fixed_k3
00_Optimized_Structure,a,0.0,0.15515649,0.10843169312499995,0.0,10.088873135484858,56,fixed_k3
00_Optimized_Structure,a,0.0,-0.1551334299999998,0.11171833124999994,0.0,8.168190385996224,56,fixed_k3
00_Optimized_Structure,a,0.0,-0.1512548059999998,0.11171833124999994,0.0,9.859724224472469,56,fixed_k3
00_Optimized_Structure,a,0.0,-0.1473761819999998,0.11171833124999994,0.0,12.340169622652311,56,fixed_k3
00_Optimized_Structure,a,0.0,-0.1434975579999998,0.11171833124999994,0.0,16.718875084855632,56,fixed_k3
00_Optimized_Structure,a,0.0,-0.1396189339999998,0.11171833124999994,0.0,26.25533563147587,56,fixed_k3
00_Optimized_Structure,a,0.0,-0.1357403099999998,0.11171833124999994,0.0,52.169863645788425,56,fixed_k3
00_Optimized_Structure,a,0.0,-0.1318616859999998,0.11171833124999994,0.0,140.80841890825843,56,fixed_k3
00_Optimized_Structure,a,0.0,-0.12798306199999981,0.11171833124999994,0.0,521.2360766023603,56,fixed_k3
00_Optimized_Structure,a,0.0,-0.12410443799999982,0.11171833124999994,0.0,1749.2991387721459,56,fixed_k3
00_Optimized_Structure,a,0.0,-0.12022581399999982,0.11171833124999994,0.0,856.0989976045634,56,fixed_k3
00_Optimized_Structure,a,0.0,-0.11634718999999982,0.11171833124999994,0.0,158.7883730151932,56,fixed_k3
00_Optimized_Structure,a,0.0,-0.11246856599999983,0.11171833124999994,0.0,41.829399976342415,56,fixed_k3
00_Optimized_Structure,a,0.0,-0.10858994199999983,0.11171833124999994,0.0,16.83637777308588,56,fixed_k3
00_Optimized_Structure,a,0.0,-0.10471131799999983,0.11171833124999994,0.0,9.283889448790815,56,fixed_k3
00_Optimized_Structure,a,0.0,-0.10083269399999983,0.11171833124999994,0.0,6.066436216308879,56,fixed_k3
00_Optimized_Structure,a,0.0,-0.09695406999999984,0.11171833124999994,0.0,4.175787920776997,56,fixed_k3
00_Optimized_Structure,a,0.0,-0.09307544599999984,0.11171833124999994,0.0,2.8064435748843986,56,fixed_k3
00_Optimized_Structure,a,0.0,-0.08919682199999984,0.11171833124999994,0.0,1.7417039834740948,56,fixed_k3
00_Optimized_Structure,a,0.0,-0.08531819799999985,0.11171833124999994,0.0,0.9304119942541687,56,fixed_k3
00_Optimized_Structure,a,0.0,-0.08143957399999985,0.11171833124999994,0.0,0.3535599575884125,56,fixed_k3
00_Optimized_Structure,a,0.0,-0.07756094999999985,0.11171833124999994,0.0,-0.016736779567628535,56,fixed_k3
00_Optimized_Structure,a,0.0,-0.07368232599999985,0.11171833124999994,0.0,-0.22213016884477788,56,fixed_k3
00_Optimized_Structure,a,0.0,-0.06980370199999986,0.11171833124999994,0.0,-0.31020240872776306,56,fixed_k3
00_Optimized_Structure,a,0.0,-0.06592507799999986,0.11171833124999994,0.0,-0.3255576049228779,56,fixed_k3
00_Optimized_Structure,a,0.0,-0.06204645399999986,0.11171833124999994,0.0,-0.3043717514194091,56,fixed_k3
00_Optimized_Structure,a,0.0,-0.058167829999999865,0.11171833124999994,0.0,-0.27271850481067395,56,fixed_k3
00_Optimized_Structure,a,0.0,-0.05428920599999987,0.11171833124999994,0.0,-0.2473455382414702,56,fixed_k3
00_Optimized_Structure,a,0.0,-0.05041058199999987,0.11171833124999994,0.0,-0.23750225340749198,56,fixed_k3
00_Optimized_Structure,a,0.0,-0.04653195799999987,0.11171833124999994,0.0,-0.24690882621600352,56,fixed_k3
00_Optimized_Structure,a,0.0,-0.042653333999999876,0.11171833124999994,0.0,-0.27544529259068273,56,fixed_k3
00_Optimized_Structure,a,0.0,-0.03877470999999988,0.11171833124999994,0.0,-0.3204521600326107,56,fixed_k3
00_Optimized_Structure,a,0.0,-0.03489608599999988,0.11171833124999994,0.0,-0.377683585303513,56,fixed_k3
00_Optimized_Structure,a,0.0,-0.031017461999999885,0.11171833124999994,0.0,-0.4420014609480103,56,fixed_k3
00_Optimized_Structure,a,0.0,-0.027138837999999887,0.11171833124999994,0.0,-0.5078955622285632,56,fixed_k3
00_Optimized_Structure,a,0.0,-0.02326021399999989,0.11171833124999994,0.0,-0.5698925663322685,56,fixed_k3
00_Optimized_Structure,a,0.0,-0.019381589999999893,0.11171833124999994,0.0,-0.6228909921221168,56,fixed_k3
00_Optimized_Structure,a,0.0,-0.015502965999999896,0.11171833124999994,0.0,-0.6624368111785421,56,fixed_k3
00_Optimized_Structure,a,0.0,-0.011624341999999899,0.11171833124999994,0.0,-0.6849383856966602,56,fixed_k3
00_Optimized_Structure,a,0.0,-0.0077457179999999015,0.11171833124999994,0.0,-0.6878104466227044,56,fixed_k3
00_Optimized_Structure,a,0.0,-0.0038670939999999043,0.11171833124999994,0.0,-0.6695350284690216,56,fixed_k3
00_Optimized_Structure,a,0.0,1.1530000000092855e-05,0.11171833124999994,0.0,-0.6296317367322399,56,fixed_k3
00_Optimized_Structure,a,0.0,0.00389015400000009,0.11171833124999994,0.0,-0.568538598695612,56,fixed_k3
00_Optimized_Structure,a,0.0,0.007768778000000087,0.11171833124999994,0.0,-0.48741540232800507,56,fixed_k3
00_Optimized_Structure,a,0.0,0.011647402000000084,0.11171833124999994,0.0,-0.387890939921566,56,fixed_k3
00_Optimized_Structure,a,0.0,0.015526026000000082,0.11171833124999994,0.0,-0.2717814766048017,56,fixed_k3
00_Optimized_Structure,a,0.0,0.01940465000000008,0.11171833124999994,0.0,-0.14080872604187755,56,fixed_k3
00_Optimized_Structure,a,0.0,0.023283274000000076,0.11171833124999994,0.0,0.003658232775139769,56,fixed_k3
00_Optimized_Structure,a,0.0,0.027161898000000073,0.11171833124999994,0.0,0.16081986990853991,56,fixed_k3
00_Optimized_Structure,a,0.0,0.03104052200000007,0.11171833124999994,0.0,0.3306130066355424,56,fixed_k3
00_Optimized_Structure,a,0.0,0.03491914600000007,0.11171833124999994,0.0,0.513825374376689,56,fixed_k3
00_Optimized_Structure,a,0.0,0.038797770000000065,0.11171833124999994,0.0,0.7121586125018515,56,fixed_k3
00_Optimized_Structure,a,0.0,0.04267639400000006,0.11171833124999994,0.0,0.9282365166112232,56,fixed_k3
00_Optimized_Structure,a,0.0,0.04655501800000006,0.11171833124999994,0.0,1.165541301949958,56,fixed_k3
00_Optimized_Structure,a,0.0,0.050433642000000056,0.11171833124999994,0.0,1.4282313301635858,56,fixed_k3
00_Optimized_Structure,a,0.0,0.05431226600000005,0.11171833124999994,0.0,1.7207425215767564,56,fixed_k3
00_Optimized_Structure,a,0.0,0.05819089000000005,0.11171833124999994,0.0,2.04699761744135,56,fixed_k3
00_Optimized_Structure,a,0.0,0.06206951400000005,0.11171833124999994,0.0,2.4089505894246575,56,fixed_k3
00_Optimized_Structure,a,0.0,0.06594813800000005,0.11171833124999994,0.0,2.8041247684059867,56,fixed_k3
00_Optimized_Structure,a,0.0,0.06982676200000004,0.11171833124999994,0.0,3.2218910559195635,56,fixed_k3
00_Optimized_Structure,a,0.0,0.07370538600000004,0.11171833124999994,0.0,3.6387183667177716,56,fixed_k3
00_Optimized_Structure,a,0.0,0.07758401000000004,0.11171833124999994,0.0,4.013789171436271,56,fixed_k3
00_Optimized_Structure,a,0.0,0.08146263400000003,0.11171833124999994,0.0,4.2881667696347225,56,fixed_k3
00_Optimized_Structure,a,0.0,0.08534125800000003,0.11171833124999994,0.0,4.392138940033241,56,fixed_k3
00_Optimized_Structure,a,0.0,0.08921988200000003,0.11171833124999994,0.0,4.264380836600809,56,fixed_k3
00_Optimized_Structure,a,0.0,0.09309850600000003,0.11171833124999994,0.0,3.88216018192409,56,fixed_k3
00_Optimized_Structure,a,0.0,0.09697713000000002,0.11171833124999994,0.0,3.2992282864326166,56,fixed_k3
00_Optimized_Structure,a,0.0,0.10085575400000002,0.11171833124999994,0.0,2.7059705213841676,56,fixed_k3
00_Optimized_Structure,a,0.0,0.10473437800000002,0.11171833124999994,0.0,2.618770912955257,56,fixed_k3
00_Optimized_Structure,a,0.0,0.10861300200000001,0.11171833124999994,0.0,4.721319882138557,56,fixed_k3
00_Optimized_Structure,a,0.0,0.11249162600000001,0.11171833124999994,0.0,16.276302856751837,56,fixed_k3
00_Optimized_Structure,a,0.0,0.11637025000000001,0.11171833124999994,0.0,79.20223814890251,56,fixed_k3
00_Optimized_Structure,a,0.0,0.120248874,0.11171833124999994,0.0,482.1338415671111,56,fixed_k3
00_Optimized_Structure,a,0.0,0.124127498,0.11171833124999994,0.0,1350.9546959108582,56,fixed_k3
00_Optimized_Structure,a,0.0,0.128006122,0.11171833124999994,0.0,461.3935528864062,56,fixed_k3
00_Optimized_Structure,a,0.0,0.131884746,0.11171833124999994,0.0,125.25834944686478,56,fixed_k3
00_Optimized_Structure,a,0.0,0.13576337,0.11171833124999994,0.0,48.42346171975916,56,fixed_k3
00_Optimized_Structure,a,0.0,0.139641994,0.11171833124999994,0.0,25.97122802556397,56,fixed_k3
00_Optimized_Structure,a,0.0,0.143520618,0.11171833124999994,0.0,17.674462206650528,56,fixed_k3
00_Optimized_Structure,a,0.0,0.14739924199999999,0.11171833124999994,0.0,13.920141552848806,56,fixed_k3
00_Optimized_Structure,a,0.0,0.15127786599999998,0.11171833124999994,0.0,11.900787237215951,56,fixed_k3
00_Optimized_Structure,a,0.0,0.15515649,0.11171833124999994,0.0,10.647637529901928,56,fixed_k3
00_Optimized_Structure,a,0.0,-0.1551334299999998,0.11500496937499996,0.0,7.885181568562844,56,fixed_k3
00_Optimized_Structure,a,0.0,-0.1512548059999998,0.11500496937499996,0.0,9.5666719477025,56,fixed_k3
00_Optimized_Structure,a,0.0,-0.1473761819999998,0.11500496937499996,0.0,12.083726142474463,56,fixed_k3
00_Optimized_Structure,a,0.0,-0.1434975579999998,0.11500496937499996,0.0,16.630669005952576,56,fixed_k3
00_Optimized_Structure,a,0.0,-0.1396189339999998,0.11500496937499996,0.0,26.641264192684915,56,fixed_k3
00_Optimized_Structure,a,0.0,-0.1357403099999998,0.11500496937499996,0.0,53.174273369825166,56,fixed_k3
00_Optimized_Structure,a,0.0,-0.1318616859999998,0.11500496937499996,0.0,134.81830359323203,56,fixed_k3
00_Optimized_Structure,a,0.0,-0.12798306199999981,0.11500496937499996,0.0,388.0440669987384,56,fixed_k3
00_Optimized_Structure,a,0.0,-0.12410443799999982,0.11500496937499996,0.0,738.3300180655017,56,fixed_k3
00_Optimized_Structure,a,0.0,-0.12022581399999982,0.11500496937499996,0.0,386.77725813651995,56,fixed_k3
00_Optimized_Structure,a,0.0,-0.11634718999999982,0.11500496937499996,0.0,102.36493463887402,56,fixed_k3
00_Optimized_Structure,a,0.0,-0.11246856599999983,0.11500496937499996,0.0,31.484167177288096,56,fixed_k3
00_Optimized_Structure,a,0.0,-0.10858994199999983,0.11500496937499996,0.0,13.624286737237483,56,fixed_k3
00_Optimized_Structure,a,0.0,-0.10471131799999983,0.11500496937499996,0.0,7.884083061169013,56,fixed_k3
00_Optimized_Structure,a,0.0,-0.10083269399999983,0.11500496937499996,0.0,5.350667304190861,56,fixed_k3
00_Optimized_Structure,a,0.0,-0.09695406999999984,0.11500496937499996,0.0,3.7991959508231212,56,fixed_k3
00_Optimized_Structure,a,0.0,-0.09307544599999984,0.11500496937499996,0.0,2.6245887980913363,56,fixed_k3
00_Optimized_Structure,a,0.0,-0.08919682199999984,0.11500496937499996,0.0,1.675421446320978,56,fixed_k3
00_Optimized_Structure,a,0.0,-0.08531819799999985,0.11500496937499996,0.0,0.9284181517261159,56,fixed_k3
00_Optimized_Structure,a,0.0,-0.08143957399999985,0.11500496937499996,0.0,0.38139266497632063,56,fixed_k3
00_Optimized_Structure,a,0.0,-0.07756094999999985,0.11500496937499996,0.0,0.019187882333845163,56,fixed_k3
00_Optimized_Structure,a,0.0,-0.07368232599999985,0.11500496937499996,0.0,-0.1900903459760277,56,fixed_k3
00_Optimized_Structure,a,0.0,-0.06980370199999986,0.11500496937499996,0.0,-0.2872682489735736,56,fixed_k3
00_Optimized_Structure,a,0.0,-0.06592507799999986,0.11500496937499996,0.0,-0.31290990797452656,56,fixed_k3
00_Optimized_Structure,a,0.0,-0.06204645399999986,0.11500496937499996,0.0,-0.3011900830207632,56,fixed_k3
00_Optimized_Structure,a,0.0,-0.058167829999999865,0.11500496937499996,0.0,-0.27746382513030277,56,fixed_k3
00_Optimized_Structure,a,0.0,-0.05428920599999987,0.11500496937499996,0.0,-0.25843665877346655,56,fixed_k3
00_Optimized_Structure,a,0.0,-0.05041058199999987,0.11500496937499996,0.0,-0.25359938505117796,56,fixed_k3
00_Optimized_Structure,a,0.0,-0.04653195799999987,0.11500496937499996,0.0,-0.2669826011041154,56,fixed_k3
00_Optimized_Structure,a,0.0,-0.042653333999999876,0.11500496937499996,0.0,-0.29874815849462166,56,fixed_k3
00_Optimized_Structure,a,0.0,-0.03877470999999988,0.11500496937499996,0.0,-0.3464568232245435,56,fixed_k3
00_Optimized_Structure,a,0.0,-0.03489608599999988,0.11500496937499996,0.0,-0.4060190130129153,56,fixed_k3
00_Optimized_Structure,a,0.0,-0.031017461999999885,0.11500496937499996,0.0,-0.47239796721364335,56,fixed_k3
00_Optimized_Structure,a,0.0,-0.027138837999999887,0.11500496937499996,0.0,-0.5401413595606535,56,fixed_k3
00_Optimized_Structure,a,0.0,-0.02326021399999989,0.11500496937499996,0.0,-0.603800544789987,56,fixed_k3
00_Optimized_Structure,a,0.0,-0.019381589999999893,0.11500496937499996,0.0,-0.6582736371532221,56,fixed_k3
00_Optimized_Structure,a,0.0,-0.015502965999999896,0.11500496937499996,0.0,-0.6990875403475658,56,fixed_k3
00_Optimized_Structure,a,0.0,-0.011624341999999899,0.11500496937499996,0.0,-0.7226183389294114,56,fixed_k3
00_Optimized_Structure,a,0.0,-0.0077457179999999015,0.11500496937499996,0.0,-0.7262404529816409,56,fixed_k3
00_Optimized_Structure,a,0.0,-0.0038670939999999043,0.11500496937499996,0.0,-0.7083928474673464,56,fixed_k3
00_Optimized_Structure,a,0.0,1.1530000000092855e-05,0.11500496937499996,0.0,-0.6685546251076837,56,fixed_k3
00_Optimized_Structure,a,0.0,0.00389015400000009,0.11500496937499996,0.0,-0.60713080192131,56,fixed_k3
00_Optimized_Structure,a,0.0,0.007768778000000087,0.11500496937499996,0.0,-0.525259450363531,56,fixed_k3
00_Optimized_Structure,a,0.0,0.011647402000000084,0.11500496937499996,0.0,-0.42456086244381863,56,fixed_k3
00_Optimized_Structure,a,0.0,0.015526026000000082,0.11500496937499996,0.0,-0.306855493589965,56,fixed_k3
00_Optimized_Structure,a,0.0,0.01940465000000008,0.11500496937499996,0.0,-0.1738788186130087,56,fixed_k3
00_Optimized_Structure,a,0.0,0.023283274000000076,0.11500496937499996,0.0,-0.027017896585423085,56,fixed_k3
00_Optimized_Structure,a,0.0,0.027161898000000073,0.11500496937499996,0.0,0.1329122517405441,56,fixed_k3
00_Optimized_Structure,a,0.0,0.03104052200000007,0.11500496937499996,0.0,0.30584219098608845,56,fixed_k3
00_Optimized_Structure,a,0.0,0.03491914600000007,0.11500496937499996,0.0,0.49256772169723906,56,fixed_k3
00_Optimized_Structure,a,0.0,0.038797770000000065,0.11500496937499996,0.0,0.6948142789003642,56,fixed_k3
00_Optimized_Structure,a,0.0,0.04267639400000006,0.11500496937499996,0.0,0.9152404792334008,56,fixed_k3
00_Optimized_Structure,a,0.0,0.04655501800000006,0.11500496937499996,0.0,1.1573608461799787,56,fixed_k3
00_Optimized_Structure,a,0.0,0.050433642000000056,0.11500496937499996,0.0,1.4253385844976831,56,fixed_k3
00_Optimized_Structure,a,0.0,0.05431226600000005,0.11500496937499996,0.0,1.7235498963327616,56,fixed_k3
00_Optimized_Structure,a,0.0,0.05819089000000005,0.11500496937499996,0.0,2.0557494049776954,56,fixed_k3
00_Optimized_Structure,a,0.0,0.06206951400000005,0.11500496937499996,0.0,2.4235842104926673,56,fixed_k3
00_Optimized_Structure,a,0.0,0.06594813800000005,0.11500496937499996,0.0,2.82416380212502,56,fixed_k3
00_Optimized_Structure,a,0.0,0.06982676200000004,0.11500496937499996,0.0,3.2465213623076026,56,fixed_k3
00_Optimized_Structure,a,0.0,0.07370538600000004,0.11500496937499996,0.0,3.667314871159918,56,fixed_k3
00_Optimized_Structure,a,0.0,0.07758401000000004,0.11500496937499996,0.0,4.047216929968646,56,fixed_k3
00_Optimized_Structure,a,0.0,0.08146263400000003,0.11500496937499996,0.0,4.3309741456482405,56,fixed_k3
00_Optimized_Structure,a,0.0,0.08534125800000003,0.11500496937499996,0.0,4.455060329664481,56,fixed_k3
00_Optimized_Structure,a,0.0,0.08921988200000003,0.11500496937499996,0.0,4.365431607375546,56,fixed_k3
00_Optimized_Structure,a,0.0,0.09309850600000003,0.11500496937499996,0.0,4.043678277856458,56,fixed_k3
00_Optimized_Structure,a,0.0,0.09697713000000002,0.11500496937499996,0.0,3.5379008702161894,56,fixed_k3
00_Optimized_Structure,a,0.0,0.10085575400000002,0.11500496937499996,0.0,3.0098574840798054,56,fixed_k3
00_Optimized_Structure,a,0.0,0.10473437800000002,0.11500496937499996,0.0,2.881052561488561,56,fixed_k3
00_Optimized_Structure,a,0.0,0.10861300200000001,0.11500496937499996,0.0,4.451043641168074,56,fixed_k3
00_Optimized_Structure,a,0.0,0.11249162600000001,0.11500496937499996,0.0,12.803595037527964,56,fixed_k3
00_Optimized_Structure,a,0.0,0.11637025000000001,0.11500496937499996,0.0,51.84016190602885,56,fixed_k3
00_Optimized_Structure,a,0.0,0.120248874,0.11500496937499996,0.0,224.5513173224055,56,fixed_k3
00_Optimized_Structure,a,0.0,0.124127498,0.11500496937499996,0.0,527.5970969985033,56,fixed_k3
00_Optimized_Structure,a,0.0,0.128006122,0.11500496937499996,0.0,323.33526999236756,56,fixed_k3
00_Optimized_Structure,a,0.0,0.131884746,0.11500496937499996,0.0,117.73101653578772,56,fixed_k3
00_Optimized_Structure,a,0.0,0.13576337,0.11500496937499996,0.0,49.49138658211274,56,fixed_k3
00_Optimized_Structure,a,0.0,0.139641994,0.11500496937499996,0.0,27.03786165066071,56,fixed_k3
00_Optimized_Structure,a,0.0,0.143520618,0.11500496937499996,0.0,18.456792748785606,56,fixed_k3
00_Optimized_Structure,a,0.0,0.14739924199999999,0.11500496937499996,0.0,14.578300187129443,56,fixed_k3
00_Optimized_Structure,a,0.0,0.15127786599999998,0.11500496937499996,0.0,12.522881864552373,56,fixed_k3
00_Optimized_Structure,a,0.0,0.15515649,0.11500496937499996,0.0,11.268267450185313,56,fixed_k3
00_Optimized_Structure,a,0.0,-0.1551334299999998,0.11829160749999995,0.0,7.544646609605258,56,fixed_k3
00_Optimized_Structure,a,0.0,-0.1512548059999998,0.11829160749999995,0.0,9.172369596368261,56,fixed_k3
00_Optimized_Structure,a,0.0,-0.1473761819999998,0.11829160749999995,0.0,11.668093184003096,56,fixed_k3
00_Optimized_Structure,a,0.0,-0.1434975579999998,0.11829160749999995,0.0,16.2688925272448,56,fixed_k3
00_Optimized_Structure,a,0.0,-0.1396189339999998,0.11829160749999995,0.0,26.381566356498794,56,fixed_k3
00_Optimized_Structure,a,0.0,-0.1357403099999998,0.11829160749999995,0.0,51.84480354866646,56,fixed_k3
00_Optimized_Structure,a,0.0,-0.1318616859999998,0.11829160749999995,0.0,119.11403977072162,56,fixed_k3
00_Optimized_Structure,a,0.0,-0.12798306199999981,0.11829160749999995,0.0,263.8940965229711,56,fixed_k3
00_Optimized_Structure,a,0.0,-0.12410443799999982,0.11829160749999995,0.0,357.1111291932081,56,fixed_k3
00_Optimized_Structure,a,0.0,-0.12022581399999982,0.11829160749999995,0.0,199.35725826884473,56,fixed_k3
00_Optimized_Structure,a,0.0,-0.11634718999999982,0.11829160749999995,0.0,66.71067195024315,56,fixed_k3
00_Optimized_Structure,a,0.0,-0.11246856599999983,0.11829160749999995,0.0,23.487949057438765,56,fixed_k3
00_Optimized_Structure,a,0.0,-0.10858994199999983,0.11829160749999995,0.0,10.957586449421646,56,fixed_k3
00_Optimized_Structure,a,0.0,-0.10471131799999983,0.11829160749999995,0.0,6.690813045083565,56,fixed_k3
00_Optimized_Structure,a,0.0,-0.10083269399999983,0.11829160749999995,0.0,4.734688516218757,56,fixed_k3
00_Optimized_Structure,a,0.0,-0.09695406999999984,0.11829160749999995,0.0,3.4756472722743883,56,fixed_k3
00_Optimized_Structure,a,0.0,-0.09307544599999984,0.11829160749999995,0.0,2.471460914998522,56,fixed_k3
00_Optimized_Structure,a,0.0,-0.08919682199999984,0.11829160749999995,0.0,1.624612610198742,56,fixed_k3
00_Optimized_Structure,a,0.0,-0.08531819799999985,0.11829160749999995,0.0,0.934995518084049,56,fixed_k3
00_Optimized_Structure,a,0.0,-0.08143957399999985,0.11829160749999995,0.0,0.4145587758289313,56,fixed_k3
00_Optimized_Structure,a,0.0,-0.07756094999999985,0.11829160749999995,0.0,0.05910747620365675,56,fixed_k3
00_Optimized_Structure,a,0.0,-0.07368232599999985,0.11829160749999995,0.0,-0.15458504716574106,56,fixed_k3
00_Optimized_Structure,a,0.0,-0.06980370199999986,0.11829160749999995,0.0,-0.26115409204824624,56,fixed_k3
00_Optimized_Structure,a,0.0,-0.06592507799999986,0.11829160749999995,0.0,-0.2973473931686432,56,fixed_k3
00_Optimized_Structure,a,0.0,-0.06204645399999986,0.11829160749999995,0.0,-0.2953880702541736,56,fixed_k3
00_Optimized_Structure,a,0.0,-0.058167829999999865,0.11829160749999995,0.0,-0.27989772647730815,56,fixed_k3
00_Optimized_Structure,a,0.0,-0.05428920599999987,0.11829160749999995,0.0,-0.26751420518096847,56,fixed_k3
00_Optimized_Structure,a,0.0,-0.05041058199999987,0.11829160749999995,0.0,-0.2679520120457606,56,fixed_k3
00_Optimized_Structure,a,0.0,-0.04653195799999987,0.11829160749999995,0.0,-0.2855445709324318,56,fixed_k3
00_Optimized_Structure,a,0.0,-0.042653333999999876,0.11829160749999995,0.0,-0.3207351373029028,56,fixed_k3
00_Optimized_Structure,a,0.0,-0.03877470999999988,0.11829160749999995,0.0,-0.37130817943122363,56,fixed_k3
00_Optimized_Structure,a,0.0,-0.03489608599999988,0.11829160749999995,0.0,-0.4333353337886936,56,fixed_k3
00_Optimized_Structure,a,0.0,-0.031017461999999885,0.11829160749999995,0.0,-0.5018863502957744,56,fixed_k3
00_Optimized_Structure,a,0.0,-0.027138837999999887,0.11829160749999995,0.0,-0.5715715839573319,56,fixed_k3
00_Optimized_Structure,a,0.0,-0.02326021399999989,0.11829160749999995,0.0,-0.6369712959288627,56,fixed_k3
00_Optimized_Structure,a,0.0,-0.019381589999999893,0.11829160749999995,0.0,-0.6929868960424908,56,fixed_k3
00_Optimized_Structure,a,0.0,-0.015502965999999896,0.11829160749999995,0.0,-0.7351294822383063,56,fixed_k3
00_Optimized_Structure,a,0.0,-0.011624341999999899,0.11829160749999995,0.0,-0.7597457645613597,56,fixed_k3
00_Optimized_Structure,a,0.0,-0.0077457179999999015,0.11829160749999995,0.0,-0.7641724225160549,56,fixed_k3
00_Optimized_Structure,a,0.0,-0.0038670939999999043,0.11829160749999995,0.0,-0.7468075461788022,56,fixed_k3
00_Optimized_Structure,a,0.0,1.1530000000092855e-05,0.11829160749999995,0.0,-0.7070914484919855,56,fixed_k3
00_Optimized_Structure,a,0.0,0.00389015400000009,0.11829160749999995,0.0,-0.6453972211606893,56,fixed_k3
00_Optimized_Structure,a,0.0,0.007768778000000087,0.11829160749999995,0.0,-0.5628415384587466,56,fixed_k3
00_Optimized_Structure,a,0.0,0.011647402000000084,0.11829160749999995,0.0,-0.4610356415055308,56,fixed_k3
00_Optimized_Structure,a,0.0,0.015526026000000082,0.11829160749999995,0.0,-0.3418027435610038,56,fixed_k3
00_Optimized_Structure,a,0.0,0.01940465000000008,0.11829160749999995,0.0,-0.20688986179426205,56,fixed_k3
00_Optimized_Structure,a,0.0,0.023283274000000076,0.11829160749999995,0.0,-0.05769924252370373,56,fixed_k3
00_Optimized_Structure,a,0.0,0.027161898000000073,0.11829160749999995,0.0,0.10494164887783919,56,fixed_k3
00_Optimized_Structure,a,0.0,0.03104052200000007,0.11829160749999995,0.0,0.2809600091539717,56,fixed_k3
00_Optimized_Structure,a,0.0,0.03491914600000007,0.11829160749999995,0.0,0.4711619627866548,56,fixed_k3
00_Optimized_Structure,a,0.0,0.038797770000000065,0.11829160749999995,0.0,0.6772978544943262,56,fixed_k3
00_Optimized_Structure,a,0.0,0.04267639400000006,0.11829160749999995,0.0,0.902060628824175,56,fixed_k3
00_Optimized_Structure,a,0.0,0.04655501800000006,0.11829160749999995,0.0,1.1489947527247015,56,fixed_k3
00_Optimized_Structure,a,0.0,0.050433642000000056,0.11829160749999995,0.0,1.4222643252846954,56,fixed_k3
00_Optimized_Structure,a,0.0,0.05431226600000005,0.11829160749999995,0.0,1.7261818036486574,56,fixed_k3
00_Optimized_Structure,a,0.0,0.05819089000000005,0.11829160749999995,0.0,2.0643333438581846,56,fixed_k3
00_Optimized_Structure,a,0.0,0.06206951400000005,0.11829160749999995,0.0,2.4380695222217095,56,fixed_k3
00_Optimized_Structure,a,0.0,0.06594813800000005,0.11829160749999995,0.0,2.844116704390614,56,fixed_k3
00_Optimized_Structure,a,0.0,0.06982676200000004,0.11829160749999995,0.0,3.2712276226831145,56,fixed_k3
00_Optimized_Structure,a,0.0,0.07370538600000004,0.11829160749999995,0.0,3.6963183167859675,56,fixed_k3
00_Optimized_Structure,a,0.0,0.07758401000000004,0.11829160749999995,0.0,4.081566431272433,56,fixed_k3
00_Optimized_Structure,a,0.0,0.08146263400000003,0.11829160749999995,0.0,4.375224821420911,56,fixed_k3
00_Optimized_Structure,a,0.0,0.08534125800000003,0.11829160749999995,0.0,4.519421513418306,56,fixed_k3
00_Optimized_Structure,a,0.0,0.08921988200000003,0.11829160749999995,0.0,4.4664948527136605,56,fixed_k3
00_Optimized_Structure,a,0.0,0.09309850600000003,0.11829160749999995,0.0,4.201473842679244,56,fixed_k3
00_Optimized_Structure,a,0.0,0.09697713000000002,0.11829160749999995,0.0,3.7668230968056755,56,fixed_k3
00_Optimized_Structure,a,0.0,0.10085575400000002,0.11829160749999995,0.0,3.29816959450635,56,fixed_k3
00_Optimized_Structure,a,0.0,0.10473437800000002,0.11829160749999995,0.0,3.1329124409653235,56,fixed_k3
00_Optimized_Structure,a,0.0,0.10861300200000001,0.11829160749999995,0.0,4.248463659825936,56,fixed_k3
00_Optimized_Structure,a,0.0,0.11249162600000001,0.11829160749999995,0.0,10.106534000799874,56,fixed_k3
00_Optimized_Structure,a,0.0,0.11637025000000001,0.11829160749999995,0.0,34.19600155495826,56,fixed_k3
00_Optimized_Structure,a,0.0,0.120248874,0.11829160749999995,0.0,116.8611514733705,56,fixed_k3
00_Optimized_Structure,a,0.0,0.124127498,0.11829160749999995,0.0,245.20185775774422,56,fixed_k3
00_Optimized_Structure,a,0.0,0.128006122,0.11829160749999995,0.0,208.6615350662321,56,fixed_k3
00_Optimized_Structure,a,0.0,0.131884746,0.11829160749999995,0.0,101.93059869673522,56,fixed_k3
00_Optimized_Structure,a,0.0,0.13576337,0.11829160749999995,0.0,48.42343407396476,56,fixed_k3
00_Optimized_Structure,a,0.0,0.139641994,0.11829160749999995,0.0,27.56625791797761,56,fixed_k3
00_Optimized_Structure,a,0.0,0.143520618,0.11829160749999995,0.0,19.09089719557521,56,fixed_k3
00_Optimized_Structure,a,0.0,0.14739924199999999,0.11829160749999995,0.0,15.212863084235366,56,fixed_k3
00_Optimized_Structure,a,0.0,0.15127786599999998,0.11829160749999995,0.0,13.177842446456548,56,fixed_k3
00_Optimized_Structure,a,0.0,0.15515649,0.11829160749999995,0.0,11.955315981392088,56,fixed_k3
00_Optimized_Structure,a,0.0,-0.1551334299999998,0.12157824562499994,0.0,7.156878266008534,56,fixed_k3
00_Optimized_Structure,a,0.0,-0.1512548059999998,0.12157824562499994,0.0,8.670795722720843,56,fixed_k3
00_Optimized_Structure,a,0.0,-0.1473761819999998,0.12157824562499994,0.0,11.069341552696107,56,fixed_k3
00_Optimized_Structure,a,0.0,-0.1434975579999998,0.12157824562499994,0.0,15.578810071977099,56,fixed_k3
00_Optimized_Structure,a,0.0,-0.1396189339999998,0.12157824562499994,0.0,25.352114656218028,56,fixed_k3
00_Optimized_Structure,a,0.0,-0.1357403099999998,0.12157824562499994,0.0,48.143465431577724,56,fixed_k3
00_Optimized_Structure,a,0.0,-0.1318616859999998,0.12157824562499994,0.0,98.12049658946013,56,fixed_k3
00_Optimized_Structure,a,0.0,-0.12798306199999981,0.12157824562499994,0.0,172.85812600132516,56,fixed_k3
00_Optimized_Structure,a,0.0,-0.12410443799999982,0.12157824562499994,0.0,191.22045197865236,56,fixed_k3
00_Optimized_Structure,a,0.0,-0.12022581399999982,0.12157824562499994,0.0,112.06323729856194,56,fixed_k3
00_Optimized_Structure,a,0.0,-0.11634718999999982,0.12157824562499994,0.0,44.06115912692727,56,fixed_k3
00_Optimized_Structure,a,0.0,-0.11246856599999983,0.12157824562499994,0.0,17.4280008689205,56,fixed_k3
00_Optimized_Structure,a,0.0,-0.10858994199999983,0.12157824562499994,0.0,8.781330622708962,56,fixed_k3
00_Optimized_Structure,a,0.0,-0.10471131799999983,0.12157824562499994,0.0,5.686459990660419,56,fixed_k3
00_Optimized_Structure,a,0.0,-0.10083269399999983,0.12157824562499994,0.0,4.209818816038755,56,fixed_k3
00_Optimized_Structure,a,0.0,-0.09695406999999984,0.12157824562499994,0.0,3.2003881209119918,56,fixed_k3
00_Optimized_Structure,a,0.0,-0.09307544599999984,0.12157824562499994,0.0,2.3445909906164464,56,fixed_k3
00_Optimized_Structure,a,0.0,-0.08919682199999984,0.12157824562499994,0.0,1.5881909011847861,56,fixed_k3
00_Optimized_Structure,a,0.0,-0.08531819799999985,0.12157824562499994,0.0,0.9498395126994907,56,fixed_k3
00_Optimized_Structure,a,0.0,-0.08143957399999985,0.12157824562499994,0.0,0.4531615403098972,56,fixed_k3
00_Optimized_Structure,a,0.0,-0.07756094999999985,0.12157824562499994,0.0,0.10333016824978847,56,fixed_k3
00_Optimized_Structure,a,0.0,-0.07368232599999985,0.12157824562499994,0.0,-0.11520056558575487,56,fixed_k3
00_Optimized_Structure,a,0.0,-0.06980370199999986,0.12157824562499994,0.0,-0.23139060960037305,56,fixed_k3
00_Optimized_Structure,a,0.0,-0.06592507799999986,0.12157824562499994,0.0,-0.2783747798981415,56,fixed_k3
00_Optimized_Structure,a,0.0,-0.06204645399999986,0.12157824562499994,0.0,-0.2864650183007025,56,fixed_k3
00_Optimized_Structure,a,0.0,-0.058167829999999865,0.12157824562499994,0.0,-0.27952859828706167,56,fixed_k3
00_Optimized_Structure,a,0.0,-0.05428920599999987,0.12157824562499994,0.0,-0.27410511796086157,56,fixed_k3
00_Optimized_Structure,a,0.0,-0.05041058199999987,0.12157824562499994,0.0,-0.2801109973606688,56,fixed_k3
00_Optimized_Structure,a,0.0,-0.04653195799999987,0.12157824562499994,0.0,-0.30217187172594295,56,fixed_k3
00_Optimized_Structure,a,0.0,-0.042653333999999876,0.12157824562499994,0.0,-0.3410099733699883,56,fixed_k3
00_Optimized_Structure,a,0.0,-0.03877470999999988,0.12157824562499994,0.0,-0.39463569532184595,56,fixed_k3
00_Optimized_Structure,a,0.0,-0.03489608599999988,0.12157824562499994,0.0,-0.4592861876863217,56,fixed_k3
00_Optimized_Structure,a,0.0,-0.031017461999999885,0.12157824562499994,0.0,-0.5301425735739369,56,fixed_k3
00_Optimized_Structure,a,0.0,-0.027138837999999887,0.12157824562499994,0.0,-0.6018825903525191,56,fixed_k3
00_Optimized_Structure,a,0.0,-0.02326021399999989,0.12157824562499994,0.0,-0.6691196764871945,56,fixed_k3
00_Optimized_Structure,a,0.0,-0.019381589999999893,0.12157824562499994,0.0,-0.7267623408563466,56,fixed_k3
00_Optimized_Structure,a,0.0,-0.015502965999999896,0.12157824562499994,0.0,-0.7703092612847855,56,fixed_k3
00_Optimized_Structure,a,0.0,-0.011624341999999899,0.12157824562499994,0.0,-0.7960807927570799,56,fixed_k3
00_Optimized_Structure,a,0.0,-0.0077457179999999015,0.12157824562499994,0.0,-0.8013785356122725,56,fixed_k3
00_Optimized_Structure,a,0.0,-0.0038670939999999043,0.12157824562499994,0.0,-0.7845619556666628,56,fixed_k3
00_Optimized_Structure,a,0.0,1.1530000000092855e-05,0.12157824562499994,0.0,-0.7450343080582993,56,fixed_k3
00_Optimized_Structure,a,0.0,0.00389015400000009,0.12157824562499994,0.0,-0.6831378359840405,56,fixed_k3
00_Optimized_Structure,a,0.0,0.007768778000000087,0.12157824562499994,0.0,-0.5999681072784058,56,fixed_k3
00_Optimized_Structure,a,0.0,0.011647402000000084,0.12157824562499994,0.0,-0.4971267454881745,56,fixed_k3
00_Optimized_Structure,a,0.0,0.015526026000000082,0.12157824562499994,0.0,-0.37643831381418646,56,fixed_k3
00_Optimized_Structure,a,0.0,0.01940465000000008,0.12157824562499994,0.0,-0.23965925522911968,56,fixed_k3
00_Optimized_Structure,a,0.0,0.023283274000000076,0.12157824562499994,0.0,-0.0882044322109179,56,fixed_k3
00_Optimized_Structure,a,0.0,0.027161898000000073,0.12157824562499994,0.0,0.07708890408582425,56,fixed_k3
00_Optimized_Structure,a,0.0,0.03104052200000007,0.12157824562499994,0.0,0.2561468683599144,56,fixed_k3
00_Optimized_Structure,a,0.0,0.03491914600000007,0.12157824562499994,0.0,0.44978729227514647,56,fixed_k3
00_Optimized_Structure,a,0.0,0.038797770000000065,0.12157824562499994,0.0,0.6597853502913908,56,fixed_k3
00_Optimized_Structure,a,0.0,0.04267639400000006,0.12157824562499994,0.0,0.8888662556100182,56,fixed_k3
00_Optimized_Structure,a,0.0,0.04655501800000006,0.12157824562499994,0.0,1.1406000765029254,56,fixed_k3
00_Optimized_Structure,a,0.0,0.050433642000000056,0.12157824562499994,0.0,1.4191454422073173,56,fixed_k3
00_Optimized_Structure,a,0.0,0.05431226600000005,0.12157824562499994,0.0,1.7287441446379117,56,fixed_k3
00_Optimized_Structure,a,0.0,0.05819089000000005,0.12157824562499994,0.0,2.0728099941692135,56,fixed_k3
00_Optimized_Structure,a,0.0,0.06206951400000005,0.12157824562499994,0.0,2.452402677808804,56,fixed_k3
00_Optimized_Structure,a,0.0,0.06594813800000005,0.12157824562499994,0.0,2.8638888084225673,56,fixed_k3
00_Optimized_Structure,a,0.0,0.06982676200000004,0.12157824562499994,0.0,3.295785056110501,56,fixed_k3
00_Optimized_Structure,a,0.0,0.07370538600000004,0.12157824562499994,0.0,3.7253121355977954,56,fixed_k3
00_Optimized_Structure,a,0.0,0.07758401000000004,0.12157824562499994,0.0,4.11613401644148,56,fixed_k3
00_Optimized_Structure,a,0.0,0.08146263400000003,0.12157824562499994,0.0,4.419795126667301,56,fixed_k3
00_Optimized_Structure,a,0.0,0.08534125800000003,0.12157824562499994,0.0,4.583523621639222,56,fixed_k3
00_Optimized_Structure,a,0.0,0.08921988200000003,0.12157824562499994,0.0,4.565146601673536,56,fixed_k3
00_Optimized_Structure,a,0.0,0.09309850600000003,0.12157824562499994,0.0,4.35223717219487,56,fixed_k3
00_Optimized_Structure,a,0.0,0.09697713000000002,0.12157824562499994,0.0,3.9814822713766036,56,fixed_k3
00_Optimized_Structure,a,0.0,0.10085575400000002,0.12157824562499994,0.0,3.564425019155366,56,fixed_k3
00_Optimized_Structure,a,0.0,0.10473437800000002,0.12157824562499994,0.0,3.364291064239814,56,fixed_k3
00_Optimized_Structure,a,0.0,0.10861300200000001,0.12157824562499994,0.0,4.093768243630875,56,fixed_k3
00_Optimized_Structure,a,0.0,0.11249162600000001,0.12157824562499994,0.0,8.04431583549231,56,fixed_k3
00_Optimized_Structure,a,0.0,0.11637025000000001,0.12157824562499994,0.0,22.798982575764732,56,fixed_k3
00_Optimized_Structure,a,0.0,0.120248874,0.12157824562499994,0.0,65.47339743269771,56,fixed_k3
00_Optimized_Structure,a,0.0,0.124127498,0.12157824562499994,0.0,127.74188668791646,56,fixed_k3
00_Optimized_Structure,a,0.0,0.128006122,0.12157824562499994,0.0,131.28145800651822,56,fixed_k3
00_Optimized_Structure,a,0.0,0.131884746,0.12157824562499994,0.0,82.38244796945452,56,fixed_k3
00_Optimized_Structure,a,0.0,0.13576337,0.12157824562499994,0.0,45.211519749014855,56,fixed_k3
00_Optimized_Structure,a,0.0,0.139641994,0.12157824562499994,0.0,27.401757423910386,56,fixed_k3
00_Optimized_Structure,a,0.0,0.143520618,0.12157824562499994,0.0,19.499522160504533,56,fixed_k3
00_Optimized_Structure,a,0.0,0.14739924199999999,0.12157824562499994,0.0,15.78947576968197,56,fixed_k3
00_Optimized_Structure,a,0.0,0.15127786599999998,0.12157824562499994,0.0,13.854000958521558,56,fixed_k3
00_Optimized_Structure,a,0.0,0.15515649,0.12157824562499994,0.0,12.710985739658058,56,fixed_k3
00_Optimized_Structure,a,0.0,-0.1551334299999998,0.12486488374999996,0.0,6.7449956364514385,56,fixed_k3
00_Optimized_Structure,a,0.0,-0.1512548059999998,0.12486488374999996,0.0,8.06385811110591,56,fixed_k3
00_Optimized_Structure,a,0.0,-0.1473761819999998,0.12486488374999996,0.0,10.269580318548389,56,fixed_k3
00_Optimized_Structure,a,0.0,-0.1434975579999998,0.12486488374999996,0.0,14.51790026302075,56,fixed_k3
00_Optimized_Structure,a,0.0,-0.1396189339999998,0.12486488374999996,0.0,23.499048919734605,56,fixed_k3
00_Optimized_Structure,a,0.0,-0.1357403099999998,0.12486488374999996,0.0,42.483526490976175,56,fixed_k3
00_Optimized_Structure,a,0.0,-0.1318616859999998,0.12486488374999996,0.0,76.41223612079413,56,fixed_k3
00_Optimized_Structure,a,0.0,-0.12798306199999981,0.12486488374999996,0.0,112.16673877337962,56,fixed_k3
00_Optimized_Structure,a,0.0,-0.12410443799999982,0.12486488374999996,0.0,109.80392735626273,56,fixed_k3
00_Optimized_Structure,a,0.0,-0.12022581399999982,0.12486488374999996,0.0,66.67031395318834,56,fixed_k3
00_Optimized_Structure,a,0.0,-0.11634718999999982,0.12486488374999996,0.0,29.42076140319018,56,fixed_k3
00_Optimized_Structure,a,0.0,-0.11246856599999983,0.12486488374999996,0.0,12.879620052220206,56,fixed_k3
00_Optimized_Structure,a,0.0,-0.10858994199999983,0.12486488374999996,0.0,7.0259584607816326,56,fixed_k3
00_Optimized_Structure,a,0.0,-0.10471131799999983,0.12486488374999996,0.0,4.8492439131640355,56,fixed_k3
00_Optimized_Structure,a,0.0,-0.10083269399999983,0.12486488374999996,0.0,3.766242237181018,56,fixed_k3
00_Optimized_Structure,a,0.0,-0.09695406999999984,0.12486488374999996,0.0,2.968363203551503,56,fixed_k3
00_Optimized_Structure,a,0.0,-0.09307544599999984,0.12486488374999996,0.0,2.241398787634793,56,fixed_k3
00_Optimized_Structure,a,0.0,-0.08919682199999984,0.12486488374999996,0.0,1.5649826356322838,56,fixed_k3
00_Optimized_Structure,a,0.0,-0.08531819799999985,0.12486488374999996,0.0,0.9725606478546514,56,fixed_k3
00_Optimized_Structure,a,0.0,-0.08143957399999985,0.12486488374999996,0.0,0.497229138317687,56,fixed_k3
00_Optimized_Structure,a,0.0,-0.07756094999999985,0.12486488374999996,0.0,0.15210428499291018,56,fixed_k3
00_Optimized_Structure,a,0.0,-0.07368232599999985,0.12486488374999996,0.0,-0.0715675819600603,56,fixed_k3
00_Optimized_Structure,a,0.0,-0.06980370199999986,0.12486488374999996,0.0,-0.19753957439542114,56,fixed_k3
00_Optimized_Structure,a,0.0,-0.06592507799999986,0.12486488374999996,0.0,-0.25551731711848147,56,fixed_k3
00_Optimized_Structure,a,0.0,-0.06204645399999986,0.12486488374999996,0.0,-0.273932777443449,56,fixed_k3
00_Optimized_Structure,a,0.0,-0.058167829999999865,0.12486488374999996,0.0,-0.27587161527974935,56,fixed_k3
00_Optimized_Structure,a,0.0,-0.05428920599999987,0.12486488374999996,0.0,-0.2777391302394716,56,fixed_k3
00_Optimized_Structure,a,0.0,-0.05041058199999987,0.12486488374999996,0.0,-0.28962730539239034,56,fixed_k3
00_Optimized_Structure,a,0.0,-0.04653195799999987,0.12486488374999996,0.0,-0.3164399445265835,56,fixed_k3
00_Optimized_Structure,a,0.0,-0.042653333999999876,0.12486488374999996,0.0,-0.3591735013805262,56,fixed_k3
00_Optimized_Structure,a,0.0,-0.03877470999999988,0.12486488374999996,0.0,-0.4160650790651479,56,fixed_k3
00_Optimized_Structure,a,0.0,-0.03489608599999988,0.12486488374999996,0.0,-0.4835208398170905,56,fixed_k3
00_Optimized_Structure,a,0.0,-0.031017461999999885,0.12486488374999996,0.0,-0.5568377690242619,56,fixed_k3
00_Optimized_Structure,a,0.0,-0.027138837999999887,0.12486488374999996,0.0,-0.630765573739116,56,fixed_k3
00_Optimized_Structure,a,0.0,-0.02326021399999989,0.12486488374999996,0.0,-0.6999551738463365,56,fixed_k3
00_Optimized_Structure,a,0.0,-0.019381589999999893,0.12486488374999996,0.0,-0.759326085758874,56,fixed_k3
00_Optimized_Structure,a,0.0,-0.015502965999999896,0.12486488374999996,0.0,-0.804368079974664,56,fixed_k3
00_Optimized_Structure,a,0.0,-0.011624341999999899,0.12486488374999996,0.0,-0.8313782925058955,56,fixed_k3
00_Optimized_Structure,a,0.0,-0.0077457179999999015,0.12486488374999996,0.0,-0.8376259917229989,56,fixed_k3
00_Optimized_Structure,a,0.0,-0.0038670939999999043,0.12486488374999996,0.0,-0.8214343147244958,56,fixed_k3
00_Optimized_Structure,a,0.0,1.1530000000092855e-05,0.12486488374999996,0.0,-0.782171194721065,56,fixed_k3
00_Optimized_Structure,a,0.0,0.00389015400000009,0.12486488374999996,0.0,-0.7201490747710282,56,fixed_k3
00_Optimized_Structure,a,0.0,0.007768778000000087,0.12486488374999996,0.0,-0.6364426683327316,56,fixed_k3
00_Optimized_Structure,a,0.0,0.011647402000000084,0.12486488374999996,0.0,-0.53264339024199,56,fixed_k3
00_Optimized_Structure,a,0.0,0.015526026000000082,0.12486488374999996,0.0,-0.41057577082382357,56,fixed_k3
00_Optimized_Structure,a,0.0,0.01940465000000008,0.12486488374999996,0.0,-0.27200367654226953,56,fixed_k3
00_Optimized_Structure,a,0.0,0.023283274000000076,0.12486488374999996,0.0,-0.11835226220655537,56,fixed_k3
00_Optimized_Structure,a,0.0,0.027161898000000073,0.12486488374999996,0.0,0.04953366627636013,56,fixed_k3
00_Optimized_Structure,a,0.0,0.03104052200000007,0.12486488374999996,0.0,0.23158076798331884,56,fixed_k3
00_Optimized_Structure,a,0.0,0.03491914600000007,0.12486488374999996,0.0,0.42861901999498464,56,fixed_k3
00_Optimized_Structure,a,0.0,0.038797770000000065,0.12486488374999996,0.0,0.6424470610934003,56,fixed_k3
00_Optimized_Structure,a,0.0,0.04267639400000006,0.12486488374999996,0.0,0.8758186367731695,56,fixed_k3
00_Optimized_Structure,a,0.0,0.04655501800000006,0.12486488374999996,0.0,1.1323229643998531,56,fixed_k3
00_Optimized_Structure,a,0.0,0.050433642000000056,0.12486488374999996,0.0,1.4161042651388662,56,fixed_k3
00_Optimized_Structure,a,0.0,0.05431226600000005,0.12486488374999996,0.0,1.7313236598568487,56,fixed_k3
00_Optimized_Structure,a,0.0,0.05819089000000005,0.12486488374999996,0.0,2.0812149692279123,56,fixed_k3
00_Optimized_Structure,a,0.0,0.06206951400000005,0.12486488374999996,0.0,2.4665476328749874,56,fixed_k3
00_Optimized_Structure,a,0.0,0.06594813800000005,0.12486488374999996,0.0,2.8833442914442653,56,fixed_k3
00_Optimized_Structure,a,0.0,0.06982676200000004,0.12486488374999996,0.0,3.319917178704806,56,fixed_k3
00_Optimized_Structure,a,0.0,0.07370538600000004,0.12486488374999996,0.0,3.7538172549363003,56,fixed_k3
00_Optimized_Structure,a,0.0,0.07758401000000004,0.12486488374999996,0.0,4.150146521582053,56,fixed_k3
00_Optimized_Structure,a,0.0,0.08146263400000003,0.12486488374999996,0.0,4.46349698342887,56,fixed_k3
00_Optimized_Structure,a,0.0,0.08534125800000003,0.12486488374999996,0.0,4.645633249125953,56,fixed_k3
00_Optimized_Structure,a,0.0,0.08921988200000003,0.12486488374999996,0.0,4.658999742862343,56,fixed_k3
00_Optimized_Structure,a,0.0,0.09309850600000003,0.12486488374999996,0.0,4.49283628482295,56,fixed_k3
00_Optimized_Structure,a,0.0,0.09697713000000002,0.12486488374999996,0.0,4.177815681996451,56,fixed_k3
00_Optimized_Structure,a,0.0,0.10085575400000002,0.12486488374999996,0.0,3.8030995174965643,56,fixed_k3
00_Optimized_Structure,a,0.0,0.10473437800000002,0.12486488374999996,0.0,3.566723842344887,56,fixed_k3
00_Optimized_Structure,a,0.0,0.10861300200000001,0.12486488374999996,0.0,3.9671266692759515,56,fixed_k3
00_Optimized_Structure,a,0.0,0.11249162600000001,0.12486488374999996,0.0,6.469509341716556,56,fixed_k3
00_Optimized_Structure,a,0.0,0.11637025000000001,0.12486488374999996,0.0,15.32415888952963,56,fixed_k3
00_Optimized_Structure,a,0.0,0.120248874,0.12486488374999996,0.0,38.39514438035355,56,fixed_k3
00_Optimized_Structure,a,0.0,0.124127498,0.12486488374999996,0.0,71.5301576990469,56,fixed_k3
00_Optimized_Structure,a,0.0,0.128006122,0.12486488374999996,0.0,82.62413233801072,56,fixed_k3
00_Optimized_Structure,a,0.0,0.131884746,0.12486488374999996,0.0,63.19093598959403,56,fixed_k3
00_Optimized_Structure,a,0.0,0.13576337,0.12486488374999996,0.0,40.26568930496375,56,fixed_k3
00_Optimized_Structure,a,0.0,0.139641994,0.12486488374999996,0.0,26.44634488945155,56,fixed_k3
00_Optimized_Structure,a,0.0,0.143520618,0.12486488374999996,0.0,19.598970689700156,56,fixed_k3
00_Optimized_Structure,a,0.0,0.14739924199999999,0.12486488374999996,0.0,16.2630194470349,56,fixed_k3
00_Optimized_Structure,a,0.0,0.15127786599999998,0.12486488374999996,0.0,14.532581985801258,56,fixed_k3
00_Optimized_Structure,a,0.0,0.15515649,0.12486488374999996,0.0,13.534355028305093,56,fixed_k3
00_Optimized_Structure,a,0.0,-0.1551334299999998,0.12815152187499992,0.0,6.353292732413518,56,fixed_k3
00_Optimized_Structure,a,0.0,-0.1512548059999998,0.12815152187499992,0.0,7.369223818106331,56,fixed_k3
00_Optimized_Structure,a,0.0,-0.1473761819999998,0.12815152187499992,0.0,9.266577316532821,56,fixed_k3
00_Optimized_Structure,a,0.0,-0.1434975579999998,0.12815152187499992,0.0,13.073086507037711,56,fixed_k3
00_Optimized_Structure,a,0.0,-0.1396189339999998,0.12815152187499992,0.0,20.874681869171532,56,fixed_k3
00_Optimized_Structure,a,0.0,-0.1357403099999998,0.12815152187499992,0.0,35.60421679656374,56,fixed_k3
00_Optimized_Structure,a,0.0,-0.1318616859999998,0.12815152187499992,0.0,56.95292253925863,56,fixed_k3
00_Optimized_Structure,a,0.0,-0.12798306199999981,0.12815152187499992,0.0,72.81318685638941,56,fixed_k3
00_Optimized_Structure,a,0.0,-0.12410443799999982,0.12815152187499992,0.0,65.95263921670956,56,fixed_k3
00_Optimized_Structure,a,0.0,-0.12022581399999982,0.12815152187499992,0.0,41.07088089472366,56,fixed_k3
00_Optimized_Structure,a,0.0,-0.11634718999999982,0.12815152187499992,0.0,19.755715336419236,56,fixed_k3
00_Optimized_Structure,a,0.0,-0.11246856599999983,0.12815152187499992,0.0,9.477740835730021,56,fixed_k3
00_Optimized_Structure,a,0.0,-0.10858994199999983,0.12815152187499992,0.0,5.621126779320059,56,fixed_k3
00_Optimized_Structure,a,0.0,-0.10471131799999983,0.12815152187499992,0.0,4.156474591514886,56,fixed_k3
00_Optimized_Structure,a,0.0,-0.10083269399999983,0.12815152187499992,0.0,3.3939578090813667,56,fixed_k3
00_Optimized_Structure,a,0.0,-0.09695406999999984,0.12815152187499992,0.0,2.7745386672113668,56,fixed_k3
00_Optimized_Structure,a,0.0,-0.09307544599999984,0.12815152187499992,0.0,2.159320849377365,56,fixed_k3
00_Optimized_Structure,a,0.0,-0.08919682199999984,0.12815152187499992,0.0,1.5537854504382602,56,fixed_k3
00_Optimized_Structure,a,0.0,-0.08531819799999985,0.12815152187499992,0.0,1.002711966150258,56,fixed_k3
00_Optimized_Structure,a,0.0,-0.08143957399999985,0.12815152187499992,0.0,0.5467253415014348,56,fixed_k3
00_Optimized_Structure,a,0.0,-0.07756094999999985,0.12815152187499992,0.0,0.2056193742801915,56,fixed_k3
00_Optimized_Structure,a,0.0,-0.07368232599999985,0.12815152187499992,0.0,-0.023365278902991005,56,fixed_k3
00_Optimized_Structure,a,0.0,-0.06980370199999986,0.12815152187499992,0.0,-0.15920035783137854,56,fixed_k3
00_Optimized_Structure,a,0.0,-0.06592507799999986,0.12815152187499992,0.0,-0.228327987652432,56,fixed_k3
00_Optimized_Structure,a,0.0,-0.06204645399999986,0.12815152187499992,0.0,-0.257322728032503,56,fixed_k3
00_Optimized_Structure,a,0.0,-0.058167829999999865,0.12815152187499992,0.0,-0.2684550585718335,56,fixed_k3
00_Optimized_Structure,a,0.0,-0.05428920599999987,0.12815152187499992,0.0,-0.27795426903251563,56,fixed_k3
00_Optimized_Structure,a,0.0,-0.05041058199999987,0.12815152187499992,0.0,-0.29605668364860804,56,fixed_k3
00_Optimized_Structure,a,0.0,-0.04653195799999987,0.12815152187499992,0.0,-0.3279264703885847,56,fixed_k3
00_Optimized_Structure,a,0.0,-0.042653333999999876,0.12815152187499992,0.0,-0.3748269325302003,56,fixed_k3
00_Optimized_Structure,a,0.0,-0.03877470999999988,0.12815152187499992,0.0,-0.4352210166416639,56,fixed_k3
00_Optimized_Structure,a,0.0,-0.03489608599999988,0.12815152187499992,0.0,-0.5056864567618531,56,fixed_k3
00_Optimized_Structure,a,0.0,-0.031017461999999885,0.12815152187499992,0.0,-0.5816401318773798,56,fixed_k3
00_Optimized_Structure,a,0.0,-0.027138837999999887,0.12815152187499992,0.0,-0.6579081487301832,56,fixed_k3
00_Optimized_Structure,a,0.0,-0.02326021399999989,0.12815152187499992,0.0,-0.7291832271775425,56,fixed_k3
00_Optimized_Structure,a,0.0,-0.019381589999999893,0.12815152187499992,0.0,-0.7903998981098672,56,fixed_k3
00_Optimized_Structure,a,0.0,-0.015502965999999896,0.12815152187499992,0.0,-0.8370426614487609,56,fixed_k3
00_Optimized_Structure,a,0.0,-0.011624341999999899,0.12815152187499992,0.0,-0.8653886817215177,56,fixed_k3
00_Optimized_Structure,a,0.0,-0.0077457179999999015,0.12815152187499992,0.0,-0.8726777185114254,56,fixed_k3
00_Optimized_Structure,a,0.0,-0.0038670939999999043,0.12815152187499992,0.0,-0.8571989061100034,56,fixed_k3
00_Optimized_Structure,a,0.0,1.1530000000092855e-05,0.12815152187499992,0.0,-0.8182865778574842,56,fixed_k3
00_Optimized_Structure,a,0.0,0.00389015400000009,0.12815152187499992,0.0,-0.7562243794565005,56,fixed_k3
00_Optimized_Structure,a,0.0,0.007768778000000087,0.12815152187499992,0.0,-0.6720663670873472,56,fixed_k3
00_Optimized_Structure,a,0.0,0.011647402000000084,0.12815152187499992,0.0,-0.5673931221975046,56,fixed_k3
00_Optimized_Structure,a,0.0,0.015526026000000082,0.12815152187499992,0.0,-0.44402778460323455,56,fixed_k3
00_Optimized_Structure,a,0.0,0.01940465000000008,0.12815152187499992,0.0,-0.3037397678685858,56,fixed_k3
00_Optimized_Structure,a,0.0,0.023283274000000076,0.12815152187499992,0.0,-0.14796246747192843,56,fixed_k3
00_Optimized_Structure,a,0.0,0.027161898000000073,0.12815152187499992,0.0,0.022453520002628125,56,fixed_k3
00_Optimized_Structure,a,0.0,0.03104052200000007,0.12815152187499992,0.0,0.20743631119210448,56,fixed_k3
00_Optimized_Structure,a,0.0,0.03491914600000007,0.12815152187499992,0.0,0.40782745327878933,56,fixed_k3
00_Optimized_Structure,a,0.0,0.038797770000000065,0.12815152187499992,0.0,0.6254463156209704,56,fixed_k3
00_Optimized_Structure,a,0.0,0.04267639400000006,0.12815152187499992,0.0,0.8630696662567732,56,fixed_k3
00_Optimized_Structure,a,0.0,0.04655501800000006,0.12815152187499992,0.0,1.1242972011174044,56,fixed_k3
00_Optimized_Structure,a,0.0,0.050433642000000056,0.12815152187499992,0.0,1.4132471029992721,56,fixed_k3
00_Optimized_Structure,a,0.0,0.05431226600000005,0.12815152187499992,0.0,1.7339866052221635,56,fixed_k3
00_Optimized_Structure,a,0.0,0.05819089000000005,0.12815152187499992,0.0,2.089558004345387,56,fixed_k3
00_Optimized_Structure,a,0.0,0.06206951400000005,0.12815152187499992,0.0,2.480436049869373,56,fixed_k3
00_Optimized_Structure,a,0.0,0.06594813800000005,0.12815152187499992,0.0,2.9023076669999246,56,fixed_k3
00_Optimized_Structure,a,0.0,0.06982676200000004,0.12815152187499992,0.0,3.3433001212257754,56,fixed_k3
00_Optimized_Structure,a,0.0,0.07370538600000004,0.12815152187499992,0.0,3.7813011431442742,56,fixed_k3
00_Optimized_Structure,a,0.0,0.07758401000000004,0.12815152187499992,0.0,4.18277763965012,56,fixed_k3
00_Optimized_Structure,a,0.0,0.08146263400000003,0.12815152187499992,0.0,4.505104461619653,56,fixed_k3
00_Optimized_Structure,a,0.0,0.08534125800000003,0.12815152187499992,0.0,4.704021452431938,56,fixed_k3
00_Optimized_Structure,a,0.0,0.08921988200000003,0.12815152187499992,0.0,4.745755799961959,56,fixed_k3
00_Optimized_Structure,a,0.0,0.09309850600000003,0.12815152187499992,0.0,4.620377974013829,56,fixed_k3
00_Optimized_Structure,a,0.0,0.09697713000000002,0.12815152187499992,0.0,4.352270868998444,56,fixed_k3
00_Optimized_Structure,a,0.0,0.10085575400000002,0.12815152187499992,0.0,4.009679720627716,56,fixed_k3
00_Optimized_Structure,a,0.0,0.10473437800000002,0.12815152187499992,0.0,3.733545027133086,56,fixed_k3
00_Optimized_Structure,a,0.0,0.10861300200000001,0.12815152187499992,0.0,3.851123676811477,56,fixed_k3
00_Optimized_Structure,a,0.0,0.11249162600000001,0.12815152187499992,0.0,5.253926909174011,56,fixed_k3
00_Optimized_Structure,a,0.0,0.11637025000000001,0.12815152187499992,0.0,10.311954757593616,56,fixed_k3
00_Optimized_Structure,a,0.0,0.120248874,0.12815152187499992,0.0,22.995042649274072,56,fixed_k3
00_Optimized_Structure,a,0.0,0.124127498,0.12815152187499992,0.0,41.71104449745121,56,fixed_k3
00_Optimized_Structure,a,0.0,0.128006122,0.12815152187499992,0.0,52.310392908106095,56,fixed_k3
00_Optimized_Structure,a,0.0,0.131884746,0.12815152187499992,0.0,46.65205898560659,56,fixed_k3
00_Optimized_Structure,a,0.0,0.13576337,0.12815152187499992,0.0,34.277993038914076,56,fixed_k3
00_Optimized_Structure,a,0.0,0.139641994,0.12815152187499992,0.0,24.70084432844562,56,fixed_k3
00_Optimized_Structure,a,0.0,0.143520618,0.12815152187499992,0.0,19.315813441156287,56,fixed_k3
00_Optimized_Structure,a,0.0,0.14739924199999999,0.12815152187499992,0.0,16.581678367264182,56,fixed_k3
00_Optimized_Structure,a,0.0,0.15127786599999998,0.12815152187499992,0.0,15.188184357667527,56,fixed_k3
00_Optimized_Structure,a,0.0,0.15515649,0.12815152187499992,0.0,14.421276901206554,56,fixed_k3
00_Optimized_Structure,a,0.0,-0.1551334299999998,0.13143815999999992,0.0,6.057945390254699,56,fixed_k3
00_Optimized_Structure,a,0.0,-0.1512548059999998,0.13143815999999992,0.0,6.630774510867963,56,fixed_k3
00_Optimized_Structure,a,0.0,-0.1473761819999998,0.13143815999999992,0.0,8.086052783373665,56,fixed_k3
00_Optimized_Structure,a,0.0,-0.1434975579999998,0.13143815999999992,0.0,11.2782906733594,56,fixed_k3
00_Optimized_Structure,a,0.0,-0.1396189339999998,0.13143815999999992,0.0,17.646789467288226,56,fixed_k3
00_Optimized_Structure,a,0.0,-0.1357403099999998,0.13143815999999992,0.0,28.32691916108469,56,fixed_k3
00_Optimized_Structure,a,0.0,-0.1318616859999998,0.13143815999999992,0.0,40.92472855148233,56,fixed_k3
00_Optimized_Structure,a,0.0,-0.12798306199999981,0.13143815999999992,0.0,47.22350793450827,56,fixed_k3
00_Optimized_Structure,a,0.0,-0.12410443799999982,0.13143815999999992,0.0,40.58696540532174,56,fixed_k3
00_Optimized_Structure,a,0.0,-0.12022581399999982,0.13143815999999992,0.0,25.72514433604223,56,fixed_k3
00_Optimized_Structure,a,0.0,-0.11634718999999982,0.13143815999999992,0.0,13.242331958303396,56,fixed_k3
00_Optimized_Structure,a,0.0,-0.11246856599999983,0.13143815999999992,0.0,6.934048685066098,56,fixed_k3
00_Optimized_Structure,a,0.0,-0.10858994199999983,0.13143815999999992,0.0,4.502958321470448,56,fixed_k3
00_Optimized_Structure,a,0.0,-0.10471131799999983,0.13143815999999992,0.0,3.5865969857888356,56,fixed_k3
00_Optimized_Structure,a,0.0,-0.10083269399999983,0.13143815999999992,0.0,3.0834303741267126,56,fixed_k3
00_Optimized_Structure,a,0.0,-0.09695406999999984,0.13143815999999992,0.0,2.6141358432614963,56,fixed_k3
00_Optimized_Structure,a,0.0,-0.09307544599999984,0.13143815999999992,0.0,2.095908423937993,56,fixed_k3
00_Optimized_Structure,a,0.0,-0.08919682199999984,0.13143815999999992,0.0,1.5534159777308427,56,fixed_k3
00_Optimized_Structure,a,0.0,-0.08531819799999985,0.13143815999999992,0.0,1.0398130770268992,56,fixed_k3
00_Optimized_Structure,a,0.0,-0.08143957399999985,0.13143815999999992,0.0,0.6015597117463389,56,fixed_k3
00_Optimized_Structure,a,0.0,-0.07756094999999985,0.13143815999999992,0.0,0.26400780050648187,56,fixed_k3
00_Optimized_Structure,a,0.0,-0.07368232599999985,0.13143815999999992,0.0,0.029675202932942124,56,fixed_k3
00_Optimized_Structure,a,0.0,-0.06980370199999986,0.13143815999999992,0.0,-0.11601597361871119,56,fixed_k3
00_Optimized_Structure,a,0.0,-0.06592507799999986,0.13143815999999992,0.0,-0.19639452121939627,56,fixed_k3
00_Optimized_Structure,a,0.0,-0.06204645399999986,0.13143815999999992,0.0,-0.23619278413157474,56,fixed_k3
00_Optimized_Structure,a,0.0,-0.058167829999999865,0.13143815999999992,0.0,-0.2568267864931668,56,fixed_k3
00_Optimized_Structure,a,0.0,-0.05428920599999987,0.13143815999999992,0.0,-0.2743025694076979,56,fixed_k3
00_Optimized_Structure,a,0.0,-0.05041058199999987,0.13143815999999992,0.0,-0.29896457449369285,56,fixed_k3
00_Optimized_Structure,a,0.0,-0.04653195799999987,0.13143815999999992,0.0,-0.3362155267448905,56,fixed_k3
00_Optimized_Structure,a,0.0,-0.042653333999999876,0.13143815999999992,0.0,-0.3875753419744621,56,fixed_k3
00_Optimized_Structure,a,0.0,-0.03877470999999988,0.13143815999999992,0.0,-0.45173008664238123,56,fixed_k3
00_Optimized_Structure,a,0.0,-0.03489608599999988,0.13143815999999992,0.0,-0.5254305404600177,56,fixed_k3
00_Optimized_Structure,a,0.0,-0.031017461999999885,0.13143815999999992,0.0,-0.6042169551503509,56,fixed_k3
00_Optimized_Structure,a,0.0,-0.027138837999999887,0.13143815999999992,0.0,-0.6829960549260199,56,fixed_k3
00_Optimized_Structure,a,0.0,-0.02326021399999989,0.13143815999999992,0.0,-0.7565066631844868,56,fixed_k3
00_Optimized_Structure,a,0.0,-0.019381589999999893,0.13143815999999992,0.0,-0.8197024149131131,56,fixed_k3
00_Optimized_Structure,a,0.0,-0.015502965999999896,0.13143815999999992,0.0,-0.8680662892973272,56,fixed_k3
00_Optimized_Structure,a,0.0,-0.011624341999999899,0.13143815999999992,0.0,-0.8978588267870702,56,fixed_k3
00_Optimized_Structure,a,0.0,-0.0077457179999999015,0.13143815999999992,0.0,-0.906293162564336,56,fixed_k3
00_Optimized_Structure,a,0.0,-0.0038670939999999043,0.13143815999999992,0.0,-0.8916267659959982,56,fixed_k3
00_Optimized_Structure,a,0.0,1.1530000000092855e-05,0.13143815999999992,0.0,-0.8531620582280715,56,fixed_k3
00_Optimized_Structure,a,0.0,0.00389015400000009,0.13143815999999992,0.0,-0.7911548246434466,56,fixed_k3
00_Optimized_Structure,a,0.0,0.007768778000000087,0.13143815999999992,0.0,-0.7066385896637013,56,fixed_k3
00_Optimized_Structure,a,0.0,0.011647402000000084,0.13143815999999992,0.0,-0.6011824332014704,56,fixed_k3
00_Optimized_Structure,a,0.0,0.015526026000000082,0.13143815999999992,0.0,-0.4766067716152187,56,fixed_k3
00_Optimized_Structure,a,0.0,0.01940465000000008,0.13143815999999992,0.0,-0.33468482610232186,56,fixed_k3
00_Optimized_Structure,a,0.0,0.023283274000000076,0.13143815999999992,0.0,-0.1768564771229384,56,fixed_k3
00_Optimized_Structure,a,0.0,0.027161898000000073,0.13143815999999992,0.0,-0.003976851928362279,56,fixed_k3
00_Optimized_Structure,a,0.0,0.03104052200000007,0.13143815999999992,0.0,0.18388377345633566,56,fixed_k3
00_Optimized_Structure,a,0.0,0.03491914600000007,0.13143815999999992,0.0,0.38757686531419866,56,fixed_k3
00_Optimized_Structure,a,0.0,0.038797770000000065,0.13143815999999992,0.0,0.6089383494561802,56,fixed_k3
00_Optimized_Structure,a,0.0,0.04267639400000006,0.13143815999999992,0.0,0.8507606549043039,56,fixed_k3
00_Optimized_Structure,a,0.0,0.04655501800000006,0.13143815999999992,0.0,1.1166429881581932,56,fixed_k3
00_Optimized_Structure,a,0.0,0.050433642000000056,0.13143815999999992,0.0,1.4106630999604874,56,fixed_k3
00_Optimized_Structure,a,0.0,0.05431226600000005,0.13143815999999992,0.0,1.736777858679898,56,fixed_k3
00_Optimized_Structure,a,0.0,0.05819089000000005,0.13143815999999992,0.0,2.0978226069128656,56,fixed_k3
00_Optimized_Structure,a,0.0,0.06206951400000005,0.13143815999999992,0.0,2.4939679751893125,56,fixed_k3
00_Optimized_Structure,a,0.0,0.06594813800000005,0.13143815999999992,0.0,2.920566269715348,56,fixed_k3
00_Optimized_Structure,a,0.0,0.06982676200000004,0.13143815999999992,0.0,3.365568133538489,56,fixed_k3
00_Optimized_Structure,a,0.0,0.07370538600000004,0.13143815999999992,0.0,3.807188075689637,56,fixed_k3
00_Optimized_Structure,a,0.0,0.07758401000000004,0.13143815999999992,0.0,4.213165117900229,56,fixed_k3
00_Optimized_Structure,a,0.0,0.08146263400000003,0.13143815999999992,0.0,4.543379993416146,56,fixed_k3
00_Optimized_Structure,a,0.0,0.08534125800000003,0.13143815999999992,0.0,4.7570000422001435,56,fixed_k3
00_Optimized_Structure,a,0.0,0.08921988200000003,0.13143815999999992,0.0,4.823250170468393,56,fixed_k3
00_Optimized_Structure,a,0.0,0.09309850600000003,0.13143815999999992,0.0,4.732256881564382,56,fixed_k3
00_Optimized_Structure,a,0.0,0.09697713000000002,0.13143815999999992,0.0,4.501845840298187,56,fixed_k3
00_Optimized_Structure,a,0.0,0.10085575400000002,0.13143815999999992,0.0,4.1806745922830615,56,fixed_k3
00_Optimized_Structure,a,0.0,0.10473437800000002,0.13143815999999992,0.0,3.8599233147563066,56,fixed_k3
00_Optimized_Structure,a,0.0,0.10861300200000001,0.13143815999999992,0.0,3.731834037334817,56,fixed_k3
00_Optimized_Structure,a,0.0,0.11249162600000001,0.13143815999999992,0.0,4.2959297288792815,56,fixed_k3
00_Optimized_Structure,a,0.0,0.11637025000000001,0.13143815999999992,0.0,6.862608822270124,56,fixed_k3
00_Optimized_Structure,a,0.0,0.120248874,0.13143815999999992,0.0,13.687995851971134,56,fixed_k3
00_Optimized_Structure,a,0.0,0.124127498,0.13143815999999992,0.0,24.604495314246332,56,fixed_k3
00_Optimized_Structure,a,0.0,0.128006122,0.13143815999999992,0.0,33.10625668912791,56,fixed_k3
00_Optimized_Structure,a,0.0,0.131884746,0.13143815999999992,0.0,33.426415206716186,56,fixed_k3
00_Optimized_Structure,a,0.0,0.13576337,0.13143815999999992,0.0,27.987790755779784,56,fixed_k3
00_Optimized_Structure,a,0.0,0.139641994,0.13143815999999992,0.0,22.283972668208094,56,fixed_k3
00_Optimized_Structure,a,0.0,0.143520618,0.13143815999999992,0.0,18.609976823721315,56,fixed_k3
00_Optimized_Structure,a,0.0,0.14739924199999999,0.13143815999999992,0.0,16.696608859408297,56,fixed_k3
00_Optimized_Structure,a,0.0,0.15127786599999998,0.13143815999999992,0.0,15.792274659884045,56,fixed_k3
00_Optimized_Structure,a,0.0,0.15515649,0.13143815999999992,0.0,15.3658326539802,56,fixed_k3
