case_label,path,strain_percent,k1_centered,k2_centered,k3_centered,omega3_reduced,num_occupied,slice_mode
Strain_b_Tension_0.5pct,b,0.5,-0.1551334299999998,-0.1314928899999999,0.0,-14.814883843503607,56,fixed_k3
Strain_b_Tension_0.5pct,b,0.5,-0.1512548059999998,-0.1314928899999999,0.0,-15.689494934615649,56,fixed_k3
Strain_b_Tension_0.5pct,b,0.5,-0.1473761819999998,-0.1314928899999999,0.0,-17.222207378649813,56,fixed_k3
Strain_b_Tension_0.5pct,b,0.5,-0.1434975579999998,-0.1314928899999999,0.0,-19.95896379028566,56,fixed_k3
Strain_b_Tension_0.5pct,b,0.5,-0.1396189339999998,-0.1314928899999999,0.0,-24.65890939659491,56,fixed_k3
Strain_b_Tension_0.5pct,b,0.5,-0.1357403099999998,-0.1314928899999999,0.0,-31.807545349869564,56,fixed_k3
Strain_b_Tension_0.5pct,b,0.5,-0.1318616859999998,-0.1314928899999999,0.0,-40.023491378606806,56,fixed_k3
Strain_b_Tension_0.5pct,b,0.5,-0.12798306199999981,-0.1314928899999999,0.0,-44.756560743320186,56,fixed_k3
Strain_b_Tension_0.5pct,b,0.5,-0.12410443799999982,-0.1314928899999999,0.0,-41.75757840526798,56,fixed_k3
Strain_b_Tension_0.5pct,b,0.5,-0.12022581399999982,-0.1314928899999999,0.0,-32.19116107233877,56,fixed_k3
Strain_b_Tension_0.5pct,b,0.5,-0.11634718999999982,-0.1314928899999999,0.0,-21.20072216151811,56,fixed_k3
Strain_b_Tension_0.5pct,b,0.5,-0.11246856599999983,-0.1314928899999999,0.0,-13.184044498063788,56,fixed_k3
Strain_b_Tension_0.5pct,b,0.5,-0.10858994199999983,-0.1314928899999999,0.0,-8.856130080675126,56,fixed_k3
Strain_b_Tension_0.5pct,b,0.5,-0.10471131799999983,-0.1314928899999999,0.0,-6.882930398118717,56,fixed_k3
Strain_b_Tension_0.5pct,b,0.5,-0.10083269399999983,-0.1314928899999999,0.0,-6.0716721157182505,56,fixed_k3
Strain_b_Tension_0.5pct,b,0.5,-0.09695406999999984,-0.1314928899999999,0.0,-5.767930590832254,56,fixed_k3
Strain_b_Tension_0.5pct,b,0.5,-0.09307544599999984,-0.1314928899999999,0.0,-5.64407651471525,56,fixed_k3
Strain_b_Tension_0.5pct,b,0.5,-0.08919682199999984,-0.1314928899999999,0.0,-5.531380499728705,56,fixed_k3
Strain_b_Tension_0.5pct,b,0.5,-0.08531819799999985,-0.1314928899999999,0.0,-5.345653898293505,56,fixed_k3
Strain_b_Tension_0.5pct,b,0.5,-0.08143957399999985,-0.1314928899999999,0.0,-5.057312860070028,56,fixed_k3
Strain_b_Tension_0.5pct,b,0.5,-0.07756094999999985,-0.1314928899999999,0.0,-4.673976618157516,56,fixed_k3
Strain_b_Tension_0.5pct,b,0.5,-0.07368232599999985,-0.1314928899999999,0.0,-4.224419706300107,56,fixed_k3
Strain_b_Tension_0.5pct,b,0.5,-0.06980370199999986,-0.1314928899999999,0.0,-3.7438531374902917,56,fixed_k3
Strain_b_Tension_0.5pct,b,0.5,-0.06592507799999986,-0.1314928899999999,0.0,-3.2634008415813547,56,fixed_k3
Strain_b_Tension_0.5pct,b,0.5,-0.06204645399999986,-0.1314928899999999,0.0,-2.8050363758218886,56,fixed_k3
Strain_b_Tension_0.5pct,b,0.5,-0.058167829999999865,-0.1314928899999999,0.0,-2.3809839320956967,56,fixed_k3
Strain_b_Tension_0.5pct,b,0.5,-0.05428920599999987,-0.1314928899999999,0.0,-1.9955959392841143,56,fixed_k3
Strain_b_Tension_0.5pct,b,0.5,-0.05041058199999987,-0.1314928899999999,0.0,-1.6479734104115757,56,fixed_k3
Strain_b_Tension_0.5pct,b,0.5,-0.04653195799999987,-0.1314928899999999,0.0,-1.3343298237727943,56,fixed_k3
Strain_b_Tension_0.5pct,b,0.5,-0.042653333999999876,-0.1314928899999999,0.0,-1.0497396230783584,56,fixed_k3
Strain_b_Tension_0.5pct,b,0.5,-0.03877470999999988,-0.1314928899999999,0.0,-0.7892763505316229,56,fixed_k3
Strain_b_Tension_0.5pct,b,0.5,-0.03489608599999988,-0.1314928899999999,0.0,-0.5486809414245437,56,fixed_k3
Strain_b_Tension_0.5pct,b,0.5,-0.031017461999999885,-0.1314928899999999,0.0,-0.32471090011152315,56,fixed_k3
Strain_b_Tension_0.5pct,b,0.5,-0.027138837999999887,-0.1314928899999999,0.0,-0.11528424000024673,56,fixed_k3
Strain_b_Tension_0.5pct,b,0.5,-0.02326021399999989,-0.1314928899999999,0.0,0.08051061454651576,56,fixed_k3
Strain_b_Tension_0.5pct,b,0.5,-0.019381589999999893,-0.1314928899999999,0.0,0.2625005269620253,56,fixed_k3
Strain_b_Tension_0.5pct,b,0.5,-0.015502965999999896,-0.1314928899999999,0.0,0.4295901633755972,56,fixed_k3
Strain_b_Tension_0.5pct,b,0.5,-0.011624341999999899,-0.1314928899999999,0.0,0.5799907114528193,56,fixed_k3
Strain_b_Tension_0.5pct,b,0.5,-0.0077457179999999015,-0.1314928899999999,0.0,0.7115038926318644,56,fixed_k3
Strain_b_Tension_0.5pct,b,0.5,-0.0038670939999999043,-0.1314928899999999,0.0,0.8218448943344354,56,fixed_k3
Strain_b_Tension_0.5pct,b,0.5,1.1530000000092855e-05,-0.1314928899999999,0.0,0.9089805568469416,56,fixed_k3
Strain_b_Tension_0.5pct,b,0.5,0.00389015400000009,-0.1314928899999999,0.0,0.9714531501083261,56,fixed_k3
Strain_b_Tension_0.5pct,b,0.5,0.007768778000000087,-0.1314928899999999,0.0,1.0086578214021618,56,fixed_k3
Strain_b_Tension_0.5pct,b,0.5,0.011647402000000084,-0.1314928899999999,0.0,1.0210445290774826,56,fixed_k3
Strain_b_Tension_0.5pct,b,0.5,0.015526026000000082,-0.1314928899999999,0.0,1.010222685474444,56,fixed_k3
Strain_b_Tension_0.5pct,b,0.5,0.01940465000000008,-0.1314928899999999,0.0,0.9789570161296308,56,fixed_k3
Strain_b_Tension_0.5pct,b,0.5,0.023283274000000076,-0.1314928899999999,0.0,0.9310535497427961,56,fixed_k3
Strain_b_Tension_0.5pct,b,0.5,0.027161898000000073,-0.1314928899999999,0.0,0.871142277519426,56,fixed_k3
Strain_b_Tension_0.5pct,b,0.5,0.03104052200000007,-0.1314928899999999,0.0,0.804365582444154,56,fixed_k3
Strain_b_Tension_0.5pct,b,0.5,0.03491914600000007,-0.1314928899999999,0.0,0.7359779351402866,56,fixed_k3
Strain_b_Tension_0.5pct,b,0.5,0.038797770000000065,-0.1314928899999999,0.0,0.6708529585369138,56,fixed_k3
Strain_b_Tension_0.5pct,b,0.5,0.04267639400000006,-0.1314928899999999,0.0,0.6128809244447107,56,fixed_k3
Strain_b_Tension_0.5pct,b,0.5,0.04655501800000006,-0.1314928899999999,0.0,0.5642276480202577,56,fixed_k3
Strain_b_Tension_0.5pct,b,0.5,0.050433642000000056,-0.1314928899999999,0.0,0.5244230119415487,56,fixed_k3
Strain_b_Tension_0.5pct,b,0.5,0.05431226600000005,-0.1314928899999999,0.0,0.4892682105830861,56,fixed_k3
Strain_b_Tension_0.5pct,b,0.5,0.05819089000000005,-0.1314928899999999,0.0,0.449616286996116,56,fixed_k3
Strain_b_Tension_0.5pct,b,0.5,0.06206951400000005,-0.1314928899999999,0.0,0.39021392428231394,56,fixed_k3
Strain_b_Tension_0.5pct,b,0.5,0.06594813800000005,-0.1314928899999999,0.0,0.289000361625638,56,fixed_k3
Strain_b_Tension_0.5pct,b,0.5,0.06982676200000004,-0.1314928899999999,0.0,0.11748866867802477,56,fixed_k3
Strain_b_Tension_0.5pct,b,0.5,0.07370538600000004,-0.1314928899999999,0.0,-0.15706843075169963,56,fixed_k3
Strain_b_Tension_0.5pct,b,0.5,0.07758401000000004,-0.1314928899999999,0.0,-0.5674211677496201,56,fixed_k3
Strain_b_Tension_0.5pct,b,0.5,0.08146263400000003,-0.1314928899999999,0.0,-1.140876592027384,56,fixed_k3
Strain_b_Tension_0.5pct,b,0.5,0.08534125800000003,-0.1314928899999999,0.0,-1.8956345717970056,56,fixed_k3
Strain_b_Tension_0.5pct,b,0.5,0.08921988200000003,-0.1314928899999999,0.0,-2.8443325860558346,56,fixed_k3
Strain_b_Tension_0.5pct,b,0.5,0.09309850600000003,-0.1314928899999999,0.0,-4.012761500078353,56,fixed_k3
Strain_b_Tension_0.5pct,b,0.5,0.09697713000000002,-0.1314928899999999,0.0,-5.486333072296696,56,fixed_k3
Strain_b_Tension_0.5pct,b,0.5,0.10085575400000002,-0.1314928899999999,0.0,-7.5105066807836085,56,fixed_k3
Strain_b_Tension_0.5pct,b,0.5,0.10473437800000002,-0.1314928899999999,0.0,-10.70274662548748,56,fixed_k3
Strain_b_Tension_0.5pct,b,0.5,0.10861300200000001,-0.1314928899999999,0.0,-16.444098534349905,56,fixed_k3
Strain_b_Tension_0.5pct,b,0.5,0.11249162600000001,-0.1314928899999999,0.0,-27.13255116034012,56,fixed_k3
Strain_b_Tension_0.5pct,b,0.5,0.11637025000000001,-0.1314928899999999,0.0,-44.10007694942843,56,fixed_k3
Strain_b_Tension_0.5pct,b,0.5,0.120248874,-0.1314928899999999,0.0,-61.324090240835794,56,fixed_k3
Strain_b_Tension_0.5pct,b,0.5,0.124127498,-0.1314928899999999,0.0,-67.80149914989367,56,fixed_k3
Strain_b_Tension_0.5pct,b,0.5,0.128006122,-0.1314928899999999,0.0,-60.74152204552836,56,fixed_k3
Strain_b_Tension_0.5pct,b,0.5,0.131884746,-0.1314928899999999,0.0,-45.516607422675314,56,fixed_k3
Strain_b_Tension_0.5pct,b,0.5,0.13576337,-0.1314928899999999,0.0,-29.87379420903155,56,fixed_k3
Strain_b_Tension_0.5pct,b,0.5,0.139641994,-0.1314928899999999,0.0,-18.404300429848043,56,fixed_k3
Strain_b_Tension_0.5pct,b,0.5,0.143520618,-0.1314928899999999,0.0,-11.324381357193566,56,fixed_k3
Strain_b_Tension_0.5pct,b,0.5,0.14739924199999999,-0.1314928899999999,0.0,-7.187794741316523,56,fixed_k3
Strain_b_Tension_0.5pct,b,0.5,0.15127786599999998,-0.1314928899999999,0.0,-4.710642704333514,56,fixed_k3
Strain_b_Tension_0.5pct,b,0.5,0.15515649,-0.1314928899999999,0.0,-3.1289377211257143,56,fixed_k3
Strain_b_Tension_0.5pct,b,0.5,-0.1551334299999998,-0.1282062518749999,0.0,-13.906555193016835,56,fixed_k3
Strain_b_Tension_0.5pct,b,0.5,-0.1512548059999998,-0.1282062518749999,0.0,-14.99094988962327,56,fixed_k3
Strain_b_Tension_0.5pct,b,0.5,-0.1473761819999998,-0.1282062518749999,0.0,-16.83069346261961,56,fixed_k3
Strain_b_Tension_0.5pct,b,0.5,-0.1434975579999998,-0.1282062518749999,0.0,-20.12835367661028,56,fixed_k3
Strain_b_Tension_0.5pct,b,0.5,-0.1396189339999998,-0.1282062518749999,0.0,-26.123879799882626,56,fixed_k3
Strain_b_Tension_0.5pct,b,0.5,-0.1357403099999998,-0.1282062518749999,0.0,-36.46279432536549,56,fixed_k3
Strain_b_Tension_0.5pct,b,0.5,-0.1318616859999998,-0.1282062518749999,0.0,-51.23010433645986,56,fixed_k3
Strain_b_Tension_0.5pct,b,0.5,-0.12798306199999981,-0.1282062518749999,0.0,-64.27718985424623,56,fixed_k3
Strain_b_Tension_0.5pct,b,0.5,-0.12410443799999982,-0.1282062518749999,0.0,-64.49386943338712,56,fixed_k3
Strain_b_Tension_0.5pct,b,0.5,-0.12022581399999982,-0.1282062518749999,0.0,-49.673293853237375,56,fixed_k3
Strain_b_Tension_0.5pct,b,0.5,-0.11634718999999982,-0.1282062518749999,0.0,-30.27879876624307,56,fixed_k3
Strain_b_Tension_0.5pct,b,0.5,-0.11246856599999983,-0.1282062518749999,0.0,-16.615060787660763,56,fixed_k3
Strain_b_Tension_0.5pct,b,0.5,-0.10858994199999983,-0.1282062518749999,0.0,-9.851690166978068,56,fixed_k3
Strain_b_Tension_0.5pct,b,0.5,-0.10471131799999983,-0.1282062518749999,0.0,-7.022094381569799,56,fixed_k3
Strain_b_Tension_0.5pct,b,0.5,-0.10083269399999983,-0.1282062518749999,0.0,-5.944893789764673,56,fixed_k3
Strain_b_Tension_0.5pct,b,0.5,-0.09695406999999984,-0.1282062518749999,0.0,-5.582686570659428,56,fixed_k3
Strain_b_Tension_0.5pct,b,0.5,-0.09307544599999984,-0.1282062518749999,0.0,-5.470604047987883,56,fixed_k3
Strain_b_Tension_0.5pct,b,0.5,-0.08919682199999984,-0.1282062518749999,0.0,-5.388378346984596,56,fixed_k3
Strain_b_Tension_0.5pct,b,0.5,-0.08531819799999985,-0.1282062518749999,0.0,-5.232126711245444,56,fixed_k3
Strain_b_Tension_0.5pct,b,0.5,-0.08143957399999985,-0.1282062518749999,0.0,-4.966333448004999,56,fixed_k3
Strain_b_Tension_0.5pct,b,0.5,-0.07756094999999985,-0.1282062518749999,0.0,-4.5989283206509946,56,fixed_k3
Strain_b_Tension_0.5pct,b,0.5,-0.07368232599999985,-0.1282062518749999,0.0,-4.161125435449983,56,fixed_k3
Strain_b_Tension_0.5pct,b,0.5,-0.06980370199999986,-0.1282062518749999,0.0,-3.690451969515676,56,fixed_k3
Strain_b_Tension_0.5pct,b,0.5,-0.06592507799999986,-0.1282062518749999,0.0,-3.2193871517288515,56,fixed_k3
Strain_b_Tension_0.5pct,b,0.5,-0.06204645399999986,-0.1282062518749999,0.0,-2.7703456564255173,56,fixed_k3
Strain_b_Tension_0.5pct,b,0.5,-0.058167829999999865,-0.1282062518749999,0.0,-2.3554562929460054,56,fixed_k3
Strain_b_Tension_0.5pct,b,0.5,-0.05428920599999987,-0.1282062518749999,0.0,-1.9787946096360018,56,fixed_k3
Strain_b_Tension_0.5pct,b,0.5,-0.05041058199999987,-0.1282062518749999,0.0,-1.6392124872629878,56,fixed_k3
Strain_b_Tension_0.5pct,b,0.5,-0.04653195799999987,-0.1282062518749999,0.0,-1.332778811025845,56,fixed_k3
Strain_b_Tension_0.5pct,b,0.5,-0.042653333999999876,-0.1282062518749999,0.0,-1.0545269086509168,56,fixed_k3
Strain_b_Tension_0.5pct,b,0.5,-0.03877470999999988,-0.1282062518749999,0.0,-0.7995607672333693,56,fixed_k3
Strain_b_Tension_0.5pct,b,0.5,-0.03489608599999988,-0.1282062518749999,0.0,-0.5636878619638082,56,fixed_k3
Strain_b_Tension_0.5pct,b,0.5,-0.031017461999999885,-0.1282062518749999,0.0,-0.34374084490862433,56,fixed_k3
Strain_b_Tension_0.5pct,b,0.5,-0.027138837999999887,-0.1282062518749999,0.0,-0.13770457700044947,56,fixed_k3
Strain_b_Tension_0.5pct,b,0.5,-0.02326021399999989,-0.1282062518749999,0.0,0.055281590602717756,56,fixed_k3
Strain_b_Tension_0.5pct,b,0.5,-0.019381589999999893,-0.1282062518749999,0.0,0.2350103196594442,56,fixed_k3
Strain_b_Tension_0.5pct,b,0.5,-0.015502965999999896,-0.1282062518749999,0.0,0.4003652909818989,56,fixed_k3
Strain_b_Tension_0.5pct,b,0.5,-0.011624341999999899,-0.1282062518749999,0.0,0.549544274977591,56,fixed_k3
Strain_b_Tension_0.5pct,b,0.5,-0.0077457179999999015,-0.1282062518749999,0.0,0.6803371323003433,56,fixed_k3
Strain_b_Tension_0.5pct,b,0.5,-0.0038670939999999043,-0.1282062518749999,0.0,0.7904437370613335,56,fixed_k3
Strain_b_Tension_0.5pct,b,0.5,1.1530000000092855e-05,-0.1282062518749999,0.0,0.8778090822780289,56,fixed_k3
Strain_b_Tension_0.5pct,b,0.5,0.00389015400000009,-0.1282062518749999,0.0,0.9409463547174175,56,fixed_k3
Strain_b_Tension_0.5pct,b,0.5,0.007768778000000087,-0.1282062518749999,0.0,0.9792160521365632,56,fixed_k3
Strain_b_Tension_0.5pct,b,0.5,0.011647402000000084,-0.1282062518749999,0.0,0.9930315844685982,56,fixed_k3
Strain_b_Tension_0.5pct,b,0.5,0.015526026000000082,-0.1282062518749999,0.0,0.9839690184224472,56,fixed_k3
Strain_b_Tension_0.5pct,b,0.5,0.01940465000000008,-0.1282062518749999,0.0,0.9547689353481847,56,fixed_k3
Strain_b_Tension_0.5pct,b,0.5,0.023283274000000076,-0.1282062518749999,0.0,0.9092289986136048,56,fixed_k3
Strain_b_Tension_0.5pct,b,0.5,0.027161898000000073,-0.1282062518749999,0.0,0.8519937708611831,56,fixed_k3
Strain_b_Tension_0.5pct,b,0.5,0.03104052200000007,-0.1282062518749999,0.0,0.788251158814858,56,fixed_k3
Strain_b_Tension_0.5pct,b,0.5,0.03491914600000007,-0.1282062518749999,0.0,0.7233413014896071,56,fixed_k3
Strain_b_Tension_0.5pct,b,0.5,0.038797770000000065,-0.1282062518749999,0.0,0.6622738905298982,56,fixed_k3
Strain_b_Tension_0.5pct,b,0.5,0.04267639400000006,-0.1282062518749999,0.0,0.6091356352924189,56,fixed_k3
Strain_b_Tension_0.5pct,b,0.5,0.04655501800000006,-0.1282062518749999,0.0,0.5663549916410657,56,fixed_k3
Strain_b_Tension_0.5pct,b,0.5,0.050433642000000056,-0.1282062518749999,0.0,0.5337842430859823,56,fixed_k3
Strain_b_Tension_0.5pct,b,0.5,0.05431226600000005,-0.1282062518749999,0.0,0.507573457536564,56,fixed_k3
Strain_b_Tension_0.5pct,b,0.5,0.05819089000000005,-0.1282062518749999,0.0,0.4788685184497319,56,fixed_k3
Strain_b_Tension_0.5pct,b,0.5,0.06206951400000005,-0.1282062518749999,0.0,0.4324931538663801,56,fixed_k3
Strain_b_Tension_0.5pct,b,0.5,0.06594813800000005,-0.1282062518749999,0.0,0.3459877087826624,56,fixed_k3
Strain_b_Tension_0.5pct,b,0.5,0.06982676200000004,-0.1282062518749999,0.0,0.18963533919393272,56,fixed_k3
Strain_b_Tension_0.5pct,b,0.5,0.07370538600000004,-0.1282062518749999,0.0,-0.07175624158192306,56,fixed_k3
Strain_b_Tension_0.5pct,b,0.5,0.07758401000000004,-0.1282062518749999,0.0,-0.474874424309651,56,fixed_k3
Strain_b_Tension_0.5pct,b,0.5,0.08146263400000003,-0.1282062518749999,0.0,-1.0524957507146977,56,fixed_k3
Strain_b_Tension_0.5pct,b,0.5,0.08534125800000003,-0.1282062518749999,0.0,-1.8297233812113538,56,fixed_k3
Strain_b_Tension_0.5pct,b,0.5,0.08921988200000003,-0.1282062518749999,0.0,-2.8279753206895544,56,fixed_k3
Strain_b_Tension_0.5pct,b,0.5,0.09309850600000003,-0.1282062518749999,0.0,-4.086440649975714,56,fixed_k3
Strain_b_Tension_0.5pct,b,0.5,0.09697713000000002,-0.1282062518749999,0.0,-5.717722607077361,56,fixed_k3
Strain_b_Tension_0.5pct,b,0.5,0.10085575400000002,-0.1282062518749999,0.0,-8.03577428536071,56,fixed_k3
Strain_b_Tension_0.5pct,b,0.5,0.10473437800000002,-0.1282062518749999,0.0,-11.85361217287447,56,fixed_k3
Strain_b_Tension_0.5pct,b,0.5,0.10861300200000001,-0.1282062518749999,0.0,-19.144841770535656,56,fixed_k3
Strain_b_Tension_0.5pct,b,0.5,0.11249162600000001,-0.1282062518749999,0.0,-33.958897855708116,56,fixed_k3
Strain_b_Tension_0.5pct,b,0.5,0.11637025000000001,-0.1282062518749999,0.0,-60.31360754622632,56,fixed_k3
Strain_b_Tension_0.5pct,b,0.5,0.120248874,-0.1282062518749999,0.0,-89.84557158105733,56,fixed_k3
Strain_b_Tension_0.5pct,b,0.5,0.124127498,-0.1282062518749999,0.0,-100.16004556858339,56,fixed_k3
Strain_b_Tension_0.5pct,b,0.5,0.128006122,-0.1282062518749999,0.0,-84.7793019287728,56,fixed_k3
Strain_b_Tension_0.5pct,b,0.5,0.131884746,-0.1282062518749999,0.0,-58.023741459399254,56,fixed_k3
Strain_b_Tension_0.5pct,b,0.5,0.13576337,-0.1282062518749999,0.0,-35.24627305329591,56,fixed_k3
Strain_b_Tension_0.5pct,b,0.5,0.139641994,-0.1282062518749999,0.0,-20.949566482144228,56,fixed_k3
Strain_b_Tension_0.5pct,b,0.5,0.143520618,-0.1282062518749999,0.0,-12.966873786724186,56,fixed_k3
Strain_b_Tension_0.5pct,b,0.5,0.14739924199999999,-0.1282062518749999,0.0,-8.508530113729908,56,fixed_k3
Strain_b_Tension_0.5pct,b,0.5,0.15127786599999998,-0.1282062518749999,0.0,-5.82889124987842,56,fixed_k3
Strain_b_Tension_0.5pct,b,0.5,0.15515649,-0.1282062518749999,0.0,-4.030944231996791,56,fixed_k3
Strain_b_Tension_0.5pct,b,0.5,-0.1551334299999998,-0.1249196137499999,0.0,-13.060261427314831,56,fixed_k3
Strain_b_Tension_0.5pct,b,0.5,-0.1512548059999998,-0.1249196137499999,0.0,-14.273526138818216,56,fixed_k3
Strain_b_Tension_0.5pct,b,0.5,-0.1473761819999998,-0.1249196137499999,0.0,-16.300330947248824,56,fixed_k3
Strain_b_Tension_0.5pct,b,0.5,-0.1434975579999998,-0.1249196137499999,0.0,-19.964845873562876,56,fixed_k3
Strain_b_Tension_0.5pct,b,0.5,-0.1396189339999998,-0.1249196137499999,0.0,-26.966901634226154,56,fixed_k3
Strain_b_Tension_0.5pct,b,0.5,-0.1357403099999998,-0.1249196137499999,0.0,-40.45146537297607,56,fixed_k3
Strain_b_Tension_0.5pct,b,0.5,-0.1318616859999998,-0.1249196137499999,0.0,-63.90251249745647,56,fixed_k3
Strain_b_Tension_0.5pct,b,0.5,-0.12798306199999981,-0.1249196137499999,0.0,-92.58055559923554,56,fixed_k3
Strain_b_Tension_0.5pct,b,0.5,-0.12410443799999982,-0.1249196137499999,0.0,-102.92932681222074,56,fixed_k3
Strain_b_Tension_0.5pct,b,0.5,-0.12022581399999982,-0.1249196137499999,0.0,-79.39137313590028,56,fixed_k3
Strain_b_Tension_0.5pct,b,0.5,-0.11634718999999982,-0.1249196137499999,0.0,-44.11809656582472,56,fixed_k3
Strain_b_Tension_0.5pct,b,0.5,-0.11246856599999983,-0.1249196137499999,0.0,-21.136461845137983,56,fixed_k3
Strain_b_Tension_0.5pct,b,0.5,-0.10858994199999983,-0.1249196137499999,0.0,-10.985603630229514,56,fixed_k3
Strain_b_Tension_0.5pct,b,0.5,-0.10471131799999983,-0.1249196137499999,0.0,-7.124396436570764,56,fixed_k3
Strain_b_Tension_0.5pct,b,0.5,-0.10083269399999983,-0.1249196137499999,0.0,-5.765423536814604,56,fixed_k3
Strain_b_Tension_0.5pct,b,0.5,-0.09695406999999984,-0.1249196137499999,0.0,-5.35621621609053,56,fixed_k3
Strain_b_Tension_0.5pct,b,0.5,-0.09307544599999984,-0.1249196137499999,0.0,-5.269063473361598,56,fixed_k3
Strain_b_Tension_0.5pct,b,0.5,-0.08919682199999984,-0.1249196137499999,0.0,-5.227437952666615,56,fixed_k3
Strain_b_Tension_0.5pct,b,0.5,-0.08531819799999985,-0.1249196137499999,0.0,-5.107411130318363,56,fixed_k3
Strain_b_Tension_0.5pct,b,0.5,-0.08143957399999985,-0.1249196137499999,0.0,-4.868280644203624,56,fixed_k3
Strain_b_Tension_0.5pct,b,0.5,-0.07756094999999985,-0.1249196137499999,0.0,-4.519224758278257,56,fixed_k3
Strain_b_Tension_0.5pct,b,0.5,-0.07368232599999985,-0.1249196137499999,0.0,-4.094648429963139,56,fixed_k3
Strain_b_Tension_0.5pct,b,0.5,-0.06980370199999986,-0.1249196137499999,0.0,-3.634851775053729,56,fixed_k3
Strain_b_Tension_0.5pct,b,0.5,-0.06592507799999986,-0.1249196137499999,0.0,-3.1738895721083176,56,fixed_k3
Strain_b_Tension_0.5pct,b,0.5,-0.06204645399999986,-0.1249196137499999,0.0,-2.7347071240768317,56,fixed_k3
Strain_b_Tension_0.5pct,b,0.5,-0.058167829999999865,-0.1249196137499999,0.0,-2.329376891145456,56,fixed_k3
Strain_b_Tension_0.5pct,b,0.5,-0.05428920599999987,-0.1249196137499999,0.0,-1.9617252339282847,56,fixed_k3
Strain_b_Tension_0.5pct,b,0.5,-0.05041058199999987,-0.1249196137499999,0.0,-1.630382563206323,56,fixed_k3
Strain_b_Tension_0.5pct,b,0.5,-0.04653195799999987,-0.1249196137499999,0.0,-1.3313003334916478,56,fixed_k3
Strain_b_Tension_0.5pct,b,0.5,-0.042653333999999876,-0.1249196137499999,0.0,-1.0594945622783847,56,fixed_k3
Strain_b_Tension_0.5pct,b,0.5,-0.03877470999999988,-0.1249196137499999,0.0,-0.8101183023715928,56,fixed_k3
Strain_b_Tension_0.5pct,b,0.5,-0.03489608599999988,-0.1249196137499999,0.0,-0.5790586221343035,56,fixed_k3
Strain_b_Tension_0.5pct,b,0.5,-0.031017461999999885,-0.1249196137499999,0.0,-0.36323136614102447,56,fixed_k3
Strain_b_Tension_0.5pct,b,0.5,-0.027138837999999887,-0.1249196137499999,0.0,-0.16069225135058884,56,fixed_k3
Strain_b_Tension_0.5pct,b,0.5,-0.02326021399999989,-0.1249196137499999,0.0,0.02936741536978449,56,fixed_k3
Strain_b_Tension_0.5pct,b,0.5,-0.019381589999999893,-0.1249196137499999,0.0,0.2067070587603852,56,fixed_k3
Strain_b_Tension_0.5pct,b,0.5,-0.015502965999999896,-0.1249196137499999,0.0,0.3701914742469925,56,fixed_k3
Strain_b_Tension_0.5pct,b,0.5,-0.011624341999999899,-0.1249196137499999,0.0,0.518007535702047,56,fixed_k3
Strain_b_Tension_0.5pct,b,0.5,-0.0077457179999999015,-0.1249196137499999,0.0,0.6479356182005112,56,fixed_k3
Strain_b_Tension_0.5pct,b,0.5,-0.0038670939999999043,-0.1249196137499999,0.0,0.7576620952844415,56,fixed_k3
Strain_b_Tension_0.5pct,b,0.5,1.1530000000092855e-05,-0.1249196137499999,0.0,0.8451110906926229,56,fixed_k3
Strain_b_Tension_0.5pct,b,0.5,0.00389015400000009,-0.1249196137499999,0.0,0.9087667075268362,56,fixed_k3
Strain_b_Tension_0.5pct,b,0.5,0.007768778000000087,-0.1249196137499999,0.0,0.9479537697009168,56,fixed_k3
Strain_b_Tension_0.5pct,b,0.5,0.011647402000000084,-0.1249196137499999,0.0,0.9630471026061111,56,fixed_k3
Strain_b_Tension_0.5pct,b,0.5,0.015526026000000082,-0.1249196137499999,0.0,0.9555864055411436,56,fixed_k3
Strain_b_Tension_0.5pct,b,0.5,0.01940465000000008,-0.1249196137499999,0.0,0.9282841147018628,56,fixed_k3
Strain_b_Tension_0.5pct,b,0.5,0.023283274000000076,-0.1249196137499999,0.0,0.8849245217988009,56,fixed_k3
Strain_b_Tension_0.5pct,b,0.5,0.027161898000000073,-0.1249196137499999,0.0,0.830160708508898,56,fixed_k3
Strain_b_Tension_0.5pct,b,0.5,0.03104052200000007,-0.1249196137499999,0.0,0.7692190110622943,56,fixed_k3
Strain_b_Tension_0.5pct,b,0.5,0.03491914600000007,-0.1249196137499999,0.0,0.7075172648342787,56,fixed_k3
Strain_b_Tension_0.5pct,b,0.5,0.038797770000000065,-0.1249196137499999,0.0,0.6501928938825969,56,fixed_k3
Strain_b_Tension_0.5pct,b,0.5,0.04267639400000006,-0.1249196137499999,0.0,0.6015214912169853,56,fixed_k3
Strain_b_Tension_0.5pct,b,0.5,0.04655501800000006,-0.1249196137499999,0.0,0.564189532714849,56,fixed_k3
Strain_b_Tension_0.5pct,b,0.5,0.050433642000000056,-0.1249196137499999,0.0,0.5383735314447327,56,fixed_k3
Strain_b_Tension_0.5pct,b,0.5,0.05431226600000005,-0.1249196137499999,0.0,0.5205856285222041,56,fixed_k3
Strain_b_Tension_0.5pct,b,0.5,0.05819089000000005,-0.1249196137499999,0.0,0.5022944554206159,56,fixed_k3
Strain_b_Tension_0.5pct,b,0.5,0.06206951400000005,-0.1249196137499999,0.0,0.46844991436427197,56,fixed_k3
Strain_b_Tension_0.5pct,b,0.5,0.06594813800000005,-0.1249196137499999,0.0,0.39625462918070076,56,fixed_k3
Strain_b_Tension_0.5pct,b,0.5,0.06982676200000004,-0.1249196137499999,0.0,0.25480767695032136,56,fixed_k3
Strain_b_Tension_0.5pct,b,0.5,0.07370538600000004,-0.1249196137499999,0.0,0.006444807178534129,56,fixed_k3
Strain_b_Tension_0.5pct,b,0.5,0.07758401000000004,-0.1249196137499999,0.0,-0.389644759998375,56,fixed_k3
Strain_b_Tension_0.5pct,b,0.5,0.08146263400000003,-0.1249196137499999,0.0,-0.9721477448519593,56,fixed_k3
Strain_b_Tension_0.5pct,b,0.5,0.08534125800000003,-0.1249196137499999,0.0,-1.7738481693545167,56,fixed_k3
Strain_b_Tension_0.5pct,b,0.5,0.08921988200000003,-0.1249196137499999,0.0,-2.8261820494196384,56,fixed_k3
Strain_b_Tension_0.5pct,b,0.5,0.09309850600000003,-0.1249196137499999,0.0,-4.183879721729054,56,fixed_k3
Strain_b_Tension_0.5pct,b,0.5,0.09697713000000002,-0.1249196137499999,0.0,-5.991437698718512,56,fixed_k3
Strain_b_Tension_0.5pct,b,0.5,0.10085575400000002,-0.1249196137499999,0.0,-8.644645541746574,56,fixed_k3
Strain_b_Tension_0.5pct,b,0.5,0.10473437800000002,-0.1249196137499999,0.0,-13.20001392540788,56,fixed_k3
Strain_b_Tension_0.5pct,b,0.5,0.10861300200000001,-0.1249196137499999,0.0,-22.435387314156372,56,fixed_k3
Strain_b_Tension_0.5pct,b,0.5,0.11249162600000001,-0.1249196137499999,0.0,-43.040472123000846,56,fixed_k3
Strain_b_Tension_0.5pct,b,0.5,0.11637025000000001,-0.1249196137499999,0.0,-84.90930842781857,56,fixed_k3
Strain_b_Tension_0.5pct,b,0.5,0.120248874,-0.1249196137499999,0.0,-137.8345819657671,56,fixed_k3
Strain_b_Tension_0.5pct,b,0.5,0.124127498,-0.1249196137499999,0.0,-153.44618817806207,56,fixed_k3
Strain_b_Tension_0.5pct,b,0.5,0.128006122,-0.1249196137499999,0.0,-118.28181883361313,56,fixed_k3
Strain_b_Tension_0.5pct,b,0.5,0.131884746,-0.1249196137499999,0.0,-71.65857655047421,56,fixed_k3
Strain_b_Tension_0.5pct,b,0.5,0.13576337,-0.1249196137499999,0.0,-39.90726552669859,56,fixed_k3
Strain_b_Tension_0.5pct,b,0.5,0.139641994,-0.1249196137499999,0.0,-22.917695158552227,56,fixed_k3
Strain_b_Tension_0.5pct,b,0.5,0.143520618,-0.1249196137499999,0.0,-14.257252058869996,56,fixed_k3
Strain_b_Tension_0.5pct,b,0.5,0.14739924199999999,-0.1249196137499999,0.0,-9.600424742155168,56,fixed_k3
Strain_b_Tension_0.5pct,b,0.5,0.15127786599999998,-0.1249196137499999,0.0,-6.804668455756282,56,fixed_k3
Strain_b_Tension_0.5pct,b,0.5,0.15515649,-0.1249196137499999,0.0,-4.883343785429667,56,fixed_k3
Strain_b_Tension_0.5pct,b,0.5,-0.1551334299999998,-0.12163297562499989,0.0,-12.283251818106287,56,fixed_k3
Strain_b_Tension_0.5pct,b,0.5,-0.1512548059999998,-0.12163297562499989,0.0,-13.564862606198709,56,fixed_k3
Strain_b_Tension_0.5pct,b,0.5,-0.1473761819999998,-0.12163297562499989,0.0,-15.68240388180074,56,fixed_k3
Strain_b_Tension_0.5pct,b,0.5,-0.1434975579999998,-0.12163297562499989,0.0,-19.534160341410832,56,fixed_k3
Strain_b_Tension_0.5pct,b,0.5,-0.1396189339999998,-0.12163297562499989,0.0,-27.18254902639601,56,fixed_k3
Strain_b_Tension_0.5pct,b,0.5,-0.1357403099999998,-0.12163297562499989,0.0,-43.33748969247821,56,fixed_k3
Strain_b_Tension_0.5pct,b,0.5,-0.1318616859999998,-0.12163297562499989,0.0,-76.96718833454544,56,fixed_k3
Strain_b_Tension_0.5pct,b,0.5,-0.12798306199999981,-0.12163297562499989,0.0,-132.96095086661592,56,fixed_k3
Strain_b_Tension_0.5pct,b,0.5,-0.12410443799999982,-0.12163297562499989,0.0,-172.3202931834865,56,fixed_k3
Strain_b_Tension_0.5pct,b,0.5,-0.12022581399999982,-0.12163297562499989,0.0,-134.10855260293118,56,fixed_k3
Strain_b_Tension_0.5pct,b,0.5,-0.11634718999999982,-0.12163297562499989,0.0,-66.11039298816904,56,fixed_k3
Strain_b_Tension_0.5pct,b,0.5,-0.11246856599999983,-0.12163297562499989,0.0,-27.172210969064757,56,fixed_k3
Strain_b_Tension_0.5pct,b,0.5,-0.10858994199999983,-0.12163297562499989,0.0,-12.28713290878061,56,fixed_k3
Strain_b_Tension_0.5pct,b,0.5,-0.10471131799999983,-0.12163297562499989,0.0,-7.188997879360165,56,fixed_k3
Strain_b_Tension_0.5pct,b,0.5,-0.10083269399999983,-0.12163297562499989,0.0,-5.533312943976636,56,fixed_k3
Strain_b_Tension_0.5pct,b,0.5,-0.09695406999999984,-0.12163297562499989,0.0,-5.089988146437181,56,fixed_k3
Strain_b_Tension_0.5pct,b,0.5,-0.09307544599999984,-0.12163297562499989,0.0,-5.041502968135742,56,fixed_k3
Strain_b_Tension_0.5pct,b,0.5,-0.08919682199999984,-0.12163297562499989,0.0,-5.050675926265628,56,fixed_k3
Strain_b_Tension_0.5pct,b,0.5,-0.08531819799999985,-0.12163297562499989,0.0,-4.97340219734781,56,fixed_k3
Strain_b_Tension_0.5pct,b,0.5,-0.08143957399999985,-0.12163297562499989,0.0,-4.764698403536341,56,fixed_k3
Strain_b_Tension_0.5pct,b,0.5,-0.07756094999999985,-0.12163297562499989,0.0,-4.436044762875133,56,fixed_k3
Strain_b_Tension_0.5pct,b,0.5,-0.07368232599999985,-0.12163297562499989,0.0,-4.025849082995055,56,fixed_k3
Strain_b_Tension_0.5pct,b,0.5,-0.06980370199999986,-0.12163297562499989,0.0,-3.577657714860649,56,fixed_k3
Strain_b_Tension_0.5pct,b,0.5,-0.06592507799999986,-0.12163297562499989,0.0,-3.1273155951618756,56,fixed_k3
Strain_b_Tension_0.5pct,b,0.5,-0.06204645399999986,-0.12163297562499989,0.0,-2.6983769003010725,56,fixed_k3
Strain_b_Tension_0.5pct,b,0.5,-0.058167829999999865,-0.12163297562499989,0.0,-2.302886770098107,56,fixed_k3
Strain_b_Tension_0.5pct,b,0.5,-0.05428920599999987,-0.12163297562499989,0.0,-1.9444424062983199,56,fixed_k3
Strain_b_Tension_0.5pct,b,0.5,-0.05041058199999987,-0.12163297562499989,0.0,-1.621474400338149,56,fixed_k3
Strain_b_Tension_0.5pct,b,0.5,-0.04653195799999987,-0.12163297562499989,0.0,-1.329838936847373,56,fixed_k3
Strain_b_Tension_0.5pct,b,0.5,-0.042653333999999876,-0.12163297562499989,0.0,-1.0645542593063966,56,fixed_k3
Strain_b_Tension_0.5pct,b,0.5,-0.03877470999999988,-0.12163297562499989,0.0,-0.820837500135704,56,fixed_k3
Strain_b_Tension_0.5pct,b,0.5,-0.03489608599999988,-0.12163297562499989,0.0,-0.5946654109889726,56,fixed_k3
Strain_b_Tension_0.5pct,b,0.5,-0.031017461999999885,-0.12163297562499989,0.0,-0.38304271875159834,56,fixed_k3
Strain_b_Tension_0.5pct,b,0.5,-0.027138837999999887,-0.12163297562499989,0.0,-0.18409819696088014,56,fixed_k3
Strain_b_Tension_0.5pct,b,0.5,-0.02326021399999989,-0.12163297562499989,0.0,0.0029251989982617133,56,fixed_k3
Strain_b_Tension_0.5pct,b,0.5,-0.019381589999999893,-0.12163297562499989,0.0,0.1777555632435397,56,fixed_k3
Strain_b_Tension_0.5pct,b,0.5,-0.015502965999999896,-0.12163297562499989,0.0,0.3392415264569144,56,fixed_k3
Strain_b_Tension_0.5pct,b,0.5,-0.011624341999999899,-0.12163297562499989,0.0,0.4855619537984537,56,fixed_k3
Strain_b_Tension_0.5pct,b,0.5,-0.0077457179999999015,-0.12163297562499989,0.0,0.6144902856380812,56,fixed_k3
Strain_b_Tension_0.5pct,b,0.5,-0.0038670939999999043,-0.12163297562499989,0.0,0.7237012497926236,56,fixed_k3
Strain_b_Tension_0.5pct,b,0.5,1.1530000000092855e-05,-0.12163297562499989,0.0,0.811099040857036,56,fixed_k3
Strain_b_Tension_0.5pct,b,0.5,0.00389015400000009,-0.12163297562499989,0.0,0.8751386079730787,56,fixed_k3
Strain_b_Tension_0.5pct,b,0.5,0.007768778000000087,-0.12163297562499989,0.0,0.9151080151359507,56,fixed_k3
Strain_b_Tension_0.5pct,b,0.5,0.011647402000000084,-0.12163297562499989,0.0,0.9313414424149928,56,fixed_k3
Strain_b_Tension_0.5pct,b,0.5,0.015526026000000082,-0.12163297562499989,0.0,0.9253392276576409,56,fixed_k3
Strain_b_Tension_0.5pct,b,0.5,0.01940465000000008,-0.12163297562499989,0.0,0.8997817399294852,56,fixed_k3
Strain_b_Tension_0.5pct,b,0.5,0.023283274000000076,-0.12163297562499989,0.0,0.8584350026979677,56,fixed_k3
Strain_b_Tension_0.5pct,b,0.5,0.027161898000000073,-0.12163297562499989,0.0,0.8059546605838914,56,fixed_k3
Strain_b_Tension_0.5pct,b,0.5,0.03104052200000007,-0.12163297562499989,0.0,0.747598393026145,56,fixed_k3
Strain_b_Tension_0.5pct,b,0.5,0.03491914600000007,-0.12163297562499989,0.0,0.6888535627390446,56,fixed_k3
Strain_b_Tension_0.5pct,b,0.5,0.038797770000000065,-0.12163297562499989,0.0,0.6349764156663706,56,fixed_k3
Strain_b_Tension_0.5pct,b,0.5,0.04267639400000006,-0.12163297562499989,0.0,0.5904226816001743,56,fixed_k3
Strain_b_Tension_0.5pct,b,0.5,0.04655501800000006,-0.12163297562499989,0.0,0.558130110797252,56,fixed_k3
Strain_b_Tension_0.5pct,b,0.5,0.050433642000000056,-0.12163297562499989,0.0,0.5385978614520037,56,fixed_k3
Strain_b_Tension_0.5pct,b,0.5,0.05431226600000005,-0.12163297562499989,0.0,0.5287083338465579,56,fixed_k3
Strain_b_Tension_0.5pct,b,0.5,0.05819089000000005,-0.12163297562499989,0.0,0.5202760909742543,56,fixed_k3
Strain_b_Tension_0.5pct,b,0.5,0.06206951400000005,-0.12163297562499989,0.0,0.49841815820630275,56,fixed_k3
Strain_b_Tension_0.5pct,b,0.5,0.06594813800000005,-0.12163297562499989,0.0,0.4400514848808368,56,fixed_k3
Strain_b_Tension_0.5pct,b,0.5,0.06982676200000004,-0.12163297562499989,0.0,0.31312666633847464,56,fixed_k3
Strain_b_Tension_0.5pct,b,0.5,0.07370538600000004,-0.12163297562499989,0.0,0.07746609317411868,56,fixed_k3
Strain_b_Tension_0.5pct,b,0.5,0.07758401000000004,-0.12163297562499989,0.0,-0.31207814048721083,56,fixed_k3
Strain_b_Tension_0.5pct,b,0.5,0.08146263400000003,-0.12163297562499989,0.0,-0.9005991253078109,56,fixed_k3
Strain_b_Tension_0.5pct,b,0.5,0.08534125800000003,-0.12163297562499989,0.0,-1.7294389314806304,56,fixed_k3
Strain_b_Tension_0.5pct,b,0.5,0.08921988200000003,-0.12163297562499989,0.0,-2.841448818614515,56,fixed_k3
Strain_b_Tension_0.5pct,b,0.5,0.09309850600000003,-0.12163297562499989,0.0,-4.309315323717005,56,fixed_k3
Strain_b_Tension_0.5pct,b,0.5,0.09697713000000002,-0.12163297562499989,0.0,-6.314752599148593,56,fixed_k3
Strain_b_Tension_0.5pct,b,0.5,0.10085575400000002,-0.12163297562499989,0.0,-9.350720368223389,56,fixed_k3
Strain_b_Tension_0.5pct,b,0.5,0.10473437800000002,-0.12163297562499989,0.0,-14.77414635754317,56,fixed_k3
Strain_b_Tension_0.5pct,b,0.5,0.10861300200000001,-0.12163297562499989,0.0,-26.441150765423018,56,fixed_k3
Strain_b_Tension_0.5pct,b,0.5,0.11249162600000001,-0.12163297562499989,0.0,-55.225968614118166,56,fixed_k3
Strain_b_Tension_0.5pct,b,0.5,0.11637025000000001,-0.12163297562499989,0.0,-123.80358042116187,56,fixed_k3
Strain_b_Tension_0.5pct,b,0.5,0.120248874,-0.12163297562499989,0.0,-225.34510828872342,56,fixed_k3
Strain_b_Tension_0.5pct,b,0.5,0.124127498,-0.12163297562499989,0.0,-246.3049604869769,56,fixed_k3
Strain_b_Tension_0.5pct,b,0.5,0.128006122,-0.12163297562499989,0.0,-163.6708505765565,56,fixed_k3
Strain_b_Tension_0.5pct,b,0.5,0.131884746,-0.12163297562499989,0.0,-85.07929076847536,56,fixed_k3
Strain_b_Tension_0.5pct,b,0.5,0.13576337,-0.12163297562499989,0.0,-43.3986999419095,56,fixed_k3
Strain_b_Tension_0.5pct,b,0.5,0.139641994,-0.12163297562499989,0.0,-24.24758778312607,56,fixed_k3
Strain_b_Tension_0.5pct,b,0.5,0.143520618,-0.12163297562499989,0.0,-15.198110134501611,56,fixed_k3
Strain_b_Tension_0.5pct,b,0.5,0.14739924199999999,-0.12163297562499989,0.0,-10.464574352987485,56,fixed_k3
Strain_b_Tension_0.5pct,b,0.5,0.15127786599999998,-0.12163297562499989,0.0,-7.623877555816794,56,fixed_k3
Strain_b_Tension_0.5pct,b,0.5,0.15515649,-0.12163297562499989,0.0,-5.645826167087685,56,fixed_k3
Strain_b_Tension_0.5pct,b,0.5,-0.1551334299999998,-0.1183463374999999,0.0,-11.578292591488022,56,fixed_k3
Strain_b_Tension_0.5pct,b,0.5,-0.1512548059999998,-0.1183463374999999,0.0,-12.884732313589765,56,fixed_k3
Strain_b_Tension_0.5pct,b,0.5,-0.1473761819999998,-0.1183463374999999,0.0,-15.020515426408233,56,fixed_k3
Strain_b_Tension_0.5pct,b,0.5,-0.1434975579999998,-0.1183463374999999,0.0,-18.909646036227397,56,fixed_k3
Strain_b_Tension_0.5pct,b,0.5,-0.1396189339999998,-0.1183463374999999,0.0,-26.83492788790567,56,fixed_k3
Strain_b_Tension_0.5pct,b,0.5,-0.1357403099999998,-0.1183463374999999,0.0,-44.81589990531893,56,fixed_k3
Strain_b_Tension_0.5pct,b,0.5,-0.1318616859999998,-0.1183463374999999,0.0,-88.57138772713282,56,fixed_k3
Strain_b_Tension_0.5pct,b,0.5,-0.12798306199999981,-0.1183463374999999,0.0,-187.4479351001463,56,fixed_k3
Strain_b_Tension_0.5pct,b,0.5,-0.12410443799999982,-0.1183463374999999,0.0,-307.2821936825309,56,fixed_k3
Strain_b_Tension_0.5pct,b,0.5,-0.12022581399999982,-0.1183463374999999,0.0,-246.1261568969766,56,fixed_k3
Strain_b_Tension_0.5pct,b,0.5,-0.11634718999999982,-0.1183463374999999,0.0,-102.60798630109372,56,fixed_k3
Strain_b_Tension_0.5pct,b,0.5,-0.11246856599999983,-0.1183463374999999,0.0,-35.265817547563465,56,fixed_k3
Strain_b_Tension_0.5pct,b,0.5,-0.10858994199999983,-0.1183463374999999,0.0,-13.77857081889603,56,fixed_k3
Strain_b_Tension_0.5pct,b,0.5,-0.10471131799999983,-0.1183463374999999,0.0,-7.213539402392612,56,fixed_k3
Strain_b_Tension_0.5pct,b,0.5,-0.10083269399999983,-0.1183463374999999,0.0,-5.248827272557579,56,fixed_k3
Strain_b_Tension_0.5pct,b,0.5,-0.09695406999999984,-0.1183463374999999,0.0,-4.785786265914952,56,fixed_k3
Strain_b_Tension_0.5pct,b,0.5,-0.09307544599999984,-0.1183463374999999,0.0,-4.7901774648411095,56,fixed_k3
Strain_b_Tension_0.5pct,b,0.5,-0.08919682199999984,-0.1183463374999999,0.0,-4.860318315079561,56,fixed_k3
Strain_b_Tension_0.5pct,b,0.5,-0.08531819799999985,-0.1183463374999999,0.0,-4.8320330232441435,56,fixed_k3
Strain_b_Tension_0.5pct,b,0.5,-0.08143957399999985,-0.1183463374999999,0.0,-4.657121308538801,56,fixed_k3
Strain_b_Tension_0.5pct,b,0.5,-0.07756094999999985,-0.1183463374999999,0.0,-4.350531792601895,56,fixed_k3
Strain_b_Tension_0.5pct,b,0.5,-0.07368232599999985,-0.1183463374999999,0.0,-3.9555425736515115,56,fixed_k3
Strain_b_Tension_0.5pct,b,0.5,-0.06980370199999986,-0.1183463374999999,0.0,-3.5194296461510954,56,fixed_k3
Strain_b_Tension_0.5pct,b,0.5,-0.06592507799999986,-0.1183463374999999,0.0,-3.08003199288858,56,fixed_k3
Strain_b_Tension_0.5pct,b,0.5,-0.06204645399999986,-0.1183463374999999,0.0,-2.6615765941074834,56,fixed_k3
Strain_b_Tension_0.5pct,b,0.5,-0.058167829999999865,-0.1183463374999999,0.0,-2.2760987706549534,56,fixed_k3
Strain_b_Tension_0.5pct,b,0.5,-0.05428920599999987,-0.1183463374999999,0.0,-1.9269782631009666,56,fixed_k3
Strain_b_Tension_0.5pct,b,0.5,-0.05041058199999987,-0.1183463374999999,0.0,-1.6124612374064315,56,fixed_k3
Strain_b_Tension_0.5pct,b,0.5,-0.04653195799999987,-0.1183463374999999,0.0,-1.3283257266732997,56,fixed_k3
Strain_b_Tension_0.5pct,b,0.5,-0.042653333999999876,-0.1183463374999999,0.0,-1.0696075266906475,56,fixed_k3
Strain_b_Tension_0.5pct,b,0.5,-0.03877470999999988,-0.1183463374999999,0.0,-0.8315993626458638,56,fixed_k3
Strain_b_Tension_0.5pct,b,0.5,-0.03489608599999988,-0.1183463374999999,0.0,-0.6103749182661331,56,fixed_k3
Strain_b_Tension_0.5pct,b,0.5,-0.031017461999999885,-0.1183463374999999,0.0,-0.4030312569652992,56,fixed_k3
Strain_b_Tension_0.5pct,b,0.5,-0.027138837999999887,-0.1183463374999999,0.0,-0.20777070851757262,56,fixed_k3
Strain_b_Tension_0.5pct,b,0.5,-0.02326021399999989,-0.1183463374999999,0.0,-0.02388632331268914,56,fixed_k3
Strain_b_Tension_0.5pct,b,0.5,-0.019381589999999893,-0.1183463374999999,0.0,0.14832143978769707,56,fixed_k3
Strain_b_Tension_0.5pct,b,0.5,-0.015502965999999896,-0.1183463374999999,0.0,0.30768833718867894,56,fixed_k3
Strain_b_Tension_0.5pct,b,0.5,-0.011624341999999899,-0.1183463374999999,0.0,0.45238844826237123,56,fixed_k3
Strain_b_Tension_0.5pct,b,0.5,-0.0077457179999999015,-0.1183463374999999,0.0,0.5801909904985609,56,fixed_k3
Strain_b_Tension_0.5pct,b,0.5,-0.0038670939999999043,-0.1183463374999999,0.0,0.6887609431388673,56,fixed_k3
Strain_b_Tension_0.5pct,b,0.5,1.1530000000092855e-05,-0.1183463374999999,0.0,0.7759834859704275,56,fixed_k3
Strain_b_Tension_0.5pct,b,0.5,0.00389015400000009,-0.1183463374999999,0.0,0.8402842944522355,56,fixed_k3
Strain_b_Tension_0.5pct,b,0.5,0.007768778000000087,-0.1183463374999999,0.0,0.8809135499360039,56,fixed_k3
Strain_b_Tension_0.5pct,b,0.5,0.011647402000000084,-0.1183463374999999,0.0,0.8981627285161533,56,fixed_k3
Strain_b_Tension_0.5pct,b,0.5,0.015526026000000082,-0.1183463374999999,0.0,0.8934898668630509,56,fixed_k3
Strain_b_Tension_0.5pct,b,0.5,0.01940465000000008,-0.1183463374999999,0.0,0.8695394503948846,56,fixed_k3
Strain_b_Tension_0.5pct,b,0.5,0.023283274000000076,-0.1183463374999999,0.0,0.8300544766381366,56,fixed_k3
Strain_b_Tension_0.5pct,b,0.5,0.027161898000000073,-0.1183463374999999,0.0,0.7796873313458739,56,fixed_k3
Strain_b_Tension_0.5pct,b,0.5,0.03104052200000007,-0.1183463374999999,0.0,0.7237200155215646,56,fixed_k3
Strain_b_Tension_0.5pct,b,0.5,0.03491914600000007,-0.1183463374999999,0.0,0.6677011423202783,56,fixed_k3
Strain_b_Tension_0.5pct,b,0.5,0.038797770000000065,-0.1183463374999999,0.0,0.6169964325208381,56,fixed_k3
Strain_b_Tension_0.5pct,b,0.5,0.04267639400000006,-0.1183463374999999,0.0,0.5762320144352961,56,fixed_k3
Strain_b_Tension_0.5pct,b,0.5,0.04655501800000006,-0.1183463374999999,0.0,0.5485883146958468,56,fixed_k3
Strain_b_Tension_0.5pct,b,0.5,0.050433642000000056,-0.1183463374999999,0.0,0.534882468074604,56,fixed_k3
Strain_b_Tension_0.5pct,b,0.5,0.05431226600000005,-0.1183463374999999,0.0,0.5323706359837992,56,fixed_k3
Strain_b_Tension_0.5pct,b,0.5,0.05819089000000005,-0.1183463374999999,0.0,0.5332299838007182,56,fixed_k3
Strain_b_Tension_0.5pct,b,0.5,0.06206951400000005,-0.1183463374999999,0.0,0.5227773280066104,56,fixed_k3
Strain_b_Tension_0.5pct,b,0.5,0.06594813800000005,-0.1183463374999999,0.0,0.47768619110698474,56,fixed_k3
Strain_b_Tension_0.5pct,b,0.5,0.06982676200000004,-0.1183463374999999,0.0,0.3647824786199225,56,fixed_k3
Strain_b_Tension_0.5pct,b,0.5,0.07370538600000004,-0.1183463374999999,0.0,0.14131641728929,56,fixed_k3
Strain_b_Tension_0.5pct,b,0.5,0.07758401000000004,-0.1183463374999999,0.0,-0.24244365606920537,56,fixed_k3
Strain_b_Tension_0.5pct,b,0.5,0.08146263400000003,-0.1183463374999999,0.0,-0.8385582965223555,56,fixed_k3
Strain_b_Tension_0.5pct,b,0.5,0.08534125800000003,-0.1183463374999999,0.0,-1.6979181392742257,56,fixed_k3
Strain_b_Tension_0.5pct,b,0.5,0.08921988200000003,-0.1183463374999999,0.0,-2.8763585097596818,56,fixed_k3
Strain_b_Tension_0.5pct,b,0.5,0.09309850600000003,-0.1183463374999999,0.0,-4.467200331422834,56,fixed_k3
Strain_b_Tension_0.5pct,b,0.5,0.09697713000000002,-0.1183463374999999,0.0,-6.695259429940991,56,fixed_k3
Strain_b_Tension_0.5pct,b,0.5,0.10085575400000002,-0.1183463374999999,0.0,-10.167802154043738,56,fixed_k3
Strain_b_Tension_0.5pct,b,0.5,0.10473437800000002,-0.1183463374999999,0.0,-16.607609276988875,56,fixed_k3
Strain_b_Tension_0.5pct,b,0.5,0.10861300200000001,-0.1183463374999999,0.0,-31.290906592310627,56,fixed_k3
Strain_b_Tension_0.5pct,b,0.5,0.11249162600000001,-0.1183463374999999,0.0,-71.62292163386013,56,fixed_k3
Strain_b_Tension_0.5pct,b,0.5,0.11637025000000001,-0.1183463374999999,0.0,-188.21633009605617,56,fixed_k3
Strain_b_Tension_0.5pct,b,0.5,0.120248874,-0.1183463374999999,0.0,-403.3733583420155,56,fixed_k3
Strain_b_Tension_0.5pct,b,0.5,0.124127498,-0.1183463374999999,0.0,-418.14081996851615,56,fixed_k3
Strain_b_Tension_0.5pct,b,0.5,0.128006122,-0.1183463374999999,0.0,-220.92322332035448,56,fixed_k3
Strain_b_Tension_0.5pct,b,0.5,0.131884746,-0.1183463374999999,0.0,-96.26718671110342,56,fixed_k3
Strain_b_Tension_0.5pct,b,0.5,0.13576337,-0.1183463374999999,0.0,-45.405932383487794,56,fixed_k3
Strain_b_Tension_0.5pct,b,0.5,0.139641994,-0.1183463374999999,0.0,-24.952404590352533,56,fixed_k3
Strain_b_Tension_0.5pct,b,0.5,0.143520618,-0.1183463374999999,0.0,-15.82004638304958,56,fixed_k3
Strain_b_Tension_0.5pct,b,0.5,0.14739924199999999,-0.1183463374999999,0.0,-11.119429116329831,56,fixed_k3
Strain_b_Tension_0.5pct,b,0.5,0.15127786599999998,-0.1183463374999999,0.0,-8.290483677702566,56,fixed_k3
Strain_b_Tension_0.5pct,b,0.5,0.15515649,-0.1183463374999999,0.0,-6.302906222209152,56,fixed_k3
Strain_b_Tension_0.5pct,b,0.5,-0.1551334299999998,-0.11505969937499991,0.0,-10.944062849856271,56,fixed_k3
Strain_b_Tension_0.5pct,b,0.5,-0.1512548059999998,-0.11505969937499991,0.0,-12.244964247199585,56,fixed_k3
Strain_b_Tension_0.5pct,b,0.5,-0.1473761819999998,-0.11505969937499991,0.0,-14.347219216966739,56,fixed_k3
Strain_b_Tension_0.5pct,b,0.5,-0.1434975579999998,-0.11505969937499991,0.0,-18.15876552140152,56,fixed_k3
Strain_b_Tension_0.5pct,b,0.5,-0.1396189339999998,-0.11505969937499991,0.0,-26.03167666062281,56,fixed_k3
Strain_b_Tension_0.5pct,b,0.5,-0.1357403099999998,-0.11505969937499991,0.0,-44.7971483309682,56,fixed_k3
Strain_b_Tension_0.5pct,b,0.5,-0.1318616859999998,-0.11505969937499991,0.0,-96.46651758138356,56,fixed_k3
Strain_b_Tension_0.5pct,b,0.5,-0.12798306199999981,-0.11505969937499991,0.0,-252.09071284669344,56,fixed_k3
Strain_b_Tension_0.5pct,b,0.5,-0.12410443799999982,-0.11505969937499991,0.0,-590.0818757035912,56,fixed_k3
Strain_b_Tension_0.5pct,b,0.5,-0.12022581399999982,-0.11505969937499991,0.0,-512.7911956302424,56,fixed_k3
Strain_b_Tension_0.5pct,b,0.5,-0.11634718999999982,-0.11505969937499991,0.0,-165.8071855795062,56,fixed_k3
Strain_b_Tension_0.5pct,b,0.5,-0.11246856599999983,-0.11505969937499991,0.0,-46.03334969429483,56,fixed_k3
Strain_b_Tension_0.5pct,b,0.5,-0.10858994199999983,-0.11505969937499991,0.0,-15.463422577542715,56,fixed_k3
Strain_b_Tension_0.5pct,b,0.5,-0.10471131799999983,-0.11505969937499991,0.0,-7.193126115463556,56,fixed_k3
Strain_b_Tension_0.5pct,b,0.5,-0.10083269399999983,-0.11505969937499991,0.0,-4.912382708931226,56,fixed_k3
Strain_b_Tension_0.5pct,b,0.5,-0.09695406999999984,-0.11505969937499991,0.0,-4.4456802758302985,56,fixed_k3
Strain_b_Tension_0.5pct,b,0.5,-0.09307544599999984,-0.11505969937499991,0.0,-4.517506842665622,56,fixed_k3
Strain_b_Tension_0.5pct,b,0.5,-0.08919682199999984,-0.11505969937499991,0.0,-4.658658702273426,56,fixed_k3
Strain_b_Tension_0.5pct,b,0.5,-0.08531819799999985,-0.11505969937499991,0.0,-4.685239329811502,56,fixed_k3
Strain_b_Tension_0.5pct,b,0.5,-0.08143957399999985,-0.11505969937499991,0.0,-4.547047431686215,56,fixed_k3
Strain_b_Tension_0.5pct,b,0.5,-0.07756094999999985,-0.11505969937499991,0.0,-4.2637748545998715,56,fixed_k3
Strain_b_Tension_0.5pct,b,0.5,-0.07368232599999985,-0.11505969937499991,0.0,-3.884486481579242,56,fixed_k3
Strain_b_Tension_0.5pct,b,0.5,-0.06980370199999986,-0.11505969937499991,0.0,-3.460674674695546,56,fixed_k3
Strain_b_Tension_0.5pct,b,0.5,-0.06592507799999986,-0.11505969937499991,0.0,-3.0323607033603786,56,fixed_k3
Strain_b_Tension_0.5pct,b,0.5,-0.06204645399999986,-0.11505969937499991,0.0,-2.6244913012910045,56,fixed_k3
Strain_b_Tension_0.5pct,b,0.5,-0.058167829999999865,-0.11505969937499991,0.0,-2.2490968044389184,56,fixed_k3
Strain_b_Tension_0.5pct,b,0.5,-0.05428920599999987,-0.11505969937499991,0.0,-1.9093424876801424,56,fixed_k3
Strain_b_Tension_0.5pct,b,0.5,-0.05041058199999987,-0.11505969937499991,0.0,-1.6032991880978094,56,fixed_k3
Strain_b_Tension_0.5pct,b,0.5,-0.04653195799999987,-0.11505969937499991,0.0,-1.3266789564861052,56,fixed_k3
Strain_b_Tension_0.5pct,b,0.5,-0.042653333999999876,-0.11505969937499991,0.0,-1.0745464024783753,56,fixed_k3
Strain_b_Tension_0.5pct,b,0.5,-0.03877470999999988,-0.11505969937499991,0.0,-0.8422780159821053,56,fixed_k3
Strain_b_Tension_0.5pct,b,0.5,-0.03489608599999988,-0.11505969937499991,0.0,-0.6260489747270515,56,fixed_k3
Strain_b_Tension_0.5pct,b,0.5,-0.031017461999999885,-0.11505969937499991,0.0,-0.42305003628458504,56,fixed_k3
Strain_b_Tension_0.5pct,b,0.5,-0.027138837999999887,-0.11505969937499991,0.0,-0.2315560039625879,56,fixed_k3
Strain_b_Tension_0.5pct,b,0.5,-0.02326021399999989,-0.11505969937499991,0.0,-0.05090731960982664,56,fixed_k3
Strain_b_Tension_0.5pct,b,0.5,-0.019381589999999893,-0.11505969937499991,0.0,0.11857057978458752,56,fixed_k3
Strain_b_Tension_0.5pct,b,0.5,-0.015502965999999896,-0.11505969937499991,0.0,0.2757043839427089,56,fixed_k3
Strain_b_Tension_0.5pct,b,0.5,-0.011624341999999899,-0.11505969937499991,0.0,0.41866691155675806,56,fixed_k3
Strain_b_Tension_0.5pct,b,0.5,-0.0077457179999999015,-0.11505969937499991,0.0,0.5452260147287844,56,fixed_k3
Strain_b_Tension_0.5pct,b,0.5,-0.0038670939999999043,-0.11505969937499991,0.0,0.6530388631251149,56,fixed_k3
Strain_b_Tension_0.5pct,b,0.5,1.1530000000092855e-05,-0.11505969937499991,0.0,0.7399725212099559,56,fixed_k3
Strain_b_Tension_0.5pct,b,0.5,0.00389015400000009,-0.11505969937499991,0.0,0.8044232401461762,56,fixed_k3
Strain_b_Tension_0.5pct,b,0.5,0.007768778000000087,-0.11505969937499991,0.0,0.8456021815661434,56,fixed_k3
Strain_b_Tension_0.5pct,b,0.5,0.011647402000000084,-0.11505969937499991,0.0,0.863756083830026,56,fixed_k3
Strain_b_Tension_0.5pct,b,0.5,0.015526026000000082,-0.11505969937499991,0.0,0.8602978182121506,56,fixed_k3
Strain_b_Tension_0.5pct,b,0.5,0.01940465000000008,-0.11505969937499991,0.0,0.8378322949232389,56,fixed_k3
Strain_b_Tension_0.5pct,b,0.5,0.023283274000000076,-0.11505969937499991,0.0,0.8000748871359287,56,fixed_k3
Strain_b_Tension_0.5pct,b,0.5,0.027161898000000073,-0.11505969937499991,0.0,0.751669061462727,56,fixed_k3
Strain_b_Tension_0.5pct,b,0.5,0.03104052200000007,-0.11505969937499991,0.0,0.6979142275713608,56,fixed_k3
Strain_b_Tension_0.5pct,b,0.5,0.03491914600000007,-0.11505969937499991,0.0,0.6444119394121657,56,fixed_k3
Strain_b_Tension_0.5pct,b,0.5,0.038797770000000065,-0.11505969937499991,0.0,0.5966277332235337,56,fixed_k3
Strain_b_Tension_0.5pct,b,0.5,0.04267639400000006,-0.11505969937499991,0.0,0.559347599055934,56,fixed_k3
Strain_b_Tension_0.5pct,b,0.5,0.04655501800000006,-0.11505969937499991,0.0,0.5359844666407558,56,fixed_k3
Strain_b_Tension_0.5pct,b,0.5,0.050433642000000056,-0.11505969937499991,0.0,0.5276660563736635,56,fixed_k3
Strain_b_Tension_0.5pct,b,0.5,0.05431226600000005,-0.11505969937499991,0.0,0.5320215223858393,56,fixed_k3
Strain_b_Tension_0.5pct,b,0.5,0.05819089000000005,-0.11505969937499991,0.0,0.5416011681787865,56,fixed_k3
Strain_b_Tension_0.5pct,b,0.5,0.06206951400000005,-0.11505969937499991,0.0,0.5419461700116375,56,fixed_k3
Strain_b_Tension_0.5pct,b,0.5,0.06594813800000005,-0.11505969937499991,0.0,0.5095188257670149,56,fixed_k3
Strain_b_Tension_0.5pct,b,0.5,0.06982676200000004,-0.11505969937499991,0.0,0.41003134748673054,56,fixed_k3
Strain_b_Tension_0.5pct,b,0.5,0.07370538600000004,-0.11505969937499991,0.0,0.1980833148888017,56,fixed_k3
Strain_b_Tension_0.5pct,b,0.5,0.07758401000000004,-0.11505969937499991,0.0,-0.18092486700454913,56,fixed_k3
Strain_b_Tension_0.5pct,b,0.5,0.08146263400000003,-0.11505969937499991,0.0,-0.7866558775331145,56,fixed_k3
Strain_b_Tension_0.5pct,b,0.5,0.08534125800000003,-0.11505969937499991,0.0,-1.6806648985674755,56,fixed_k3
Strain_b_Tension_0.5pct,b,0.5,0.08921988200000003,-0.11505969937499991,0.0,-2.933516066970046,56,fixed_k3
Strain_b_Tension_0.5pct,b,0.5,0.09309850600000003,-0.11505969937499991,0.0,-4.662065369303528,56,fixed_k3
Strain_b_Tension_0.5pct,b,0.5,0.09697713000000002,-0.11505969937499991,0.0,-7.140494279587752,56,fixed_k3
Strain_b_Tension_0.5pct,b,0.5,0.10085575400000002,-0.11505969937499991,0.0,-11.108696418682749,56,fixed_k3
Strain_b_Tension_0.5pct,b,0.5,0.10473437800000002,-0.11505969937499991,0.0,-18.72675445249274,56,fixed_k3
Strain_b_Tension_0.5pct,b,0.5,0.10861300200000001,-0.11505969937499991,0.0,-37.09253295845582,56,fixed_k3
Strain_b_Tension_0.5pct,b,0.5,0.11249162600000001,-0.11505969937499991,0.0,-93.52671674666263,56,fixed_k3
Strain_b_Tension_0.5pct,b,0.5,0.11637025000000001,-0.11505969937499991,0.0,-300.12197508503004,56,fixed_k3
Strain_b_Tension_0.5pct,b,0.5,0.120248874,-0.11505969937499991,0.0,-827.6028863586376,56,fixed_k3
Strain_b_Tension_0.5pct,b,0.5,0.124127498,-0.11505969937499991,0.0,-751.8751252175132,56,fixed_k3
Strain_b_Tension_0.5pct,b,0.5,0.128006122,-0.11505969937499991,0.0,-283.02388224779196,56,fixed_k3
Strain_b_Tension_0.5pct,b,0.5,0.131884746,-0.11505969937499991,0.0,-103.04639168600941,56,fixed_k3
Strain_b_Tension_0.5pct,b,0.5,0.13576337,-0.11505969937499991,0.0,-45.838715310525366,56,fixed_k3
Strain_b_Tension_0.5pct,b,0.5,0.139641994,-0.11505969937499991,0.0,-25.100832281516414,56,fixed_k3
Strain_b_Tension_0.5pct,b,0.5,0.143520618,-0.11505969937499991,0.0,-16.167458870421488,56,fixed_k3
Strain_b_Tension_0.5pct,b,0.5,0.14739924199999999,-0.11505969937499991,0.0,-11.59078590264561,56,fixed_k3
Strain_b_Tension_0.5pct,b,0.5,0.15127786599999998,-0.11505969937499991,0.0,-8.81717088499139,56,fixed_k3
Strain_b_Tension_0.5pct,b,0.5,0.15515649,-0.11505969937499991,0.0,-6.853041146183297,56,fixed_k3
Strain_b_Tension_0.5pct,b,0.5,-0.1551334299999998,-0.1117730612499999,0.0,-10.376267553423217,56,fixed_k3
Strain_b_Tension_0.5pct,b,0.5,-0.1512548059999998,-0.1117730612499999,0.0,-11.650862065341522,56,fixed_k3
Strain_b_Tension_0.5pct,b,0.5,-0.1473761819999998,-0.1117730612499999,0.0,-13.68414691914045,56,fixed_k3
Strain_b_Tension_0.5pct,b,0.5,-0.1434975579999998,-0.1117730612499999,0.0,-17.336049856576643,56,fixed_k3
Strain_b_Tension_0.5pct,b,0.5,-0.1396189339999998,-0.1117730612499999,0.0,-24.895096095714067,56,fixed_k3
Strain_b_Tension_0.5pct,b,0.5,-0.1357403099999998,-0.1117730612499999,0.0,-43.41565229570736,56,fixed_k3
Strain_b_Tension_0.5pct,b,0.5,-0.1318616859999998,-0.1117730612499999,0.0,-98.89867123311414,56,fixed_k3
Strain_b_Tension_0.5pct,b,0.5,-0.12798306199999981,-0.1117730612499999,0.0,-310.64642203598214,56,fixed_k3
Strain_b_Tension_0.5pct,b,0.5,-0.12410443799999982,-0.1117730612499999,0.0,-1201.9883067838668,56,fixed_k3
Strain_b_Tension_0.5pct,b,0.5,-0.12022581399999982,-0.1117730612499999,0.0,-1315.7237737213907,56,fixed_k3
Strain_b_Tension_0.5pct,b,0.5,-0.11634718999999982,-0.1117730612499999,0.0,-278.81785837681105,56,fixed_k3
Strain_b_Tension_0.5pct,b,0.5,-0.11246856599999983,-0.1117730612499999,0.0,-59.977422185856895,56,fixed_k3
Strain_b_Tension_0.5pct,b,0.5,-0.10858994199999983,-0.1117730612499999,0.0,-17.308558005032648,56,fixed_k3
Strain_b_Tension_0.5pct,b,0.5,-0.10471131799999983,-0.1117730612499999,0.0,-7.119235012984279,56,fixed_k3
Strain_b_Tension_0.5pct,b,0.5,-0.10083269399999983,-0.1117730612499999,0.0,-4.524516156015538,56,fixed_k3
Strain_b_Tension_0.5pct,b,0.5,-0.09695406999999984,-0.1117730612499999,0.0,-4.072000838843374,56,fixed_k3
Strain_b_Tension_0.5pct,b,0.5,-0.09307544599999984,-0.1117730612499999,0.0,-4.226030308155259,56,fixed_k3
Strain_b_Tension_0.5pct,b,0.5,-0.08919682199999984,-0.1117730612499999,0.0,-4.448012551631939,56,fixed_k3
Strain_b_Tension_0.5pct,b,0.5,-0.08531819799999985,-0.1117730612499999,0.0,-4.534922224879542,56,fixed_k3
Strain_b_Tension_0.5pct,b,0.5,-0.08143957399999985,-0.1117730612499999,0.0,-4.435911172736217,56,fixed_k3
Strain_b_Tension_0.5pct,b,0.5,-0.07756094999999985,-0.1117730612499999,0.0,-4.176790428071303,56,fixed_k3
Strain_b_Tension_0.5pct,b,0.5,-0.07368232599999985,-0.1117730612499999,0.0,-3.813369791595308,56,fixed_k3
Strain_b_Tension_0.5pct,b,0.5,-0.06980370199999986,-0.1117730612499999,0.0,-3.401841085167688,56,fixed_k3
Strain_b_Tension_0.5pct,b,0.5,-0.06592507799999986,-0.1117730612499999,0.0,-2.984575899633761,56,fixed_k3
Strain_b_Tension_0.5pct,b,0.5,-0.06204645399999986,-0.1117730612499999,0.0,-2.587268544809386,56,fixed_k3
Strain_b_Tension_0.5pct,b,0.5,-0.058167829999999865,-0.1117730612499999,0.0,-2.221935847257534,56,fixed_k3
Strain_b_Tension_0.5pct,b,0.5,-0.05428920599999987,-0.1117730612499999,0.0,-1.8915228558496024,56,fixed_k3
Strain_b_Tension_0.5pct,b,0.5,-0.05041058199999987,-0.1117730612499999,0.0,-1.5939280425584277,56,fixed_k3
Strain_b_Tension_0.5pct,b,0.5,-0.04653195799999987,-0.1117730612499999,0.0,-1.3248049162272113,56,fixed_k3
Strain_b_Tension_0.5pct,b,0.5,-0.042653333999999876,-0.1117730612499999,0.0,-1.0792543193269193,56,fixed_k3
Strain_b_Tension_0.5pct,b,0.5,-0.03877470999999988,-0.1117730612499999,0.0,-0.8527415429266267,56,fixed_k3
Strain_b_Tension_0.5pct,b,0.5,-0.03489608599999988,-0.1117730612499999,0.0,-0.6415453154560438,56,fixed_k3
Strain_b_Tension_0.5pct,b,0.5,-0.031017461999999885,-0.1117730612499999,0.0,-0.442949504300715,56,fixed_k3
Strain_b_Tension_0.5pct,b,0.5,-0.027138837999999887,-0.1117730612499999,0.0,-0.2552988484607748,56,fixed_k3
Strain_b_Tension_0.5pct,b,0.5,-0.02326021399999989,-0.1117730612499999,0.0,-0.07797742857381484,56,fixed_k3
Strain_b_Tension_0.5pct,b,0.5,-0.019381589999999893,-0.1117730612499999,0.0,0.08866863600919572,56,fixed_k3
Strain_b_Tension_0.5pct,b,0.5,-0.015502965999999896,-0.1117730612499999,0.0,0.24346123938561348,56,fixed_k3
Strain_b_Tension_0.5pct,b,0.5,-0.011624341999999899,-0.1117730612499999,0.0,0.38457573358947883,56,fixed_k3
Strain_b_Tension_0.5pct,b,0.5,-0.0077457179999999015,-0.1117730612499999,0.0,0.5097815929856835,56,fixed_k3
Strain_b_Tension_0.5pct,b,0.5,-0.0038670939999999043,-0.1117730612499999,0.0,0.6167301575896484,56,fixed_k3
Strain_b_Tension_0.5pct,b,0.5,1.1530000000092855e-05,-0.1117730612499999,0.0,0.7032712711377167,56,fixed_k3
Strain_b_Tension_0.5pct,b,0.5,0.00389015400000009,-0.1117730612499999,0.0,0.7677715957813969,56,fixed_k3
Strain_b_Tension_0.5pct,b,0.5,0.007768778000000087,-0.1117730612499999,0.0,0.8094021415968307,56,fixed_k3
Strain_b_Tension_0.5pct,b,0.5,0.011647402000000084,-0.1117730612499999,0.0,0.8283629193167519,56,fixed_k3
Strain_b_Tension_0.5pct,b,0.5,0.015526026000000082,-0.1117730612499999,0.0,0.8260188622519911,56,fixed_k3
Strain_b_Tension_0.5pct,b,0.5,0.01940465000000008,-0.1117730612499999,0.0,0.8049317518636592,56,fixed_k3
Strain_b_Tension_0.5pct,b,0.5,0.023283274000000076,-0.1117730612499999,0.0,0.7687849101735753,56,fixed_k3
Strain_b_Tension_0.5pct,b,0.5,0.027161898000000073,-0.1117730612499999,0.0,0.7222074032420167,56,fixed_k3
Strain_b_Tension_0.5pct,b,0.5,0.03104052200000007,-0.1117730612499999,0.0,0.6705092772678363,56,fixed_k3
Strain_b_Tension_0.5pct,b,0.5,0.03491914600000007,-0.1117730612499999,0.0,0.6193367457041679,56,fixed_k3
Strain_b_Tension_0.5pct,b,0.5,0.038797770000000065,-0.1117730612499999,0.0,0.5742452977986701,56,fixed_k3
Strain_b_Tension_0.5pct,b,0.5,0.04267639400000006,-0.1117730612499999,0.0,0.5401696301917536,56,fixed_k3
Strain_b_Tension_0.5pct,b,0.5,0.04655501800000006,-0.1117730612499999,0.0,0.5207437007927314,56,fixed_k3
Strain_b_Tension_0.5pct,b,0.5,0.050433642000000056,-0.1117730612499999,0.0,0.5173960831967417,56,fixed_k3
Strain_b_Tension_0.5pct,b,0.5,0.05431226600000005,-0.1117730612499999,0.0,0.5281243636431938,56,fixed_k3
Strain_b_Tension_0.5pct,b,0.5,0.05819089000000005,-0.1117730612499999,0.0,0.545856905758122,56,fixed_k3
Strain_b_Tension_0.5pct,b,0.5,0.06206951400000005,-0.1117730612499999,0.0,0.5563761639069416,56,fixed_k3
Strain_b_Tension_0.5pct,b,0.5,0.06594813800000005,-0.1117730612499999,0.0,0.5359555617306118,56,fixed_k3
Strain_b_Tension_0.5pct,b,0.5,0.06982676200000004,-0.1117730612499999,0.0,0.44919148747898086,56,fixed_k3
Strain_b_Tension_0.5pct,b,0.5,0.07370538600000004,-0.1117730612499999,0.0,0.24793335203585642,56,fixed_k3
Strain_b_Tension_0.5pct,b,0.5,0.07758401000000004,-0.1117730612499999,0.0,-0.1276115888468894,56,fixed_k3
Strain_b_Tension_0.5pct,b,0.5,0.08146263400000003,-0.1117730612499999,0.0,-0.745423579905919,56,fixed_k3
Strain_b_Tension_0.5pct,b,0.5,0.08534125800000003,-0.1117730612499999,0.0,-1.6789730182941032,56,fixed_k3
Strain_b_Tension_0.5pct,b,0.5,0.08921988200000003,-0.1117730612499999,0.0,-3.0154668127719404,56,fixed_k3
Strain_b_Tension_0.5pct,b,0.5,0.09309850600000003,-0.1117730612499999,0.0,-4.898333751701247,56,fixed_k3
Strain_b_Tension_0.5pct,b,0.5,0.09697713000000002,-0.1117730612499999,0.0,-7.657419071444901,56,fixed_k3
Strain_b_Tension_0.5pct,b,0.5,0.10085575400000002,-0.1117730612499999,0.0,-12.183484801724163,56,fixed_k3
Strain_b_Tension_0.5pct,b,0.5,0.10473437800000002,-0.1117730612499999,0.0,-21.14559704568629,56,fixed_k3
Strain_b_Tension_0.5pct,b,0.5,0.10861300200000001,-0.1117730612499999,0.0,-43.88950107573243,56,fixed_k3
Strain_b_Tension_0.5pct,b,0.5,0.11249162600000001,-0.1117730612499999,0.0,-122.07561284452679,56,fixed_k3
Strain_b_Tension_0.5pct,b,0.5,0.11637025000000001,-0.1117730612499999,0.0,-502.2741993313292,56,fixed_k3
Strain_b_Tension_0.5pct,b,0.5,0.120248874,-0.1117730612499999,0.0,-2125.62079670164,56,fixed_k3
Strain_b_Tension_0.5pct,b,0.5,0.124127498,-0.1117730612499999,0.0,-1388.7968453705937,56,fixed_k3
Strain_b_Tension_0.5pct,b,0.5,0.128006122,-0.1117730612499999,0.0,-332.13366073431536,56,fixed_k3
Strain_b_Tension_0.5pct,b,0.5,0.131884746,-0.1117730612499999,0.0,-103.98552359722066,56,fixed_k3
Strain_b_Tension_0.5pct,b,0.5,0.13576337,-0.1117730612499999,0.0,-44.834188975576225,56,fixed_k3
Strain_b_Tension_0.5pct,b,0.5,0.139641994,-0.1117730612499999,0.0,-24.791226191908187,56,fixed_k3
Strain_b_Tension_0.5pct,b,0.5,0.143520618,-0.1117730612499999,0.0,-16.28755068037305,56,fixed_k3
Strain_b_Tension_0.5pct,b,0.5,0.14739924199999999,-0.1117730612499999,0.0,-11.905310741039367,56,fixed_k3
Strain_b_Tension_0.5pct,b,0.5,0.15127786599999998,-0.1117730612499999,0.0,-9.219496657763038,56,fixed_k3
Strain_b_Tension_0.5pct,b,0.5,0.15515649,-0.1117730612499999,0.0,-7.301599238470398,56,fixed_k3
Strain_b_Tension_0.5pct,b,0.5,-0.1551334299999998,-0.1084864231249999,0.0,-9.868806017333469,56,fixed_k3
Strain_b_Tension_0.5pct,b,0.5,-0.1512548059999998,-0.1084864231249999,0.0,-11.103021395281454,56,fixed_k3
Strain_b_Tension_0.5pct,b,0.5,-0.1473761819999998,-0.1084864231249999,0.0,-13.043851322859632,56,fixed_k3
Strain_b_Tension_0.5pct,b,0.5,-0.1434975579999998,-0.1084864231249999,0.0,-16.481269455761893,56,fixed_k3
Strain_b_Tension_0.5pct,b,0.5,-0.1396189339999998,-0.1084864231249999,0.0,-23.53958739974002,56,fixed_k3
Strain_b_Tension_0.5pct,b,0.5,-0.1357403099999998,-0.1084864231249999,0.0,-40.96398806206582,56,fixed_k3
Strain_b_Tension_0.5pct,b,0.5,-0.1318616859999998,-0.1084864231249999,0.0,-95.47802338780876,56,fixed_k3
Strain_b_Tension_0.5pct,b,0.5,-0.12798306199999981,-0.1084864231249999,0.0,-337.3121850641354,56,fixed_k3
Strain_b_Tension_0.5pct,b,0.5,-0.12410443799999982,-0.1084864231249999,0.0,-2313.2795357516843,56,fixed_k3
Strain_b_Tension_0.5pct,b,0.5,-0.12022581399999982,-0.1084864231249999,0.0,-4993.437886701178,56,fixed_k3
Strain_b_Tension_0.5pct,b,0.5,-0.11634718999999982,-0.1084864231249999,0.0,-479.7420120287687,56,fixed_k3
Strain_b_Tension_0.5pct,b,0.5,-0.11246856599999983,-0.1084864231249999,0.0,-77.0321999410417,56,fixed_k3
Strain_b_Tension_0.5pct,b,0.5,-0.10858994199999983,-0.1084864231249999,0.0,-19.221575747282216,56,fixed_k3
Strain_b_Tension_0.5pct,b,0.5,-0.10471131799999983,-0.1084864231249999,0.0,-6.9788084282084295,56,fixed_k3
Strain_b_Tension_0.5pct,b,0.5,-0.10083269399999983,-0.1084864231249999,0.0,-4.085919007859983,56,fixed_k3
Strain_b_Tension_0.5pct,b,0.5,-0.09695406999999984,-0.1084864231249999,0.0,-3.6673235044069687,56,fixed_k3
Strain_b_Tension_0.5pct,b,0.5,-0.09307544599999984,-0.1084864231249999,0.0,-3.9183572916936638,56,fixed_k3
Strain_b_Tension_0.5pct,b,0.5,-0.08919682199999984,-0.1084864231249999,0.0,-4.230667863397502,56,fixed_k3
Strain_b_Tension_0.5pct,b,0.5,-0.08531819799999985,-0.1084864231249999,0.0,-4.382909441398375,56,fixed_k3
Strain_b_Tension_0.5pct,b,0.5,-0.08143957399999985,-0.1084864231249999,0.0,-4.325056363335262,56,fixed_k3
Strain_b_Tension_0.5pct,b,0.5,-0.07756094999999985,-0.1084864231249999,0.0,-4.090505626742334,56,fixed_k3
Strain_b_Tension_0.5pct,b,0.5,-0.07368232599999985,-0.1084864231249999,0.0,-3.7428034322886887,56,fixed_k3
Strain_b_Tension_0.5pct,b,0.5,-0.06980370199999986,-0.1084864231249999,0.0,-3.3433137103385957,56,fixed_k3
Strain_b_Tension_0.5pct,b,0.5,-0.06592507799999986,-0.1084864231249999,0.0,-2.936902248925629,56,fixed_k3
Strain_b_Tension_0.5pct,b,0.5,-0.06204645399999986,-0.1084864231249999,0.0,-2.5500181389174426,56,fixed_k3
Strain_b_Tension_0.5pct,b,0.5,-0.058167829999999865,-0.1084864231249999,0.0,-2.1946426279025855,56,fixed_k3
Strain_b_Tension_0.5pct,b,0.5,-0.05428920599999987,-0.1084864231249999,0.0,-1.8734862992339958,56,fixed_k3
Strain_b_Tension_0.5pct,b,0.5,-0.05041058199999987,-0.1084864231249999,0.0,-1.5842724548414764,56,fixed_k3
Strain_b_Tension_0.5pct,b,0.5,-0.04653195799999987,-0.1084864231249999,0.0,-1.3225991103054486,56,fixed_k3
Strain_b_Tension_0.5pct,b,0.5,-0.042653333999999876,-0.1084864231249999,0.0,-1.0836072070957181,56,fixed_k3
Strain_b_Tension_0.5pct,b,0.5,-0.03877470999999988,-0.1084864231249999,0.0,-0.8628529825388811,56,fixed_k3
Strain_b_Tension_0.5pct,b,0.5,-0.03489608599999988,-0.1084864231249999,0.0,-0.6567184704177373,56,fixed_k3
Strain_b_Tension_0.5pct,b,0.5,-0.031017461999999885,-0.1084864231249999,0.0,-0.4625782879497886,56,fixed_k3
Strain_b_Tension_0.5pct,b,0.5,-0.027138837999999887,-0.1084864231249999,0.0,-0.27884325013722044,56,fixed_k3
Strain_b_Tension_0.5pct,b,0.5,-0.02326021399999989,-0.1084864231249999,0.0,-0.1049363783648598,56,fixed_k3
Strain_b_Tension_0.5pct,b,0.5,-0.019381589999999893,-0.1084864231249999,0.0,0.058780464966708745,56,fixed_k3
Strain_b_Tension_0.5pct,b,0.5,-0.015502965999999896,-0.1084864231249999,0.0,0.2111290589990098,56,fixed_k3
Strain_b_Tension_0.5pct,b,0.5,-0.011624341999999899,-0.1084864231249999,0.0,0.35029131891766996,56,fixed_k3
Strain_b_Tension_0.5pct,b,0.5,-0.0077457179999999015,-0.1084864231249999,0.0,0.4740414437278857,56,fixed_k3
Strain_b_Tension_0.5pct,b,0.5,-0.0038670939999999043,-0.1084864231249999,0.0,0.580026963451981,56,fixed_k3
Strain_b_Tension_0.5pct,b,0.5,1.1530000000092855e-05,-0.1084864231249999,0.0,0.666081399904336,56,fixed_k3
Strain_b_Tension_0.5pct,b,0.5,0.00389015400000009,-0.1084864231249999,0.0,0.7305416625581813,56,fixed_k3
Strain_b_Tension_0.5pct,b,0.5,0.007768778000000087,-0.1084864231249999,0.0,0.772537500401087,56,fixed_k3
Strain_b_Tension_0.5pct,b,0.5,0.011647402000000084,-0.1084864231249999,0.0,0.7922202659543953,56,fixed_k3
Strain_b_Tension_0.5pct,b,0.5,0.015526026000000082,-0.1084864231249999,0.0,0.7909042851997086,56,fixed_k3
Strain_b_Tension_0.5pct,b,0.5,0.01940465000000008,-0.1084864231249999,0.0,0.7711048025794245,56,fixed_k3
Strain_b_Tension_0.5pct,b,0.5,0.023283274000000076,-0.1084864231249999,0.0,0.7364688389013332,56,fixed_k3
Strain_b_Tension_0.5pct,b,0.5,0.027161898000000073,-0.1084864231249999,0.0,0.6916057654525498,56,fixed_k3
Strain_b_Tension_0.5pct,b,0.5,0.03104052200000007,-0.1084864231249999,0.0,0.641829654490492,56,fixed_k3
Strain_b_Tension_0.5pct,b,0.5,0.03491914600000007,-0.1084864231249999,0.0,0.5928231735322158,56,fixed_k3
Strain_b_Tension_0.5pct,b,0.5,0.038797770000000065,-0.1084864231249999,0.0,0.550221792906453,56,fixed_k3
Strain_b_Tension_0.5pct,b,0.5,0.04267639400000006,-0.1084864231249999,0.0,0.5190973067605134,56,fixed_k3
Strain_b_Tension_0.5pct,b,0.5,0.04655501800000006,-0.1084864231249999,0.0,0.5032921878912386,56,fixed_k3
Strain_b_Tension_0.5pct,b,0.5,0.050433642000000056,-0.1084864231249999,0.0,0.5045241766663837,56,fixed_k3
Strain_b_Tension_0.5pct,b,0.5,0.05431226600000005,-0.1084864231249999,0.0,0.5211514615399189,56,fixed_k3
Strain_b_Tension_0.5pct,b,0.5,0.05819089000000005,-0.1084864231249999,0.0,0.5464804136685513,56,fixed_k3
Strain_b_Tension_0.5pct,b,0.5,0.06206951400000005,-0.1084864231249999,0.0,0.5665447247019444,56,fixed_k3
Strain_b_Tension_0.5pct,b,0.5,0.06594813800000005,-0.1084864231249999,0.0,0.5574420718859858,56,fixed_k3
Strain_b_Tension_0.5pct,b,0.5,0.06982676200000004,-0.1084864231249999,0.0,0.48263814720143317,56,fixed_k3
Strain_b_Tension_0.5pct,b,0.5,0.07370538600000004,-0.1084864231249999,0.0,0.2911113664478937,56,fixed_k3
Strain_b_Tension_0.5pct,b,0.5,0.07758401000000004,-0.1084864231249999,0.0,-0.08249235736040728,56,fixed_k3
Strain_b_Tension_0.5pct,b,0.5,0.08146263400000003,-0.1084864231249999,0.0,-0.7152720348484145,56,fixed_k3
Strain_b_Tension_0.5pct,b,0.5,0.08534125800000003,-0.1084864231249999,0.0,-1.6940034363942,56,fixed_k3
Strain_b_Tension_0.5pct,b,0.5,0.08921988200000003,-0.1084864231249999,0.0,-3.124597819713533,56,fixed_k3
Strain_b_Tension_0.5pct,b,0.5,0.09309850600000003,-0.1084864231249999,0.0,-5.180088239131875,56,fixed_k3
Strain_b_Tension_0.5pct,b,0.5,0.09697713000000002,-0.1084864231249999,0.0,-8.251753265737706,56,fixed_k3
Strain_b_Tension_0.5pct,b,0.5,0.10085575400000002,-0.1084864231249999,0.0,-13.397255621843103,56,fixed_k3
Strain_b_Tension_0.5pct,b,0.5,0.10473437800000002,-0.1084864231249999,0.0,-23.856197528716482,56,fixed_k3
Strain_b_Tension_0.5pct,b,0.5,0.10861300200000001,-0.1084864231249999,0.0,-51.59521037229801,56,fixed_k3
Strain_b_Tension_0.5pct,b,0.5,0.11249162600000001,-0.1084864231249999,0.0,-157.35186012838753,56,fixed_k3
Strain_b_Tension_0.5pct,b,0.5,0.11637025000000001,-0.1084864231249999,0.0,-866.6472774867772,56,fixed_k3
Strain_b_Tension_0.5pct,b,0.5,0.120248874,-0.1084864231249999,0.0,-8391.12186860529,56,fixed_k3
Strain_b_Tension_0.5pct,b,0.5,0.124127498,-0.1084864231249999,0.0,-2328.274583623267,56,fixed_k3
Strain_b_Tension_0.5pct,b,0.5,0.128006122,-0.1084864231249999,0.0,-345.99819216842377,56,fixed_k3
Strain_b_Tension_0.5pct,b,0.5,0.131884746,-0.1084864231249999,0.0,-99.09890893309853,56,fixed_k3
Strain_b_Tension_0.5pct,b,0.5,0.13576337,-0.1084864231249999,0.0,-42.68786892413607,56,fixed_k3
Strain_b_Tension_0.5pct,b,0.5,0.139641994,-0.1084864231249999,0.0,-24.128313167882,56,fixed_k3
Strain_b_Tension_0.5pct,b,0.5,0.143520618,-0.1084864231249999,0.0,-16.22364432866544,56,fixed_k3
Strain_b_Tension_0.5pct,b,0.5,0.14739924199999999,-0.1084864231249999,0.0,-12.087126391252523,56,fixed_k3
Strain_b_Tension_0.5pct,b,0.5,0.15127786599999998,-0.1084864231249999,0.0,-9.512728946831942,56,fixed_k3
Strain_b_Tension_0.5pct,b,0.5,0.15515649,-0.1084864231249999,0.0,-7.656725997385199,56,fixed_k3
Strain_b_Tension_0.5pct,b,0.5,-0.1551334299999998,-0.1051997849999999,0.0,-9.41472480873664,56,fixed_k3
Strain_b_Tension_0.5pct,b,0.5,-0.1512548059999998,-0.1051997849999999,0.0,-10.598993728032431,56,fixed_k3
Strain_b_Tension_0.5pct,b,0.5,-0.1473761819999998,-0.1051997849999999,0.0,-12.432147431174096,56,fixed_k3
Strain_b_Tension_0.5pct,b,0.5,-0.1434975579999998,-0.1051997849999999,0.0,-15.620782163588084,56,fixed_k3
Strain_b_Tension_0.5pct,b,0.5,-0.1396189339999998,-0.1051997849999999,0.0,-22.058922385277537,56,fixed_k3
Strain_b_Tension_0.5pct,b,0.5,-0.1357403099999998,-0.1051997849999999,0.0,-37.7941147033794,56,fixed_k3
Strain_b_Tension_0.5pct,b,0.5,-0.1318616859999998,-0.1051997849999999,0.0,-87.306314187852,56,fixed_k3
Strain_b_Tension_0.5pct,b,0.5,-0.12798306199999981,-0.1051997849999999,0.0,-317.5862049013683,56,fixed_k3
Strain_b_Tension_0.5pct,b,0.5,-0.12410443799999982,-0.1051997849999999,0.0,-3061.277951997172,56,fixed_k3
Strain_b_Tension_0.5pct,b,0.5,-0.12022581399999982,-0.1051997849999999,0.0,-47767.0659156668,56,fixed_k3
Strain_b_Tension_0.5pct,b,0.5,-0.11634718999999982,-0.1051997849999999,0.0,-797.4518656407275,56,fixed_k3
Strain_b_Tension_0.5pct,b,0.5,-0.11246856599999983,-0.1051997849999999,0.0,-95.77338293758736,56,fixed_k3
Strain_b_Tension_0.5pct,b,0.5,-0.10858994199999983,-0.1051997849999999,0.0,-21.02972365095766,56,fixed_k3
Strain_b_Tension_0.5pct,b,0.5,-0.10471131799999983,-0.1051997849999999,0.0,-6.753983614285233,56,fixed_k3
Strain_b_Tension_0.5pct,b,0.5,-0.10083269399999983,-0.1051997849999999,0.0,-3.5975744795410023,56,fixed_k3
Strain_b_Tension_0.5pct,b,0.5,-0.09695406999999984,-0.1051997849999999,0.0,-3.234466265805694,56,fixed_k3
Strain_b_Tension_0.5pct,b,0.5,-0.09307544599999984,-0.1051997849999999,0.0,-3.5971156167752323,56,fixed_k3
Strain_b_Tension_0.5pct,b,0.5,-0.08919682199999984,-0.1051997849999999,0.0,-4.008832509085765,56,fixed_k3
Strain_b_Tension_0.5pct,b,0.5,-0.08531819799999985,-0.1051997849999999,0.0,-4.2309154467264625,56,fixed_k3
Strain_b_Tension_0.5pct,b,0.5,-0.08143957399999985,-0.1051997849999999,0.0,-4.21571000717949,56,fixed_k3
Strain_b_Tension_0.5pct,b,0.5,-0.07756094999999985,-0.1051997849999999,0.0,-4.005742852578376,56,fixed_k3
Strain_b_Tension_0.5pct,b,0.5,-0.07368232599999985,-0.1051997849999999,0.0,-3.6733124741706233,56,fixed_k3
Strain_b_Tension_0.5pct,b,0.5,-0.06980370199999986,-0.1051997849999999,0.0,-3.285410771718804,56,fixed_k3
Strain_b_Tension_0.5pct,b,0.5,-0.06592507799999986,-0.1051997849999999,0.0,-2.8895143431400365,56,fixed_k3
Strain_b_Tension_0.5pct,b,0.5,-0.06204645399999986,-0.1051997849999999,0.0,-2.51281293776004,56,fixed_k3
Strain_b_Tension_0.5pct,b,0.5,-0.058167829999999865,-0.1051997849999999,0.0,-2.1672169706533997,56,fixed_k3
Strain_b_Tension_0.5pct,b,0.5,-0.05428920599999987,-0.1051997849999999,0.0,-1.8551804505599852,56,fixed_k3
Strain_b_Tension_0.5pct,b,0.5,-0.05041058199999987,-0.1051997849999999,0.0,-1.574243488840176,56,fixed_k3
Strain_b_Tension_0.5pct,b,0.5,-0.04653195799999987,-0.1051997849999999,0.0,-1.3199477062175897,56,fixed_k3
Strain_b_Tension_0.5pct,b,0.5,-0.042653333999999876,-0.1051997849999999,0.0,-1.0874748029980532,56,fixed_k3
Strain_b_Tension_0.5pct,b,0.5,-0.03877470999999988,-0.1051997849999999,0.0,-0.8724714912797116,56,fixed_k3
Strain_b_Tension_0.5pct,b,0.5,-0.03489608599999988,-0.1051997849999999,0.0,-0.6714207820460647,56,fixed_k3
Strain_b_Tension_0.5pct,b,0.5,-0.031017461999999885,-0.1051997849999999,0.0,-0.4817840810689926,56,fixed_k3
Strain_b_Tension_0.5pct,b,0.5,-0.027138837999999887,-0.1051997849999999,0.0,-0.3020332346968897,56,fixed_k3
Strain_b_Tension_0.5pct,b,0.5,-0.02326021399999989,-0.1051997849999999,0.0,-0.13162466661989436,56,fixed_k3
Strain_b_Tension_0.5pct,b,0.5,-0.019381589999999893,-0.1051997849999999,0.0,0.029069523175228262,56,fixed_k3
Strain_b_Tension_0.5pct,b,0.5,-0.015502965999999896,-0.1051997849999999,0.0,0.17887603579951517,56,fixed_k3
Strain_b_Tension_0.5pct,b,0.5,-0.011624341999999899,-0.1051997849999999,0.0,0.3159875826293961,56,fixed_k3
Strain_b_Tension_0.5pct,b,0.5,-0.0077457179999999015,-0.1051997849999999,0.0,0.438186289337259,56,fixed_k3
Strain_b_Tension_0.5pct,b,0.5,-0.0038670939999999043,-0.1051997849999999,0.0,0.5431179340465384,56,fixed_k3
Strain_b_Tension_0.5pct,b,0.5,1.1530000000092855e-05,-0.1051997849999999,0.0,0.6286006280317915,56,fixed_k3
Strain_b_Tension_0.5pct,b,0.5,0.00389015400000009,-0.1051997849999999,0.0,0.6929413791464132,56,fixed_k3
Strain_b_Tension_0.5pct,b,0.5,0.007768778000000087,-0.1051997849999999,0.0,0.7352276028073139,56,fixed_k3
Strain_b_Tension_0.5pct,b,0.5,0.011647402000000084,-0.1051997849999999,0.0,0.7555601343133933,56,fixed_k3
Strain_b_Tension_0.5pct,b,0.5,0.015526026000000082,-0.1051997849999999,0.0,0.7552001336115763,56,fixed_k3
Strain_b_Tension_0.5pct,b,0.5,0.01940465000000008,-0.1051997849999999,0.0,0.736613047311657,56,fixed_k3
Strain_b_Tension_0.5pct,b,0.5,0.023283274000000076,-0.1051997849999999,0.0,0.7034055205228693,56,fixed_k3
Strain_b_Tension_0.5pct,b,0.5,0.027161898000000073,-0.1051997849999999,0.0,0.6601621232320296,56,fixed_k3
Strain_b_Tension_0.5pct,b,0.5,0.03104052200000007,-0.1051997849999999,0.0,0.6121945158479938,56,fixed_k3
Strain_b_Tension_0.5pct,b,0.5,0.03491914600000007,-0.1051997849999999,0.0,0.5652137251702913,56,fixed_k3
Strain_b_Tension_0.5pct,b,0.5,0.038797770000000065,-0.1051997849999999,0.0,0.5249251990963315,56,fixed_k3
Strain_b_Tension_0.5pct,b,0.5,0.04267639400000006,-0.1051997849999999,0.0,0.4965259129742847,56,fixed_k3
Strain_b_Tension_0.5pct,b,0.5,0.04655501800000006,-0.1051997849999999,0.0,0.48405355012929974,56,fixed_k3
Strain_b_Tension_0.5pct,b,0.5,0.050433642000000056,-0.1051997849999999,0.0,0.48950175984311484,56,fixed_k3
Strain_b_Tension_0.5pct,b,0.5,0.05431226600000005,-0.1051997849999999,0.0,0.5115787816329576,56,fixed_k3
Strain_b_Tension_0.5pct,b,0.5,0.05819089000000005,-0.1051997849999999,0.0,0.543964695304274,56,fixed_k3
Strain_b_Tension_0.5pct,b,0.5,0.06206951400000005,-0.1051997849999999,0.0,0.5729483297180025,56,fixed_k3
Strain_b_Tension_0.5pct,b,0.5,0.06594813800000005,-0.1051997849999999,0.0,0.574456563474091,56,fixed_k3
Strain_b_Tension_0.5pct,b,0.5,0.06982676200000004,-0.1051997849999999,0.0,0.5107979047291351,56,fixed_k3
Strain_b_Tension_0.5pct,b,0.5,0.07370538600000004,-0.1051997849999999,0.0,0.3279386240399178,56,fixed_k3
Strain_b_Tension_0.5pct,b,0.5,0.07758401000000004,-0.1051997849999999,0.0,-0.045447843323182635,56,fixed_k3
Strain_b_Tension_0.5pct,b,0.5,0.08146263400000003,-0.1051997849999999,0.0,-0.696468151343546,56,fixed_k3
Strain_b_Tension_0.5pct,b,0.5,0.08534125800000003,-0.1051997849999999,0.0,-1.7267318787123251,56,fixed_k3
Strain_b_Tension_0.5pct,b,0.5,0.08921988200000003,-0.1051997849999999,0.0,-3.2630235050686487,56,fixed_k3
Strain_b_Tension_0.5pct,b,0.5,0.09309850600000003,-0.1051997849999999,0.0,-5.510792124648653,56,fixed_k3
Strain_b_Tension_0.5pct,b,0.5,0.09697713000000002,-0.1051997849999999,0.0,-8.927168820331207,56,fixed_k3
Strain_b_Tension_0.5pct,b,0.5,0.10085575400000002,-0.1051997849999999,0.0,-14.747386311925387,56,fixed_k3
Strain_b_Tension_0.5pct,b,0.5,0.10473437800000002,-0.1051997849999999,0.0,-26.817297073181525,56,fixed_k3
Strain_b_Tension_0.5pct,b,0.5,0.10861300200000001,-0.1051997849999999,0.0,-59.913719340548866,56,fixed_k3
Strain_b_Tension_0.5pct,b,0.5,0.11249162600000001,-0.1051997849999999,0.0,-196.7807315765917,56,fixed_k3
Strain_b_Tension_0.5pct,b,0.5,0.11637025000000001,-0.1051997849999999,0.0,-1440.5334653664872,56,fixed_k3
Strain_b_Tension_0.5pct,b,0.5,0.120248874,-0.1051997849999999,0.0,-94810.64985190994,56,fixed_k3
Strain_b_Tension_0.5pct,b,0.5,0.124127498,-0.1051997849999999,0.0,-2751.6971177380065,56,fixed_k3
Strain_b_Tension_0.5pct,b,0.5,0.128006122,-0.1051997849999999,0.0,-316.73357927637613,56,fixed_k3
Strain_b_Tension_0.5pct,b,0.5,0.131884746,-0.1051997849999999,0.0,-89.76840234794726,56,fixed_k3
Strain_b_Tension_0.5pct,b,0.5,0.13576337,-0.1051997849999999,0.0,-39.755116464881986,56,fixed_k3
Strain_b_Tension_0.5pct,b,0.5,0.139641994,-0.1051997849999999,0.0,-23.20749845783122,56,fixed_k3
Strain_b_Tension_0.5pct,b,0.5,0.143520618,-0.1051997849999999,0.0,-16.01219193378524,56,fixed_k3
Strain_b_Tension_0.5pct,b,0.5,0.14739924199999999,-0.1051997849999999,0.0,-12.156519750113093,56,fixed_k3
Strain_b_Tension_0.5pct,b,0.5,0.15127786599999998,-0.1051997849999999,0.0,-9.710434939328634,56,fixed_k3
Strain_b_Tension_0.5pct,b,0.5,0.15515649,-0.1051997849999999,0.0,-7.927127621790502,56,fixed_k3
Strain_b_Tension_0.5pct,b,0.5,-0.1551334299999998,-0.10191314687499992,0.0,-9.006894719935765,56,fixed_k3
Strain_b_Tension_0.5pct,b,0.5,-0.1512548059999998,-0.10191314687499992,0.0,-10.134596407566884,56,fixed_k3
Strain_b_Tension_0.5pct,b,0.5,-0.1473761819999998,-0.10191314687499992,0.0,-11.850296481243644,56,fixed_k3
Strain_b_Tension_0.5pct,b,0.5,-0.1434975579999998,-0.10191314687499992,0.0,-14.770279417768537,56,fixed_k3
Strain_b_Tension_0.5pct,b,0.5,-0.1396189339999998,-0.10191314687499992,0.0,-20.52227971014842,56,fixed_k3
Strain_b_Tension_0.5pct,b,0.5,-0.1357403099999998,-0.10191314687499992,0.0,-34.23222430198052,56,fixed_k3
Strain_b_Tension_0.5pct,b,0.5,-0.1318616859999998,-0.10191314687499992,0.0,-76.28624732822803,56,fixed_k3
Strain_b_Tension_0.5pct,b,0.5,-0.12798306199999981,-0.10191314687499992,0.0,-263.713837048194,56,fixed_k3
Strain_b_Tension_0.5pct,b,0.5,-0.12410443799999982,-0.10191314687499992,0.0,-2218.1911833500285,56,fixed_k3
Strain_b_Tension_0.5pct,b,0.5,-0.12022581399999982,-0.10191314687499992,0.0,-219784.04637499942,56,fixed_k3
Strain_b_Tension_0.5pct,b,0.5,-0.11634718999999982,-0.10191314687499992,0.0,-1127.9134723798607,56,fixed_k3
Strain_b_Tension_0.5pct,b,0.5,-0.11246856599999983,-0.10191314687499992,0.0,-112.64912967642738,56,fixed_k3
Strain_b_Tension_0.5pct,b,0.5,-0.10858994199999983,-0.10191314687499992,0.0,-22.474141466930547,56,fixed_k3
Strain_b_Tension_0.5pct,b,0.5,-0.10471131799999983,-0.10191314687499992,0.0,-6.423069568506303,56,fixed_k3
Strain_b_Tension_0.5pct,b,0.5,-0.10083269399999983,-0.10191314687499992,0.0,-3.0610399985107346,56,fixed_k3
Strain_b_Tension_0.5pct,b,0.5,-0.09695406999999984,-0.10191314687499992,0.0,-2.776505650070675,56,fixed_k3
Strain_b_Tension_0.5pct,b,0.5,-0.09307544599999984,-0.10191314687499992,0.0,-3.264898171677856,56,fixed_k3
Strain_b_Tension_0.5pct,b,0.5,-0.08919682199999984,-0.10191314687499992,0.0,-3.7845789888254786,56,fixed_k3
Strain_b_Tension_0.5pct,b,0.5,-0.08531819799999985,-0.10191314687499992,0.0,-4.080501035790702,56,fixed_k3
Strain_b_Tension_0.5pct,b,0.5,-0.08143957399999985,-0.10191314687499992,0.0,-4.108957107840622,56,fixed_k3
Strain_b_Tension_0.5pct,b,0.5,-0.07756094999999985,-0.10191314687499992,0.0,-3.9232062052880097,56,fixed_k3
Strain_b_Tension_0.5pct,b,0.5,-0.07368232599999985,-0.10191314687499992,0.0,-3.6053300940923494,56,fixed_k3
Strain_b_Tension_0.5pct,b,0.5,-0.06980370199999986,-0.10191314687499992,0.0,-3.22838219731693,56,fixed_k3
Strain_b_Tension_0.5pct,b,0.5,-0.06592507799999986,-0.10191314687499992,0.0,-2.842537257157949,56,fixed_k3
Strain_b_Tension_0.5pct,b,0.5,-0.06204645399999986,-0.10191314687499992,0.0,-2.4756904097002166,56,fixed_k3
Strain_b_Tension_0.5pct,b,0.5,-0.058167829999999865,-0.10191314687499992,0.0,-2.139633735061522,56,fixed_k3
Strain_b_Tension_0.5pct,b,0.5,-0.05428920599999987,-0.10191314687499992,0.0,-1.8365356238211161,56,fixed_k3
Strain_b_Tension_0.5pct,b,0.5,-0.05041058199999987,-0.10191314687499992,0.0,-1.5637404865079532,56,fixed_k3
Strain_b_Tension_0.5pct,b,0.5,-0.04653195799999987,-0.10191314687499992,0.0,-1.3167292276834714,56,fixed_k3
Strain_b_Tension_0.5pct,b,0.5,-0.042653333999999876,-0.10191314687499992,0.0,-1.0907221519306214,56,fixed_k3
Strain_b_Tension_0.5pct,b,0.5,-0.03877470999999988,-0.10191314687499992,0.0,-0.8814536554297314,56,fixed_k3
Strain_b_Tension_0.5pct,b,0.5,-0.03489608599999988,-0.10191314687499992,0.0,-0.6855035453848979,56,fixed_k3
Strain_b_Tension_0.5pct,b,0.5,-0.031017461999999885,-0.10191314687499992,0.0,-0.5004146324253966,56,fixed_k3
Strain_b_Tension_0.5pct,b,0.5,-0.027138837999999887,-0.10191314687499992,0.0,-0.3247137028404605,56,fixed_k3
Strain_b_Tension_0.5pct,b,0.5,-0.02326021399999989,-0.10191314687499992,0.0,-0.15788430853200364,56,fixed_k3
Strain_b_Tension_0.5pct,b,0.5,-0.019381589999999893,-0.10191314687499992,0.0,-0.00030279194576321444,56,fixed_k3
Strain_b_Tension_0.5pct,b,0.5,-0.015502965999999896,-0.10191314687499992,0.0,0.14686781089023038,56,fixed_k3
Strain_b_Tension_0.5pct,b,0.5,-0.011624341999999899,-0.10191314687499992,0.0,0.28183541217913666,56,fixed_k3
Strain_b_Tension_0.5pct,b,0.5,-0.0077457179999999015,-0.10191314687499992,0.0,0.4023933514196165,56,fixed_k3
Strain_b_Tension_0.5pct,b,0.5,-0.0038670939999999043,-0.10191314687499992,0.0,0.5061877501115806,56,fixed_k3
Strain_b_Tension_0.5pct,b,0.5,1.1530000000092855e-05,-0.10191314687499992,0.0,0.5910222407203487,56,fixed_k3
Strain_b_Tension_0.5pct,b,0.5,0.00389015400000009,-0.10191314687499992,0.0,0.6551738076130942,56,fixed_k3
Strain_b_Tension_0.5pct,b,0.5,0.007768778000000087,-0.10191314687499992,0.0,0.6976865098893037,56,fixed_k3
Strain_b_Tension_0.5pct,b,0.5,0.011647402000000084,-0.10191314687499992,0.0,0.718608887650372,56,fixed_k3
Strain_b_Tension_0.5pct,b,0.5,0.015526026000000082,-0.10191314687499992,0.0,0.7191464907032326,56,fixed_k3
Strain_b_Tension_0.5pct,b,0.5,0.01940465000000008,-0.10191314687499992,0.0,0.7017118523627355,56,fixed_k3
Strain_b_Tension_0.5pct,b,0.5,0.023283274000000076,-0.10191314687499992,0.0,0.6698673367454377,56,fixed_k3
Strain_b_Tension_0.5pct,b,0.5,0.027161898000000073,-0.10191314687499992,0.0,0.6281677876115639,56,fixed_k3
Strain_b_Tension_0.5pct,b,0.5,0.03104052200000007,-0.10191314687499992,0.0,0.5819161904970165,56,fixed_k3
Strain_b_Tension_0.5pct,b,0.5,0.03491914600000007,-0.10191314687499992,0.0,0.5368439706732926,56,fixed_k3
Strain_b_Tension_0.5pct,b,0.5,0.038797770000000065,-0.10191314687499992,0.0,0.49871658127462704,56,fixed_k3
Strain_b_Tension_0.5pct,b,0.5,0.04267639400000006,-0.10191314687499992,0.0,0.4728440832436349,56,fixed_k3
Strain_b_Tension_0.5pct,b,0.5,0.04655501800000006,-0.10191314687499992,0.0,0.463445502035972,56,fixed_k3
Strain_b_Tension_0.5pct,b,0.5,0.050433642000000056,-0.10191314687499992,0.0,0.4727759343019349,56,fixed_k3
Strain_b_Tension_0.5pct,b,0.5,0.05431226600000005,-0.10191314687499992,0.0,0.49988095279194367,56,fixed_k3
Strain_b_Tension_0.5pct,b,0.5,0.05819089000000005,-0.10191314687499992,0.0,0.5388065884094178,56,fixed_k3
Strain_b_Tension_0.5pct,b,0.5,0.06206951400000005,-0.10191314687499992,0.0,0.5760957162260967,56,fixed_k3
Strain_b_Tension_0.5pct,b,0.5,0.06594813800000005,-0.10191314687499992,0.0,0.5875025996412258,56,fixed_k3
Strain_b_Tension_0.5pct,b,0.5,0.06982676200000004,-0.10191314687499992,0.0,0.5341423244224837,56,fixed_k3
Strain_b_Tension_0.5pct,b,0.5,0.07370538600000004,-0.10191314687499992,0.0,0.35880987440266376,56,fixed_k3
Strain_b_Tension_0.5pct,b,0.5,0.07758401000000004,-0.10191314687499992,0.0,-0.0162455115392528,56,fixed_k3
Strain_b_Tension_0.5pct,b,0.5,0.08146263400000003,-0.10191314687499992,0.0,-0.6891127366565359,56,fixed_k3
Strain_b_Tension_0.5pct,b,0.5,0.08534125800000003,-0.10191314687499992,0.0,-1.7778931109351872,56,fixed_k3
Strain_b_Tension_0.5pct,b,0.5,0.08921988200000003,-0.10191314687499992,0.0,-3.4324581068852513,56,fixed_k3
Strain_b_Tension_0.5pct,b,0.5,0.09309850600000003,-0.10191314687499992,0.0,-5.892972758644131,56,fixed_k3
Strain_b_Tension_0.5pct,b,0.5,0.09697713000000002,-0.10191314687499992,0.0,-9.684389343627961,56,fixed_k3
Strain_b_Tension_0.5pct,b,0.5,0.10085575400000002,-0.10191314687499992,0.0,-16.220643583722314,56,fixed_k3
Strain_b_Tension_0.5pct,b,0.5,0.10473437800000002,-0.10191314687499992,0.0,-29.94339027895321,56,fixed_k3
Strain_b_Tension_0.5pct,b,0.5,0.10861300200000001,-0.10191314687499992,0.0,-68.27715467879712,56,fixed_k3
Strain_b_Tension_0.5pct,b,0.5,0.11249162600000001,-0.10191314687499992,0.0,-233.6130182599894,56,fixed_k3
Strain_b_Tension_0.5pct,b,0.5,0.11637025000000001,-0.10191314687499992,0.0,-1978.4075215625928,56,fixed_k3
Strain_b_Tension_0.5pct,b,0.5,0.120248874,-0.10191314687499992,0.0,-228361.53344417148,56,fixed_k3
Strain_b_Tension_0.5pct,b,0.5,0.124127498,-0.10191314687499992,0.0,-2010.356142755173,56,fixed_k3
Strain_b_Tension_0.5pct,b,0.5,0.128006122,-0.10191314687499992,0.0,-259.149996406172,56,fixed_k3
Strain_b_Tension_0.5pct,b,0.5,0.131884746,-0.10191314687499992,0.0,-77.98276923951681,56,fixed_k3
Strain_b_Tension_0.5pct,b,0.5,0.13576337,-0.10191314687499992,0.0,-36.36766880026131,56,fixed_k3
Strain_b_Tension_0.5pct,b,0.5,0.139641994,-0.10191314687499992,0.0,-22.107256181554426,56,fixed_k3
Strain_b_Tension_0.5pct,b,0.5,0.143520618,-0.10191314687499992,0.0,-15.682262377224044,56,fixed_k3
Strain_b_Tension_0.5pct,b,0.5,0.14739924199999999,-0.10191314687499992,0.0,-12.129884206732491,56,fixed_k3
Strain_b_Tension_0.5pct,b,0.5,0.15127786599999998,-0.10191314687499992,0.0,-9.82408216646996,56,fixed_k3
Strain_b_Tension_0.5pct,b,0.5,0.15515649,-0.10191314687499992,0.0,-8.12101815243614,56,fixed_k3
Strain_b_Tension_0.5pct,b,0.5,-0.1551334299999998,-0.09862650874999991,0.0,-8.638442934746047,56,fixed_k3
Strain_b_Tension_0.5pct,b,0.5,-0.1512548059999998,-0.09862650874999991,0.0,-9.704850881935323,56,fixed_k3
Strain_b_Tension_0.5pct,b,0.5,-0.1473761819999998,-0.09862650874999991,0.0,-11.296769987816493,56,fixed_k3
Strain_b_Tension_0.5pct,b,0.5,-0.1434975579999998,-0.09862650874999991,0.0,-13.93776611902482,56,fixed_k3
Strain_b_Tension_0.5pct,b,0.5,-0.1396189339999998,-0.09862650874999991,0.0,-18.975978325010946,56,fixed_k3
Strain_b_Tension_0.5pct,b,0.5,-0.1357403099999998,-0.09862650874999991,0.0,-30.53096560558711,56,fixed_k3
Strain_b_Tension_0.5pct,b,0.5,-0.1318616859999998,-0.09862650874999991,0.0,-64.24462665073641,56,fixed_k3
Strain_b_Tension_0.5pct,b,0.5,-0.12798306199999981,-0.09862650874999991,0.0,-200.04042117917732,56,fixed_k3
Strain_b_Tension_0.5pct,b,0.5,-0.12410443799999982,-0.09862650874999991,0.0,-1145.29470481587,56,fixed_k3
Strain_b_Tension_0.5pct,b,0.5,-0.12022581399999982,-0.09862650874999991,0.0,-11448.66787724682,56,fixed_k3
Strain_b_Tension_0.5pct,b,0.5,-0.11634718999999982,-0.09862650874999991,0.0,-1166.2832755614074,56,fixed_k3
Strain_b_Tension_0.5pct,b,0.5,-0.11246856599999983,-0.09862650874999991,0.0,-122.37054895860392,56,fixed_k3
Strain_b_Tension_0.5pct,b,0.5,-0.10858994199999983,-0.09862650874999991,0.0,-23.2381547209768,56,fixed_k3
Strain_b_Tension_0.5pct,b,0.5,-0.10471131799999983,-0.09862650874999991,0.0,-5.963388830488057,56,fixed_k3
Strain_b_Tension_0.5pct,b,0.5,-0.10083269399999983,-0.09862650874999991,0.0,-2.4789056504630667,56,fixed_k3
Strain_b_Tension_0.5pct,b,0.5,-0.09695406999999984,-0.09862650874999991,0.0,-2.296815010501744,56,fixed_k3
Strain_b_Tension_0.5pct,b,0.5,-0.09307544599999984,-0.09862650874999991,0.0,-2.924209761252029,56,fixed_k3
Strain_b_Tension_0.5pct,b,0.5,-0.08919682199999984,-0.09862650874999991,0.0,-3.5597877829600773,56,fixed_k3
Strain_b_Tension_0.5pct,b,0.5,-0.08531819799999985,-0.09862650874999991,0.0,-3.933033249556371,56,fixed_k3
Strain_b_Tension_0.5pct,b,0.5,-0.08143957399999985,-0.09862650874999991,0.0,-4.0057171218317045,56,fixed_k3
Strain_b_Tension_0.5pct,b,0.5,-0.07756094999999985,-0.09862650874999991,0.0,-3.843469922062889,56,fixed_k3
Strain_b_Tension_0.5pct,b,0.5,-0.07368232599999985,-0.09862650874999991,0.0,-3.53919339244087,56,fixed_k3
Strain_b_Tension_0.5pct,b,0.5,-0.06980370199999986,-0.09862650874999991,0.0,-3.172409396179337,56,fixed_k3
Strain_b_Tension_0.5pct,b,0.5,-0.06592507799999986,-0.09862650874999991,0.0,-2.7960481691795085,56,fixed_k3
Strain_b_Tension_0.5pct,b,0.5,-0.06204645399999986,-0.09862650874999991,0.0,-2.4386549619171762,56,fixed_k3
Strain_b_Tension_0.5pct,b,0.5,-0.058167829999999865,-0.09862650874999991,0.0,-2.1118452844051836,56,fixed_k3
Strain_b_Tension_0.5pct,b,0.5,-0.05428920599999987,-0.09862650874999991,0.0,-1.8174671730915666,56,fixed_k3
Strain_b_Tension_0.5pct,b,0.5,-0.05041058199999987,-0.09862650874999991,0.0,-1.552653214999904,56,fixed_k3
Strain_b_Tension_0.5pct,b,0.5,-0.04653195799999987,-0.09862650874999991,0.0,-1.3128164603503265,56,fixed_k3
Strain_b_Tension_0.5pct,b,0.5,-0.042653333999999876,-0.09862650874999991,0.0,-1.0932112745326295,56,fixed_k3
Strain_b_Tension_0.5pct,b,0.5,-0.03877470999999988,-0.09862650874999991,0.0,-0.8896549401139469,56,fixed_k3
Strain_b_Tension_0.5pct,b,0.5,-0.03489608599999988,-0.09862650874999991,0.0,-0.6988182623821886,56,fixed_k3
Strain_b_Tension_0.5pct,b,0.5,-0.031017461999999885,-0.09862650874999991,0.0,-0.5183188309010642,56,fixed_k3
Strain_b_Tension_0.5pct,b,0.5,-0.027138837999999887,-0.09862650874999991,0.0,-0.34673137128024356,56,fixed_k3
Strain_b_Tension_0.5pct,b,0.5,-0.02326021399999989,-0.09862650874999991,0.0,-0.18355965714482148,56,fixed_k3
Strain_b_Tension_0.5pct,b,0.5,-0.019381589999999893,-0.09862650874999991,0.0,-0.029177863414672878,56,fixed_k3
Strain_b_Tension_0.5pct,b,0.5,-0.015502965999999896,-0.09862650874999991,0.0,0.11526683084407097,56,fixed_k3
Strain_b_Tension_0.5pct,b,0.5,-0.011624341999999899,-0.09862650874999991,0.0,0.24800208446057903,56,fixed_k3
Strain_b_Tension_0.5pct,b,0.5,-0.0077457179999999015,-0.09862650874999991,0.0,0.36683580925395587,56,fixed_k3
Strain_b_Tension_0.5pct,b,0.5,-0.0038670939999999043,-0.09862650874999991,0.0,0.4694166014510692,56,fixed_k3
Strain_b_Tension_0.5pct,b,0.5,1.1530000000092855e-05,-0.09862650874999991,0.0,0.5535345740737623,56,fixed_k3
Strain_b_Tension_0.5pct,b,0.5,0.00389015400000009,-0.09862650874999991,0.0,0.6174366044192472,56,fixed_k3
Strain_b_Tension_0.5pct,b,0.5,0.007768778000000087,-0.09862650874999991,0.0,0.6601224331564159,56,fixed_k3
Strain_b_Tension_0.5pct,b,0.5,0.011647402000000084,-0.09862650874999991,0.0,0.6815866153285701,56,fixed_k3
Strain_b_Tension_0.5pct,b,0.5,0.015526026000000082,-0.09862650874999991,0.0,0.6829767621191318,56,fixed_k3
Strain_b_Tension_0.5pct,b,0.5,0.01940465000000008,-0.09862650874999991,0.0,0.6666495178711918,56,fixed_k3
Strain_b_Tension_0.5pct,b,0.5,0.023283274000000076,-0.09862650874999991,0.0,0.6361192190586054,56,fixed_k3
Strain_b_Tension_0.5pct,b,0.5,0.027161898000000073,-0.09862650874999991,0.0,0.5959062285329284,56,fixed_k3
Strain_b_Tension_0.5pct,b,0.5,0.03104052200000007,-0.09862650874999991,0.0,0.5512987640170657,56,fixed_k3
Strain_b_Tension_0.5pct,b,0.5,0.03491914600000007,-0.09862650874999991,0.0,0.5080408357507475,56,fixed_k3
Strain_b_Tension_0.5pct,b,0.5,0.038797770000000065,-0.09862650874999991,0.0,0.47194800964489225,56,fixed_k3
Strain_b_Tension_0.5pct,b,0.5,0.04267639400000006,-0.09862650874999991,0.0,0.4484312662557133,56,fixed_k3
Strain_b_Tension_0.5pct,b,0.5,0.04655501800000006,-0.09862650874999991,0.0,0.44187674454053516,56,fixed_k3
Strain_b_Tension_0.5pct,b,0.5,0.050433642000000056,-0.09862650874999991,0.0,0.4547856680348108,56,fixed_k3
Strain_b_Tension_0.5pct,b,0.5,0.05431226600000005,-0.09862650874999991,0.0,0.486526602405873,56,fixed_k3
Strain_b_Tension_0.5pct,b,0.5,0.05819089000000005,-0.09862650874999991,0.0,0.5315011305763473,56,fixed_k3
Strain_b_Tension_0.5pct,b,0.5,0.06206951400000005,-0.09862650874999991,0.0,0.576501283503736,56,fixed_k3
Strain_b_Tension_0.5pct,b,0.5,0.06594813800000005,-0.09862650874999991,0.0,0.5971018623505961,56,fixed_k3
Strain_b_Tension_0.5pct,b,0.5,0.06982676200000004,-0.09862650874999991,0.0,0.5531811028836846,56,fixed_k3
Strain_b_Tension_0.5pct,b,0.5,0.07370538600000004,-0.09862650874999991,0.0,0.3841893027844945,56,fixed_k3
Strain_b_Tension_0.5pct,b,0.5,0.07758401000000004,-0.09862650874999991,0.0,0.00546416677832573,56,fixed_k3
Strain_b_Tension_0.5pct,b,0.5,0.08146263400000003,-0.09862650874999991,0.0,-0.6931192501013972,56,fixed_k3
Strain_b_Tension_0.5pct,b,0.5,0.08534125800000003,-0.09862650874999991,0.0,-1.847923655319722,56,fixed_k3
Strain_b_Tension_0.5pct,b,0.5,0.08921988200000003,-0.09862650874999991,0.0,-3.634079418001046,56,fixed_k3
Strain_b_Tension_0.5pct,b,0.5,0.09309850600000003,-0.09862650874999991,0.0,-6.327882412845367,56,fixed_k3
Strain_b_Tension_0.5pct,b,0.5,0.09697713000000002,-0.09862650874999991,0.0,-10.520268253858106,56,fixed_k3
Strain_b_Tension_0.5pct,b,0.5,0.10085575400000002,-0.09862650874999991,0.0,-17.79057417321533,56,fixed_k3
Strain_b_Tension_0.5pct,b,0.5,0.10473437800000002,-0.09862650874999991,0.0,-33.09802621685026,56,fixed_k3
Strain_b_Tension_0.5pct,b,0.5,0.10861300200000001,-0.09862650874999991,0.0,-75.85288028443786,56,fixed_k3
Strain_b_Tension_0.5pct,b,0.5,0.11249162600000001,-0.09862650874999991,0.0,-257.90983563125764,56,fixed_k3
Strain_b_Tension_0.5pct,b,0.5,0.11637025000000001,-0.09862650874999991,0.0,-1910.716492869882,56,fixed_k3
Strain_b_Tension_0.5pct,b,0.5,0.120248874,-0.09862650874999991,0.0,-12869.554974165985,56,fixed_k3
Strain_b_Tension_0.5pct,b,0.5,0.124127498,-0.09862650874999991,0.0,-1111.1111325871943,56,fixed_k3
Strain_b_Tension_0.5pct,b,0.5,0.128006122,-0.09862650874999991,0.0,-195.51296190021606,56,fixed_k3
Strain_b_Tension_0.5pct,b,0.5,0.131884746,-0.09862650874999991,0.0,-65.52597315455719,56,fixed_k3
Strain_b_Tension_0.5pct,b,0.5,0.13576337,-0.09862650874999991,0.0,-32.78682604139151,56,fixed_k3
Strain_b_Tension_0.5pct,b,0.5,0.139641994,-0.09862650874999991,0.0,-20.887562354754763,56,fixed_k3
Strain_b_Tension_0.5pct,b,0.5,0.143520618,-0.09862650874999991,0.0,-15.256359840526272,56,fixed_k3
Strain_b_Tension_0.5pct,b,0.5,0.14739924199999999,-0.09862650874999991,0.0,-12.020256073728692,56,fixed_k3
Strain_b_Tension_0.5pct,b,0.5,0.15127786599999998,-0.09862650874999991,0.0,-9.863155129770103,56,fixed_k3
Strain_b_Tension_0.5pct,b,0.5,0.15515649,-0.09862650874999991,0.0,-8.245723205933073,56,fixed_k3
Strain_b_Tension_0.5pct,b,0.5,-0.1551334299999998,-0.0953398706249999,0.0,-8.30299887453661,56,fixed_k3
Strain_b_Tension_0.5pct,b,0.5,-0.1512548059999998,-0.0953398706249999,0.0,-9.304606546398851,56,fixed_k3
Strain_b_Tension_0.5pct,b,0.5,-0.1473761819999998,-0.0953398706249999,0.0,-10.768550767122296,56,fixed_k3
Strain_b_Tension_0.5pct,b,0.5,-0.1434975579999998,-0.0953398706249999,0.0,-13.126177196206967,56,fixed_k3
Strain_b_Tension_0.5pct,b,0.5,-0.1396189339999998,-0.0953398706249999,0.0,-17.447874965533217,56,fixed_k3
Strain_b_Tension_0.5pct,b,0.5,-0.1357403099999998,-0.0953398706249999,0.0,-26.857523885630613,56,fixed_k3
Strain_b_Tension_0.5pct,b,0.5,-0.1318616859999998,-0.0953398706249999,0.0,-52.43356682354771,56,fixed_k3
Strain_b_Tension_0.5pct,b,0.5,-0.12798306199999981,-0.0953398706249999,0.0,-142.7846337509333,56,fixed_k3
Strain_b_Tension_0.5pct,b,0.5,-0.12410443799999982,-0.0953398706249999,0.0,-561.9586247092553,56,fixed_k3
Strain_b_Tension_0.5pct,b,0.5,-0.12022581399999982,-0.0953398706249999,0.0,-2221.9242414944424,56,fixed_k3
Strain_b_Tension_0.5pct,b,0.5,-0.11634718999999982,-0.0953398706249999,0.0,-866.1411890159309,56,fixed_k3
Strain_b_Tension_0.5pct,b,0.5,-0.11246856599999983,-0.0953398706249999,0.0,-120.48857604939631,56,fixed_k3
Strain_b_Tension_0.5pct,b,0.5,-0.10858994199999983,-0.0953398706249999,0.0,-23.02119251852497,56,fixed_k3
Strain_b_Tension_0.5pct,b,0.5,-0.10471131799999983,-0.0953398706249999,0.0,-5.3562883930669525,56,fixed_k3
Strain_b_Tension_0.5pct,b,0.5,-0.10083269399999983,-0.0953398706249999,0.0,-1.8554304028674,56,fixed_k3
Strain_b_Tension_0.5pct,b,0.5,-0.09695406999999984,-0.0953398706249999,0.0,-1.7991256914595484,56,fixed_k3
Strain_b_Tension_0.5pct,b,0.5,-0.09307544599999984,-0.0953398706249999,0.0,-2.577416157312502,56,fixed_k3
Strain_b_Tension_0.5pct,b,0.5,-0.08919682199999984,-0.0953398706249999,0.0,-3.336090921393455,56,fixed_k3
Strain_b_Tension_0.5pct,b,0.5,-0.08531819799999985,-0.0953398706249999,0.0,-3.7896466936553272,56,fixed_k3
Strain_b_Tension_0.5pct,b,0.5,-0.08143957399999985,-0.0953398706249999,0.0,-3.906722653936721,56,fixed_k3
Strain_b_Tension_0.5pct,b,0.5,-0.07756094999999985,-0.0953398706249999,0.0,-3.766969125805086,56,fixed_k3
Strain_b_Tension_0.5pct,b,0.5,-0.07368232599999985,-0.0953398706249999,0.0,-3.4751411272632664,56,fixed_k3
Strain_b_Tension_0.5pct,b,0.5,-0.06980370199999986,-0.0953398706249999,0.0,-3.117606444665672,56,fixed_k3
Strain_b_Tension_0.5pct,b,0.5,-0.06592507799999986,-0.0953398706249999,0.0,-2.750078957866271,56,fixed_k3
Strain_b_Tension_0.5pct,b,0.5,-0.06204645399999986,-0.0953398706249999,0.0,-2.40168092613781,56,fixed_k3
Strain_b_Tension_0.5pct,b,0.5,-0.058167829999999865,-0.0953398706249999,0.0,-2.08378440462607,56,fixed_k3
Strain_b_Tension_0.5pct,b,0.5,-0.05428920599999987,-0.0953398706249999,0.0,-1.7978781667282233,56,fixed_k3
Strain_b_Tension_0.5pct,b,0.5,-0.05041058199999987,-0.0953398706249999,0.0,-1.5408642437837634,56,fixed_k3
Strain_b_Tension_0.5pct,b,0.5,-0.04653195799999987,-0.0953398706249999,0.0,-1.3080785333547933,56,fixed_k3
Strain_b_Tension_0.5pct,b,0.5,-0.042653333999999876,-0.0953398706249999,0.0,-1.0948029763324385,56,fixed_k3
Strain_b_Tension_0.5pct,b,0.5,-0.03877470999999988,-0.0953398706249999,0.0,-0.8969312564199627,56,fixed_k3
Strain_b_Tension_0.5pct,b,0.5,-0.03489608599999988,-0.0953398706249999,0.0,-0.7112179983895288,56,fixed_k3
Strain_b_Tension_0.5pct,b,0.5,-0.031017461999999885,-0.0953398706249999,0.0,-0.5353478812268042,56,fixed_k3
Strain_b_Tension_0.5pct,b,0.5,-0.027138837999999887,-0.0953398706249999,0.0,-0.3679357951052409,56,fixed_k3
Strain_b_Tension_0.5pct,b,0.5,-0.02326021399999989,-0.0953398706249999,0.0,-0.20849829717372348,56,fixed_k3
Strain_b_Tension_0.5pct,b,0.5,-0.019381589999999893,-0.0953398706249999,0.0,-0.057400642476019836,56,fixed_k3
Strain_b_Tension_0.5pct,b,0.5,-0.015502965999999896,-0.0953398706249999,0.0,0.08423164534489569,56,fixed_k3
Strain_b_Tension_0.5pct,b,0.5,-0.011624341999999899,-0.0953398706249999,0.0,0.21465062964758497,56,fixed_k3
Strain_b_Tension_0.5pct,b,0.5,-0.0077457179999999015,-0.0953398706249999,0.0,0.3316822114264619,56,fixed_k3
Strain_b_Tension_0.5pct,b,0.5,-0.0038670939999999043,-0.0953398706249999,0.0,0.4329796281849698,56,fixed_k3
Strain_b_Tension_0.5pct,b,0.5,1.1530000000092855e-05,-0.0953398706249999,0.0,0.5163204674008233,56,fixed_k3
Strain_b_Tension_0.5pct,b,0.5,0.00389015400000009,-0.0953398706249999,0.0,0.5799214642419397,56,fixed_k3
Strain_b_Tension_0.5pct,b,0.5,0.007768778000000087,-0.0953398706249999,0.0,0.6227371488527629,56,fixed_k3
Strain_b_Tension_0.5pct,b,0.5,0.011647402000000084,-0.0953398706249999,0.0,0.644706494612135,56,fixed_k3
Strain_b_Tension_0.5pct,b,0.5,0.015526026000000082,-0.0953398706249999,0.0,0.6469169599391891,56,fixed_k3
Strain_b_Tension_0.5pct,b,0.5,0.01940465000000008,-0.0953398706249999,0.0,0.6316664561236371,56,fixed_k3
Strain_b_Tension_0.5pct,b,0.5,0.023283274000000076,-0.0953398706249999,0.0,0.6024176903581004,56,fixed_k3
Strain_b_Tension_0.5pct,b,0.5,0.027161898000000073,-0.0953398706249999,0.0,0.5636519448602564,56,fixed_k3
Strain_b_Tension_0.5pct,b,0.5,0.03104052200000007,-0.0953398706249999,0.0,0.5206367363564492,56,fixed_k3
Strain_b_Tension_0.5pct,b,0.5,0.03491914600000007,-0.0953398706249999,0.0,0.479120998864198,56,fixed_k3
Strain_b_Tension_0.5pct,b,0.5,0.038797770000000065,-0.0953398706249999,0.0,0.4449606345608781,56,fixed_k3
Strain_b_Tension_0.5pct,b,0.5,0.04267639400000006,-0.0953398706249999,0.0,0.423655397747539,56,fixed_k3
Strain_b_Tension_0.5pct,b,0.5,0.04655501800000006,-0.0953398706249999,0.0,0.41974413089864093,56,fixed_k3
Strain_b_Tension_0.5pct,b,0.5,0.050433642000000056,-0.0953398706249999,0.0,0.4359583204482713,56,fixed_k3
Strain_b_Tension_0.5pct,b,0.5,0.05431226600000005,-0.0953398706249999,0.0,0.47197408122379314,56,fixed_k3
Strain_b_Tension_0.5pct,b,0.5,0.05819089000000005,-0.0953398706249999,0.0,0.5225363256363971,56,fixed_k3
Strain_b_Tension_0.5pct,b,0.5,0.06206951400000005,-0.0953398706249999,0.0,0.5746788178294644,56,fixed_k3
Strain_b_Tension_0.5pct,b,0.5,0.06594813800000005,-0.0953398706249999,0.0,0.6037870027151866,56,fixed_k3
Strain_b_Tension_0.5pct,b,0.5,0.06982676200000004,-0.0953398706249999,0.0,0.5684548366230193,56,fixed_k3
Strain_b_Tension_0.5pct,b,0.5,0.07370538600000004,-0.0953398706249999,0.0,0.4046053922721877,56,fixed_k3
Strain_b_Tension_0.5pct,b,0.5,0.07758401000000004,-0.0953398706249999,0.0,0.020149637045296043,56,fixed_k3
Strain_b_Tension_0.5pct,b,0.5,0.08146263400000003,-0.0953398706249999,0.0,-0.7081946773082761,56,fixed_k3
Strain_b_Tension_0.5pct,b,0.5,0.08534125800000003,-0.0953398706249999,0.0,-1.9369053463483181,56,fixed_k3
Strain_b_Tension_0.5pct,b,0.5,0.08921988200000003,-0.0953398706249999,0.0,-3.8683899822181713,56,fixed_k3
Strain_b_Tension_0.5pct,b,0.5,0.09309850600000003,-0.0953398706249999,0.0,-6.815158784182131,56,fixed_k3
Strain_b_Tension_0.5pct,b,0.5,0.09697713000000002,-0.0953398706249999,0.0,-11.426956181417934,56,fixed_k3
Strain_b_Tension_0.5pct,b,0.5,0.10085575400000002,-0.0953398706249999,0.0,-19.41584792538359,56,fixed_k3
Strain_b_Tension_0.5pct,b,0.5,0.10473437800000002,-0.0953398706249999,0.0,-36.09608673625201,56,fixed_k3
Strain_b_Tension_0.5pct,b,0.5,0.10861300200000001,-0.0953398706249999,0.0,-81.67030828696466,56,fixed_k3
Strain_b_Tension_0.5pct,b,0.5,0.11249162600000001,-0.0953398706249999,0.0,-261.7502100706483,56,fixed_k3
Strain_b_Tension_0.5pct,b,0.5,0.11637025000000001,-0.0953398706249999,0.0,-1344.5887987872322,56,fixed_k3
Strain_b_Tension_0.5pct,b,0.5,0.120248874,-0.0953398706249999,0.0,-2715.712251198454,56,fixed_k3
Strain_b_Tension_0.5pct,b,0.5,0.124127498,-0.0953398706249999,0.0,-579.381487820282,56,fixed_k3
Strain_b_Tension_0.5pct,b,0.5,0.128006122,-0.0953398706249999,0.0,-139.66342861058982,56,fixed_k3
Strain_b_Tension_0.5pct,b,0.5,0.131884746,-0.0953398706249999,0.0,-53.569250756354556,56,fixed_k3
Strain_b_Tension_0.5pct,b,0.5,0.13576337,-0.0953398706249999,0.0,-29.191170120777215,56,fixed_k3
Strain_b_Tension_0.5pct,b,0.5,0.139641994,-0.0953398706249999,0.0,-19.59178035328382,56,fixed_k3
Strain_b_Tension_0.5pct,b,0.5,0.143520618,-0.0953398706249999,0.0,-14.751756200881617,56,fixed_k3
Strain_b_Tension_0.5pct,b,0.5,0.14739924199999999,-0.0953398706249999,0.0,-11.838048610075454,56,fixed_k3
Strain_b_Tension_0.5pct,b,0.5,0.15127786599999998,-0.0953398706249999,0.0,-9.835488096526891,56,fixed_k3
Strain_b_Tension_0.5pct,b,0.5,0.15515649,-0.0953398706249999,0.0,-8.307625944236397,56,fixed_k3
Strain_b_Tension_0.5pct,b,0.5,-0.1551334299999998,-0.09205323249999992,0.0,-7.994810898814633,56,fixed_k3
Strain_b_Tension_0.5pct,b,0.5,-0.1512548059999998,-0.09205323249999992,0.0,-8.928926057501162,56,fixed_k3
Strain_b_Tension_0.5pct,b,0.5,-0.1473761819999998,-0.09205323249999992,0.0,-10.262027514017925,56,fixed_k3
Strain_b_Tension_0.5pct,b,0.5,-0.1434975579999998,-0.09205323249999992,0.0,-12.33541936120631,56,fixed_k3
Strain_b_Tension_0.5pct,b,0.5,-0.1396189339999998,-0.09205323249999992,0.0,-15.952321298230087,56,fixed_k3
Strain_b_Tension_0.5pct,b,0.5,-0.1357403099999998,-0.09205323249999992,0.0,-23.30383446323088,56,fixed_k3
Strain_b_Tension_0.5pct,b,0.5,-0.1318616859999998,-0.09205323249999992,0.0,-41.47157927618565,56,fixed_k3
Strain_b_Tension_0.5pct,b,0.5,-0.12798306199999981,-0.09205323249999992,0.0,-96.70122504121798,56,fixed_k3
Strain_b_Tension_0.5pct,b,0.5,-0.12410443799999982,-0.09205323249999992,0.0,-281.698227154304,56,fixed_k3
Strain_b_Tension_0.5pct,b,0.5,-0.12022581399999982,-0.09205323249999992,0.0,-738.5958248739166,56,fixed_k3
Strain_b_Tension_0.5pct,b,0.5,-0.11634718999999982,-0.09205323249999992,0.0,-525.9625462930782,56,fixed_k3
Strain_b_Tension_0.5pct,b,0.5,-0.11246856599999983,-0.09205323249999992,0.0,-106.64564557767933,56,fixed_k3
Strain_b_Tension_0.5pct,b,0.5,-0.10858994199999983,-0.09205323249999992,0.0,-21.64410966563284,56,fixed_k3
Strain_b_Tension_0.5pct,b,0.5,-0.10471131799999983,-0.09205323249999992,0.0,-4.593890012218357,56,fixed_k3
Strain_b_Tension_0.5pct,b,0.5,-0.10083269399999983,-0.09205323249999992,0.0,-1.1973066765278562,56,fixed_k3
Strain_b_Tension_0.5pct,b,0.5,-0.09695406999999984,-0.09205323249999992,0.0,-1.2876066722784827,56,fixed_k3
Strain_b_Tension_0.5pct,b,0.5,-0.09307544599999984,-0.09205323249999992,0.0,-2.2266975113073855,56,fixed_k3
Strain_b_Tension_0.5pct,b,0.5,-0.08919682199999984,-0.09205323249999992,0.0,-3.1148178311649426,56,fixed_k3
Strain_b_Tension_0.5pct,b,0.5,-0.08531819799999985,-0.09205323249999992,0.0,-3.6512075526577252,56,fixed_k3
Strain_b_Tension_0.5pct,b,0.5,-0.08143957399999985,-0.09205323249999992,0.0,-3.8125010773848427,56,fixed_k3
Strain_b_Tension_0.5pct,b,0.5,-0.07756094999999985,-0.09205323249999992,0.0,-3.69399315521917,56,fixed_k3
Strain_b_Tension_0.5pct,b,0.5,-0.07368232599999985,-0.09205323249999992,0.0,-3.413313404469112,56,fixed_k3
Strain_b_Tension_0.5pct,b,0.5,-0.06980370199999986,-0.09205323249999992,0.0,-3.0640226158393284,56,fixed_k3
Strain_b_Tension_0.5pct,b,0.5,-0.06592507799999986,-0.09205323249999992,0.0,-2.7046196744974362,56,fixed_k3
Strain_b_Tension_0.5pct,b,0.5,-0.06204645399999986,-0.09205323249999992,0.0,-2.364716105720693,56,fixed_k3
Strain_b_Tension_0.5pct,b,0.5,-0.058167829999999865,-0.09205323249999992,0.0,-2.0553675886794593,56,fixed_k3
Strain_b_Tension_0.5pct,b,0.5,-0.05428920599999987,-0.09205323249999992,0.0,-1.7776623087985897,56,fixed_k3
Strain_b_Tension_0.5pct,b,0.5,-0.05041058199999987,-0.09205323249999992,0.0,-1.5282514988281402,56,fixed_k3
Strain_b_Tension_0.5pct,b,0.5,-0.04653195799999987,-0.09205323249999992,0.0,-1.3023831365353575,56,fixed_k3
Strain_b_Tension_0.5pct,b,0.5,-0.042653333999999876,-0.09205323249999992,0.0,-1.0953587679973065,56,fixed_k3
Strain_b_Tension_0.5pct,b,0.5,-0.03877470999999988,-0.09205323249999992,0.0,-0.9031406248686293,56,fixed_k3
Strain_b_Tension_0.5pct,b,0.5,-0.03489608599999988,-0.09205323249999992,0.0,-0.7225588258003688,56,fixed_k3
Strain_b_Tension_0.5pct,b,0.5,-0.031017461999999885,-0.09205323249999992,0.0,-0.5513565606342179,56,fixed_k3
Strain_b_Tension_0.5pct,b,0.5,-0.027138837999999887,-0.09205323249999992,0.0,-0.38818046632651004,56,fixed_k3
Strain_b_Tension_0.5pct,b,0.5,-0.02326021399999989,-0.09205323249999992,0.0,-0.23255201086476562,56,fixed_k3
Strain_b_Tension_0.5pct,b,0.5,-0.019381589999999893,-0.09205323249999992,0.0,-0.08482050436853728,56,fixed_k3
Strain_b_Tension_0.5pct,b,0.5,-0.015502965999999896,-0.09205323249999992,0.0,0.05391614105671971,56,fixed_k3
Strain_b_Tension_0.5pct,b,0.5,-0.011624341999999899,-0.09205323249999992,0.0,0.18193913575445997,56,fixed_k3
Strain_b_Tension_0.5pct,b,0.5,-0.0077457179999999015,-0.09205323249999992,0.0,0.2970958329997364,56,fixed_k3
Strain_b_Tension_0.5pct,b,0.5,-0.0038670939999999043,-0.09205323249999992,0.0,0.3970463126991346,56,fixed_k3
Strain_b_Tension_0.5pct,b,0.5,1.1530000000092855e-05,-0.09205323249999992,0.0,0.4795566718231399,56,fixed_k3
Strain_b_Tension_0.5pct,b,0.5,0.00389015400000009,-0.09205323249999992,0.0,0.5428135263002285,56,fixed_k3
Strain_b_Tension_0.5pct,b,0.5,0.007768778000000087,-0.09205323249999992,0.0,0.5857253818569195,56,fixed_k3
Strain_b_Tension_0.5pct,b,0.5,0.011647402000000084,-0.09205323249999992,0.0,0.608174130477594,56,fixed_k3
Strain_b_Tension_0.5pct,b,0.5,0.015526026000000082,-0.09205323249999992,0.0,0.611184975062733,56,fixed_k3
Strain_b_Tension_0.5pct,b,0.5,0.01940465000000008,-0.09205323249999992,0.0,0.5969943713658532,56,fixed_k3
Strain_b_Tension_0.5pct,b,0.5,0.023283274000000076,-0.09205323249999992,0.0,0.5690099250161023,56,fixed_k3
Strain_b_Tension_0.5pct,b,0.5,0.027161898000000073,-0.09205323249999992,0.0,0.5316693749239056,56,fixed_k3
Strain_b_Tension_0.5pct,b,0.5,0.03104052200000007,-0.09205323249999992,0.0,0.490213749084798,56,fixed_k3
Strain_b_Tension_0.5pct,b,0.5,0.03491914600000007,-0.09205323249999992,0.0,0.4503893948773534,56,fixed_k3
Strain_b_Tension_0.5pct,b,0.5,0.038797770000000065,-0.09205323249999992,0.0,0.4180829153665613,56,fixed_k3
Strain_b_Tension_0.5pct,b,0.5,0.04267639400000006,-0.09205323249999992,0.0,0.3988707860730418,56,fixed_k3
Strain_b_Tension_0.5pct,b,0.5,0.04655501800000006,-0.09205323249999992,0.0,0.397430115068107,56,fixed_k3
Strain_b_Tension_0.5pct,b,0.5,0.050433642000000056,-0.09205323249999992,0.0,0.4167065258591953,56,fixed_k3
Strain_b_Tension_0.5pct,b,0.5,0.05431226600000005,-0.09205323249999992,0.0,0.4566676168150148,56,fixed_k3
Strain_b_Tension_0.5pct,b,0.5,0.05819089000000005,-0.09205323249999992,0.0,0.5123883765608637,56,fixed_k3
Strain_b_Tension_0.5pct,b,0.5,0.06206951400000005,-0.09205323249999992,0.0,0.5711356409573052,56,fixed_k3
Strain_b_Tension_0.5pct,b,0.5,0.06594813800000005,-0.09205323249999992,0.0,0.6080947124373197,56,fixed_k3
Strain_b_Tension_0.5pct,b,0.5,0.06982676200000004,-0.09205323249999992,0.0,0.5805275453871075,56,fixed_k3
Strain_b_Tension_0.5pct,b,0.5,0.07370538600000004,-0.09205323249999992,0.0,0.42064472783947116,56,fixed_k3
Strain_b_Tension_0.5pct,b,0.5,0.07758401000000004,-0.09205323249999992,0.0,0.02839802147350623,56,fixed_k3
Strain_b_Tension_0.5pct,b,0.5,0.08146263400000003,-0.09205323249999992,0.0,-0.7338235940348881,56,fixed_k3
Strain_b_Tension_0.5pct,b,0.5,0.08534125800000003,-0.09205323249999992,0.0,-2.044512547694239,56,fixed_k3
Strain_b_Tension_0.5pct,b,0.5,0.08921988200000003,-0.09205323249999992,0.0,-4.135083714454373,56,fixed_k3
Strain_b_Tension_0.5pct,b,0.5,0.09309850600000003,-0.09205323249999992,0.0,-7.352514451136719,56,fixed_k3
Strain_b_Tension_0.5pct,b,0.5,0.09697713000000002,-0.09205323249999992,0.0,-12.391296589867942,56,fixed_k3
Strain_b_Tension_0.5pct,b,0.5,0.10085575400000002,-0.09205323249999992,0.0,-21.04029721630624,56,fixed_k3
Strain_b_Tension_0.5pct,b,0.5,0.10473437800000002,-0.09205323249999992,0.0,-38.7188865332151,56,fixed_k3
Strain_b_Tension_0.5pct,b,0.5,0.10861300200000001,-0.09205323249999992,0.0,-84.86119469596044,56,fixed_k3
Strain_b_Tension_0.5pct,b,0.5,0.11249162600000001,-0.09205323249999992,0.0,-244.80165477075184,56,fixed_k3
Strain_b_Tension_0.5pct,b,0.5,0.11637025000000001,-0.09205323249999992,0.0,-826.9514580106271,56,fixed_k3
Strain_b_Tension_0.5pct,b,0.5,0.120248874,-0.09205323249999992,0.0,-970.819424298446,56,fixed_k3
Strain_b_Tension_0.5pct,b,0.5,0.124127498,-0.09205323249999992,0.0,-307.13802698251993,56,fixed_k3
Strain_b_Tension_0.5pct,b,0.5,0.128006122,-0.09205323249999992,0.0,-95.33782345491846,56,fixed_k3
Strain_b_Tension_0.5pct,b,0.5,0.131884746,-0.09205323249999992,0.0,-42.663492836881275,56,fixed_k3
Strain_b_Tension_0.5pct,b,0.5,0.13576337,-0.09205323249999992,0.0,-25.68562459138642,56,fixed_k3
Strain_b_Tension_0.5pct,b,0.5,0.139641994,-0.09205323249999992,0.0,-18.249931599055568,56,fixed_k3
Strain_b_Tension_0.5pct,b,0.5,0.143520618,-0.09205323249999992,0.0,-14.181855854844228,56,fixed_k3
Strain_b_Tension_0.5pct,b,0.5,0.14739924199999999,-0.09205323249999992,0.0,-11.59176976592314,56,fixed_k3
Strain_b_Tension_0.5pct,b,0.5,0.15127786599999998,-0.09205323249999992,0.0,-9.747649615252508,56,fixed_k3
Strain_b_Tension_0.5pct,b,0.5,0.15515649,-0.09205323249999992,0.0,-8.312271710126817,56,fixed_k3
Strain_b_Tension_0.5pct,b,0.5,-0.1551334299999998,-0.08876659437499992,0.0,-7.708779849419403,56,fixed_k3
Strain_b_Tension_0.5pct,b,0.5,-0.1512548059999998,-0.08876659437499992,0.0,-8.57330177797807,56,fixed_k3
Strain_b_Tension_0.5pct,b,0.5,-0.1473761819999998,-0.08876659437499992,0.0,-9.773570601836694,56,fixed_k3
Strain_b_Tension_0.5pct,b,0.5,-0.1434975579999998,-0.08876659437499992,0.0,-11.563838766343544,56,fixed_k3
Strain_b_Tension_0.5pct,b,0.5,-0.1396189339999998,-0.08876659437499992,0.0,-14.494570203020187,56,fixed_k3
Strain_b_Tension_0.5pct,b,0.5,-0.1357403099999998,-0.08876659437499992,0.0,-19.905225118998054,56,fixed_k3
Strain_b_Tension_0.5pct,b,0.5,-0.1318616859999998,-0.08876659437499992,0.0,-31.505626216804934,56,fixed_k3
Strain_b_Tension_0.5pct,b,0.5,-0.12798306199999981,-0.08876659437499992,0.0,-60.430823365472236,56,fixed_k3
Strain_b_Tension_0.5pct,b,0.5,-0.12410443799999982,-0.08876659437499992,0.0,-135.84544716008486,56,fixed_k3
Strain_b_Tension_0.5pct,b,0.5,-0.12022581399999982,-0.08876659437499992,0.0,-300.1311796550793,56,fixed_k3
Strain_b_Tension_0.5pct,b,0.5,-0.11634718999999982,-0.08876659437499992,0.0,-292.13528191759485,56,fixed_k3
Strain_b_Tension_0.5pct,b,0.5,-0.11246856599999983,-0.08876659437499992,0.0,-84.96715880729289,56,fixed_k3
Strain_b_Tension_0.5pct,b,0.5,-0.10858994199999983,-0.08876659437499992,0.0,-19.13929440859108,56,fixed_k3
Strain_b_Tension_0.5pct,b,0.5,-0.10471131799999983,-0.08876659437499992,0.0,-3.686122186118868,56,fixed_k3
Strain_b_Tension_0.5pct,b,0.5,-0.10083269399999983,-0.08876659437499992,0.0,-0.5144352815305022,56,fixed_k3
Strain_b_Tension_0.5pct,b,0.5,-0.09695406999999984,-0.08876659437499992,0.0,-0.766951340959168,56,fixed_k3
Strain_b_Tension_0.5pct,b,0.5,-0.09307544599999984,-0.08876659437499992,0.0,-1.8740081626663456,56,fixed_k3
Strain_b_Tension_0.5pct,b,0.5,-0.08919682199999984,-0.08876659437499992,0.0,-2.8969458976762796,56,fixed_k3
Strain_b_Tension_0.5pct,b,0.5,-0.08531819799999985,-0.08876659437499992,0.0,-3.5182817823325525,56,fixed_k3
Strain_b_Tension_0.5pct,b,0.5,-0.08143957399999985,-0.08876659437499992,0.0,-3.723359804426228,56,fixed_k3
Strain_b_Tension_0.5pct,b,0.5,-0.07756094999999985,-0.08876659437499992,0.0,-3.624681733629683,56,fixed_k3
Strain_b_Tension_0.5pct,b,0.5,-0.07368232599999985,-0.08876659437499992,0.0,-3.353753335006449,56,fixed_k3
Strain_b_Tension_0.5pct,b,0.5,-0.06980370199999986,-0.08876659437499992,0.0,-3.0116461612494785,56,fixed_k3
Strain_b_Tension_0.5pct,b,0.5,-0.06592507799999986,-0.08876659437499992,0.0,-2.6596227747004244,56,fixed_k3
Strain_b_Tension_0.5pct,b,0.5,-0.06204645399999986,-0.08876659437499992,0.0,-2.32768577677458,56,fixed_k3
Strain_b_Tension_0.5pct,b,0.5,-0.058167829999999865,-0.08876659437499992,0.0,-2.026498596963922,56,fixed_k3
Strain_b_Tension_0.5pct,b,0.5,-0.05428920599999987,-0.08876659437499992,0.0,-1.7567070367771394,56,fixed_k3
Strain_b_Tension_0.5pct,b,0.5,-0.05041058199999987,-0.08876659437499992,0.0,-1.5146909386221998,56,fixed_k3
Strain_b_Tension_0.5pct,b,0.5,-0.04653195799999987,-0.08876659437499992,0.0,-1.2955988307497233,56,fixed_k3
Strain_b_Tension_0.5pct,b,0.5,-0.042653333999999876,-0.08876659437499992,0.0,-1.0947428642758013,56,fixed_k3
Strain_b_Tension_0.5pct,b,0.5,-0.03877470999999988,-0.08876659437499992,0.0,-0.9081449109094695,56,fixed_k3
Strain_b_Tension_0.5pct,b,0.5,-0.03489608599999988,-0.08876659437499992,0.0,-0.7327013370477162,56,fixed_k3
Strain_b_Tension_0.5pct,b,0.5,-0.031017461999999885,-0.08876659437499992,0.0,-0.5662045440222041,56,fixed_k3
Strain_b_Tension_0.5pct,b,0.5,-0.027138837999999887,-0.08876659437499992,0.0,-0.40732398064046693,56,fixed_k3
Strain_b_Tension_0.5pct,b,0.5,-0.02326021399999989,-0.08876659437499992,0.0,-0.25557781161886073,56,fixed_k3
Strain_b_Tension_0.5pct,b,0.5,-0.019381589999999893,-0.08876659437499992,0.0,-0.11129217088538335,56,fixed_k3
Strain_b_Tension_0.5pct,b,0.5,-0.015502965999999896,-0.08876659437499992,0.0,0.024468710374318192,56,fixed_k3
Strain_b_Tension_0.5pct,b,0.5,-0.011624341999999899,-0.08876659437499992,0.0,0.15001999048137593,56,fixed_k3
Strain_b_Tension_0.5pct,b,0.5,-0.0077457179999999015,-0.08876659437499992,0.0,0.2632339730899256,56,fixed_k3
Strain_b_Tension_0.5pct,b,0.5,-0.0038670939999999043,-0.08876659437499992,0.0,0.36177981585878083,56,fixed_k3
Strain_b_Tension_0.5pct,b,0.5,1.1530000000092855e-05,-0.08876659437499992,0.0,0.44341320777009274,56,fixed_k3
Strain_b_Tension_0.5pct,b,0.5,0.00389015400000009,-0.08876659437499992,0.0,0.5062907351327093,56,fixed_k3
Strain_b_Tension_0.5pct,b,0.5,0.007768778000000087,-0.08876659437499992,0.0,0.5492741507927801,56,fixed_k3
Strain_b_Tension_0.5pct,b,0.5,0.011647402000000084,-0.08876659437499992,0.0,0.5721868650371413,56,fixed_k3
Strain_b_Tension_0.5pct,b,0.5,0.015526026000000082,-0.08876659437499992,0.0,0.5759898298300707,56,fixed_k3
Strain_b_Tension_0.5pct,b,0.5,0.01940465000000008,-0.08876659437499992,0.0,0.5628554334989291,56,fixed_k3
Strain_b_Tension_0.5pct,b,0.5,0.023283274000000076,-0.08876659437499992,0.0,0.5361328205046876,56,fixed_k3
Strain_b_Tension_0.5pct,b,0.5,0.027161898000000073,-0.08876659437499992,0.0,0.5002118415461196,56,fixed_k3
Strain_b_Tension_0.5pct,b,0.5,0.03104052200000007,-0.08876659437499992,0.0,0.46030137685448347,56,fixed_k3
Strain_b_Tension_0.5pct,b,0.5,0.03491914600000007,-0.08876659437499992,0.0,0.4221378211798701,56,fixed_k3
Strain_b_Tension_0.5pct,b,0.5,0.038797770000000065,-0.08876659437499992,0.0,0.3916290004613474,56,fixed_k3
Strain_b_Tension_0.5pct,b,0.5,0.04267639400000006,-0.08876659437499992,0.0,0.3744162098706316,56,fixed_k3
Strain_b_Tension_0.5pct,b,0.5,0.04655501800000006,-0.08876659437499992,0.0,0.3753004856873352,56,fixed_k3
Strain_b_Tension_0.5pct,b,0.5,0.050433642000000056,-0.08876659437499992,0.0,0.397425446048461,56,fixed_k3
Strain_b_Tension_0.5pct,b,0.5,0.05431226600000005,-0.08876659437499992,0.0,0.44103391989636664,56,fixed_k3
Strain_b_Tension_0.5pct,b,0.5,0.05819089000000005,-0.08876659437499992,0.0,0.5015174320814693,56,fixed_k3
Strain_b_Tension_0.5pct,b,0.5,0.06206951400000005,-0.08876659437499992,0.0,0.5663672628027472,56,fixed_k3
Strain_b_Tension_0.5pct,b,0.5,0.06594813800000005,-0.08876659437499992,0.0,0.6105591345233778,56,fixed_k3
Strain_b_Tension_0.5pct,b,0.5,0.06982676200000004,-0.08876659437499992,0.0,0.5899790831328984,56,fixed_k3
Strain_b_Tension_0.5pct,b,0.5,0.07370538600000004,-0.08876659437499992,0.0,0.43294479360036875,56,fixed_k3
Strain_b_Tension_0.5pct,b,0.5,0.07758401000000004,-0.08876659437499992,0.0,0.030912447933877374,56,fixed_k3
Strain_b_Tension_0.5pct,b,0.5,0.08146263400000003,-0.08876659437499992,0.0,-0.7692565218559397,56,fixed_k3
Strain_b_Tension_0.5pct,b,0.5,0.08534125800000003,-0.08876659437499992,0.0,-2.169966193819989,56,fixed_k3
Strain_b_Tension_0.5pct,b,0.5,0.08921988200000003,-0.08876659437499992,0.0,-4.432927364589097,56,fixed_k3
Strain_b_Tension_0.5pct,b,0.5,0.09309850600000003,-0.08876659437499992,0.0,-7.935489867559477,56,fixed_k3
Strain_b_Tension_0.5pct,b,0.5,0.09697713000000002,-0.08876659437499992,0.0,-13.39459992563473,56,fixed_k3
Strain_b_Tension_0.5pct,b,0.5,0.10085575400000002,-0.08876659437499992,0.0,-22.595273838360377,56,fixed_k3
Strain_b_Tension_0.5pct,b,0.5,0.10473437800000002,-0.08876659437499992,0.0,-40.742402538070614,56,fixed_k3
Strain_b_Tension_0.5pct,b,0.5,0.10861300200000001,-0.08876659437499992,0.0,-84.91894189887417,56,fixed_k3
Strain_b_Tension_0.5pct,b,0.5,0.11249162600000001,-0.08876659437499992,0.0,-213.8717249978751,56,fixed_k3
Strain_b_Tension_0.5pct,b,0.5,0.11637025000000001,-0.08876659437499992,0.0,-504.0300987809254,56,fixed_k3
Strain_b_Tension_0.5pct,b,0.5,0.120248874,-0.08876659437499992,0.0,-444.62052532140945,56,fixed_k3
Strain_b_Tension_0.5pct,b,0.5,0.124127498,-0.08876659437499992,0.0,-161.6644344606418,56,fixed_k3
Strain_b_Tension_0.5pct,b,0.5,0.128006122,-0.08876659437499992,0.0,-60.98644408614882,56,fixed_k3
Strain_b_Tension_0.5pct,b,0.5,0.131884746,-0.08876659437499992,0.0,-32.91500059660483,56,fixed_k3
Strain_b_Tension_0.5pct,b,0.5,0.13576337,-0.08876659437499992,0.0,-22.318859811331382,56,fixed_k3
Strain_b_Tension_0.5pct,b,0.5,0.139641994,-0.08876659437499992,0.0,-16.882084626194672,56,fixed_k3
Strain_b_Tension_0.5pct,b,0.5,0.143520618,-0.08876659437499992,0.0,-13.557362662459221,56,fixed_k3
Strain_b_Tension_0.5pct,b,0.5,0.14739924199999999,-0.08876659437499992,0.0,-11.288627009405587,56,fixed_k3
Strain_b_Tension_0.5pct,b,0.5,0.15127786599999998,-0.08876659437499992,0.0,-9.605297540157698,56,fixed_k3
Strain_b_Tension_0.5pct,b,0.5,0.15515649,-0.08876659437499992,0.0,-8.26452978987926,56,fixed_k3
Strain_b_Tension_0.5pct,b,0.5,-0.1551334299999998,-0.08547995624999992,0.0,-7.440442929795825,56,fixed_k3
Strain_b_Tension_0.5pct,b,0.5,-0.1512548059999998,-0.08547995624999992,0.0,-8.233758831808,56,fixed_k3
Strain_b_Tension_0.5pct,b,0.5,-0.1473761819999998,-0.08547995624999992,0.0,-9.299875053385442,56,fixed_k3
Strain_b_Tension_0.5pct,b,0.5,-0.1434975579999998,-0.08547995624999992,0.0,-10.809207864633434,56,fixed_k3
Strain_b_Tension_0.5pct,b,0.5,-0.1396189339999998,-0.08547995624999992,0.0,-13.074235318007604,56,fixed_k3
Strain_b_Tension_0.5pct,b,0.5,-0.1357403099999998,-0.08547995624999992,0.0,-16.65888786051271,56,fixed_k3
Strain_b_Tension_0.5pct,b,0.5,-0.1318616859999998,-0.08547995624999992,0.0,-22.40007438293726,56,fixed_k3
Strain_b_Tension_0.5pct,b,0.5,-0.12798306199999981,-0.08547995624999992,0.0,-30.77577020846276,56,fixed_k3
Strain_b_Tension_0.5pct,b,0.5,-0.12410443799999982,-0.08547995624999992,0.0,-47.001544035086596,56,fixed_k3
Strain_b_Tension_0.5pct,b,0.5,-0.12022581399999982,-0.08547995624999992,0.0,-115.57494063826356,56,fixed_k3
Strain_b_Tension_0.5pct,b,0.5,-0.11634718999999982,-0.08547995624999992,0.0,-151.72666295834912,56,fixed_k3
Strain_b_Tension_0.5pct,b,0.5,-0.11246856599999983,-0.08547995624999992,0.0,-61.12826684536886,56,fixed_k3
Strain_b_Tension_0.5pct,b,0.5,-0.10858994199999983,-0.08547995624999992,0.0,-15.77135064085234,56,fixed_k3
Strain_b_Tension_0.5pct,b,0.5,-0.10471131799999983,-0.08547995624999992,0.0,-2.665702444140183,56,fixed_k3
Strain_b_Tension_0.5pct,b,0.5,-0.10083269399999983,-0.08547995624999992,0.0,0.17947739853209632,56,fixed_k3
Strain_b_Tension_0.5pct,b,0.5,-0.09695406999999984,-0.08547995624999992,0.0,-0.24245206446716416,56,fixed_k3
Strain_b_Tension_0.5pct,b,0.5,-0.09307544599999984,-0.08547995624999992,0.0,-1.5210444220807486,56,fixed_k3
Strain_b_Tension_0.5pct,b,0.5,-0.08919682199999984,-0.08547995624999992,0.0,-2.683058436450304,56,fixed_k3
Strain_b_Tension_0.5pct,b,0.5,-0.08531819799999985,-0.08547995624999992,0.0,-3.391109092632509,56,fixed_k3
Strain_b_Tension_0.5pct,b,0.5,-0.08143957399999985,-0.08547995624999992,0.0,-3.63937594533769,56,fixed_k3
Strain_b_Tension_0.5pct,b,0.5,-0.07756094999999985,-0.08547995624999992,0.0,-3.559024203360834,56,fixed_k3
Strain_b_Tension_0.5pct,b,0.5,-0.07368232599999985,-0.08547995624999992,0.0,-3.296410638441636,56,fixed_k3
Strain_b_Tension_0.5pct,b,0.5,-0.06980370199999986,-0.08547995624999992,0.0,-2.960409233706077,56,fixed_k3
Strain_b_Tension_0.5pct,b,0.5,-0.06592507799999986,-0.08547995624999992,0.0,-2.615007983760786,56,fixed_k3
Strain_b_Tension_0.5pct,b,0.5,-0.06204645399999986,-0.08547995624999992,0.0,-2.2904970314435342,56,fixed_k3
Strain_b_Tension_0.5pct,b,0.5,-0.058167829999999865,-0.08547995624999992,0.0,-1.9970722027238246,56,fixed_k3
Strain_b_Tension_0.5pct,b,0.5,-0.05428920599999987,-0.08547995624999992,0.0,-1.7348967236349995,56,fixed_k3
Strain_b_Tension_0.5pct,b,0.5,-0.05041058199999987,-0.08547995624999992,0.0,-1.500059295896285,56,fixed_k3
Strain_b_Tension_0.5pct,b,0.5,-0.04653195799999987,-0.08547995624999992,0.0,-1.2875974075484222,56,fixed_k3
Strain_b_Tension_0.5pct,b,0.5,-0.042653333999999876,-0.08547995624999992,0.0,-1.0928242275845406,56,fixed_k3
Strain_b_Tension_0.5pct,b,0.5,-0.03877470999999988,-0.08547995624999992,0.0,-0.9118116061449881,56,fixed_k3
Strain_b_Tension_0.5pct,b,0.5,-0.03489608599999988,-0.08547995624999992,0.0,-0.7415122069310653,56,fixed_k3
Strain_b_Tension_0.5pct,b,0.5,-0.031017461999999885,-0.08547995624999992,0.0,-0.5797577827513498,56,fixed_k3
Strain_b_Tension_0.5pct,b,0.5,-0.027138837999999887,-0.08547995624999992,0.0,-0.42523126181964965,56,fixed_k3
Strain_b_Tension_0.5pct,b,0.5,-0.02326021399999989,-0.08547995624999992,0.0,-0.277439038394252,56,fixed_k3
Strain_b_Tension_0.5pct,b,0.5,-0.019381589999999893,-0.08547995624999992,0.0,-0.13667669575813557,56,fixed_k3
Strain_b_Tension_0.5pct,b,0.5,-0.015502965999999896,-0.08547995624999992,0.0,-0.003968643515862347,56,fixed_k3
Strain_b_Tension_0.5pct,b,0.5,-0.011624341999999899,-0.08547995624999992,0.0,0.11903905966873873,56,fixed_k3
Strain_b_Tension_0.5pct,b,0.5,-0.0077457179999999015,-0.08547995624999992,0.0,0.23024719047301323,56,fixed_k3
Strain_b_Tension_0.5pct,b,0.5,-0.0038670939999999043,-0.08547995624999992,0.0,0.32733625373768804,56,fixed_k3
Strain_b_Tension_0.5pct,b,0.5,1.1530000000092855e-05,-0.08547995624999992,0.0,0.40805266659398365,56,fixed_k3
Strain_b_Tension_0.5pct,b,0.5,0.00389015400000009,-0.08547995624999992,0.0,0.47052315032308334,56,fixed_k3
Strain_b_Tension_0.5pct,b,0.5,0.007768778000000087,-0.08547995624999992,0.0,0.5135620684173849,56,fixed_k3
Strain_b_Tension_0.5pct,b,0.5,0.011647402000000084,-0.08547995624999992,0.0,0.5369330504555205,56,fixed_k3
Strain_b_Tension_0.5pct,b,0.5,0.015526026000000082,-0.08547995624999992,0.0,0.5415309048194961,56,fixed_k3
Strain_b_Tension_0.5pct,b,0.5,0.01940465000000008,-0.08547995624999992,0.0,0.5294614398181685,56,fixed_k3
Strain_b_Tension_0.5pct,b,0.5,0.023283274000000076,-0.08547995624999992,0.0,0.5040120750407344,56,fixed_k3
Strain_b_Tension_0.5pct,b,0.5,0.027161898000000073,-0.08547995624999992,0.0,0.4695205263406641,56,fixed_k3
Strain_b_Tension_0.5pct,b,0.5,0.03104052200000007,-0.08547995624999992,0.0,0.4311579780538568,56,fixed_k3
Strain_b_Tension_0.5pct,b,0.5,0.03491914600000007,-0.08547995624999992,0.0,0.3946436413494385,56,fixed_k3
Strain_b_Tension_0.5pct,b,0.5,0.038797770000000065,-0.08547995624999992,0.0,0.3658972536096603,56,fixed_k3
Strain_b_Tension_0.5pct,b,0.5,0.04267639400000006,-0.08547995624999992,0.0,0.35061322309231713,56,fixed_k3
Strain_b_Tension_0.5pct,b,0.5,0.04655501800000006,-0.08547995624999992,0.0,0.35370238225305894,56,fixed_k3
Strain_b_Tension_0.5pct,b,0.5,0.050433642000000056,-0.08547995624999992,0.0,0.3784903925787011,56,fixed_k3
Strain_b_Tension_0.5pct,b,0.5,0.05431226600000005,-0.08547995624999992,0.0,0.4254792537992236,56,fixed_k3
Strain_b_Tension_0.5pct,b,0.5,0.05819089000000005,-0.08547995624999992,0.0,0.4903638760463418,56,fixed_k3
Strain_b_Tension_0.5pct,b,0.5,0.06206951400000005,-0.08547995624999992,0.0,0.5608525982313064,56,fixed_k3
Strain_b_Tension_0.5pct,b,0.5,0.06594813800000005,-0.08547995624999992,0.0,0.6117057132434396,56,fixed_k3
Strain_b_Tension_0.5pct,b,0.5,0.06982676200000004,-0.08547995624999992,0.0,0.5973975635215965,56,fixed_k3
Strain_b_Tension_0.5pct,b,0.5,0.07370538600000004,-0.08547995624999992,0.0,0.44218583564593406,56,fixed_k3
Strain_b_Tension_0.5pct,b,0.5,0.07758401000000004,-0.08547995624999992,0.0,0.02850672696149048,56,fixed_k3
Strain_b_Tension_0.5pct,b,0.5,0.08146263400000003,-0.08547995624999992,0.0,-0.8135036530574427,56,fixed_k3
Strain_b_Tension_0.5pct,b,0.5,0.08534125800000003,-0.08547995624999992,0.0,-2.3119979986444052,56,fixed_k3
Strain_b_Tension_0.5pct,b,0.5,0.08921988200000003,-0.08547995624999992,0.0,-4.759667139772155,56,fixed_k3
Strain_b_Tension_0.5pct,b,0.5,0.09309850600000003,-0.08547995624999992,0.0,-8.557306466958574,56,fixed_k3
Strain_b_Tension_0.5pct,b,0.5,0.09697713000000002,-0.08547995624999992,0.0,-14.412929889305877,56,fixed_k3
Strain_b_Tension_0.5pct,b,0.5,0.10085575400000002,-0.08547995624999992,0.0,-24.004558832080093,56,fixed_k3
Strain_b_Tension_0.5pct,b,0.5,0.10473437800000002,-0.08547995624999992,0.0,-41.973551048100816,56,fixed_k3
Strain_b_Tension_0.5pct,b,0.5,0.10861300200000001,-0.08547995624999992,0.0,-81.84268168987721,56,fixed_k3
Strain_b_Tension_0.5pct,b,0.5,0.11249162600000001,-0.08547995624999992,0.0,-177.4848210416769,56,fixed_k3
Strain_b_Tension_0.5pct,b,0.5,0.11637025000000001,-0.08547995624999992,0.0,-316.1001964980036,56,fixed_k3
Strain_b_Tension_0.5pct,b,0.5,0.120248874,-0.08547995624999992,0.0,-225.70707750499886,56,fixed_k3
Strain_b_Tension_0.5pct,b,0.5,0.124127498,-0.08547995624999992,0.0,-73.74232892898779,56,fixed_k3
Strain_b_Tension_0.5pct,b,0.5,0.128006122,-0.08547995624999992,0.0,-33.4960635910381,56,fixed_k3
Strain_b_Tension_0.5pct,b,0.5,0.131884746,-0.08547995624999992,0.0,-24.171920602809273,56,fixed_k3
Strain_b_Tension_0.5pct,b,0.5,0.13576337,-0.08547995624999992,0.0,-19.100842276536554,56,fixed_k3
Strain_b_Tension_0.5pct,b,0.5,0.139641994,-0.08547995624999992,0.0,-15.501264866695392,56,fixed_k3
Strain_b_Tension_0.5pct,b,0.5,0.143520618,-0.08547995624999992,0.0,-12.887175770548472,56,fixed_k3
Strain_b_Tension_0.5pct,b,0.5,0.14739924199999999,-0.08547995624999992,0.0,-10.934990162624395,56,fixed_k3
Strain_b_Tension_0.5pct,b,0.5,0.15127786599999998,-0.08547995624999992,0.0,-9.413471113056023,56,fixed_k3
Strain_b_Tension_0.5pct,b,0.5,0.15515649,-0.08547995624999992,0.0,-8.168759617981358,56,fixed_k3
Strain_b_Tension_0.5pct,b,0.5,-0.1551334299999998,-0.08219331812499991,0.0,-7.185930784941965,56,fixed_k3
Strain_b_Tension_0.5pct,b,0.5,-0.1512548059999998,-0.08219331812499991,0.0,-7.906885701574057,56,fixed_k3
Strain_b_Tension_0.5pct,b,0.5,-0.1473761819999998,-0.08219331812499991,0.0,-8.838142459140833,56,fixed_k3
Strain_b_Tension_0.5pct,b,0.5,-0.1434975579999998,-0.08219331812499991,0.0,-10.069349143325041,56,fixed_k3
Strain_b_Tension_0.5pct,b,0.5,-0.1396189339999998,-0.08219331812499991,0.0,-11.687809329802933,56,fixed_k3
Strain_b_Tension_0.5pct,b,0.5,-0.1357403099999998,-0.08219331812499991,0.0,-13.538546706124048,56,fixed_k3
Strain_b_Tension_0.5pct,b,0.5,-0.1318616859999998,-0.08219331812499991,0.0,-13.871177169053407,56,fixed_k3
Strain_b_Tension_0.5pct,b,0.5,-0.12798306199999981,-0.08219331812499991,0.0,-4.373548362606922,56,fixed_k3
Strain_b_Tension_0.5pct,b,0.5,-0.12410443799999982,-0.08219331812499991,0.0,20.16339018884992,56,fixed_k3
Strain_b_Tension_0.5pct,b,0.5,-0.12022581399999982,-0.08219331812499991,0.0,-13.029900496632916,56,fixed_k3
Strain_b_Tension_0.5pct,b,0.5,-0.11634718999999982,-0.08219331812499991,0.0,-67.78758386378709,56,fixed_k3
Strain_b_Tension_0.5pct,b,0.5,-0.11246856599999983,-0.08219331812499991,0.0,-39.42151952001846,56,fixed_k3
Strain_b_Tension_0.5pct,b,0.5,-0.10858994199999983,-0.08219331812499991,0.0,-11.9697764892375,56,fixed_k3
Strain_b_Tension_0.5pct,b,0.5,-0.10471131799999983,-0.08219331812499991,0.0,-1.5886456055428904,56,fixed_k3
Strain_b_Tension_0.5pct,b,0.5,-0.10083269399999983,-0.08219331812499991,0.0,0.866732826758108,56,fixed_k3
Strain_b_Tension_0.5pct,b,0.5,-0.09695406999999984,-0.08219331812499991,0.0,0.279964091499163,56,fixed_k3
Strain_b_Tension_0.5pct,b,0.5,-0.09307544599999984,-0.08219331812499991,0.0,-1.1692211367898662,56,fixed_k3
Strain_b_Tension_0.5pct,b,0.5,-0.08919682199999984,-0.08219331812499991,0.0,-2.473312868601876,56,fixed_k3
Strain_b_Tension_0.5pct,b,0.5,-0.08531819799999985,-0.08219331812499991,0.0,-3.26958438523429,56,fixed_k3
Strain_b_Tension_0.5pct,b,0.5,-0.08143957399999985,-0.08219331812499991,0.0,-3.5603910683925624,56,fixed_k3
Strain_b_Tension_0.5pct,b,0.5,-0.07756094999999985,-0.08219331812499991,0.0,-3.496862007370489,56,fixed_k3
Strain_b_Tension_0.5pct,b,0.5,-0.07368232599999985,-0.08219331812499991,0.0,-3.241147137628546,56,fixed_k3
Strain_b_Tension_0.5pct,b,0.5,-0.06980370199999986,-0.08219331812499991,0.0,-2.9101938208548734,56,fixed_k3
Strain_b_Tension_0.5pct,b,0.5,-0.06592507799999986,-0.08219331812499991,0.0,-2.570667662006138,56,fixed_k3
Strain_b_Tension_0.5pct,b,0.5,-0.06204645399999986,-0.08219331812499991,0.0,-2.253043349844749,56,fixed_k3
Strain_b_Tension_0.5pct,b,0.5,-0.058167829999999865,-0.08219331812499991,0.0,-1.9669780318922137,56,fixed_k3
Strain_b_Tension_0.5pct,b,0.5,-0.05428920599999987,-0.08219331812499991,0.0,-1.7121159133934762,56,fixed_k3
Strain_b_Tension_0.5pct,b,0.5,-0.05041058199999987,-0.08219331812499991,0.0,-1.484236829417348,56,fixed_k3
Strain_b_Tension_0.5pct,b,0.5,-0.04653195799999987,-0.08219331812499991,0.0,-1.2782562542980997,56,fixed_k3
Strain_b_Tension_0.5pct,b,0.5,-0.042653333999999876,-0.08219331812499991,0.0,-1.0894786214171437,56,fixed_k3
Strain_b_Tension_0.5pct,b,0.5,-0.03877470999999988,-0.08219331812499991,0.0,-0.9140156276028772,56,fixed_k3
Strain_b_Tension_0.5pct,b,0.5,-0.03489608599999988,-0.08219331812499991,0.0,-0.7488657823890834,56,fixed_k3
Strain_b_Tension_0.5pct,b,0.5,-0.031017461999999885,-0.08219331812499991,0.0,-0.5918899199903009,56,fixed_k3
Strain_b_Tension_0.5pct,b,0.5,-0.027138837999999887,-0.08219331812499991,0.0,-0.44177483068375367,56,fixed_k3
Strain_b_Tension_0.5pct,b,0.5,-0.02326021399999989,-0.08219331812499991,0.0,-0.2980065012545903,56,fixed_k3
Strain_b_Tension_0.5pct,b,0.5,-0.019381589999999893,-0.08219331812499991,0.0,-0.16084250612968054,56,fixed_k3
Strain_b_Tension_0.5pct,b,0.5,-0.015502965999999896,-0.08219331812499991,0.0,-0.03126126097569504,56,fixed_k3
Strain_b_Tension_0.5pct,b,0.5,-0.011624341999999899,-0.08219331812499991,0.0,0.08913480460408918,56,fixed_k3
Strain_b_Tension_0.5pct,b,0.5,-0.0077457179999999015,-0.08219331812499991,0.0,0.19827847776180318,56,fixed_k3
Strain_b_Tension_0.5pct,b,0.5,-0.0038670939999999043,-0.08219331812499991,0.0,0.29386391405693324,56,fixed_k3
Strain_b_Tension_0.5pct,b,0.5,1.1530000000092855e-05,-0.08219331812499991,0.0,0.3736294544277201,56,fixed_k3
Strain_b_Tension_0.5pct,b,0.5,0.00389015400000009,-0.08219331812499991,0.0,0.4356722025252826,56,fixed_k3
Strain_b_Tension_0.5pct,b,0.5,0.007768778000000087,-0.08219331812499991,0.0,0.47875859409990884,56,fixed_k3
Strain_b_Tension_0.5pct,b,0.5,0.011647402000000084,-0.08219331812499991,0.0,0.502591281867454,56,fixed_k3
Strain_b_Tension_0.5pct,b,0.5,0.015526026000000082,-0.08219331812499991,0.0,0.5079971361686497,56,fixed_k3
Strain_b_Tension_0.5pct,b,0.5,0.01940465000000008,-0.08219331812499991,0.0,0.49701296108527115,56,fixed_k3
Strain_b_Tension_0.5pct,b,0.5,0.023283274000000076,-0.08219331812499991,0.0,0.47286126748369184,56,fixed_k3
Strain_b_Tension_0.5pct,b,0.5,0.027161898000000073,-0.08219331812499991,0.0,0.43982346931123906,56,fixed_k3
Strain_b_Tension_0.5pct,b,0.5,0.03104052200000007,-0.08219331812499991,0.0,0.4030276002361006,56,fixed_k3
Strain_b_Tension_0.5pct,b,0.5,0.03491914600000007,-0.08219331812499991,0.0,0.36816858106216244,56,fixed_k3
Strain_b_Tension_0.5pct,b,0.5,0.038797770000000065,-0.08219331812499991,0.0,0.341168919980364,56,fixed_k3
Strain_b_Tension_0.5pct,b,0.5,0.04267639400000006,-0.08219331812499991,0.0,0.3277646594296504,56,fixed_k3
Strain_b_Tension_0.5pct,b,0.5,0.04655501800000006,-0.08219331812499991,0.0,0.3329625845738904,56,fixed_k3
Strain_b_Tension_0.5pct,b,0.5,0.050433642000000056,-0.08219331812499991,0.0,0.3602548109006314,56,fixed_k3
Strain_b_Tension_0.5pct,b,0.5,0.05431226600000005,-0.08219331812499991,0.0,0.41038696463331403,56,fixed_k3
Strain_b_Tension_0.5pct,b,0.5,0.05819089000000005,-0.08219331812499991,0.0,0.4793451711897374,56,fixed_k3
Strain_b_Tension_0.5pct,b,0.5,0.06206951400000005,-0.08219331812499991,0.0,0.5550497869071576,56,fixed_k3
Strain_b_Tension_0.5pct,b,0.5,0.06594813800000005,-0.08219331812499991,0.0,0.6120455633691506,56,fixed_k3
Strain_b_Tension_0.5pct,b,0.5,0.06982676200000004,-0.08219331812499991,0.0,0.603371918906018,56,fixed_k3
Strain_b_Tension_0.5pct,b,0.5,0.07370538600000004,-0.08219331812499991,0.0,0.449081884529432,56,fixed_k3
Strain_b_Tension_0.5pct,b,0.5,0.07758401000000004,-0.08219331812499991,0.0,0.022097221913760068,56,fixed_k3
Strain_b_Tension_0.5pct,b,0.5,0.08146263400000003,-0.08219331812499991,0.0,-0.8653349294129871,56,fixed_k3
Strain_b_Tension_0.5pct,b,0.5,0.08534125800000003,-0.08219331812499991,0.0,-2.468828140978884,56,fixed_k3
Strain_b_Tension_0.5pct,b,0.5,0.08921988200000003,-0.08219331812499991,0.0,-5.111970872212835,56,fixed_k3
Strain_b_Tension_0.5pct,b,0.5,0.09309850600000003,-0.08219331812499991,0.0,-9.208853727937692,56,fixed_k3
Strain_b_Tension_0.5pct,b,0.5,0.09697713000000002,-0.08219331812499991,0.0,-15.417984147902757,56,fixed_k3
Strain_b_Tension_0.5pct,b,0.5,0.10085575400000002,-0.08219331812499991,0.0,-25.19145409063494,56,fixed_k3
Strain_b_Tension_0.5pct,b,0.5,0.10473437800000002,-0.08219331812499991,0.0,-42.284823566917126,56,fixed_k3
Strain_b_Tension_0.5pct,b,0.5,0.10861300200000001,-0.08219331812499991,0.0,-76.09711768907712,56,fixed_k3
Strain_b_Tension_0.5pct,b,0.5,0.11249162600000001,-0.08219331812499991,0.0,-141.7387401718121,56,fixed_k3
Strain_b_Tension_0.5pct,b,0.5,0.11637025000000001,-0.08219331812499991,0.0,-202.02917431886615,56,fixed_k3
Strain_b_Tension_0.5pct,b,0.5,0.120248874,-0.08219331812499991,0.0,-108.72966270441694,56,fixed_k3
Strain_b_Tension_0.5pct,b,0.5,0.124127498,-0.08219331812499991,0.0,-9.405933541962893,56,fixed_k3
Strain_b_Tension_0.5pct,b,0.5,0.128006122,-0.08219331812499991,0.0,-9.673723403214625,56,fixed_k3
Strain_b_Tension_0.5pct,b,0.5,0.131884746,-0.08219331812499991,0.0,-16.153660914693518,56,fixed_k3
Strain_b_Tension_0.5pct,b,0.5,0.13576337,-0.08219331812499991,0.0,-16.016972124391067,56,fixed_k3
Strain_b_Tension_0.5pct,b,0.5,0.139641994,-0.08219331812499991,0.0,-14.1157163843722,56,fixed_k3
Strain_b_Tension_0.5pct,b,0.5,0.143520618,-0.08219331812499991,0.0,-12.179025638216645,56,fixed_k3
Strain_b_Tension_0.5pct,b,0.5,0.14739924199999999,-0.08219331812499991,0.0,-10.53671830977282,56,fixed_k3
Strain_b_Tension_0.5pct,b,0.5,0.15127786599999998,-0.08219331812499991,0.0,-9.176812339568924,56,fixed_k3
Strain_b_Tension_0.5pct,b,0.5,0.15515649,-0.08219331812499991,0.0,-8.028956717874857,56,fixed_k3
Strain_b_Tension_0.5pct,b,0.5,-0.1551334299999998,-0.07890667999999992,0.0,-6.941912603011052,56,fixed_k3
Strain_b_Tension_0.5pct,b,0.5,-0.1512548059999998,-0.07890667999999992,0.0,-7.5898211248937715,56,fixed_k3
Strain_b_Tension_0.5pct,b,0.5,-0.1473761819999998,-0.07890667999999992,0.0,-8.386156973785202,56,fixed_k3
Strain_b_Tension_0.5pct,b,0.5,-0.1434975579999998,-0.07890667999999992,0.0,-9.34250496432945,56,fixed_k3
Strain_b_Tension_0.5pct,b,0.5,-0.1396189339999998,-0.07890667999999992,0.0,-10.330419406711066,56,fixed_k3
Strain_b_Tension_0.5pct,b,0.5,-0.1357403099999998,-0.07890667999999992,0.0,-10.504755274275356,56,fixed_k3
Strain_b_Tension_0.5pct,b,0.5,-0.1318616859999998,-0.07890667999999992,0.0,-5.55859990236326,56,fixed_k3
Strain_b_Tension_0.5pct,b,0.5,-0.12798306199999981,-0.07890667999999992,0.0,22.099722897193132,56,fixed_k3
Strain_b_Tension_0.5pct,b,0.5,-0.12410443799999982,-0.07890667999999992,0.0,85.53863546936212,56,fixed_k3
Strain_b_Tension_0.5pct,b,0.5,-0.12022581399999982,-0.07890667999999992,0.0,59.87174481749913,56,fixed_k3
Strain_b_Tension_0.5pct,b,0.5,-0.11634718999999982,-0.07890667999999992,0.0,-15.977225848969198,56,fixed_k3
Strain_b_Tension_0.5pct,b,0.5,-0.11246856599999983,-0.07890667999999992,0.0,-21.917621383066813,56,fixed_k3
Strain_b_Tension_0.5pct,b,0.5,-0.10858994199999983,-0.07890667999999992,0.0,-8.208181662448714,56,fixed_k3
Strain_b_Tension_0.5pct,b,0.5,-0.10471131799999983,-0.07890667999999992,0.0,-0.528945846298913,56,fixed_k3
Strain_b_Tension_0.5pct,b,0.5,-0.10083269399999983,-0.07890667999999992,0.0,1.5260854786398,56,fixed_k3
Strain_b_Tension_0.5pct,b,0.5,-0.09695406999999984,-0.07890667999999992,0.0,0.793769380680502,56,fixed_k3
Strain_b_Tension_0.5pct,b,0.5,-0.09307544599999984,-0.07890667999999992,0.0,-0.8196568341851436,56,fixed_k3
Strain_b_Tension_0.5pct,b,0.5,-0.08919682199999984,-0.07890667999999992,0.0,-2.2674217797702476,56,fixed_k3
Strain_b_Tension_0.5pct,b,0.5,-0.08531819799999985,-0.07890667999999992,0.0,-3.153248261361029,56,fixed_k3
Strain_b_Tension_0.5pct,b,0.5,-0.08143957399999985,-0.07890667999999992,0.0,-3.4860117043254975,56,fixed_k3
Strain_b_Tension_0.5pct,b,0.5,-0.07756094999999985,-0.07890667999999992,0.0,-3.437894538987174,56,fixed_k3
Strain_b_Tension_0.5pct,b,0.5,-0.07368232599999985,-0.07890667999999992,0.0,-3.1877440518186004,56,fixed_k3
Strain_b_Tension_0.5pct,b,0.5,-0.06980370199999986,-0.07890667999999992,0.0,-2.860838542518967,56,fixed_k3
Strain_b_Tension_0.5pct,b,0.5,-0.06592507799999986,-0.07890667999999992,0.0,-2.52647253217945,56,fixed_k3
Strain_b_Tension_0.5pct,b,0.5,-0.06204645399999986,-0.07890667999999992,0.0,-2.2152092880874883,56,fixed_k3
Strain_b_Tension_0.5pct,b,0.5,-0.058167829999999865,-0.07890667999999992,0.0,-1.9361044094398596,56,fixed_k3
Strain_b_Tension_0.5pct,b,0.5,-0.05428920599999987,-0.07890667999999992,0.0,-1.6882525216871016,56,fixed_k3
Strain_b_Tension_0.5pct,b,0.5,-0.05041058199999987,-0.07890667999999992,0.0,-1.4671100319368096,56,fixed_k3
Strain_b_Tension_0.5pct,b,0.5,-0.04653195799999987,-0.07890667999999992,0.0,-1.267460681631922,56,fixed_k3
Strain_b_Tension_0.5pct,b,0.5,-0.042653333999999876,-0.07890667999999992,0.0,-1.0845906386329243,56,fixed_k3
Strain_b_Tension_0.5pct,b,0.5,-0.03877470999999988,-0.07890667999999992,0.0,-0.9146411065645705,56,fixed_k3
Strain_b_Tension_0.5pct,b,0.5,-0.03489608599999988,-0.07890667999999992,0.0,-0.7546456764260241,56,fixed_k3
Strain_b_Tension_0.5pct,b,0.5,-0.031017461999999885,-0.07890667999999992,0.0,-0.6024837236430707,56,fixed_k3
Strain_b_Tension_0.5pct,b,0.5,-0.027138837999999887,-0.07890667999999992,0.0,-0.45683610333973634,56,fixed_k3
Strain_b_Tension_0.5pct,b,0.5,-0.02326021399999989,-0.07890667999999992,0.0,-0.3171596658809013,56,fixed_k3
Strain_b_Tension_0.5pct,b,0.5,-0.019381589999999893,-0.07890667999999992,0.0,-0.18366649063171403,56,fixed_k3
Strain_b_Tension_0.5pct,b,0.5,-0.015502965999999896,-0.07890667999999992,0.0,-0.05728283247886923,56,fixed_k3
Strain_b_Tension_0.5pct,b,0.5,-0.011624341999999899,-0.07890667999999992,0.0,0.06043734340806317,56,fixed_k3
Strain_b_Tension_0.5pct,b,0.5,-0.0077457179999999015,-0.07890667999999992,0.0,0.16746237776742046,56,fixed_k3
Strain_b_Tension_0.5pct,b,0.5,-0.0038670939999999043,-0.07890667999999992,0.0,0.26150241460545676,56,fixed_k3
Strain_b_Tension_0.5pct,b,0.5,1.1530000000092855e-05,-0.07890667999999992,0.0,0.34028897952158266,56,fixed_k3
Strain_b_Tension_0.5pct,b,0.5,0.00389015400000009,-0.07890667999999992,0.0,0.40188989621268156,56,fixed_k3
Strain_b_Tension_0.5pct,b,0.5,0.007768778000000087,-0.07890667999999992,0.0,0.44502323822816114,56,fixed_k3
Strain_b_Tension_0.5pct,b,0.5,0.011647402000000084,-0.07890667999999992,0.0,0.46932958968852123,56,fixed_k3
Strain_b_Tension_0.5pct,b,0.5,0.015526026000000082,-0.07890667999999992,0.0,0.47556618247881044,56,fixed_k3
Strain_b_Tension_0.5pct,b,0.5,0.01940465000000008,-0.07890667999999992,0.0,0.4656984706687233,56,fixed_k3
Strain_b_Tension_0.5pct,b,0.5,0.023283274000000076,-0.07890667999999992,0.0,0.44288093779304094,56,fixed_k3
Strain_b_Tension_0.5pct,b,0.5,0.027161898000000073,-0.07890667999999992,0.0,0.41133459139839945,56,fixed_k3
Strain_b_Tension_0.5pct,b,0.5,0.03104052200000007,-0.07890667999999992,0.0,0.3761389368855568,56,fixed_k3
Strain_b_Tension_0.5pct,b,0.5,0.03491914600000007,-0.07890667999999992,0.0,0.34295761119183643,56,fixed_k3
Strain_b_Tension_0.5pct,b,0.5,0.038797770000000065,-0.07890667999999992,0.0,0.31770692451967686,56,fixed_k3
Strain_b_Tension_0.5pct,b,0.5,0.04267639400000006,-0.07890667999999992,0.0,0.3061533258436646,56,fixed_k3
Strain_b_Tension_0.5pct,b,0.5,0.04655501800000006,-0.07890667999999992,0.0,0.3133860621639968,56,fixed_k3
Strain_b_Tension_0.5pct,b,0.5,0.050433642000000056,-0.07890667999999992,0.0,0.3430486109719213,56,fixed_k3
Strain_b_Tension_0.5pct,b,0.5,0.05431226600000005,-0.07890667999999992,0.0,0.39611545847972596,56,fixed_k3
Strain_b_Tension_0.5pct,b,0.5,0.05819089000000005,-0.07890667999999992,0.0,0.4688532530247729,56,fixed_k3
Strain_b_Tension_0.5pct,b,0.5,0.06206951400000005,-0.07890667999999992,0.0,0.5493926347887004,56,fixed_k3
Strain_b_Tension_0.5pct,b,0.5,0.06594813800000005,-0.07890667999999992,0.0,0.612070417834518,56,fixed_k3
Strain_b_Tension_0.5pct,b,0.5,0.06982676200000004,-0.07890667999999992,0.0,0.6084847014426535,56,fixed_k3
Strain_b_Tension_0.5pct,b,0.5,0.07370538600000004,-0.07890667999999992,0.0,0.4543710530836682,56,fixed_k3
Strain_b_Tension_0.5pct,b,0.5,0.07758401000000004,-0.07890667999999992,0.0,0.012691839189931553,56,fixed_k3
Strain_b_Tension_0.5pct,b,0.5,0.08146263400000003,-0.07890667999999992,0.0,-0.923287296181126,56,fixed_k3
Strain_b_Tension_0.5pct,b,0.5,0.08534125800000003,-0.07890667999999992,0.0,-2.63815945208737,56,fixed_k3
Strain_b_Tension_0.5pct,b,0.5,0.08921988200000003,-0.07890667999999992,0.0,-5.48541515721557,56,fixed_k3
Strain_b_Tension_0.5pct,b,0.5,0.09309850600000003,-0.07890667999999992,0.0,-9.878835716908037,56,fixed_k3
Strain_b_Tension_0.5pct,b,0.5,0.09697713000000002,-0.07890667999999992,0.0,-16.378567989883837,56,fixed_k3
Strain_b_Tension_0.5pct,b,0.5,0.10085575400000002,-0.07890667999999992,0.0,-26.08702403080548,56,fixed_k3
Strain_b_Tension_0.5pct,b,0.5,0.10473437800000002,-0.07890667999999992,0.0,-41.63680216245533,56,fixed_k3
Strain_b_Tension_0.5pct,b,0.5,0.10861300200000001,-0.07890667999999992,0.0,-68.43462201706622,56,fixed_k3
Strain_b_Tension_0.5pct,b,0.5,0.11249162600000001,-0.07890667999999992,0.0,-109.66255187708761,56,fixed_k3
Strain_b_Tension_0.5pct,b,0.5,0.11637025000000001,-0.07890667999999992,0.0,-127.38928840755852,56,fixed_k3
Strain_b_Tension_0.5pct,b,0.5,0.120248874,-0.07890667999999992,0.0,-29.483604433392255,56,fixed_k3
Strain_b_Tension_0.5pct,b,0.5,0.124127498,-0.07890667999999992,0.0,51.15995722399064,56,fixed_k3
Strain_b_Tension_0.5pct,b,0.5,0.128006122,-0.07890667999999992,0.0,13.559636402070732,56,fixed_k3
Strain_b_Tension_0.5pct,b,0.5,0.131884746,-0.07890667999999992,0.0,-8.519527124540074,56,fixed_k3
Strain_b_Tension_0.5pct,b,0.5,0.13576337,-0.07890667999999992,0.0,-13.038151491345648,56,fixed_k3
Strain_b_Tension_0.5pct,b,0.5,0.139641994,-0.07890667999999992,0.0,-12.730569005228222,56,fixed_k3
Strain_b_Tension_0.5pct,b,0.5,0.143520618,-0.07890667999999992,0.0,-11.439898962048156,56,fixed_k3
Strain_b_Tension_0.5pct,b,0.5,0.14739924199999999,-0.07890667999999992,0.0,-10.099372618850635,56,fixed_k3
Strain_b_Tension_0.5pct,b,0.5,0.15127786599999998,-0.07890667999999992,0.0,-8.89972167582503,56,fixed_k3
Strain_b_Tension_0.5pct,b,0.5,0.15515649,-0.07890667999999992,0.0,-7.848869128199846,56,fixed_k3
Strain_b_Tension_0.5pct,b,0.5,-0.1551334299999998,-0.07562004187499993,0.0,-6.705538342138583,56,fixed_k3
Strain_b_Tension_0.5pct,b,0.5,-0.1512548059999998,-0.07562004187499993,0.0,-7.280216748811239,56,fixed_k3
Strain_b_Tension_0.5pct,b,0.5,-0.1473761819999998,-0.07562004187499993,0.0,-7.9422954910051935,56,fixed_k3
Strain_b_Tension_0.5pct,b,0.5,-0.1434975579999998,-0.07562004187499993,0.0,-8.627541868843887,56,fixed_k3
Strain_b_Tension_0.5pct,b,0.5,-0.1396189339999998,-0.07562004187499993,0.0,-8.997038481434066,56,fixed_k3
Strain_b_Tension_0.5pct,b,0.5,-0.1357403099999998,-0.07562004187499993,0.0,-7.511623257658586,56,fixed_k3
Strain_b_Tension_0.5pct,b,0.5,-0.1318616859999998,-0.07562004187499993,0.0,2.950257957736347,56,fixed_k3
Strain_b_Tension_0.5pct,b,0.5,-0.12798306199999981,-0.07562004187499993,0.0,52.40263022767544,56,fixed_k3
Strain_b_Tension_0.5pct,b,0.5,-0.12410443799999982,-0.07562004187499993,0.0,165.94930994925625,56,fixed_k3
Strain_b_Tension_0.5pct,b,0.5,-0.12022581399999982,-0.07562004187499993,0.0,122.155895122913,56,fixed_k3
Strain_b_Tension_0.5pct,b,0.5,-0.11634718999999982,-0.07562004187499993,0.0,16.580095364587685,56,fixed_k3
Strain_b_Tension_0.5pct,b,0.5,-0.11246856599999983,-0.07562004187499993,0.0,-9.046630272696463,56,fixed_k3
Strain_b_Tension_0.5pct,b,0.5,-0.10858994199999983,-0.07562004187499993,0.0,-4.889151368265798,56,fixed_k3
Strain_b_Tension_0.5pct,b,0.5,-0.10471131799999983,-0.07562004187499993,0.0,0.4319521428224977,56,fixed_k3
Strain_b_Tension_0.5pct,b,0.5,-0.10083269399999983,-0.07562004187499993,0.0,2.1339516286027496,56,fixed_k3
Strain_b_Tension_0.5pct,b,0.5,-0.09695406999999984,-0.07562004187499993,0.0,1.2919685560489549,56,fixed_k3
Strain_b_Tension_0.5pct,b,0.5,-0.09307544599999984,-0.07562004187499993,0.0,-0.4731661541478791,56,fixed_k3
Strain_b_Tension_0.5pct,b,0.5,-0.08919682199999984,-0.07562004187499993,0.0,-2.064649190819125,56,fixed_k3
Strain_b_Tension_0.5pct,b,0.5,-0.08531819799999985,-0.07562004187499993,0.0,-3.0412880525956116,56,fixed_k3
Strain_b_Tension_0.5pct,b,0.5,-0.08143957399999985,-0.07562004187499993,0.0,-3.4156161230411177,56,fixed_k3
Strain_b_Tension_0.5pct,b,0.5,-0.07756094999999985,-0.07562004187499993,0.0,-3.3816884048954874,56,fixed_k3
Strain_b_Tension_0.5pct,b,0.5,-0.07368232599999985,-0.07562004187499993,0.0,-3.135910956336094,56,fixed_k3
Strain_b_Tension_0.5pct,b,0.5,-0.06980370199999986,-0.07562004187499993,0.0,-2.812146150374729,56,fixed_k3
Strain_b_Tension_0.5pct,b,0.5,-0.06592507799999986,-0.07562004187499993,0.0,-2.482277629180469,56,fixed_k3
Strain_b_Tension_0.5pct,b,0.5,-0.06204645399999986,-0.07562004187499993,0.0,-2.176875173250811,56,fixed_k3
Strain_b_Tension_0.5pct,b,0.5,-0.058167829999999865,-0.07562004187499993,0.0,-1.9043421287754136,56,fixed_k3
Strain_b_Tension_0.5pct,b,0.5,-0.05428920599999987,-0.07562004187499993,0.0,-1.6632009367604639,56,fixed_k3
Strain_b_Tension_0.5pct,b,0.5,-0.05041058199999987,-0.07562004187499993,0.0,-1.4485742431139483,56,fixed_k3
Strain_b_Tension_0.5pct,b,0.5,-0.04653195799999987,-0.07562004187499993,0.0,-1.2551061716983316,56,fixed_k3
Strain_b_Tension_0.5pct,b,0.5,-0.042653333999999876,-0.07562004187499993,0.0,-1.0780556702873856,56,fixed_k3
Strain_b_Tension_0.5pct,b,0.5,-0.03877470999999988,-0.07562004187499993,0.0,-0.9135831381517572,56,fixed_k3
Strain_b_Tension_0.5pct,b,0.5,-0.03489608599999988,-0.07562004187499993,0.0,-0.75874634189084,56,fixed_k3
Strain_b_Tension_0.5pct,b,0.5,-0.031017461999999885,-0.07562004187499993,0.0,-0.6114325162932306,56,fixed_k3
Strain_b_Tension_0.5pct,b,0.5,-0.027138837999999887,-0.07562004187499993,0.0,-0.47030670132889174,56,fixed_k3
Strain_b_Tension_0.5pct,b,0.5,-0.02326021399999989,-0.07562004187499993,0.0,-0.3347878624687777,56,fixed_k3
Strain_b_Tension_0.5pct,b,0.5,-0.019381589999999893,-0.07562004187499993,0.0,-0.20503512189257034,56,fixed_k3
Strain_b_Tension_0.5pct,b,0.5,-0.015502965999999896,-0.07562004187499993,0.0,-0.08191644731017877,56,fixed_k3
Strain_b_Tension_0.5pct,b,0.5,-0.011624341999999899,-0.07562004187499993,0.0,0.0330674647893785,56,fixed_k3
Strain_b_Tension_0.5pct,b,0.5,-0.0077457179999999015,-0.07562004187499993,0.0,0.1379240488123843,56,fixed_k3
Strain_b_Tension_0.5pct,b,0.5,-0.0038670939999999043,-0.07562004187499993,0.0,0.23038180917795303,56,fixed_k3
Strain_b_Tension_0.5pct,b,0.5,1.1530000000092855e-05,-0.07562004187499993,0.0,0.3081667875678229,56,fixed_k3
Strain_b_Tension_0.5pct,b,0.5,0.00389015400000009,-0.07562004187499993,0.0,0.3693179628519192,56,fixed_k3
Strain_b_Tension_0.5pct,b,0.5,0.007768778000000087,-0.07562004187499993,0.0,0.4125047215850619,56,fixed_k3
Strain_b_Tension_0.5pct,b,0.5,0.011647402000000084,-0.07562004187499993,0.0,0.4373045938317164,56,fixed_k3
Strain_b_Tension_0.5pct,b,0.5,0.015526026000000082,-0.07562004187499993,0.0,0.44440356331370023,56,fixed_k3
Strain_b_Tension_0.5pct,b,0.5,0.01940465000000008,-0.07562004187499993,0.0,0.43569345819863026,56,fixed_k3
Strain_b_Tension_0.5pct,b,0.5,0.023283274000000076,-0.07562004187499993,0.0,0.41425766875123005,56,fixed_k3
Strain_b_Tension_0.5pct,b,0.5,0.027161898000000073,-0.07562004187499993,0.0,0.3842527395871902,56,fixed_k3
Strain_b_Tension_0.5pct,b,0.5,0.03104052200000007,-0.07562004187499993,0.0,0.3507043335191773,56,fixed_k3
Strain_b_Tension_0.5pct,b,0.5,0.03491914600000007,-0.07562004187499993,0.0,0.3192379137397501,56,fixed_k3
Strain_b_Tension_0.5pct,b,0.5,0.038797770000000065,-0.07562004187499993,0.0,0.29575479507514424,56,fixed_k3
Strain_b_Tension_0.5pct,b,0.5,0.04267639400000006,-0.07562004187499993,0.0,0.2860408734355,56,fixed_k3
Strain_b_Tension_0.5pct,b,0.5,0.04655501800000006,-0.07562004187499993,0.0,0.2952547670178194,56,fixed_k3
Strain_b_Tension_0.5pct,b,0.5,0.050433642000000056,-0.07562004187499993,0.0,0.32717682334222564,56,fixed_k3
Strain_b_Tension_0.5pct,b,0.5,0.05431226600000005,-0.07562004187499993,0.0,0.3829966025798981,56,fixed_k3
Strain_b_Tension_0.5pct,b,0.5,0.05819089000000005,-0.07562004187499993,0.0,0.45925245551251304,56,fixed_k3
Strain_b_Tension_0.5pct,b,0.5,0.06206951400000005,-0.07562004187499993,0.0,0.544287676874081,56,fixed_k3
Strain_b_Tension_0.5pct,b,0.5,0.06594813800000005,-0.07562004187499993,0.0,0.6122481920046394,56,fixed_k3
Strain_b_Tension_0.5pct,b,0.5,0.06982676200000004,-0.07562004187499993,0.0,0.6133052226518814,56,fixed_k3
Strain_b_Tension_0.5pct,b,0.5,0.07370538600000004,-0.07562004187499993,0.0,0.45880524609292817,56,fixed_k3
Strain_b_Tension_0.5pct,b,0.5,0.07758401000000004,-0.07562004187499993,0.0,0.0013761610721714224,56,fixed_k3
Strain_b_Tension_0.5pct,b,0.5,0.08146263400000003,-0.07562004187499993,0.0,-0.9856797186048056,56,fixed_k3
Strain_b_Tension_0.5pct,b,0.5,0.08534125800000003,-0.07562004187499993,0.0,-2.8171905759086604,56,fixed_k3
Strain_b_Tension_0.5pct,b,0.5,0.08921988200000003,-0.07562004187499993,0.0,-5.874524780222256,56,fixed_k3
Strain_b_Tension_0.5pct,b,0.5,0.09309850600000003,-0.07562004187499993,0.0,-10.554088715827207,56,fixed_k3
Strain_b_Tension_0.5pct,b,0.5,0.09697713000000002,-0.07562004187499993,0.0,-17.26255616760999,56,fixed_k3
Strain_b_Tension_0.5pct,b,0.5,0.10085575400000002,-0.07562004187499993,0.0,-26.637988819873406,56,fixed_k3
Strain_b_Tension_0.5pct,b,0.5,0.10473437800000002,-0.07562004187499993,0.0,-40.08210556378626,56,fixed_k3
Strain_b_Tension_0.5pct,b,0.5,0.10861300200000001,-0.07562004187499993,0.0,-59.68661020250816,56,fixed_k3
Strain_b_Tension_0.5pct,b,0.5,0.11249162600000001,-0.07562004187499993,0.0,-82.27376374309506,56,fixed_k3
Strain_b_Tension_0.5pct,b,0.5,0.11637025000000001,-0.07562004187499993,0.0,-75.11270223940627,56,fixed_k3
Strain_b_Tension_0.5pct,b,0.5,0.120248874,-0.07562004187499993,0.0,36.37318555742485,56,fixed_k3
Strain_b_Tension_0.5pct,b,0.5,0.124127498,-0.07562004187499993,0.0,124.99191793497448,56,fixed_k3
Strain_b_Tension_0.5pct,b,0.5,0.128006122,-0.07562004187499993,0.0,39.581638023923624,56,fixed_k3
Strain_b_Tension_0.5pct,b,0.5,0.131884746,-0.07562004187499993,0.0,-0.8930693180854876,56,fixed_k3
Strain_b_Tension_0.5pct,b,0.5,0.13576337,-0.07562004187499993,0.0,-10.127446999684157,56,fixed_k3
Strain_b_Tension_0.5pct,b,0.5,0.139641994,-0.07562004187499993,0.0,-11.349050348899958,56,fixed_k3
Strain_b_Tension_0.5pct,b,0.5,0.143520618,-0.07562004187499993,0.0,-10.676311112480253,56,fixed_k3
Strain_b_Tension_0.5pct,b,0.5,0.14739924199999999,-0.07562004187499993,0.0,-9.62834182332711,56,fixed_k3
Strain_b_Tension_0.5pct,b,0.5,0.15127786599999998,-0.07562004187499993,0.0,-8.586458566740017,56,fixed_k3
Strain_b_Tension_0.5pct,b,0.5,0.15515649,-0.07562004187499993,0.0,-7.632083226641112,56,fixed_k3
Strain_b_Tension_0.5pct,b,0.5,-0.1551334299999998,-0.07233340374999993,0.0,-6.47438327526825,56,fixed_k3
Strain_b_Tension_0.5pct,b,0.5,-0.1512548059999998,-0.07233340374999993,0.0,-6.976188225996003,56,fixed_k3
Strain_b_Tension_0.5pct,b,0.5,-0.1473761819999998,-0.07233340374999993,0.0,-7.505499853860178,56,fixed_k3
Strain_b_Tension_0.5pct,b,0.5,-0.1434975579999998,-0.07233340374999993,0.0,-7.924054545992957,56,fixed_k3
Strain_b_Tension_0.5pct,b,0.5,-0.1396189339999998,-0.07233340374999993,0.0,-7.683348135362536,56,fixed_k3
Strain_b_Tension_0.5pct,b,0.5,-0.1357403099999998,-0.07233340374999993,0.0,-4.51113519327986,56,fixed_k3
Strain_b_Tension_0.5pct,b,0.5,-0.1318616859999998,-0.07233340374999993,0.0,12.12710674801446,56,fixed_k3
Strain_b_Tension_0.5pct,b,0.5,-0.12798306199999981,-0.07233340374999993,0.0,91.7357614044531,56,fixed_k3
Strain_b_Tension_0.5pct,b,0.5,-0.12410443799999982,-0.07233340374999993,0.0,283.5811275368254,56,fixed_k3
Strain_b_Tension_0.5pct,b,0.5,-0.12022581399999982,-0.07233340374999993,0.0,179.21373467957793,56,fixed_k3
Strain_b_Tension_0.5pct,b,0.5,-0.11634718999999982,-0.07233340374999993,0.0,36.30817146980423,56,fixed_k3
Strain_b_Tension_0.5pct,b,0.5,-0.11246856599999983,-0.07233340374999993,0.0,-0.39641175347357227,56,fixed_k3
Strain_b_Tension_0.5pct,b,0.5,-0.10858994199999983,-0.07233340374999993,0.0,-2.276065695379338,56,fixed_k3
Strain_b_Tension_0.5pct,b,0.5,-0.10471131799999983,-0.07233340374999993,0.0,1.2183186801345414,56,fixed_k3
Strain_b_Tension_0.5pct,b,0.5,-0.10083269399999983,-0.07233340374999993,0.0,2.666351299748322,56,fixed_k3
Strain_b_Tension_0.5pct,b,0.5,-0.09695406999999984,-0.07233340374999993,0.0,1.767351445859793,56,fixed_k3
Strain_b_Tension_0.5pct,b,0.5,-0.09307544599999984,-0.07233340374999993,0.0,-0.13025734926845045,56,fixed_k3
Strain_b_Tension_0.5pct,b,0.5,-0.08919682199999984,-0.07233340374999993,0.0,-1.863823773241049,56,fixed_k3
Strain_b_Tension_0.5pct,b,0.5,-0.08531819799999985,-0.07233340374999993,0.0,-2.9325505421552327,56,fixed_k3
Strain_b_Tension_0.5pct,b,0.5,-0.08143957399999985,-0.07233340374999993,0.0,-3.348367747237317,56,fixed_k3
Strain_b_Tension_0.5pct,b,0.5,-0.07756094999999985,-0.07233340374999993,0.0,-3.327690056930651,56,fixed_k3
Strain_b_Tension_0.5pct,b,0.5,-0.07368232599999985,-0.07233340374999993,0.0,-3.08529623697251,56,fixed_k3
Strain_b_Tension_0.5pct,b,0.5,-0.06980370199999986,-0.07233340374999993,0.0,-2.763891556771228,56,fixed_k3
Strain_b_Tension_0.5pct,b,0.5,-0.06592507799999986,-0.07233340374999993,0.0,-2.4379283337123883,56,fixed_k3
Strain_b_Tension_0.5pct,b,0.5,-0.06204645399999986,-0.07233340374999993,0.0,-2.1379217017528456,56,fixed_k3
Strain_b_Tension_0.5pct,b,0.5,-0.058167829999999865,-0.07233340374999993,0.0,-1.8715880667534497,56,fixed_k3
Strain_b_Tension_0.5pct,b,0.5,-0.05428920599999987,-0.07233340374999993,0.0,-1.6368649613110078,56,fixed_k3
Strain_b_Tension_0.5pct,b,0.5,-0.05041058199999987,-0.07233340374999993,0.0,-1.4285361199131261,56,fixed_k3
Strain_b_Tension_0.5pct,b,0.5,-0.04653195799999987,-0.07233340374999993,0.0,-1.2411005080197623,56,fixed_k3
Strain_b_Tension_0.5pct,b,0.5,-0.042653333999999876,-0.07233340374999993,0.0,-1.06978178181734,56,fixed_k3
Strain_b_Tension_0.5pct,b,0.5,-0.03877470999999988,-0.07233340374999993,0.0,-0.9107494630732225,56,fixed_k3
Strain_b_Tension_0.5pct,b,0.5,-0.03489608599999988,-0.07233340374999993,0.0,-0.7610746001780806,56,fixed_k3
Strain_b_Tension_0.5pct,b,0.5,-0.031017461999999885,-0.07233340374999993,0.0,-0.6186415803301886,56,fixed_k3
Strain_b_Tension_0.5pct,b,0.5,-0.027138837999999887,-0.07233340374999993,0.0,-0.4820897545147387,56,fixed_k3
Strain_b_Tension_0.5pct,b,0.5,-0.02326021399999989,-0.07233340374999993,0.0,-0.3507915021753396,56,fixed_k3
Strain_b_Tension_0.5pct,b,0.5,-0.019381589999999893,-0.07233340374999993,0.0,-0.22484559872272447,56,fixed_k3
Strain_b_Tension_0.5pct,b,0.5,-0.015502965999999896,-0.07233340374999993,0.0,-0.10505567147744488,56,fixed_k3
Strain_b_Tension_0.5pct,b,0.5,-0.011624341999999899,-0.07233340374999993,0.0,0.007135605507758491,56,fixed_k3
Strain_b_Tension_0.5pct,b,0.5,-0.0077457179999999015,-0.07233340374999993,0.0,0.10977828898302056,56,fixed_k3
Strain_b_Tension_0.5pct,b,0.5,-0.0038670939999999043,-0.07233340374999993,0.0,0.20062164985510034,56,fixed_k3
Strain_b_Tension_0.5pct,b,0.5,1.1530000000092855e-05,-0.07233340374999993,0.0,0.27738765289081924,56,fixed_k3
Strain_b_Tension_0.5pct,b,0.5,0.00389015400000009,-0.07233340374999993,0.0,0.33808697158975876,56,fixed_k3
Strain_b_Tension_0.5pct,b,0.5,0.007768778000000087,-0.07233340374999993,0.0,0.38134009611543673,56,fixed_k3
Strain_b_Tension_0.5pct,b,0.5,0.011647402000000084,-0.07233340374999993,0.0,0.4066606256128571,56,fixed_k3
Strain_b_Tension_0.5pct,b,0.5,0.015526026000000082,-0.07233340374999993,0.0,0.4146617744180374,56,fixed_k3
Strain_b_Tension_0.5pct,b,0.5,0.01940465000000008,-0.07233340374999993,0.0,0.40715953208924094,56,fixed_k3
Strain_b_Tension_0.5pct,b,0.5,0.023283274000000076,-0.07233340374999993,0.0,0.38716317225629826,56,fixed_k3
Strain_b_Tension_0.5pct,b,0.5,0.027161898000000073,-0.07233340374999993,0.0,0.35876075641704785,56,fixed_k3
Strain_b_Tension_0.5pct,b,0.5,0.03104052200000007,-0.07233340374999993,0.0,0.3269188428828951,56,fixed_k3
Strain_b_Tension_0.5pct,b,0.5,0.03491914600000007,-0.07233340374999993,0.0,0.2972179274241895,56,fixed_k3
Strain_b_Tension_0.5pct,b,0.5,0.038797770000000065,-0.07233340374999993,0.0,0.2755357031046086,56,fixed_k3
Strain_b_Tension_0.5pct,b,0.5,0.04267639400000006,-0.07233340374999993,0.0,0.2676668333175778,56,fixed_k3
Strain_b_Tension_0.5pct,b,0.5,0.04655501800000006,-0.07233340374999993,0.0,0.2788266511445303,56,fixed_k3
Strain_b_Tension_0.5pct,b,0.5,0.050433642000000056,-0.07233340374999993,0.0,0.3129185554096132,56,fixed_k3
Strain_b_Tension_0.5pct,b,0.5,0.05431226600000005,-0.07233340374999993,0.0,0.3713345200226037,56,fixed_k3
Strain_b_Tension_0.5pct,b,0.5,0.05819089000000005,-0.07233340374999993,0.0,0.45087793822840294,56,fixed_k3
Strain_b_Tension_0.5pct,b,0.5,0.06206951400000005,-0.07233340374999993,0.0,0.5401118437017096,56,fixed_k3
Strain_b_Tension_0.5pct,b,0.5,0.06594813800000005,-0.07233340374999993,0.0,0.6130191824553259,56,fixed_k3
Strain_b_Tension_0.5pct,b,0.5,0.06982676200000004,-0.07233340374999993,0.0,0.6183831140597007,56,fixed_k3
Strain_b_Tension_0.5pct,b,0.5,0.07370538600000004,-0.07233340374999993,0.0,0.46313943729077245,56,fixed_k3
Strain_b_Tension_0.5pct,b,0.5,0.07758401000000004,-0.07233340374999993,0.0,-0.010703150899636027,56,fixed_k3
Strain_b_Tension_0.5pct,b,0.5,0.08146263400000003,-0.07233340374999993,0.0,-1.0506362512162954,56,fixed_k3
Strain_b_Tension_0.5pct,b,0.5,0.08534125800000003,-0.07233340374999993,0.0,-3.0026497518000594,56,fixed_k3
Strain_b_Tension_0.5pct,b,0.5,0.08921988200000003,-0.07233340374999993,0.0,-6.272868538376466,56,fixed_k3
Strain_b_Tension_0.5pct,b,0.5,0.09309850600000003,-0.07233340374999993,0.0,-11.22006331479425,56,fixed_k3
Strain_b_Tension_0.5pct,b,0.5,0.09697713000000002,-0.07233340374999993,0.0,-18.03913836003939,56,fixed_k3
Strain_b_Tension_0.5pct,b,0.5,0.10085575400000002,-0.07233340374999993,0.0,-26.81271233393011,56,fixed_k3
Strain_b_Tension_0.5pct,b,0.5,0.10473437800000002,-0.07233340374999993,0.0,-37.75105704240817,56,fixed_k3
Strain_b_Tension_0.5pct,b,0.5,0.10861300200000001,-0.07233340374999993,0.0,-50.606236745281855,56,fixed_k3
Strain_b_Tension_0.5pct,b,0.5,0.11249162600000001,-0.07233340374999993,0.0,-59.63513605846436,56,fixed_k3
Strain_b_Tension_0.5pct,b,0.5,0.11637025000000001,-0.07233340374999993,0.0,-37.197061817372244,56,fixed_k3
Strain_b_Tension_0.5pct,b,0.5,0.120248874,-0.07233340374999993,0.0,97.10187558600676,56,fixed_k3
Strain_b_Tension_0.5pct,b,0.5,0.124127498,-0.07233340374999993,0.0,235.10814893619843,56,fixed_k3
Strain_b_Tension_0.5pct,b,0.5,0.128006122,-0.07233340374999993,0.0,72.95224185087035,56,fixed_k3
Strain_b_Tension_0.5pct,b,0.5,0.131884746,-0.07233340374999993,0.0,7.141985949467298,56,fixed_k3
Strain_b_Tension_0.5pct,b,0.5,0.13576337,-0.07233340374999993,0.0,-7.244386049120794,56,fixed_k3
Strain_b_Tension_0.5pct,b,0.5,0.139641994,-0.07233340374999993,0.0,-9.973393259879549,56,fixed_k3
Strain_b_Tension_0.5pct,b,0.5,0.143520618,-0.07233340374999993,0.0,-9.894480142737239,56,fixed_k3
Strain_b_Tension_0.5pct,b,0.5,0.14739924199999999,-0.07233340374999993,0.0,-9.1289061952258,56,fixed_k3
Strain_b_Tension_0.5pct,b,0.5,0.15127786599999998,-0.07233340374999993,0.0,-8.24119893143411,56,fixed_k3
Strain_b_Tension_0.5pct,b,0.5,0.15515649,-0.07233340374999993,0.0,-7.382081857761536,56,fixed_k3
Strain_b_Tension_0.5pct,b,0.5,-0.1551334299999998,-0.06904676562499992,0.0,-6.246397439822206,56,fixed_k3
Strain_b_Tension_0.5pct,b,0.5,-0.1512548059999998,-0.06904676562499992,0.0,-6.67626261543268,56,fixed_k3
Strain_b_Tension_0.5pct,b,0.5,-0.1473761819999998,-0.06904676562499992,0.0,-7.075229460388804,56,fixed_k3
Strain_b_Tension_0.5pct,b,0.5,-0.1434975579999998,-0.06904676562499992,0.0,-7.2324135561817045,56,fixed_k3
Strain_b_Tension_0.5pct,b,0.5,-0.1396189339999998,-0.06904676562499992,0.0,-6.3864028249389015,56,fixed_k3
Strain_b_Tension_0.5pct,b,0.5,-0.1357403099999998,-0.06904676562499992,0.0,-1.4561533188971008,56,fixed_k3
Strain_b_Tension_0.5pct,b,0.5,-0.1318616859999998,-0.06904676562499992,0.0,22.530922551129326,56,fixed_k3
Strain_b_Tension_0.5pct,b,0.5,-0.12798306199999981,-0.06904676562499992,0.0,148.72279270765452,56,fixed_k3
Strain_b_Tension_0.5pct,b,0.5,-0.12410443799999982,-0.06904676562499992,0.0,476.1266990550007,56,fixed_k3
Strain_b_Tension_0.5pct,b,0.5,-0.12022581399999982,-0.06904676562499992,0.0,227.48030927587064,56,fixed_k3
Strain_b_Tension_0.5pct,b,0.5,-0.11634718999999982,-0.06904676562499992,0.0,46.57165039265685,56,fixed_k3
Strain_b_Tension_0.5pct,b,0.5,-0.11246856599999983,-0.06904676562499992,0.0,4.766690367962033,56,fixed_k3
Strain_b_Tension_0.5pct,b,0.5,-0.10858994199999983,-0.06904676562499992,0.0,-0.47876582923945565,56,fixed_k3
Strain_b_Tension_0.5pct,b,0.5,-0.10471131799999983,-0.06904676562499992,0.0,1.7724017934628566,56,fixed_k3
Strain_b_Tension_0.5pct,b,0.5,-0.10083269399999983,-0.06904676562499992,0.0,3.1013554264021552,56,fixed_k3
Strain_b_Tension_0.5pct,b,0.5,-0.09695406999999984,-0.06904676562499992,0.0,2.212867845196066,56,fixed_k3
Strain_b_Tension_0.5pct,b,0.5,-0.09307544599999984,-0.06904676562499992,0.0,0.20886788181611315,56,fixed_k3
Strain_b_Tension_0.5pct,b,0.5,-0.08919682199999984,-0.06904676562499992,0.0,-1.663369927717553,56,fixed_k3
Strain_b_Tension_0.5pct,b,0.5,-0.08531819799999985,-0.06904676562499992,0.0,-2.8255671383851917,56,fixed_k3
Strain_b_Tension_0.5pct,b,0.5,-0.08143957399999985,-0.06904676562499992,0.0,-3.283235360584326,56,fixed_k3
Strain_b_Tension_0.5pct,b,0.5,-0.07756094999999985,-0.06904676562499992,0.0,-3.275241648323103,56,fixed_k3
Strain_b_Tension_0.5pct,b,0.5,-0.07368232599999985,-0.06904676562499992,0.0,-3.035498828020131,56,fixed_k3
Strain_b_Tension_0.5pct,b,0.5,-0.06980370199999986,-0.06904676562499992,0.0,-2.7158302109612995,56,fixed_k3
Strain_b_Tension_0.5pct,b,0.5,-0.06592507799999986,-0.06904676562499992,0.0,-2.3932663553164497,56,fixed_k3
Strain_b_Tension_0.5pct,b,0.5,-0.06204645399999986,-0.06904676562499992,0.0,-2.098234344969627,56,fixed_k3
Strain_b_Tension_0.5pct,b,0.5,-0.058167829999999865,-0.06904676562499992,0.0,-1.8377485741072668,56,fixed_k3
Strain_b_Tension_0.5pct,b,0.5,-0.05428920599999987,-0.06904676562499992,0.0,-1.609160541541433,56,fixed_k3
Strain_b_Tension_0.5pct,b,0.5,-0.05041058199999987,-0.06904676562499992,0.0,-1.4069159212805,56,fixed_k3
Strain_b_Tension_0.5pct,b,0.5,-0.04653195799999987,-0.06904676562499992,0.0,-1.2253657506681854,56,fixed_k3
Strain_b_Tension_0.5pct,b,0.5,-0.042653333999999876,-0.06904676562499992,0.0,-1.0596914650669025,56,fixed_k3
Strain_b_Tension_0.5pct,b,0.5,-0.03877470999999988,-0.06904676562499992,0.0,-0.9060620535731441,56,fixed_k3
Strain_b_Tension_0.5pct,b,0.5,-0.03489608599999988,-0.06904676562499992,0.0,-0.7615510997070183,56,fixed_k3
Strain_b_Tension_0.5pct,b,0.5,-0.031017461999999885,-0.06904676562499992,0.0,-0.6240295154681044,56,fixed_k3
Strain_b_Tension_0.5pct,b,0.5,-0.027138837999999887,-0.06904676562499992,0.0,-0.4921011759850913,56,fixed_k3
Strain_b_Tension_0.5pct,b,0.5,-0.02326021399999989,-0.06904676562499992,0.0,-0.36508328226552367,56,fixed_k3
Strain_b_Tension_0.5pct,b,0.5,-0.019381589999999893,-0.06904676562499992,0.0,-0.243006990800823,56,fixed_k3
Strain_b_Tension_0.5pct,b,0.5,-0.015502965999999896,-0.06904676562499992,0.0,-0.1266056391686603,56,fixed_k3
Strain_b_Tension_0.5pct,b,0.5,-0.011624341999999899,-0.06904676562499992,0.0,-0.017259194130192057,56,fixed_k3
Strain_b_Tension_0.5pct,b,0.5,-0.0077457179999999015,-0.06904676562499992,0.0,0.08312853246210317,56,fixed_k3
Strain_b_Tension_0.5pct,b,0.5,-0.0038670939999999043,-0.06904676562499992,0.0,0.17233001776450352,56,fixed_k3
Strain_b_Tension_0.5pct,b,0.5,1.1530000000092855e-05,-0.06904676562499992,0.0,0.24806463677452273,56,fixed_k3
Strain_b_Tension_0.5pct,b,0.5,0.00389015400000009,-0.06904676562499992,0.0,0.3083154079661157,56,fixed_k3
Strain_b_Tension_0.5pct,b,0.5,0.007768778000000087,-0.06904676562499992,0.0,0.35165383689387486,56,fixed_k3
Strain_b_Tension_0.5pct,b,0.5,0.011647402000000084,-0.06904676562499992,0.0,0.3775288264722625,56,fixed_k3
Strain_b_Tension_0.5pct,b,0.5,0.015526026000000082,-0.06904676562499992,0.0,0.386479388008232,56,fixed_k3
Strain_b_Tension_0.5pct,b,0.5,0.01940465000000008,-0.06904676562499992,0.0,0.38024351829252545,56,fixed_k3
Strain_b_Tension_0.5pct,b,0.5,0.023283274000000076,-0.06904676562499992,0.0,0.3617533862543636,56,fixed_k3
Strain_b_Tension_0.5pct,b,0.5,0.027161898000000073,-0.06904676562499992,0.0,0.3350245781786687,56,fixed_k3
Strain_b_Tension_0.5pct,b,0.5,0.03104052200000007,-0.06904676562499992,0.0,0.3049593310464582,56,fixed_k3
Strain_b_Tension_0.5pct,b,0.5,0.03491914600000007,-0.06904676562499992,0.0,0.27708647133294706,56,fixed_k3
Strain_b_Tension_0.5pct,b,0.5,0.038797770000000065,-0.06904676562499992,0.0,0.2572516157832483,56,fixed_k3
Strain_b_Tension_0.5pct,b,0.5,0.04267639400000006,-0.06904676562499992,0.0,0.2512478053124676,56,fixed_k3
Strain_b_Tension_0.5pct,b,0.5,0.04655501800000006,-0.06904676562499992,0.0,0.26433488928750415,56,fixed_k3
Strain_b_Tension_0.5pct,b,0.5,0.050433642000000056,-0.06904676562499992,0.0,0.3005262198831158,56,fixed_k3
Strain_b_Tension_0.5pct,b,0.5,0.05431226600000005,-0.06904676562499992,0.0,0.36140474206460027,56,fixed_k3
Strain_b_Tension_0.5pct,b,0.5,0.05819089000000005,-0.06904676562499992,0.0,0.44403457534724167,56,fixed_k3
Strain_b_Tension_0.5pct,b,0.5,0.06206951400000005,-0.06904676562499992,0.0,0.5372106994942207,56,fixed_k3
Strain_b_Tension_0.5pct,b,0.5,0.06594813800000005,-0.06904676562499992,0.0,0.6147928993684757,56,fixed_k3
Strain_b_Tension_0.5pct,b,0.5,0.06982676200000004,-0.06904676562499992,0.0,0.6242423769219372,56,fixed_k3
Strain_b_Tension_0.5pct,b,0.5,0.07370538600000004,-0.06904676562499992,0.0,0.4681206855681923,56,fixed_k3
Strain_b_Tension_0.5pct,b,0.5,0.07758401000000004,-0.06904676562499992,0.0,-0.022357443553007394,56,fixed_k3
Strain_b_Tension_0.5pct,b,0.5,0.08146263400000003,-0.06904676562499992,0.0,-1.1161171024215946,56,fixed_k3
Strain_b_Tension_0.5pct,b,0.5,0.08534125800000003,-0.06904676562499992,0.0,-3.1908498198943462,56,fixed_k3
Strain_b_Tension_0.5pct,b,0.5,0.08921988200000003,-0.06904676562499992,0.0,-6.673211454258691,56,fixed_k3
Strain_b_Tension_0.5pct,b,0.5,0.09309850600000003,-0.06904676562499992,0.0,-11.861444270316028,56,fixed_k3
Strain_b_Tension_0.5pct,b,0.5,0.09697713000000002,-0.06904676562499992,0.0,-18.681073990191216,56,fixed_k3
Strain_b_Tension_0.5pct,b,0.5,0.10085575400000002,-0.06904676562499992,0.0,-26.60413914394924,56,fixed_k3
Strain_b_Tension_0.5pct,b,0.5,0.10473437800000002,-0.06904676562499992,0.0,-34.825153540187635,56,fixed_k3
Strain_b_Tension_0.5pct,b,0.5,0.10861300200000001,-0.06904676562499992,0.0,-41.78629816546409,56,fixed_k3
Strain_b_Tension_0.5pct,b,0.5,0.11249162600000001,-0.06904676562499992,0.0,-41.43863685624214,56,fixed_k3
Strain_b_Tension_0.5pct,b,0.5,0.11637025000000001,-0.06904676562499992,0.0,-10.008922467871948,56,fixed_k3
Strain_b_Tension_0.5pct,b,0.5,0.120248874,-0.06904676562499992,0.0,150.63286563425405,56,fixed_k3
Strain_b_Tension_0.5pct,b,0.5,0.124127498,-0.06904676562499992,0.0,422.1816811984415,56,fixed_k3
Strain_b_Tension_0.5pct,b,0.5,0.128006122,-0.06904676562499992,0.0,121.14772496079722,56,fixed_k3
Strain_b_Tension_0.5pct,b,0.5,0.131884746,-0.06904676562499992,0.0,16.064362183648033,56,fixed_k3
Strain_b_Tension_0.5pct,b,0.5,0.13576337,-0.06904676562499992,0.0,-4.347879783842855,56,fixed_k3
Strain_b_Tension_0.5pct,b,0.5,0.139641994,-0.06904676562499992,0.0,-8.60556550938476,56,fixed_k3
Strain_b_Tension_0.5pct,b,0.5,0.143520618,-0.06904676562499992,0.0,-9.100445238505527,56,fixed_k3
Strain_b_Tension_0.5pct,b,0.5,0.14739924199999999,-0.06904676562499992,0.0,-8.606261997737901,56,fixed_k3
Strain_b_Tension_0.5pct,b,0.5,0.15127786599999998,-0.06904676562499992,0.0,-7.868061121667537,56,fixed_k3
Strain_b_Tension_0.5pct,b,0.5,0.15515649,-0.06904676562499992,0.0,-7.102279311155991,56,fixed_k3
Strain_b_Tension_0.5pct,b,0.5,-0.1551334299999998,-0.06576012749999993,0.0,-6.019860880995391,56,fixed_k3
Strain_b_Tension_0.5pct,b,0.5,-0.1512548059999998,-0.06576012749999993,0.0,-6.379326559636802,56,fixed_k3
Strain_b_Tension_0.5pct,b,0.5,-0.1473761819999998,-0.06576012749999993,0.0,-6.651405439290581,56,fixed_k3
Strain_b_Tension_0.5pct,b,0.5,-0.1434975579999998,-0.06576012749999993,0.0,-6.553783263364204,56,fixed_k3
Strain_b_Tension_0.5pct,b,0.5,-0.1396189339999998,-0.06576012749999993,0.0,-5.105195539660721,56,fixed_k3
Strain_b_Tension_0.5pct,b,0.5,-0.1357403099999998,-0.06576012749999993,0.0,1.6969969440905839,56,fixed_k3
Strain_b_Tension_0.5pct,b,0.5,-0.1318616859999998,-0.06576012749999993,0.0,34.853183203165855,56,fixed_k3
Strain_b_Tension_0.5pct,b,0.5,-0.12798306199999981,-0.06576012749999993,0.0,239.80225017909896,56,fixed_k3
Strain_b_Tension_0.5pct,b,0.5,-0.12410443799999982,-0.06576012749999993,0.0,810.3730939037303,56,fixed_k3
Strain_b_Tension_0.5pct,b,0.5,-0.12022581399999982,-0.06576012749999993,0.0,257.3011867347877,56,fixed_k3
Strain_b_Tension_0.5pct,b,0.5,-0.11634718999999982,-0.06576012749999993,0.0,49.606975126341894,56,fixed_k3
Strain_b_Tension_0.5pct,b,0.5,-0.11246856599999983,-0.06576012749999993,0.0,7.2459930843598155,56,fixed_k3
Strain_b_Tension_0.5pct,b,0.5,-0.10858994199999983,-0.06576012749999993,0.0,0.5228980905013314,56,fixed_k3
Strain_b_Tension_0.5pct,b,0.5,-0.10471131799999983,-0.06576012749999993,0.0,2.0626925674446466,56,fixed_k3
Strain_b_Tension_0.5pct,b,0.5,-0.10083269399999983,-0.06576012749999993,0.0,3.421640647341702,56,fixed_k3
Strain_b_Tension_0.5pct,b,0.5,-0.09695406999999984,-0.06576012749999993,0.0,2.6221042221321658,56,fixed_k3
Strain_b_Tension_0.5pct,b,0.5,-0.09307544599999984,-0.06576012749999993,0.0,0.5443148356915004,56,fixed_k3
Strain_b_Tension_0.5pct,b,0.5,-0.08919682199999984,-0.06576012749999993,0.0,-1.4613566651504222,56,fixed_k3
Strain_b_Tension_0.5pct,b,0.5,-0.08531819799999985,-0.06576012749999993,0.0,-2.7185917497008436,56,fixed_k3
Strain_b_Tension_0.5pct,b,0.5,-0.08143957399999985,-0.06576012749999993,0.0,-3.21902002391853,56,fixed_k3
Strain_b_Tension_0.5pct,b,0.5,-0.07756094999999985,-0.06576012749999993,0.0,-3.223599862798938,56,fixed_k3
Strain_b_Tension_0.5pct,b,0.5,-0.07368232599999985,-0.06576012749999993,0.0,-2.9860809859123796,56,fixed_k3
Strain_b_Tension_0.5pct,b,0.5,-0.06980370199999986,-0.06576012749999993,0.0,-2.6677066357499615,56,fixed_k3
Strain_b_Tension_0.5pct,b,0.5,-0.06592507799999986,-0.06576012749999993,0.0,-2.348135536690194,56,fixed_k3
Strain_b_Tension_0.5pct,b,0.5,-0.06204645399999986,-0.06576012749999993,0.0,-2.057707475008725,56,fixed_k3
Strain_b_Tension_0.5pct,b,0.5,-0.058167829999999865,-0.06576012749999993,0.0,-1.8027425794338452,56,fixed_k3
Strain_b_Tension_0.5pct,b,0.5,-0.05428920599999987,-0.06576012749999993,0.0,-1.580018236374881,56,fixed_k3
Strain_b_Tension_0.5pct,b,0.5,-0.05041058199999987,-0.06576012749999993,0.0,-1.3836495688801693,56,fixed_k3
Strain_b_Tension_0.5pct,b,0.5,-0.04653195799999987,-0.06576012749999993,0.0,-1.2078400238897051,56,fixed_k3
Strain_b_Tension_0.5pct,b,0.5,-0.042653333999999876,-0.06576012749999993,0.0,-1.0477232367844982,56,fixed_k3
Strain_b_Tension_0.5pct,b,0.5,-0.03877470999999988,-0.06576012749999993,0.0,-0.8994585766583949,56,fixed_k3
Strain_b_Tension_0.5pct,b,0.5,-0.03489608599999988,-0.06576012749999993,0.0,-0.76011167917639,56,fixed_k3
Strain_b_Tension_0.5pct,b,0.5,-0.031017461999999885,-0.06576012749999993,0.0,-0.6275295252662096,56,fixed_k3
Strain_b_Tension_0.5pct,b,0.5,-0.027138837999999887,-0.06576012749999993,0.0,-0.5002708870278967,56,fixed_k3
Strain_b_Tension_0.5pct,b,0.5,-0.02326021399999989,-0.06576012749999993,0.0,-0.3775893593270512,56,fixed_k3
Strain_b_Tension_0.5pct,b,0.5,-0.019381589999999893,-0.06576012749999993,0.0,-0.25944136648196103,56,fixed_k3
Strain_b_Tension_0.5pct,b,0.5,-0.015502965999999896,-0.06576012749999993,0.0,-0.14648413953787198,56,fixed_k3
Strain_b_Tension_0.5pct,b,0.5,-0.011624341999999899,-0.06576012749999993,0.0,-0.040030339596059505,56,fixed_k3
Strain_b_Tension_0.5pct,b,0.5,-0.0077457179999999015,-0.06576012749999993,0.0,0.058065834138532724,56,fixed_k3
Strain_b_Tension_0.5pct,b,0.5,-0.0038670939999999043,-0.06576012749999993,0.0,0.14560253766771014,56,fixed_k3
Strain_b_Tension_0.5pct,b,0.5,1.1530000000092855e-05,-0.06576012749999993,0.0,0.2202981275132303,56,fixed_k3
Strain_b_Tension_0.5pct,b,0.5,0.00389015400000009,-0.06576012749999993,0.0,0.2801087345345996,56,fixed_k3
Strain_b_Tension_0.5pct,b,0.5,0.007768778000000087,-0.06576012749999993,0.0,0.3235569184908995,56,fixed_k3
Strain_b_Tension_0.5pct,b,0.5,0.011647402000000084,-0.06576012749999993,0.0,0.3500262359481856,56,fixed_k3
Strain_b_Tension_0.5pct,b,0.5,0.015526026000000082,-0.06576012749999993,0.0,0.3599801496687003,56,fixed_k3
Strain_b_Tension_0.5pct,b,0.5,0.01940465000000008,-0.06576012749999993,0.0,0.3550765656884234,56,fixed_k3
Strain_b_Tension_0.5pct,b,0.5,0.023283274000000076,-0.06576012749999993,0.0,0.3381675912009041,56,fixed_k3
Strain_b_Tension_0.5pct,b,0.5,0.027161898000000073,-0.06576012749999993,0.0,0.31319236862414845,56,fixed_k3
Strain_b_Tension_0.5pct,b,0.5,0.03104052200000007,-0.06576012749999993,0.0,0.2849836384288629,56,fixed_k3
Strain_b_Tension_0.5pct,b,0.5,0.03491914600000007,-0.06576012749999993,0.0,0.2590119469051966,56,fixed_k3
Strain_b_Tension_0.5pct,b,0.5,0.038797770000000065,-0.06576012749999993,0.0,0.24108255477786056,56,fixed_k3
Strain_b_Tension_0.5pct,b,0.5,0.04267639400000006,-0.06576012749999993,0.0,0.2369767882295204,56,fixed_k3
Strain_b_Tension_0.5pct,b,0.5,0.04655501800000006,-0.06576012749999993,0.0,0.25198728737227527,56,fixed_k3
Strain_b_Tension_0.5pct,b,0.5,0.050433642000000056,-0.06576012749999993,0.0,0.29022500627426195,56,fixed_k3
Strain_b_Tension_0.5pct,b,0.5,0.05431226600000005,-0.06576012749999993,0.0,0.3534536787929601,56,fixed_k3
Strain_b_Tension_0.5pct,b,0.5,0.05819089000000005,-0.06576012749999993,0.0,0.4389962598408299,56,fixed_k3
Strain_b_Tension_0.5pct,b,0.5,0.06206951400000005,-0.06576012749999993,0.0,0.5358972079518765,56,fixed_k3
Strain_b_Tension_0.5pct,b,0.5,0.06594813800000005,-0.06576012749999993,0.0,0.6179455148573056,56,fixed_k3
Strain_b_Tension_0.5pct,b,0.5,0.06982676200000004,-0.06576012749999993,0.0,0.631375974377753,56,fixed_k3
Strain_b_Tension_0.5pct,b,0.5,0.07370538600000004,-0.06576012749999993,0.0,0.47447707528938277,56,fixed_k3
Strain_b_Tension_0.5pct,b,0.5,0.07758401000000004,-0.06576012749999993,0.0,-0.032377302251901385,56,fixed_k3
Strain_b_Tension_0.5pct,b,0.5,0.08146263400000003,-0.06576012749999993,0.0,-1.179957257274747,56,fixed_k3
Strain_b_Tension_0.5pct,b,0.5,0.08534125800000003,-0.06576012749999993,0.0,-3.3777638347115113,56,fixed_k3
Strain_b_Tension_0.5pct,b,0.5,0.08921988200000003,-0.06576012749999993,0.0,-7.067718761874044,56,fixed_k3
Strain_b_Tension_0.5pct,b,0.5,0.09309850600000003,-0.06576012749999993,0.0,-12.46286281237215,56,fixed_k3
Strain_b_Tension_0.5pct,b,0.5,0.09697713000000002,-0.06576012749999993,0.0,-19.16666395673722,56,fixed_k3
Strain_b_Tension_0.5pct,b,0.5,0.10085575400000002,-0.06576012749999993,0.0,-26.029276731873516,56,fixed_k3
Strain_b_Tension_0.5pct,b,0.5,0.10473437800000002,-0.06576012749999993,0.0,-31.506743269591013,56,fixed_k3
Strain_b_Tension_0.5pct,b,0.5,0.10861300200000001,-0.06576012749999993,0.0,-33.6372900057666,56,fixed_k3
Strain_b_Tension_0.5pct,b,0.5,0.11249162600000001,-0.06576012749999993,0.0,-27.233906277367666,56,fixed_k3
Strain_b_Tension_0.5pct,b,0.5,0.11637025000000001,-0.06576012749999993,0.0,8.338043425168017,56,fixed_k3
Strain_b_Tension_0.5pct,b,0.5,0.120248874,-0.06576012749999993,0.0,187.90624410869182,56,fixed_k3
Strain_b_Tension_0.5pct,b,0.5,0.124127498,-0.06576012749999993,0.0,761.2645740346904,56,fixed_k3
Strain_b_Tension_0.5pct,b,0.5,0.128006122,-0.06576012749999993,0.0,198.41225483255653,56,fixed_k3
Strain_b_Tension_0.5pct,b,0.5,0.131884746,-0.06576012749999993,0.0,26.45184216846852,56,fixed_k3
Strain_b_Tension_0.5pct,b,0.5,0.13576337,-0.06576012749999993,0.0,-1.3985930436103666,56,fixed_k3
Strain_b_Tension_0.5pct,b,0.5,0.139641994,-0.06576012749999993,0.0,-7.247912972066682,56,fixed_k3
Strain_b_Tension_0.5pct,b,0.5,0.143520618,-0.06576012749999993,0.0,-8.300159098629974,56,fixed_k3
Strain_b_Tension_0.5pct,b,0.5,0.14739924199999999,-0.06576012749999993,0.0,-8.065523293868837,56,fixed_k3
Strain_b_Tension_0.5pct,b,0.5,0.15127786599999998,-0.06576012749999993,0.0,-7.471110226042702,56,fixed_k3
Strain_b_Tension_0.5pct,b,0.5,0.15515649,-0.06576012749999993,0.0,-6.796038026968073,56,fixed_k3
Strain_b_Tension_0.5pct,b,0.5,-0.1551334299999998,-0.06247348937499994,0.0,-5.793344504786613,56,fixed_k3
Strain_b_Tension_0.5pct,b,0.5,-0.1512548059999998,-0.06247348937499994,0.0,-6.084577350924331,56,fixed_k3
Strain_b_Tension_0.5pct,b,0.5,-0.1473761819999998,-0.06247348937499994,0.0,-6.234352247367318,56,fixed_k3
Strain_b_Tension_0.5pct,b,0.5,-0.1434975579999998,-0.06247348937499994,0.0,-5.890122442789683,56,fixed_k3
Strain_b_Tension_0.5pct,b,0.5,-0.1396189339999998,-0.06247348937499994,0.0,-3.84117903355607,56,fixed_k3
Strain_b_Tension_0.5pct,b,0.5,-0.1357403099999998,-0.06247348937499994,0.0,4.985646428647902,56,fixed_k3
Strain_b_Tension_0.5pct,b,0.5,-0.1318616859999998,-0.06247348937499994,0.0,49.97893178353622,56,fixed_k3
Strain_b_Tension_0.5pct,b,0.5,-0.12798306199999981,-0.06247348937499994,0.0,400.319400338263,56,fixed_k3
Strain_b_Tension_0.5pct,b,0.5,-0.12410443799999982,-0.06247348937499994,0.0,1378.217650281387,56,fixed_k3
Strain_b_Tension_0.5pct,b,0.5,-0.12022581399999982,-0.06247348937499994,0.0,259.8319021743707,56,fixed_k3
Strain_b_Tension_0.5pct,b,0.5,-0.11634718999999982,-0.06247348937499994,0.0,47.43123324858778,56,fixed_k3
Strain_b_Tension_0.5pct,b,0.5,-0.11246856599999983,-0.06247348937499994,0.0,7.804780695322522,56,fixed_k3
Strain_b_Tension_0.5pct,b,0.5,-0.10858994199999983,-0.06247348937499994,0.0,0.8383507013923743,56,fixed_k3
Strain_b_Tension_0.5pct,b,0.5,-0.10471131799999983,-0.06247348937499994,0.0,2.0865998066403644,56,fixed_k3
Strain_b_Tension_0.5pct,b,0.5,-0.10083269399999983,-0.06247348937499994,0.0,3.616676282893985,56,fixed_k3
Strain_b_Tension_0.5pct,b,0.5,-0.09695406999999984,-0.06247348937499994,0.0,2.989816790369855,56,fixed_k3
Strain_b_Tension_0.5pct,b,0.5,-0.09307544599999984,-0.06247348937499994,0.0,0.8764982437477382,56,fixed_k3
Strain_b_Tension_0.5pct,b,0.5,-0.08919682199999984,-0.06247348937499994,0.0,-1.2555631718779785,56,fixed_k3
Strain_b_Tension_0.5pct,b,0.5,-0.08531819799999985,-0.06247348937499994,0.0,-2.6096510169315965,56,fixed_k3
Strain_b_Tension_0.5pct,b,0.5,-0.08143957399999985,-0.06247348937499994,0.0,-3.15438834190547,56,fixed_k3
Strain_b_Tension_0.5pct,b,0.5,-0.07756094999999985,-0.06247348937499994,0.0,-3.1719573558310046,56,fixed_k3
Strain_b_Tension_0.5pct,b,0.5,-0.07368232599999985,-0.06247348937499994,0.0,-2.9365818174959113,56,fixed_k3
Strain_b_Tension_0.5pct,b,0.5,-0.06980370199999986,-0.06247348937499994,0.0,-2.6192629362649034,56,fixed_k3
Strain_b_Tension_0.5pct,b,0.5,-0.06592507799999986,-0.06247348937499994,0.0,-2.3023873599896336,56,fixed_k3
Strain_b_Tension_0.5pct,b,0.5,-0.06204645399999986,-0.06247348937499994,0.0,-2.016248133850131,56,fixed_k3
Strain_b_Tension_0.5pct,b,0.5,-0.058167829999999865,-0.06247348937499994,0.0,-1.766504353868117,56,fixed_k3
Strain_b_Tension_0.5pct,b,0.5,-0.05428920599999987,-0.06247348937499994,0.0,-1.549385386959123,56,fixed_k3
Strain_b_Tension_0.5pct,b,0.5,-0.05041058199999987,-0.06247348937499994,0.0,-1.3586904509572337,56,fixed_k3
Strain_b_Tension_0.5pct,b,0.5,-0.04653195799999987,-0.06247348937499994,0.0,-1.188479087104757,56,fixed_k3
Strain_b_Tension_0.5pct,b,0.5,-0.042653333999999876,-0.06247348937499994,0.0,-1.0338330567264844,56,fixed_k3
Strain_b_Tension_0.5pct,b,0.5,-0.03877470999999988,-0.06247348937499994,0.0,-0.8908937091558122,56,fixed_k3
Strain_b_Tension_0.5pct,b,0.5,-0.03489608599999988,-0.06247348937499994,0.0,-0.7567086111304049,56,fixed_k3
Strain_b_Tension_0.5pct,b,0.5,-0.031017461999999885,-0.06247348937499994,0.0,-0.6290906090228616,56,fixed_k3
Strain_b_Tension_0.5pct,b,0.5,-0.027138837999999887,-0.06247348937499994,0.0,-0.5065439693177194,56,fixed_k3
Strain_b_Tension_0.5pct,b,0.5,-0.02326021399999989,-0.06247348937499994,0.0,-0.38825046849068245,56,fixed_k3
Strain_b_Tension_0.5pct,b,0.5,-0.019381589999999893,-0.06247348937499994,0.0,-0.27408488244035123,56,fixed_k3
Strain_b_Tension_0.5pct,b,0.5,-0.015502965999999896,-0.06247348937499994,0.0,-0.16462267831157473,56,fixed_k3
Strain_b_Tension_0.5pct,b,0.5,-0.011624341999999899,-0.06247348937499994,0.0,-0.061104716526606984,56,fixed_k3
Strain_b_Tension_0.5pct,b,0.5,-0.0077457179999999015,-0.06247348937499994,0.0,0.03466786153166668,56,fixed_k3
Strain_b_Tension_0.5pct,b,0.5,-0.0038670939999999043,-0.06247348937499994,0.0,0.12052139473138723,56,fixed_k3
Strain_b_Tension_0.5pct,b,0.5,1.1530000000092855e-05,-0.06247348937499994,0.0,0.19417487989742366,56,fixed_k3
Strain_b_Tension_0.5pct,b,0.5,0.00389015400000009,-0.06247348937499994,0.0,0.2535584504704873,56,fixed_k3
Strain_b_Tension_0.5pct,b,0.5,0.007768778000000087,-0.06247348937499994,0.0,0.2971458921295449,56,fixed_k3
Strain_b_Tension_0.5pct,b,0.5,0.011647402000000084,-0.06247348937499994,0.0,0.3242548845099067,56,fixed_k3
Strain_b_Tension_0.5pct,b,0.5,0.015526026000000082,-0.06247348937499994,0.0,0.33527208648369067,56,fixed_k3
Strain_b_Tension_0.5pct,b,0.5,0.01940465000000008,-0.06247348937499994,0.0,0.33177327145322955,56,fixed_k3
Strain_b_Tension_0.5pct,b,0.5,0.023283274000000076,-0.06247348937499994,0.0,0.3165275576831532,56,fixed_k3
Strain_b_Tension_0.5pct,b,0.5,0.027161898000000073,-0.06247348937499994,0.0,0.29339369756561107,56,fixed_k3
Strain_b_Tension_0.5pct,b,0.5,0.03104052200000007,-0.06247348937499994,0.0,0.26712980211856596,56,fixed_k3
Strain_b_Tension_0.5pct,b,0.5,0.03491914600000007,-0.06247348937499994,0.0,0.24314162060074374,56,fixed_k3
Strain_b_Tension_0.5pct,b,0.5,0.038797770000000065,-0.06247348937499994,0.0,0.22718595876438918,56,fixed_k3
Strain_b_Tension_0.5pct,b,0.5,0.04267639400000006,-0.06247348937499994,0.0,0.22502264194350685,56,fixed_k3
Strain_b_Tension_0.5pct,b,0.5,0.04655501800000006,-0.06247348937499994,0.0,0.24196585820830552,56,fixed_k3
Strain_b_Tension_0.5pct,b,0.5,0.050433642000000056,-0.06247348937499994,0.0,0.28221256639955183,56,fixed_k3
Strain_b_Tension_0.5pct,b,0.5,0.05431226600000005,-0.06247348937499994,0.0,0.34769836745996185,56,fixed_k3
Strain_b_Tension_0.5pct,b,0.5,0.05819089000000005,-0.06247348937499994,0.0,0.43600557202874635,56,fixed_k3
Strain_b_Tension_0.5pct,b,0.5,0.06206951400000005,-0.06247348937499994,0.0,0.5364509729204325,56,fixed_k3
Strain_b_Tension_0.5pct,b,0.5,0.06594813800000005,-0.06247348937499994,0.0,0.62281789553986,56,fixed_k3
Strain_b_Tension_0.5pct,b,0.5,0.06982676200000004,-0.06247348937499994,0.0,0.6402410048418208,56,fixed_k3
Strain_b_Tension_0.5pct,b,0.5,0.07370538600000004,-0.06247348937499994,0.0,0.48290677461942333,56,fixed_k3
Strain_b_Tension_0.5pct,b,0.5,0.07758401000000004,-0.06247348937499994,0.0,-0.03955547137529036,56,fixed_k3
Strain_b_Tension_0.5pct,b,0.5,0.08146263400000003,-0.06247348937499994,0.0,-1.239911831826485,56,fixed_k3
Strain_b_Tension_0.5pct,b,0.5,0.08534125800000003,-0.06247348937499994,0.0,-3.559119386939714,56,fixed_k3
Strain_b_Tension_0.5pct,b,0.5,0.08921988200000003,-0.06247348937499994,0.0,-7.448202435090875,56,fixed_k3
Strain_b_Tension_0.5pct,b,0.5,0.09309850600000003,-0.06247348937499994,0.0,-13.00964239416291,56,fixed_k3
Strain_b_Tension_0.5pct,b,0.5,0.09697713000000002,-0.06247348937499994,0.0,-19.481187983267475,56,fixed_k3
Strain_b_Tension_0.5pct,b,0.5,0.10085575400000002,-0.06247348937499994,0.0,-25.125620593536226,56,fixed_k3
Strain_b_Tension_0.5pct,b,0.5,0.10473437800000002,-0.06247348937499994,0.0,-27.992139744989295,56,fixed_k3
Strain_b_Tension_0.5pct,b,0.5,0.10861300200000001,-0.06247348937499994,0.0,-26.400976498984974,56,fixed_k3
Strain_b_Tension_0.5pct,b,0.5,0.11249162600000001,-0.06247348937499994,0.0,-16.49732164552362,56,fixed_k3
Strain_b_Tension_0.5pct,b,0.5,0.11637025000000001,-0.06247348937499994,0.0,19.370504036143764,56,fixed_k3
Strain_b_Tension_0.5pct,b,0.5,0.120248874,-0.06247348937499994,0.0,200.33993523448433,56,fixed_k3
Strain_b_Tension_0.5pct,b,0.5,0.124127498,-0.06247348937499994,0.0,1355.2132122466494,56,fixed_k3
Strain_b_Tension_0.5pct,b,0.5,0.128006122,-0.06247348937499994,0.0,335.5511026905058,56,fixed_k3
Strain_b_Tension_0.5pct,b,0.5,0.131884746,-0.06247348937499994,0.0,39.03008024233434,56,fixed_k3
Strain_b_Tension_0.5pct,b,0.5,0.13576337,-0.06247348937499994,0.0,1.6385884693079376,56,fixed_k3
Strain_b_Tension_0.5pct,b,0.5,0.139641994,-0.06247348937499994,0.0,-5.903770454649945,56,fixed_k3
Strain_b_Tension_0.5pct,b,0.5,0.143520618,-0.06247348937499994,0.0,-7.4995706415329515,56,fixed_k3
Strain_b_Tension_0.5pct,b,0.5,0.14739924199999999,-0.06247348937499994,0.0,-7.511712605929531,56,fixed_k3
Strain_b_Tension_0.5pct,b,0.5,0.15127786599999998,-0.06247348937499994,0.0,-7.05434846982471,56,fixed_k3
Strain_b_Tension_0.5pct,b,0.5,0.15515649,-0.06247348937499994,0.0,-6.466671536762449,56,fixed_k3
Strain_b_Tension_0.5pct,b,0.5,-0.1551334299999998,-0.059186851249999936,0.0,-5.565675719417743,56,fixed_k3
Strain_b_Tension_0.5pct,b,0.5,-0.1512548059999998,-0.059186851249999936,0.0,-5.791477394127666,56,fixed_k3
Strain_b_Tension_0.5pct,b,0.5,-0.1473761819999998,-0.059186851249999936,0.0,-5.824738721001791,56,fixed_k3
Strain_b_Tension_0.5pct,b,0.5,-0.1434975579999998,-0.059186851249999936,0.0,-5.244169458353616,56,fixed_k3
Strain_b_Tension_0.5pct,b,0.5,-0.1396189339999998,-0.059186851249999936,0.0,-2.598756040513913,56,fixed_k3
Strain_b_Tension_0.5pct,b,0.5,-0.1357403099999998,-0.059186851249999936,0.0,8.437050498196369,56,fixed_k3
Strain_b_Tension_0.5pct,b,0.5,-0.1318616859999998,-0.059186851249999936,0.0,69.06136243161632,56,fixed_k3
Strain_b_Tension_0.5pct,b,0.5,-0.12798306199999981,-0.059186851249999936,0.0,716.7715550814477,56,fixed_k3
Strain_b_Tension_0.5pct,b,0.5,-0.12410443799999982,-0.059186851249999936,0.0,2157.151321416588,56,fixed_k3
Strain_b_Tension_0.5pct,b,0.5,-0.12022581399999982,-0.059186851249999936,0.0,235.57044900832418,56,fixed_k3
Strain_b_Tension_0.5pct,b,0.5,-0.11634718999999982,-0.059186851249999936,0.0,42.02482810737973,56,fixed_k3
Strain_b_Tension_0.5pct,b,0.5,-0.11246856599999983,-0.059186851249999936,0.0,7.112078394464995,56,fixed_k3
Strain_b_Tension_0.5pct,b,0.5,-0.10858994199999983,-0.059186851249999936,0.0,0.6238760665345366,56,fixed_k3
Strain_b_Tension_0.5pct,b,0.5,-0.10471131799999983,-0.059186851249999936,0.0,1.8677136096599853,56,fixed_k3
Strain_b_Tension_0.5pct,b,0.5,-0.10083269399999983,-0.059186851249999936,0.0,3.684117576671164,56,fixed_k3
Strain_b_Tension_0.5pct,b,0.5,-0.09695406999999984,-0.059186851249999936,0.0,3.3124552954066364,56,fixed_k3
Strain_b_Tension_0.5pct,b,0.5,-0.09307544599999984,-0.059186851249999936,0.0,1.2061468603617007,56,fixed_k3
Strain_b_Tension_0.5pct,b,0.5,-0.08919682199999984,-0.059186851249999936,0.0,-1.043558905721769,56,fixed_k3
Strain_b_Tension_0.5pct,b,0.5,-0.08531819799999985,-0.059186851249999936,0.0,-2.496605920076588,56,fixed_k3
Strain_b_Tension_0.5pct,b,0.5,-0.08143957399999985,-0.059186851249999936,0.0,-3.0879114385155333,56,fixed_k3
Strain_b_Tension_0.5pct,b,0.5,-0.07756094999999985,-0.059186851249999936,0.0,-3.1194663410098995,56,fixed_k3
Strain_b_Tension_0.5pct,b,0.5,-0.07368232599999985,-0.059186851249999936,0.0,-2.886531254705371,56,fixed_k3
Strain_b_Tension_0.5pct,b,0.5,-0.06980370199999986,-0.059186851249999936,0.0,-2.5702470950023475,56,fixed_k3
Strain_b_Tension_0.5pct,b,0.5,-0.06592507799999986,-0.059186851249999936,0.0,-2.2558860466572535,56,fixed_k3
Strain_b_Tension_0.5pct,b,0.5,-0.06204645399999986,-0.059186851249999936,0.0,-1.973779380384705,56,fixed_k3
Strain_b_Tension_0.5pct,b,0.5,-0.058167829999999865,-0.059186851249999936,0.0,-1.7289858931054858,56,fixed_k3
Strain_b_Tension_0.5pct,b,0.5,-0.05428920599999987,-0.059186851249999936,0.0,-1.5172279539950875,56,fixed_k3
Strain_b_Tension_0.5pct,b,0.5,-0.05041058199999987,-0.059186851249999936,0.0,-1.3320109420577015,56,fixed_k3
Strain_b_Tension_0.5pct,b,0.5,-0.04653195799999987,-0.059186851249999936,0.0,-1.1672576643172712,56,fixed_k3
Strain_b_Tension_0.5pct,b,0.5,-0.042653333999999876,-0.059186851249999936,0.0,-1.0179955413665667,56,fixed_k3
Strain_b_Tension_0.5pct,b,0.5,-0.03877470999999988,-0.059186851249999936,0.0,-0.8803402809247023,56,fixed_k3
Strain_b_Tension_0.5pct,b,0.5,-0.03489608599999988,-0.059186851249999936,0.0,-0.7513117022915623,56,fixed_k3
Strain_b_Tension_0.5pct,b,0.5,-0.031017461999999885,-0.059186851249999936,0.0,-0.628678635561094,56,fixed_k3
Strain_b_Tension_0.5pct,b,0.5,-0.027138837999999887,-0.059186851249999936,0.0,-0.5108817209698502,56,fixed_k3
Strain_b_Tension_0.5pct,b,0.5,-0.02326021399999989,-0.059186851249999936,0.0,-0.39702296550636706,56,fixed_k3
Strain_b_Tension_0.5pct,b,0.5,-0.019381589999999893,-0.059186851249999936,0.0,-0.2868888123141924,56,fixed_k3
Strain_b_Tension_0.5pct,b,0.5,-0.015502965999999896,-0.059186851249999936,0.0,-0.1809674917659887,56,fixed_k3
Strain_b_Tension_0.5pct,b,0.5,-0.011624341999999899,-0.059186851249999936,0.0,-0.08042368816207324,56,fixed_k3
Strain_b_Tension_0.5pct,b,0.5,-0.0077457179999999015,-0.059186851249999936,0.0,0.012997915575009067,56,fixed_k3
Strain_b_Tension_0.5pct,b,0.5,-0.0038670939999999043,-0.059186851249999936,0.0,0.09715437454984555,56,fixed_k3
Strain_b_Tension_0.5pct,b,0.5,1.1530000000092855e-05,-0.059186851249999936,0.0,0.16976707469834684,56,fixed_k3
Strain_b_Tension_0.5pct,b,0.5,0.00389015400000009,-0.059186851249999936,0.0,0.22874117017257944,56,fixed_k3
Strain_b_Tension_0.5pct,b,0.5,0.007768778000000087,-0.059186851249999936,0.0,0.2725019829826376,56,fixed_k3
Strain_b_Tension_0.5pct,b,0.5,0.011647402000000084,-0.059186851249999936,0.0,0.300300909780973,56,fixed_k3
Strain_b_Tension_0.5pct,b,0.5,0.015526026000000082,-0.059186851249999936,0.0,0.312446643873741,56,fixed_k3
Strain_b_Tension_0.5pct,b,0.5,0.01940465000000008,-0.059186851249999936,0.0,0.3104308424896398,56,fixed_k3
Strain_b_Tension_0.5pct,b,0.5,0.023283274000000076,-0.059186851249999936,0.0,0.29693673946429566,56,fixed_k3
Strain_b_Tension_0.5pct,b,0.5,0.027161898000000073,-0.059186851249999936,0.0,0.2757387761915613,56,fixed_k3
Strain_b_Tension_0.5pct,b,0.5,0.03104052200000007,-0.059186851249999936,0.0,0.2515153481348946,56,fixed_k3
Strain_b_Tension_0.5pct,b,0.5,0.03491914600000007,-0.059186851249999936,0.0,0.2296009917650914,56,fixed_k3
Strain_b_Tension_0.5pct,b,0.5,0.038797770000000065,-0.059186851249999936,0.0,0.21569614882699129,56,fixed_k3
Strain_b_Tension_0.5pct,b,0.5,0.04267639400000006,-0.059186851249999936,0.0,0.21552967346980534,56,fixed_k3
Strain_b_Tension_0.5pct,b,0.5,0.04655501800000006,-0.059186851249999936,0.0,0.23442654778061467,56,fixed_k3
Strain_b_Tension_0.5pct,b,0.5,0.050433642000000056,-0.059186851249999936,0.0,0.27665888625490465,56,fixed_k3
Strain_b_Tension_0.5pct,b,0.5,0.05431226600000005,-0.059186851249999936,0.0,0.34432645814671803,56,fixed_k3
Strain_b_Tension_0.5pct,b,0.5,0.05819089000000005,-0.059186851249999936,0.0,0.4352737598077412,56,fixed_k3
Strain_b_Tension_0.5pct,b,0.5,0.06206951400000005,-0.059186851249999936,0.0,0.5391178954547944,56,fixed_k3
Strain_b_Tension_0.5pct,b,0.5,0.06594813800000005,-0.059186851249999936,0.0,0.6297141765851533,56,fixed_k3
Strain_b_Tension_0.5pct,b,0.5,0.06982676200000004,-0.059186851249999936,0.0,0.6512544822550408,56,fixed_k3
Strain_b_Tension_0.5pct,b,0.5,0.07370538600000004,-0.059186851249999936,0.0,0.4940674105855076,56,fixed_k3
Strain_b_Tension_0.5pct,b,0.5,0.07758401000000004,-0.059186851249999936,0.0,-0.04271092087549322,56,fixed_k3
Strain_b_Tension_0.5pct,b,0.5,0.08146263400000003,-0.059186851249999936,0.0,-1.2937069591632127,56,fixed_k3
Strain_b_Tension_0.5pct,b,0.5,0.08534125800000003,-0.059186851249999936,0.0,-3.7305084833295696,56,fixed_k3
Strain_b_Tension_0.5pct,b,0.5,0.08921988200000003,-0.059186851249999936,0.0,-7.8063970044764845,56,fixed_k3
Strain_b_Tension_0.5pct,b,0.5,0.09309850600000003,-0.059186851249999936,0.0,-13.48851288318184,56,fixed_k3
Strain_b_Tension_0.5pct,b,0.5,0.09697713000000002,-0.059186851249999936,0.0,-19.617647333475716,56,fixed_k3
Strain_b_Tension_0.5pct,b,0.5,0.10085575400000002,-0.059186851249999936,0.0,-23.945513555918033,56,fixed_k3
Strain_b_Tension_0.5pct,b,0.5,0.10473437800000002,-0.059186851249999936,0.0,-24.45235811449075,56,fixed_k3
Strain_b_Tension_0.5pct,b,0.5,0.10861300200000001,-0.059186851249999936,0.0,-20.180463233400964,56,fixed_k3
Strain_b_Tension_0.5pct,b,0.5,0.11249162600000001,-0.059186851249999936,0.0,-8.6626259677797,56,fixed_k3
Strain_b_Tension_0.5pct,b,0.5,0.11637025000000001,-0.059186851249999936,0.0,24.748016423694352,56,fixed_k3
Strain_b_Tension_0.5pct,b,0.5,0.120248874,-0.059186851249999936,0.0,188.1956003917137,56,fixed_k3
Strain_b_Tension_0.5pct,b,0.5,0.124127498,-0.059186851249999936,0.0,2143.336987063779,56,fixed_k3
Strain_b_Tension_0.5pct,b,0.5,0.128006122,-0.059186851249999936,0.0,608.6873150628649,56,fixed_k3
Strain_b_Tension_0.5pct,b,0.5,0.131884746,-0.059186851249999936,0.0,54.73109666557205,56,fixed_k3
Strain_b_Tension_0.5pct,b,0.5,0.13576337,-0.059186851249999936,0.0,4.791481253014405,56,fixed_k3
Strain_b_Tension_0.5pct,b,0.5,0.139641994,-0.059186851249999936,0.0,-4.578059893776616,56,fixed_k3
Strain_b_Tension_0.5pct,b,0.5,0.143520618,-0.059186851249999936,0.0,-6.704702954295691,56,fixed_k3
Strain_b_Tension_0.5pct,b,0.5,0.14739924199999999,-0.059186851249999936,0.0,-6.949746912098037,56,fixed_k3
Strain_b_Tension_0.5pct,b,0.5,0.15127786599999998,-0.059186851249999936,0.0,-6.621697257428392,56,fixed_k3
Strain_b_Tension_0.5pct,b,0.5,0.15515649,-0.059186851249999936,0.0,-6.117437446871191,56,fixed_k3
Strain_b_Tension_0.5pct,b,0.5,-0.1551334299999998,-0.05590021312499993,0.0,-5.335907718339578,56,fixed_k3
Strain_b_Tension_0.5pct,b,0.5,-0.1512548059999998,-0.05590021312499993,0.0,-5.499711542900283,56,fixed_k3
Strain_b_Tension_0.5pct,b,0.5,-0.1473761819999998,-0.05590021312499993,0.0,-5.423518047489432,56,fixed_k3
Strain_b_Tension_0.5pct,b,0.5,-0.1434975579999998,-0.05590021312499993,0.0,-4.619406472586377,56,fixed_k3
Strain_b_Tension_0.5pct,b,0.5,-0.1396189339999998,-0.05590021312499993,0.0,-1.3857159306235274,56,fixed_k3
Strain_b_Tension_0.5pct,b,0.5,-0.1357403099999998,-0.05590021312499993,0.0,12.06341039537713,56,fixed_k3
Strain_b_Tension_0.5pct,b,0.5,-0.1318616859999998,-0.05590021312499993,0.0,93.59915933691812,56,fixed_k3
Strain_b_Tension_0.5pct,b,0.5,-0.12798306199999981,-0.05590021312499993,0.0,1438.4561647383578,56,fixed_k3
Strain_b_Tension_0.5pct,b,0.5,-0.12410443799999982,-0.05590021312499993,0.0,2642.545840248141,56,fixed_k3
Strain_b_Tension_0.5pct,b,0.5,-0.12022581399999982,-0.05590021312499993,0.0,195.18988961600917,56,fixed_k3
Strain_b_Tension_0.5pct,b,0.5,-0.11634718999999982,-0.05590021312499993,0.0,35.13615130323962,56,fixed_k3
Strain_b_Tension_0.5pct,b,0.5,-0.11246856599999983,-0.05590021312499993,0.0,5.711507462534865,56,fixed_k3
Strain_b_Tension_0.5pct,b,0.5,-0.10858994199999983,-0.05590021312499993,0.0,0.04712611703240355,56,fixed_k3
Strain_b_Tension_0.5pct,b,0.5,-0.10471131799999983,-0.05590021312499993,0.0,1.4491780738735152,56,fixed_k3
Strain_b_Tension_0.5pct,b,0.5,-0.10083269399999983,-0.05590021312499993,0.0,3.630145640392377,56,fixed_k3
Strain_b_Tension_0.5pct,b,0.5,-0.09695406999999984,-0.05590021312499993,0.0,3.5886025755575828,56,fixed_k3
Strain_b_Tension_0.5pct,b,0.5,-0.09307544599999984,-0.05590021312499993,0.0,1.5343083579636638,56,fixed_k3
Strain_b_Tension_0.5pct,b,0.5,-0.08919682199999984,-0.05590021312499993,0.0,-0.8227951673240912,56,fixed_k3
Strain_b_Tension_0.5pct,b,0.5,-0.08531819799999985,-0.05590021312499993,0.0,-2.377223138163716,56,fixed_k3
Strain_b_Tension_0.5pct,b,0.5,-0.08143957399999985,-0.05590021312499993,0.0,-3.018108718493336,56,fixed_k3
Strain_b_Tension_0.5pct,b,0.5,-0.07756094999999985,-0.05590021312499993,0.0,-3.0652637571192027,56,fixed_k3
Strain_b_Tension_0.5pct,b,0.5,-0.07368232599999985,-0.05590021312499993,0.0,-2.8354641475026634,56,fixed_k3
Strain_b_Tension_0.5pct,b,0.5,-0.06980370199999986,-0.05590021312499993,0.0,-2.5204208741759224,56,fixed_k3
Strain_b_Tension_0.5pct,b,0.5,-0.06592507799999986,-0.05590021312499993,0.0,-2.208513155175038,56,fixed_k3
Strain_b_Tension_0.5pct,b,0.5,-0.06204645399999986,-0.05590021312499993,0.0,-1.9302431619788485,56,fixed_k3
Strain_b_Tension_0.5pct,b,0.5,-0.058167829999999865,-0.05590021312499993,0.0,-1.6901588832733379,56,fixed_k3
Strain_b_Tension_0.5pct,b,0.5,-0.05428920599999987,-0.05590021312499993,0.0,-1.4835319980650499,56,fixed_k3
Strain_b_Tension_0.5pct,b,0.5,-0.05041058199999987,-0.05590021312499993,0.0,-1.3036036170988887,56,fixed_k3
Strain_b_Tension_0.5pct,b,0.5,-0.04653195799999987,-0.05590021312499993,0.0,-1.1441705113090184,56,fixed_k3
Strain_b_Tension_0.5pct,b,0.5,-0.042653333999999876,-0.05590021312499993,0.0,-1.0002049523638512,56,fixed_k3
Strain_b_Tension_0.5pct,b,0.5,-0.03877470999999988,-0.05590021312499993,0.0,-0.8677902247479352,56,fixed_k3
Strain_b_Tension_0.5pct,b,0.5,-0.03489608599999988,-0.05590021312499993,0.0,-0.743909228419807,56,fixed_k3
Strain_b_Tension_0.5pct,b,0.5,-0.031017461999999885,-0.05590021312499993,0.0,-0.6262772760042077,56,fixed_k3
Strain_b_Tension_0.5pct,b,0.5,-0.027138837999999887,-0.05590021312499993,0.0,-0.5132625930326791,56,fixed_k3
Strain_b_Tension_0.5pct,b,0.5,-0.02326021399999989,-0.05590021312499993,0.0,-0.4038797679190844,56,fixed_k3
Strain_b_Tension_0.5pct,b,0.5,-0.019381589999999893,-0.05590021312499993,0.0,-0.2978204904170483,56,fixed_k3
Strain_b_Tension_0.5pct,b,0.5,-0.015502965999999896,-0.05590021312499993,0.0,-0.1954804891209483,56,fixed_k3
Strain_b_Tension_0.5pct,b,0.5,-0.011624341999999899,-0.05590021312499993,0.0,-0.09794403198494939,56,fixed_k3
Strain_b_Tension_0.5pct,b,0.5,-0.0077457179999999015,-0.05590021312499993,0.0,-0.006895996089786527,56,fixed_k3
Strain_b_Tension_0.5pct,b,0.5,-0.0038670939999999043,-0.05590021312499993,0.0,0.07555394978157848,56,fixed_k3
Strain_b_Tension_0.5pct,b,0.5,1.1530000000092855e-05,-0.05590021312499993,0.0,0.1471314211417345,56,fixed_k3
Strain_b_Tension_0.5pct,b,0.5,0.00389015400000009,-0.05590021312499993,0.0,0.20571774335949367,56,fixed_k3
Strain_b_Tension_0.5pct,b,0.5,0.007768778000000087,-0.05590021312499993,0.0,0.24969022949744257,56,fixed_k3
Strain_b_Tension_0.5pct,b,0.5,0.011647402000000084,-0.05590021312499993,0.0,0.2782337172113112,56,fixed_k3
Strain_b_Tension_0.5pct,b,0.5,0.015526026000000082,-0.05590021312499993,0.0,0.29157787109686417,56,fixed_k3
Strain_b_Tension_0.5pct,b,0.5,0.01940465000000008,-0.05590021312499993,0.0,0.29112831140445294,56,fixed_k3
Strain_b_Tension_0.5pct,b,0.5,0.023283274000000076,-0.05590021312499993,0.0,0.2794795284999667,56,fixed_k3
Strain_b_Tension_0.5pct,b,0.5,0.027161898000000073,-0.05590021312499993,0.0,0.2603177631545548,56,fixed_k3
Strain_b_Tension_0.5pct,b,0.5,0.03104052200000007,-0.05590021312499993,0.0,0.23823666445398883,56,fixed_k3
Strain_b_Tension_0.5pct,b,0.5,0.03491914600000007,-0.05590021312499993,0.0,0.21849325235178108,56,fixed_k3
Strain_b_Tension_0.5pct,b,0.5,0.038797770000000065,-0.05590021312499993,0.0,0.206723898053216,56,fixed_k3
Strain_b_Tension_0.5pct,b,0.5,0.04267639400000006,-0.05590021312499993,0.0,0.20861734149252054,56,fixed_k3
Strain_b_Tension_0.5pct,b,0.5,0.04655501800000006,-0.05590021312499993,0.0,0.22949909784905698,56,fixed_k3
Strain_b_Tension_0.5pct,b,0.5,0.050433642000000056,-0.05590021312499993,0.0,0.27370631901357934,56,fixed_k3
Strain_b_Tension_0.5pct,b,0.5,0.05431226600000005,-0.05590021312499993,0.0,0.34349639841131663,56,fixed_k3
Strain_b_Tension_0.5pct,b,0.5,0.05819089000000005,-0.05590021312499993,0.0,0.4369809784988601,56,fixed_k3
Strain_b_Tension_0.5pct,b,0.5,0.06206951400000005,-0.05590021312499993,0.0,0.5441101862679116,56,fixed_k3
Strain_b_Tension_0.5pct,b,0.5,0.06594813800000005,-0.05590021312499993,0.0,0.6389008267205323,56,fixed_k3
Strain_b_Tension_0.5pct,b,0.5,0.06982676200000004,-0.05590021312499993,0.0,0.6647897368736826,56,fixed_k3
Strain_b_Tension_0.5pct,b,0.5,0.07370538600000004,-0.05590021312499993,0.0,0.5085659596282075,56,fixed_k3
Strain_b_Tension_0.5pct,b,0.5,0.07758401000000004,-0.05590021312499993,0.0,-0.04071343996543386,56,fixed_k3
Strain_b_Tension_0.5pct,b,0.5,0.08146263400000003,-0.05590021312499993,0.0,-1.3390946748015795,56,fixed_k3
Strain_b_Tension_0.5pct,b,0.5,0.08534125800000003,-0.05590021312499993,0.0,-3.887508736838683,56,fixed_k3
Strain_b_Tension_0.5pct,b,0.5,0.08921988200000003,-0.05590021312499993,0.0,-8.134248507926312,56,fixed_k3
Strain_b_Tension_0.5pct,b,0.5,0.09309850600000003,-0.05590021312499993,0.0,-13.888231221580668,56,fixed_k3
Strain_b_Tension_0.5pct,b,0.5,0.09697713000000002,-0.05590021312499993,0.0,-19.576770065745674,56,fixed_k3
Strain_b_Tension_0.5pct,b,0.5,0.10085575400000002,-0.05590021312499993,0.0,-22.549670325542433,56,fixed_k3
Strain_b_Tension_0.5pct,b,0.5,0.10473437800000002,-0.05590021312499993,0.0,-21.022548259166815,56,fixed_k3
Strain_b_Tension_0.5pct,b,0.5,0.10861300200000001,-0.05590021312499993,0.0,-14.975466734514784,56,fixed_k3
Strain_b_Tension_0.5pct,b,0.5,0.11249162600000001,-0.05590021312499993,0.0,-3.1567755279803915,56,fixed_k3
Strain_b_Tension_0.5pct,b,0.5,0.11637025000000001,-0.05590021312499993,0.0,26.1905008026627,56,fixed_k3
Strain_b_Tension_0.5pct,b,0.5,0.120248874,-0.05590021312499993,0.0,160.71947458805224,56,fixed_k3
Strain_b_Tension_0.5pct,b,0.5,0.124127498,-0.05590021312499993,0.0,2491.6947466429647,56,fixed_k3
Strain_b_Tension_0.5pct,b,0.5,0.128006122,-0.05590021312499993,0.0,1240.1146276923337,56,fixed_k3
Strain_b_Tension_0.5pct,b,0.5,0.131884746,-0.05590021312499993,0.0,74.7520598881048,56,fixed_k3
Strain_b_Tension_0.5pct,b,0.5,0.13576337,-0.05590021312499993,0.0,8.076532384906661,56,fixed_k3
Strain_b_Tension_0.5pct,b,0.5,0.139641994,-0.05590021312499993,0.0,-3.2778645221362055,56,fixed_k3
Strain_b_Tension_0.5pct,b,0.5,0.143520618,-0.05590021312499993,0.0,-5.92172225330558,56,fixed_k3
Strain_b_Tension_0.5pct,b,0.5,0.14739924199999999,-0.05590021312499993,0.0,-6.384421259716744,56,fixed_k3
Strain_b_Tension_0.5pct,b,0.5,0.15127786599999998,-0.05590021312499993,0.0,-6.176974388451306,56,fixed_k3
Strain_b_Tension_0.5pct,b,0.5,0.15515649,-0.05590021312499993,0.0,-5.75152346969518,56,fixed_k3
Strain_b_Tension_0.5pct,b,0.5,-0.1551334299999998,-0.05261357499999994,0.0,-5.10329116482231,56,fixed_k3
Strain_b_Tension_0.5pct,b,0.5,-0.1512548059999998,-0.05261357499999994,0.0,-5.209146215224768,56,fixed_k3
Strain_b_Tension_0.5pct,b,0.5,-0.1473761819999998,-0.05261357499999994,0.0,-5.031864637176042,56,fixed_k3
Strain_b_Tension_0.5pct,b,0.5,-0.1434975579999998,-0.05261357499999994,0.0,-4.019992682820691,56,fixed_k3
Strain_b_Tension_0.5pct,b,0.5,-0.1396189339999998,-0.05261357499999994,0.0,-0.21356398328862702,56,fixed_k3
Strain_b_Tension_0.5pct,b,0.5,-0.1357403099999998,-0.05261357499999994,0.0,15.855481001683767,56,fixed_k3
Strain_b_Tension_0.5pct,b,0.5,-0.1318616859999998,-0.05261357499999994,0.0,125.48213883641418,56,fixed_k3
Strain_b_Tension_0.5pct,b,0.5,-0.12798306199999981,-0.05261357499999994,0.0,3467.874561530706,56,fixed_k3
Strain_b_Tension_0.5pct,b,0.5,-0.12410443799999982,-0.05261357499999994,0.0,2254.4676205686656,56,fixed_k3
Strain_b_Tension_0.5pct,b,0.5,-0.12022581399999982,-0.05261357499999994,0.0,151.62754242263222,56,fixed_k3
Strain_b_Tension_0.5pct,b,0.5,-0.11634718999999982,-0.05261357499999994,0.0,28.060752167642352,56,fixed_k3
Strain_b_Tension_0.5pct,b,0.5,-0.11246856599999983,-0.05261357499999994,0.0,4.008779536121972,56,fixed_k3
Strain_b_Tension_0.5pct,b,0.5,-0.10858994199999983,-0.05261357499999994,0.0,-0.7379137975926031,56,fixed_k3
Strain_b_Tension_0.5pct,b,0.5,-0.10471131799999983,-0.05261357499999994,0.0,0.8852748976165659,56,fixed_k3
Strain_b_Tension_0.5pct,b,0.5,-0.10083269399999983,-0.05261357499999994,0.0,3.4687248019223254,56,fixed_k3
Strain_b_Tension_0.5pct,b,0.5,-0.09695406999999984,-0.05261357499999994,0.0,3.8192605284581194,56,fixed_k3
Strain_b_Tension_0.5pct,b,0.5,-0.09307544599999984,-0.05261357499999994,0.0,1.8623507188182118,56,fixed_k3
Strain_b_Tension_0.5pct,b,0.5,-0.08919682199999984,-0.05261357499999994,0.0,-0.5907044169551311,56,fixed_k3
Strain_b_Tension_0.5pct,b,0.5,-0.08531819799999985,-0.05261357499999994,0.0,-2.249253949713627,56,fixed_k3
Strain_b_Tension_0.5pct,b,0.5,-0.08143957399999985,-0.05261357499999994,0.0,-2.943495230759427,56,fixed_k3
Strain_b_Tension_0.5pct,b,0.5,-0.07756094999999985,-0.05261357499999994,0.0,-3.0084973683986407,56,fixed_k3
Strain_b_Tension_0.5pct,b,0.5,-0.07368232599999985,-0.05261357499999994,0.0,-2.7829341356855366,56,fixed_k3
Strain_b_Tension_0.5pct,b,0.5,-0.06980370199999986,-0.05261357499999994,0.0,-2.4695671571338464,56,fixed_k3
Strain_b_Tension_0.5pct,b,0.5,-0.06592507799999986,-0.05261357499999994,0.0,-2.1601715954555383,56,fixed_k3
Strain_b_Tension_0.5pct,b,0.5,-0.06204645399999986,-0.05261357499999994,0.0,-1.8856026696902208,56,fixed_k3
Strain_b_Tension_0.5pct,b,0.5,-0.058167829999999865,-0.05261357499999994,0.0,-1.650016227001882,56,fixed_k3
Strain_b_Tension_0.5pct,b,0.5,-0.05428920599999987,-0.05261357499999994,0.0,-1.4483047857532947,56,fixed_k3
Strain_b_Tension_0.5pct,b,0.5,-0.05041058199999987,-0.05261357499999994,0.0,-1.2734821441754303,56,fixed_k3
Strain_b_Tension_0.5pct,b,0.5,-0.04653195799999987,-0.05261357499999994,0.0,-1.1192332045108244,56,fixed_k3
Strain_b_Tension_0.5pct,b,0.5,-0.042653333999999876,-0.05261357499999994,0.0,-0.9804759423490315,56,fixed_k3
Strain_b_Tension_0.5pct,b,0.5,-0.03877470999999988,-0.05261357499999994,0.0,-0.8532553138812891,56,fixed_k3
Strain_b_Tension_0.5pct,b,0.5,-0.03489608599999988,-0.05261357499999994,0.0,-0.7345086831781671,56,fixed_k3
Strain_b_Tension_0.5pct,b,0.5,-0.031017461999999885,-0.05261357499999994,0.0,-0.6218887736614958,56,fixed_k3
Strain_b_Tension_0.5pct,b,0.5,-0.027138837999999887,-0.05261357499999994,0.0,-0.5136829834134433,56,fixed_k3
Strain_b_Tension_0.5pct,b,0.5,-0.02326021399999989,-0.05261357499999994,0.0,-0.4088111714514642,56,fixed_k3
Strain_b_Tension_0.5pct,b,0.5,-0.019381589999999893,-0.05261357499999994,0.0,-0.306864145995694,56,fixed_k3
Strain_b_Tension_0.5pct,b,0.5,-0.015502965999999896,-0.05261357499999994,0.0,-0.2081400984179358,56,fixed_k3
Strain_b_Tension_0.5pct,b,0.5,-0.011624341999999899,-0.05261357499999994,0.0,-0.11363879040892133,56,fixed_k3
Strain_b_Tension_0.5pct,b,0.5,-0.0077457179999999015,-0.05261357499999994,0.0,-0.02498200810283735,56,fixed_k3
Strain_b_Tension_0.5pct,b,0.5,-0.0038670939999999043,-0.05261357499999994,0.0,0.055756438516384677,56,fixed_k3
Strain_b_Tension_0.5pct,b,0.5,1.1530000000092855e-05,-0.05261357499999994,0.0,0.12630832725954333,56,fixed_k3
Strain_b_Tension_0.5pct,b,0.5,0.00389015400000009,-0.05261357499999994,0.0,0.1845324411787037,56,fixed_k3
Strain_b_Tension_0.5pct,b,0.5,0.007768778000000087,-0.05261357499999994,0.0,0.22875868866932958,56,fixed_k3
Strain_b_Tension_0.5pct,b,0.5,0.011647402000000084,-0.05261357499999994,0.0,0.25810520830266137,56,fixed_k3
Strain_b_Tension_0.5pct,b,0.5,0.015526026000000082,-0.05261357499999994,0.0,0.2727216773849088,56,fixed_k3
Strain_b_Tension_0.5pct,b,0.5,0.01940465000000008,-0.05261357499999994,0.0,0.273925827511317,56,fixed_k3
Strain_b_Tension_0.5pct,b,0.5,0.023283274000000076,-0.05261357499999994,0.0,0.2642205904280033,56,fixed_k3
Strain_b_Tension_0.5pct,b,0.5,0.027161898000000073,-0.05261357499999994,0.0,0.24720015738697976,56,fixed_k3
Strain_b_Tension_0.5pct,b,0.5,0.03104052200000007,-0.05261357499999994,0.0,0.22736846752487372,56,fixed_k3
Strain_b_Tension_0.5pct,b,0.5,0.03491914600000007,-0.05261357499999994,0.0,0.2098988471454315,56,fixed_k3
Strain_b_Tension_0.5pct,b,0.5,0.038797770000000065,-0.05261357499999994,0.0,0.20035610881133992,56,fixed_k3
Strain_b_Tension_0.5pct,b,0.5,0.04267639400000006,-0.05261357499999994,0.0,0.20438007628706512,56,fixed_k3
Strain_b_Tension_0.5pct,b,0.5,0.04655501800000006,-0.05261357499999994,0.0,0.2272870334206334,56,fixed_k3
Strain_b_Tension_0.5pct,b,0.5,0.050433642000000056,-0.05261357499999994,0.0,0.27346975710702237,56,fixed_k3
Strain_b_Tension_0.5pct,b,0.5,0.05431226600000005,-0.05261357499999994,0.0,0.34533778189845155,56,fixed_k3
Strain_b_Tension_0.5pct,b,0.5,0.05819089000000005,-0.05261357499999994,0.0,0.4412767409241096,56,fixed_k3
Strain_b_Tension_0.5pct,b,0.5,0.06206951400000005,-0.05261357499999994,0.0,0.5516066729310776,56,fixed_k3
Strain_b_Tension_0.5pct,b,0.5,0.06594813800000005,-0.05261357499999994,0.0,0.650606149477972,56,fixed_k3
Strain_b_Tension_0.5pct,b,0.5,0.06982676200000004,-0.05261357499999994,0.0,0.681173440468789,56,fixed_k3
Strain_b_Tension_0.5pct,b,0.5,0.07370538600000004,-0.05261357499999994,0.0,0.5269493482402101,56,fixed_k3
Strain_b_Tension_0.5pct,b,0.5,0.07758401000000004,-0.05261357499999994,0.0,-0.03250808542164707,56,fixed_k3
Strain_b_Tension_0.5pct,b,0.5,0.08146263400000003,-0.05261357499999994,0.0,-1.373910002217662,56,fixed_k3
Strain_b_Tension_0.5pct,b,0.5,0.08534125800000003,-0.05261357499999994,0.0,-4.025810776876609,56,fixed_k3
Strain_b_Tension_0.5pct,b,0.5,0.08921988200000003,-0.05261357499999994,0.0,-8.42419904965501,56,fixed_k3
Strain_b_Tension_0.5pct,b,0.5,0.09309850600000003,-0.05261357499999994,0.0,-14.20005814514673,56,fixed_k3
Strain_b_Tension_0.5pct,b,0.5,0.09697713000000002,-0.05261357499999994,0.0,-19.366350629511928,56,fixed_k3
Strain_b_Tension_0.5pct,b,0.5,0.10085575400000002,-0.05261357499999994,0.0,-21.000993840145448,56,fixed_k3
Strain_b_Tension_0.5pct,b,0.5,0.10473437800000002,-0.05261357499999994,0.0,-17.799033465570858,56,fixed_k3
Strain_b_Tension_0.5pct,b,0.5,0.10861300200000001,-0.05261357499999994,0.0,-10.7165176349909,56,fixed_k3
Strain_b_Tension_0.5pct,b,0.5,0.11249162600000001,-0.05261357499999994,0.0,0.5590536932121466,56,fixed_k3
Strain_b_Tension_0.5pct,b,0.5,0.11637025000000001,-0.05261357499999994,0.0,25.225416135448377,56,fixed_k3
Strain_b_Tension_0.5pct,b,0.5,0.120248874,-0.05261357499999994,0.0,128.83188262281655,56,fixed_k3
Strain_b_Tension_0.5pct,b,0.5,0.124127498,-0.05261357499999994,0.0,1953.176956132602,56,fixed_k3
Strain_b_Tension_0.5pct,b,0.5,0.128006122,-0.05261357499999994,0.0,3047.994130620762,56,fixed_k3
Strain_b_Tension_0.5pct,b,0.5,0.131884746,-0.05261357499999994,0.0,100.58597073481606,56,fixed_k3
Strain_b_Tension_0.5pct,b,0.5,0.13576337,-0.05261357499999994,0.0,11.493537393568843,56,fixed_k3
Strain_b_Tension_0.5pct,b,0.5,0.139641994,-0.05261357499999994,0.0,-2.0129398029473538,56,fixed_k3
Strain_b_Tension_0.5pct,b,0.5,0.143520618,-0.05261357499999994,0.0,-5.156987181422074,56,fixed_k3
Strain_b_Tension_0.5pct,b,0.5,0.14739924199999999,-0.05261357499999994,0.0,-5.820389146002896,56,fixed_k3
Strain_b_Tension_0.5pct,b,0.5,0.15127786599999998,-0.05261357499999994,0.0,-5.723868328928164,56,fixed_k3
Strain_b_Tension_0.5pct,b,0.5,0.15515649,-0.05261357499999994,0.0,-5.372028754492585,56,fixed_k3
Strain_b_Tension_0.5pct,b,0.5,-0.1551334299999998,-0.04932693687499995,0.0,-4.867247122973508,56,fixed_k3
Strain_b_Tension_0.5pct,b,0.5,-0.1512548059999998,-0.04932693687499995,0.0,-4.919789002392165,56,fixed_k3
Strain_b_Tension_0.5pct,b,0.5,-0.1473761819999998,-0.04932693687499995,0.0,-4.651105342962305,56,fixed_k3
Strain_b_Tension_0.5pct,b,0.5,-0.1434975579999998,-0.04932693687499995,0.0,-3.4506549870241097,56,fixed_k3
Strain_b_Tension_0.5pct,b,0.5,-0.1396189339999998,-0.04932693687499995,0.0,0.9023356289482887,56,fixed_k3
Strain_b_Tension_0.5pct,b,0.5,-0.1357403099999998,-0.04932693687499995,0.0,19.77497516869232,56,fixed_k3
Strain_b_Tension_0.5pct,b,0.5,-0.1318616859999998,-0.04932693687499995,0.0,166.9177403472077,56,fixed_k3
Strain_b_Tension_0.5pct,b,0.5,-0.12798306199999981,-0.04932693687499995,0.0,11380.795768247424,56,fixed_k3
Strain_b_Tension_0.5pct,b,0.5,-0.12410443799999982,-0.04932693687499995,0.0,1460.445936182115,56,fixed_k3
Strain_b_Tension_0.5pct,b,0.5,-0.12022581399999982,-0.04932693687499995,0.0,113.21071770313979,56,fixed_k3
Strain_b_Tension_0.5pct,b,0.5,-0.11634718999999982,-0.04932693687499995,0.0,21.579449056392143,56,fixed_k3
Strain_b_Tension_0.5pct,b,0.5,-0.11246856599999983,-0.04932693687499995,0.0,2.2780629646695125,56,fixed_k3
Strain_b_Tension_0.5pct,b,0.5,-0.10858994199999983,-0.04932693687499995,0.0,-1.6051996277350937,56,fixed_k3
Strain_b_Tension_0.5pct,b,0.5,-0.10471131799999983,-0.04932693687499995,0.0,0.233190160698308,56,fixed_k3
Strain_b_Tension_0.5pct,b,0.5,-0.10083269399999983,-0.04932693687499995,0.0,3.2199701135547336,56,fixed_k3
Strain_b_Tension_0.5pct,b,0.5,-0.09695406999999984,-0.04932693687499995,0.0,4.00793357896801,56,fixed_k3
Strain_b_Tension_0.5pct,b,0.5,-0.09307544599999984,-0.04932693687499995,0.0,2.191954886991205,56,fixed_k3
Strain_b_Tension_0.5pct,b,0.5,-0.08919682199999984,-0.04932693687499995,0.0,-0.3448032286517786,56,fixed_k3
Strain_b_Tension_0.5pct,b,0.5,-0.08531819799999985,-0.04932693687499995,0.0,-2.1105179665781115,56,fixed_k3
Strain_b_Tension_0.5pct,b,0.5,-0.08143957399999985,-0.04932693687499995,0.0,-2.8626312256358197,56,fixed_k3
Strain_b_Tension_0.5pct,b,0.5,-0.07756094999999985,-0.04932693687499995,0.0,-2.948352086739413,56,fixed_k3
Strain_b_Tension_0.5pct,b,0.5,-0.07368232599999985,-0.04932693687499995,0.0,-2.7285269585770333,56,fixed_k3
Strain_b_Tension_0.5pct,b,0.5,-0.06980370199999986,-0.04932693687499995,0.0,-2.417496575693792,56,fixed_k3
Strain_b_Tension_0.5pct,b,0.5,-0.06592507799999986,-0.04932693687499995,0.0,-2.1107889943530993,56,fixed_k3
Strain_b_Tension_0.5pct,b,0.5,-0.06204645399999986,-0.04932693687499995,0.0,-1.8398441490657438,56,fixed_k3
Strain_b_Tension_0.5pct,b,0.5,-0.058167829999999865,-0.04932693687499995,0.0,-1.6085731158872278,56,fixed_k3
Strain_b_Tension_0.5pct,b,0.5,-0.05428920599999987,-0.04932693687499995,0.0,-1.411575511873962,56,fixed_k3
Strain_b_Tension_0.5pct,b,0.5,-0.05041058199999987,-0.04932693687499995,0.0,-1.241681846338805,56,fixed_k3
Strain_b_Tension_0.5pct,b,0.5,-0.04653195799999987,-0.04932693687499995,0.0,-1.092482640024515,56,fixed_k3
Strain_b_Tension_0.5pct,b,0.5,-0.042653333999999876,-0.04932693687499995,0.0,-0.958844044215274,56,fixed_k3
Strain_b_Tension_0.5pct,b,0.5,-0.03877470999999988,-0.04932693687499995,0.0,-0.8367676710859666,56,fixed_k3
Strain_b_Tension_0.5pct,b,0.5,-0.03489608599999988,-0.04932693687499995,0.0,-0.7231373225738649,56,fixed_k3
Strain_b_Tension_0.5pct,b,0.5,-0.031017461999999885,-0.04932693687499995,0.0,-0.6155345306205473,56,fixed_k3
Strain_b_Tension_0.5pct,b,0.5,-0.027138837999999887,-0.04932693687499995,0.0,-0.5121578661578279,56,fixed_k3
Strain_b_Tension_0.5pct,b,0.5,-0.02326021399999989,-0.04932693687499995,0.0,-0.41182551815455226,56,fixed_k3
Strain_b_Tension_0.5pct,b,0.5,-0.019381589999999893,-0.04932693687499995,0.0,-0.31402160352953246,56,fixed_k3
Strain_b_Tension_0.5pct,b,0.5,-0.015502965999999896,-0.04932693687499995,0.0,-0.21894199059317287,56,fixed_k3
Strain_b_Tension_0.5pct,b,0.5,-0.011624341999999899,-0.04932693687499995,0.0,-0.12749800968936542,56,fixed_k3
Strain_b_Tension_0.5pct,b,0.5,-0.0077457179999999015,-0.04932693687499995,0.0,-0.04124514252113398,56,fixed_k3
Strain_b_Tension_0.5pct,b,0.5,-0.0038670939999999043,-0.04932693687499995,0.0,0.03778126061998388,56,fixed_k3
Strain_b_Tension_0.5pct,b,0.5,1.1530000000092855e-05,-0.04932693687499995,0.0,0.10732116426890204,56,fixed_k3
Strain_b_Tension_0.5pct,b,0.5,0.00389015400000009,-0.04932693687499995,0.0,0.16521223416871123,56,fixed_k3
Strain_b_Tension_0.5pct,b,0.5,0.007768778000000087,-0.04932693687499995,0.0,0.20973773259772965,56,fixed_k3
Strain_b_Tension_0.5pct,b,0.5,0.011647402000000084,-0.04932693687499995,0.0,0.23994910091089894,56,fixed_k3
Strain_b_Tension_0.5pct,b,0.5,0.015526026000000082,-0.04932693687499995,0.0,0.25591518211659214,56,fixed_k3
Strain_b_Tension_0.5pct,b,0.5,0.01940465000000008,-0.04932693687499995,0.0,0.258864044729326,56,fixed_k3
Strain_b_Tension_0.5pct,b,0.5,0.023283274000000076,-0.04932693687499995,0.0,0.25120430044108955,56,fixed_k3
Strain_b_Tension_0.5pct,b,0.5,0.027161898000000073,-0.04932693687499995,0.0,0.2364342950520797,56,fixed_k3
Strain_b_Tension_0.5pct,b,0.5,0.03104052200000007,-0.04932693687499995,0.0,0.21896337655183729,56,fixed_k3
Strain_b_Tension_0.5pct,b,0.5,0.03491914600000007,-0.04932693687499995,0.0,0.20387514486767921,56,fixed_k3
Strain_b_Tension_0.5pct,b,0.5,0.038797770000000065,-0.04932693687499995,0.0,0.1966556032266178,56,fixed_k3
Strain_b_Tension_0.5pct,b,0.5,0.04267639400000006,-0.04932693687499995,0.0,0.20288721443018742,56,fixed_k3
Strain_b_Tension_0.5pct,b,0.5,0.04655501800000006,-0.04932693687499995,0.0,0.22786776674757658,56,fixed_k3
Strain_b_Tension_0.5pct,b,0.5,0.050433642000000056,-0.04932693687499995,0.0,0.2760369251811863,56,fixed_k3
Strain_b_Tension_0.5pct,b,0.5,0.05431226600000005,-0.04932693687499995,0.0,0.34995183034050026,56,fixed_k3
Strain_b_Tension_0.5pct,b,0.5,0.05819089000000005,-0.04932693687499995,0.0,0.44828053280253477,56,fixed_k3
Strain_b_Tension_0.5pct,b,0.5,0.06206951400000005,-0.04932693687499995,0.0,0.5617533443545524,56,fixed_k3
Strain_b_Tension_0.5pct,b,0.5,0.06594813800000005,-0.04932693687499995,0.0,0.6650201648939276,56,fixed_k3
Strain_b_Tension_0.5pct,b,0.5,0.06982676200000004,-0.04932693687499995,0.0,0.7006832522373814,56,fixed_k3
Strain_b_Tension_0.5pct,b,0.5,0.07370538600000004,-0.04932693687499995,0.0,0.5496959495341041,56,fixed_k3
Strain_b_Tension_0.5pct,b,0.5,0.07758401000000004,-0.04932693687499995,0.0,-0.017138783057167872,56,fixed_k3
Strain_b_Tension_0.5pct,b,0.5,0.08146263400000003,-0.04932693687499995,0.0,-1.396128255950059,56,fixed_k3
Strain_b_Tension_0.5pct,b,0.5,0.08534125800000003,-0.04932693687499995,0.0,-4.141346285344283,56,fixed_k3
Strain_b_Tension_0.5pct,b,0.5,0.08921988200000003,-0.04932693687499995,0.0,-8.669449791977117,56,fixed_k3
Strain_b_Tension_0.5pct,b,0.5,0.09309850600000003,-0.04932693687499995,0.0,-14.418058454448241,56,fixed_k3
Strain_b_Tension_0.5pct,b,0.5,0.09697713000000002,-0.04932693687499995,0.0,-19.00008241231268,56,fixed_k3
Strain_b_Tension_0.5pct,b,0.5,0.10085575400000002,-0.04932693687499995,0.0,-19.359481518913313,56,fixed_k3
Strain_b_Tension_0.5pct,b,0.5,0.10473437800000002,-0.04932693687499995,0.0,-14.84183508578054,56,fixed_k3
Strain_b_Tension_0.5pct,b,0.5,0.10861300200000001,-0.04932693687499995,0.0,-7.294554523615523,56,fixed_k3
Strain_b_Tension_0.5pct,b,0.5,0.11249162600000001,-0.04932693687499995,0.0,2.9559921533812434,56,fixed_k3
Strain_b_Tension_0.5pct,b,0.5,0.11637025000000001,-0.04932693687499995,0.0,23.016489956474818,56,fixed_k3
Strain_b_Tension_0.5pct,b,0.5,0.120248874,-0.04932693687499995,0.0,99.58668723313231,56,fixed_k3
Strain_b_Tension_0.5pct,b,0.5,0.124127498,-0.04932693687499995,0.0,1195.2148690487,56,fixed_k3
Strain_b_Tension_0.5pct,b,0.5,0.128006122,-0.04932693687499995,0.0,10242.503644312577,56,fixed_k3
Strain_b_Tension_0.5pct,b,0.5,0.131884746,-0.04932693687499995,0.0,133.95422734265378,56,fixed_k3
Strain_b_Tension_0.5pct,b,0.5,0.13576337,-0.04932693687499995,0.0,15.019209277585526,56,fixed_k3
Strain_b_Tension_0.5pct,b,0.5,0.139641994,-0.04932693687499995,0.0,-0.796098141667391,56,fixed_k3
Strain_b_Tension_0.5pct,b,0.5,0.143520618,-0.04932693687499995,0.0,-4.417064220471732,56,fixed_k3
Strain_b_Tension_0.5pct,b,0.5,0.14739924199999999,-0.04932693687499995,0.0,-5.2621369075893485,56,fixed_k3
Strain_b_Tension_0.5pct,b,0.5,0.15127786599999998,-0.04932693687499995,0.0,-5.265910246662855,56,fixed_k3
Strain_b_Tension_0.5pct,b,0.5,0.15515649,-0.04932693687499995,0.0,-4.981942153206971,56,fixed_k3
Strain_b_Tension_0.5pct,b,0.5,-0.1551334299999998,-0.046040298749999944,0.0,-4.627340301587517,56,fixed_k3
Strain_b_Tension_0.5pct,b,0.5,-0.1512548059999998,-0.046040298749999944,0.0,-4.631747611558496,56,fixed_k3
Strain_b_Tension_0.5pct,b,0.5,-0.1473761819999998,-0.046040298749999944,0.0,-4.282642767305571,56,fixed_k3
Strain_b_Tension_0.5pct,b,0.5,-0.1434975579999998,-0.046040298749999944,0.0,-2.9165257245528258,56,fixed_k3
Strain_b_Tension_0.5pct,b,0.5,-0.1396189339999998,-0.046040298749999944,0.0,1.942897241915321,56,fixed_k3
Strain_b_Tension_0.5pct,b,0.5,-0.1357403099999998,-0.046040298749999944,0.0,23.74656485764803,56,fixed_k3
Strain_b_Tension_0.5pct,b,0.5,-0.1318616859999998,-0.046040298749999944,0.0,220.05316665262333,56,fixed_k3
Strain_b_Tension_0.5pct,b,0.5,-0.12798306199999981,-0.046040298749999944,0.0,59911.793407633086,56,fixed_k3
Strain_b_Tension_0.5pct,b,0.5,-0.12410443799999982,-0.046040298749999944,0.0,852.6976740951617,56,fixed_k3
Strain_b_Tension_0.5pct,b,0.5,-0.12022581399999982,-0.046040298749999944,0.0,82.8112594617079,56,fixed_k3
Strain_b_Tension_0.5pct,b,0.5,-0.11634718999999982,-0.046040298749999944,0.0,16.04544374740347,56,fixed_k3
Strain_b_Tension_0.5pct,b,0.5,-0.11246856599999983,-0.046040298749999944,0.0,0.6829027843460795,56,fixed_k3
Strain_b_Tension_0.5pct,b,0.5,-0.10858994199999983,-0.046040298749999944,0.0,-2.4617915139440276,56,fixed_k3
Strain_b_Tension_0.5pct,b,0.5,-0.10471131799999983,-0.046040298749999944,0.0,-0.4536433107546748,56,fixed_k3
Strain_b_Tension_0.5pct,b,0.5,-0.10083269399999983,-0.046040298749999944,0.0,2.9079698489702164,56,fixed_k3
Strain_b_Tension_0.5pct,b,0.5,-0.09695406999999984,-0.046040298749999944,0.0,4.160491922425516,56,fixed_k3
Strain_b_Tension_0.5pct,b,0.5,-0.09307544599999984,-0.046040298749999944,0.0,2.525093004443627,56,fixed_k3
Strain_b_Tension_0.5pct,b,0.5,-0.08919682199999984,-0.046040298749999944,0.0,-0.0827947188128293,56,fixed_k3
Strain_b_Tension_0.5pct,b,0.5,-0.08531819799999985,-0.046040298749999944,0.0,-1.95898863538345,56,fixed_k3
Strain_b_Tension_0.5pct,b,0.5,-0.08143957399999985,-0.046040298749999944,0.0,-2.7741723263220592,56,fixed_k3
Strain_b_Tension_0.5pct,b,0.5,-0.07756094999999985,-0.046040298749999944,0.0,-2.8840757646999826,56,fixed_k3
Strain_b_Tension_0.5pct,b,0.5,-0.07368232599999985,-0.046040298749999944,0.0,-2.6718728704679555,56,fixed_k3
Strain_b_Tension_0.5pct,b,0.5,-0.06980370199999986,-0.046040298749999944,0.0,-2.3640532888599477,56,fixed_k3
Strain_b_Tension_0.5pct,b,0.5,-0.06592507799999986,-0.046040298749999944,0.0,-2.0603203634320115,56,fixed_k3
Strain_b_Tension_0.5pct,b,0.5,-0.06204645399999986,-0.046040298749999944,0.0,-1.7929781511706486,56,fixed_k3
Strain_b_Tension_0.5pct,b,0.5,-0.058167829999999865,-0.046040298749999944,0.0,-1.565867645042306,56,fixed_k3
Strain_b_Tension_0.5pct,b,0.5,-0.05428920599999987,-0.046040298749999944,0.0,-1.3733956354332584,56,fixed_k3
Strain_b_Tension_0.5pct,b,0.5,-0.05041058199999987,-0.046040298749999944,0.0,-1.2082599283554019,56,fixed_k3
Strain_b_Tension_0.5pct,b,0.5,-0.04653195799999987,-0.046040298749999944,0.0,-1.0639772359641082,56,fixed_k3
Strain_b_Tension_0.5pct,b,0.5,-0.042653333999999876,-0.046040298749999944,0.0,-0.9353658939139089,56,fixed_k3
Strain_b_Tension_0.5pct,b,0.5,-0.03877470999999988,-0.046040298749999944,0.0,-0.8183800360565018,56,fixed_k3
Strain_b_Tension_0.5pct,b,0.5,-0.03489608599999988,-0.046040298749999944,0.0,-0.709842489082753,56,fixed_k3
Strain_b_Tension_0.5pct,b,0.5,-0.031017461999999885,-0.046040298749999944,0.0,-0.6072554926343585,56,fixed_k3
Strain_b_Tension_0.5pct,b,0.5,-0.027138837999999887,-0.046040298749999944,0.0,-0.5087212355037689,56,fixed_k3
Strain_b_Tension_0.5pct,b,0.5,-0.02326021399999989,-0.046040298749999944,0.0,-0.4129496939302295,56,fixed_k3
Strain_b_Tension_0.5pct,b,0.5,-0.019381589999999893,-0.046040298749999944,0.0,-0.31931282521285986,56,fixed_k3
Strain_b_Tension_0.5pct,b,0.5,-0.015502965999999896,-0.046040298749999944,0.0,-0.22789965676167023,56,fixed_k3
Strain_b_Tension_0.5pct,b,0.5,-0.011624341999999899,-0.046040298749999944,0.0,-0.13952934126255867,56,fixed_k3
Strain_b_Tension_0.5pct,b,0.5,-0.0077457179999999015,-0.046040298749999944,0.0,-0.055687923768943826,56,fixed_k3
Strain_b_Tension_0.5pct,b,0.5,-0.0038670939999999043,-0.046040298749999944,0.0,0.02163031866901588,56,fixed_k3
Strain_b_Tension_0.5pct,b,0.5,1.1530000000092855e-05,-0.046040298749999944,0.0,0.09017565164149355,56,fixed_k3
Strain_b_Tension_0.5pct,b,0.5,0.00389015400000009,-0.046040298749999944,0.0,0.14776618854013934,56,fixed_k3
Strain_b_Tension_0.5pct,b,0.5,0.007768778000000087,-0.046040298749999944,0.0,0.1926394623012675,56,fixed_k3
Strain_b_Tension_0.5pct,b,0.5,0.011647402000000084,-0.046040298749999944,0.0,0.22378036684932634,56,fixed_k3
Strain_b_Tension_0.5pct,b,0.5,0.015526026000000082,-0.046040298749999944,0.0,0.24117618315157974,56,fixed_k3
Strain_b_Tension_0.5pct,b,0.5,0.01940465000000008,-0.046040298749999944,0.0,0.24596362903190383,56,fixed_k3
Strain_b_Tension_0.5pct,b,0.5,0.023283274000000076,-0.046040298749999944,0.0,0.24045430027960202,56,fixed_k3
Strain_b_Tension_0.5pct,b,0.5,0.027161898000000073,-0.046040298749999944,0.0,0.2280469689657063,56,fixed_k3
Strain_b_Tension_0.5pct,b,0.5,0.03104052200000007,-0.046040298749999944,0.0,0.2130516109099181,56,fixed_k3
Strain_b_Tension_0.5pct,b,0.5,0.03491914600000007,-0.046040298749999944,0.0,0.20045623189779538,56,fixed_k3
Strain_b_Tension_0.5pct,b,0.5,0.038797770000000065,-0.046040298749999944,0.0,0.19566103414619418,56,fixed_k3
Strain_b_Tension_0.5pct,b,0.5,0.04267639400000006,-0.046040298749999944,0.0,0.20418305008237692,56,fixed_k3
Strain_b_Tension_0.5pct,b,0.5,0.04655501800000006,-0.046040298749999944,0.0,0.2312928126762961,56,fixed_k3
Strain_b_Tension_0.5pct,b,0.5,0.050433642000000056,-0.046040298749999944,0.0,0.2814687798476396,56,fixed_k3
Strain_b_Tension_0.5pct,b,0.5,0.05431226600000005,-0.046040298749999944,0.0,0.3574119835779934,56,fixed_k3
Strain_b_Tension_0.5pct,b,0.5,0.05819089000000005,-0.046040298749999944,0.0,0.45808255456586666,56,fixed_k3
Strain_b_Tension_0.5pct,b,0.5,0.06206951400000005,-0.046040298749999944,0.0,0.5746640804485548,56,fixed_k3
Strain_b_Tension_0.5pct,b,0.5,0.06594813800000005,-0.046040298749999944,0.0,0.6822948181017965,56,fixed_k3
Strain_b_Tension_0.5pct,b,0.5,0.06982676200000004,-0.046040298749999944,0.0,0.7235460765419455,56,fixed_k3
Strain_b_Tension_0.5pct,b,0.5,0.07370538600000004,-0.046040298749999944,0.0,0.57720814917459,56,fixed_k3
Strain_b_Tension_0.5pct,b,0.5,0.07758401000000004,-0.046040298749999944,0.0,0.006229621656018702,56,fixed_k3
Strain_b_Tension_0.5pct,b,0.5,0.08146263400000003,-0.046040298749999944,0.0,-1.4039204948121151,56,fixed_k3
Strain_b_Tension_0.5pct,b,0.5,0.08534125800000003,-0.046040298749999944,0.0,-4.230410945707245,56,fixed_k3
Strain_b_Tension_0.5pct,b,0.5,0.08921988200000003,-0.046040298749999944,0.0,-8.864187217013493,56,fixed_k3
Strain_b_Tension_0.5pct,b,0.5,0.09309850600000003,-0.046040298749999944,0.0,-14.539213264467936,56,fixed_k3
Strain_b_Tension_0.5pct,b,0.5,0.09697713000000002,-0.046040298749999944,0.0,-18.496086917639857,56,fixed_k3
Strain_b_Tension_0.5pct,b,0.5,0.10085575400000002,-0.046040298749999944,0.0,-17.67861864498681,56,fixed_k3
Strain_b_Tension_0.5pct,b,0.5,0.10473437800000002,-0.046040298749999944,0.0,-12.180411548473325,56,fixed_k3
Strain_b_Tension_0.5pct,b,0.5,0.10861300200000001,-0.046040298749999944,0.0,-4.584088483725214,56,fixed_k3
Strain_b_Tension_0.5pct,b,0.5,0.11249162600000001,-0.046040298749999944,0.0,4.41976060007581,56,fixed_k3
Strain_b_Tension_0.5pct,b,0.5,0.11637025000000001,-0.046040298749999944,0.0,20.338507166477587,56,fixed_k3
Strain_b_Tension_0.5pct,b,0.5,0.120248874,-0.046040298749999944,0.0,75.69367201107862,56,fixed_k3
Strain_b_Tension_0.5pct,b,0.5,0.124127498,-0.046040298749999944,0.0,683.4726274520074,56,fixed_k3
Strain_b_Tension_0.5pct,b,0.5,0.128006122,-0.046040298749999944,0.0,52771.94205618278,56,fixed_k3
Strain_b_Tension_0.5pct,b,0.5,0.131884746,-0.046040298749999944,0.0,176.49634253550812,56,fixed_k3
Strain_b_Tension_0.5pct,b,0.5,0.13576337,-0.046040298749999944,0.0,18.60010889879465,56,fixed_k3
Strain_b_Tension_0.5pct,b,0.5,0.139641994,-0.046040298749999944,0.0,0.35661313784864546,56,fixed_k3
Strain_b_Tension_0.5pct,b,0.5,0.143520618,-0.046040298749999944,0.0,-3.7086944302195146,56,fixed_k3
Strain_b_Tension_0.5pct,b,0.5,0.14739924199999999,-0.046040298749999944,0.0,-4.713948690059606,56,fixed_k3
Strain_b_Tension_0.5pct,b,0.5,0.15127786599999998,-0.046040298749999944,0.0,-4.8064438634629285,56,fixed_k3
Strain_b_Tension_0.5pct,b,0.5,0.15515649,-0.046040298749999944,0.0,-4.58411862393631,56,fixed_k3
Strain_b_Tension_0.5pct,b,0.5,-0.1551334299999998,-0.04275366062499994,0.0,-4.383251998877292,56,fixed_k3
Strain_b_Tension_0.5pct,b,0.5,-0.1512548059999998,-0.04275366062499994,0.0,-4.345187363810832,56,fixed_k3
Strain_b_Tension_0.5pct,b,0.5,-0.1473761819999998,-0.04275366062499994,0.0,-3.927869379811608,56,fixed_k3
Strain_b_Tension_0.5pct,b,0.5,-0.1434975579999998,-0.04275366062499994,0.0,-2.422921083712091,56,fixed_k3
Strain_b_Tension_0.5pct,b,0.5,-0.1396189339999998,-0.04275366062499994,0.0,2.885825354058583,56,fixed_k3
Strain_b_Tension_0.5pct,b,0.5,-0.1357403099999998,-0.04275366062499994,0.0,27.651081104567147,56,fixed_k3
Strain_b_Tension_0.5pct,b,0.5,-0.1318616859999998,-0.04275366062499994,0.0,285.98296813145333,56,fixed_k3
Strain_b_Tension_0.5pct,b,0.5,-0.12798306199999981,-0.04275366062499994,0.0,136995.66228967666,56,fixed_k3
Strain_b_Tension_0.5pct,b,0.5,-0.12410443799999982,-0.04275366062499994,0.0,498.08882702725805,56,fixed_k3
Strain_b_Tension_0.5pct,b,0.5,-0.12022581399999982,-0.04275366062499994,0.0,60.08500475007662,56,fixed_k3
Strain_b_Tension_0.5pct,b,0.5,-0.11634718999999982,-0.04275366062499994,0.0,11.529430726164724,56,fixed_k3
Strain_b_Tension_0.5pct,b,0.5,-0.11246856599999983,-0.04275366062499994,0.0,-0.6960863445330805,56,fixed_k3
Strain_b_Tension_0.5pct,b,0.5,-0.10858994199999983,-0.04275366062499994,0.0,-3.2465252181219206,56,fixed_k3
Strain_b_Tension_0.5pct,b,0.5,-0.10471131799999983,-0.04275366062499994,0.0,-1.1299625130610558,56,fixed_k3
Strain_b_Tension_0.5pct,b,0.5,-0.10083269399999983,-0.04275366062499994,0.0,2.5584594253285227,56,fixed_k3
Strain_b_Tension_0.5pct,b,0.5,-0.09695406999999984,-0.04275366062499994,0.0,4.284831465566322,56,fixed_k3
Strain_b_Tension_0.5pct,b,0.5,-0.09307544599999984,-0.04275366062499994,0.0,2.86398733887636,56,fixed_k3
Strain_b_Tension_0.5pct,b,0.5,-0.08919682199999984,-0.04275366062499994,0.0,0.19733346108882355,56,fixed_k3
Strain_b_Tension_0.5pct,b,0.5,-0.08531819799999985,-0.04275366062499994,0.0,-1.792877248699417,56,fixed_k3
Strain_b_Tension_0.5pct,b,0.5,-0.08143957399999985,-0.04275366062499994,0.0,-2.676918628427833,56,fixed_k3
Strain_b_Tension_0.5pct,b,0.5,-0.07756094999999985,-0.04275366062499994,0.0,-2.8150036951737003,56,fixed_k3
Strain_b_Tension_0.5pct,b,0.5,-0.07368232599999985,-0.04275366062499994,0.0,-2.6126578489122707,56,fixed_k3
Strain_b_Tension_0.5pct,b,0.5,-0.06980370199999986,-0.04275366062499994,0.0,-2.3091198005936624,56,fixed_k3
Strain_b_Tension_0.5pct,b,0.5,-0.06592507799999986,-0.04275366062499994,0.0,-2.0087500373854716,56,fixed_k3
Strain_b_Tension_0.5pct,b,0.5,-0.06204645399999986,-0.04275366062499994,0.0,-1.7450402209888822,56,fixed_k3
Strain_b_Tension_0.5pct,b,0.5,-0.058167829999999865,-0.04275366062499994,0.0,-1.5219609746083418,56,fixed_k3
Strain_b_Tension_0.5pct,b,0.5,-0.05428920599999987,-0.04275366062499994,0.0,-1.333838833947411,56,fixed_k3
Strain_b_Tension_0.5pct,b,0.5,-0.05041058199999987,-0.04275366062499994,0.0,-1.17329537006692,56,fixed_k3
Strain_b_Tension_0.5pct,b,0.5,-0.04653195799999987,-0.04275366062499994,0.0,-1.0337968359354028,56,fixed_k3
Strain_b_Tension_0.5pct,b,0.5,-0.042653333999999876,-0.04275366062499994,0.0,-0.9101191807166997,56,fixed_k3
Strain_b_Tension_0.5pct,b,0.5,-0.03877470999999988,-0.04275366062499994,0.0,-0.7981657815778338,56,fixed_k3
Strain_b_Tension_0.5pct,b,0.5,-0.03489608599999988,-0.04275366062499994,0.0,-0.6946917024499235,56,fixed_k3
Strain_b_Tension_0.5pct,b,0.5,-0.031017461999999885,-0.04275366062499994,0.0,-0.5971123163444252,56,fixed_k3
Strain_b_Tension_0.5pct,b,0.5,-0.027138837999999887,-0.04275366062499994,0.0,-0.5034263461804638,56,fixed_k3
Strain_b_Tension_0.5pct,b,0.5,-0.02326021399999989,-0.04275366062499994,0.0,-0.4122294347284605,56,fixed_k3
Strain_b_Tension_0.5pct,b,0.5,-0.019381589999999893,-0.04275366062499994,0.0,-0.3227762731360335,56,fixed_k3
Strain_b_Tension_0.5pct,b,0.5,-0.015502965999999896,-0.04275366062499994,0.0,-0.23504481480829975,56,fixed_k3
Strain_b_Tension_0.5pct,b,0.5,-0.011624341999999899,-0.04275366062499994,0.0,-0.14975848052606522,56,fixed_k3
Strain_b_Tension_0.5pct,b,0.5,-0.0077457179999999015,-0.04275366062499994,0.0,-0.0683308376642402,56,fixed_k3
Strain_b_Tension_0.5pct,b,0.5,-0.0038670939999999043,-0.04275366062499994,0.0,0.007287529662936665,56,fixed_k3
Strain_b_Tension_0.5pct,b,0.5,1.1530000000092855e-05,-0.04275366062499994,0.0,0.07485938921012592,56,fixed_k3
Strain_b_Tension_0.5pct,b,0.5,0.00389015400000009,-0.04275366062499994,0.0,0.13218500700382507,56,fixed_k3
Strain_b_Tension_0.5pct,b,0.5,0.007768778000000087,-0.04275366062499994,0.0,0.17745726463872247,56,fixed_k3
Strain_b_Tension_0.5pct,b,0.5,0.011647402000000084,-0.04275366062499994,0.0,0.20959481192624874,56,fixed_k3
Strain_b_Tension_0.5pct,b,0.5,0.015526026000000082,-0.04275366062499994,0.0,0.2285027674155624,56,fixed_k3
Strain_b_Tension_0.5pct,b,0.5,0.01940465000000008,-0.04275366062499994,0.0,0.23522490812513053,56,fixed_k3
Strain_b_Tension_0.5pct,b,0.5,0.023283274000000076,-0.04275366062499994,0.0,0.2319731972145025,56,fixed_k3
Strain_b_Tension_0.5pct,b,0.5,0.027161898000000073,-0.04275366062499994,0.0,0.2220431891090795,56,fixed_k3
Strain_b_Tension_0.5pct,b,0.5,0.03104052200000007,-0.04275366062499994,0.0,0.20964082659411298,56,fixed_k3
Strain_b_Tension_0.5pct,b,0.5,0.03491914600000007,-0.04275366062499994,0.0,0.1996528412385865,56,fixed_k3
Strain_b_Tension_0.5pct,b,0.5,0.038797770000000065,-0.04275366062499994,0.0,0.19738692527860024,56,fixed_k3
Strain_b_Tension_0.5pct,b,0.5,0.04267639400000006,-0.04275366062499994,0.0,0.20828700672431344,56,fixed_k3
Strain_b_Tension_0.5pct,b,0.5,0.04655501800000006,-0.04275366062499994,0.0,0.23758811324309193,56,fixed_k3
Strain_b_Tension_0.5pct,b,0.5,0.050433642000000056,-0.04275366062499994,0.0,0.28980000649168125,56,fixed_k3
Strain_b_Tension_0.5pct,b,0.5,0.05431226600000005,-0.04275366062499994,0.0,0.3677645779723777,56,fixed_k3
Strain_b_Tension_0.5pct,b,0.5,0.05819089000000005,-0.04275366062499994,0.0,0.47074455763180945,56,fixed_k3
Strain_b_Tension_0.5pct,b,0.5,0.06206951400000005,-0.04275366062499994,0.0,0.5904215222737865,56,fixed_k3
Strain_b_Tension_0.5pct,b,0.5,0.06594813800000005,-0.04275366062499994,0.0,0.7025444661912861,56,fixed_k3
Strain_b_Tension_0.5pct,b,0.5,0.06982676200000004,-0.04275366062499994,0.0,0.7499369207230979,56,fixed_k3
Strain_b_Tension_0.5pct,b,0.5,0.07370538600000004,-0.04275366062499994,0.0,0.6098061378197204,56,fixed_k3
Strain_b_Tension_0.5pct,b,0.5,0.07758401000000004,-0.04275366062499994,0.0,0.03829154401603885,56,fixed_k3
Strain_b_Tension_0.5pct,b,0.5,0.08146263400000003,-0.04275366062499994,0.0,-1.3957050757218927,56,fixed_k3
Strain_b_Tension_0.5pct,b,0.5,0.08534125800000003,-0.04275366062499994,0.0,-4.289776866287064,56,fixed_k3
Strain_b_Tension_0.5pct,b,0.5,0.08921988200000003,-0.04275366062499994,0.0,-9.00376087828688,56,fixed_k3
Strain_b_Tension_0.5pct,b,0.5,0.09309850600000003,-0.04275366062499994,0.0,-14.563353020801783,56,fixed_k3
Strain_b_Tension_0.5pct,b,0.5,0.09697713000000002,-0.04275366062499994,0.0,-17.87534566719055,56,fixed_k3
Strain_b_Tension_0.5pct,b,0.5,0.10085575400000002,-0.04275366062499994,0.0,-16.003303003579326,56,fixed_k3
Strain_b_Tension_0.5pct,b,0.5,0.10473437800000002,-0.04275366062499994,0.0,-9.820694431902268,56,fixed_k3
Strain_b_Tension_0.5pct,b,0.5,0.10861300200000001,-0.04275366062499994,0.0,-2.4595003571321996,56,fixed_k3
Strain_b_Tension_0.5pct,b,0.5,0.11249162600000001,-0.04275366062499994,0.0,5.248768140202012,56,fixed_k3
Strain_b_Tension_0.5pct,b,0.5,0.11637025000000001,-0.04275366062499994,0.0,17.646609779673224,56,fixed_k3
Strain_b_Tension_0.5pct,b,0.5,0.120248874,-0.04275366062499994,0.0,57.28633077949586,56,fixed_k3
Strain_b_Tension_0.5pct,b,0.5,0.124127498,-0.04275366062499994,0.0,398.67836978353466,56,fixed_k3
Strain_b_Tension_0.5pct,b,0.5,0.128006122,-0.04275366062499994,0.0,89049.5440694566,56,fixed_k3
Strain_b_Tension_0.5pct,b,0.5,0.131884746,-0.04275366062499994,0.0,228.9813542444871,56,fixed_k3
Strain_b_Tension_0.5pct,b,0.5,0.13576337,-0.04275366062499994,0.0,22.14608553203689,56,fixed_k3
Strain_b_Tension_0.5pct,b,0.5,0.139641994,-0.04275366062499994,0.0,1.4260283080729952,56,fixed_k3
Strain_b_Tension_0.5pct,b,0.5,0.143520618,-0.04275366062499994,0.0,-3.0386990967898813,56,fixed_k3
Strain_b_Tension_0.5pct,b,0.5,0.14739924199999999,-0.04275366062499994,0.0,-4.179859042038249,56,fixed_k3
Strain_b_Tension_0.5pct,b,0.5,0.15127786599999998,-0.04275366062499994,0.0,-4.348593013527583,56,fixed_k3
Strain_b_Tension_0.5pct,b,0.5,0.15515649,-0.04275366062499994,0.0,-4.181254731547365,56,fixed_k3
Strain_b_Tension_0.5pct,b,0.5,-0.1551334299999998,-0.03946702249999995,0.0,-4.134752521184042,56,fixed_k3
Strain_b_Tension_0.5pct,b,0.5,-0.1512548059999998,-0.03946702249999995,0.0,-4.060287040455819,56,fixed_k3
Strain_b_Tension_0.5pct,b,0.5,-0.1473761819999998,-0.03946702249999995,0.0,-3.588072669027118,56,fixed_k3
Strain_b_Tension_0.5pct,b,0.5,-0.1434975579999998,-0.03946702249999995,0.0,-1.9750600858338887,56,fixed_k3
Strain_b_Tension_0.5pct,b,0.5,-0.1396189339999998,-0.03946702249999995,0.0,3.7065727964387243,56,fixed_k3
Strain_b_Tension_0.5pct,b,0.5,-0.1357403099999998,-0.03946702249999995,0.0,31.322378588200138,56,fixed_k3
Strain_b_Tension_0.5pct,b,0.5,-0.1318616859999998,-0.03946702249999995,0.0,362.8356070410567,56,fixed_k3
Strain_b_Tension_0.5pct,b,0.5,-0.12798306199999981,-0.03946702249999995,0.0,26371.919178577475,56,fixed_k3
Strain_b_Tension_0.5pct,b,0.5,-0.12410443799999982,-0.03946702249999995,0.0,302.15219416255445,56,fixed_k3
Strain_b_Tension_0.5pct,b,0.5,-0.12022581399999982,-0.03946702249999995,0.0,43.53950375025048,56,fixed_k3
Strain_b_Tension_0.5pct,b,0.5,-0.11634718999999982,-0.03946702249999995,0.0,7.950689634497696,56,fixed_k3
Strain_b_Tension_0.5pct,b,0.5,-0.11246856599999983,-0.03946702249999995,0.0,-1.834001514129573,56,fixed_k3
Strain_b_Tension_0.5pct,b,0.5,-0.10858994199999983,-0.03946702249999995,0.0,-3.9249545851249406,56,fixed_k3
Strain_b_Tension_0.5pct,b,0.5,-0.10471131799999983,-0.03946702249999995,0.0,-1.7608218561035462,56,fixed_k3
Strain_b_Tension_0.5pct,b,0.5,-0.10083269399999983,-0.03946702249999995,0.0,2.196699881946196,56,fixed_k3
Strain_b_Tension_0.5pct,b,0.5,-0.09695406999999984,-0.03946702249999995,0.0,4.390377524904453,56,fixed_k3
Strain_b_Tension_0.5pct,b,0.5,-0.09307544599999984,-0.03946702249999995,0.0,3.211046954393346,56,fixed_k3
Strain_b_Tension_0.5pct,b,0.5,-0.08919682199999984,-0.03946702249999995,0.0,0.4972189740657402,56,fixed_k3
Strain_b_Tension_0.5pct,b,0.5,-0.08531819799999985,-0.03946702249999995,0.0,-1.610712196690982,56,fixed_k3
Strain_b_Tension_0.5pct,b,0.5,-0.08143957399999985,-0.03946702249999995,0.0,-2.569861008640098,56,fixed_k3
Strain_b_Tension_0.5pct,b,0.5,-0.07756094999999985,-0.03946702249999995,0.0,-2.7405810691122667,56,fixed_k3
Strain_b_Tension_0.5pct,b,0.5,-0.07368232599999985,-0.03946702249999995,0.0,-2.550633312497229,56,fixed_k3
Strain_b_Tension_0.5pct,b,0.5,-0.06980370199999986,-0.03946702249999995,0.0,-2.2526207291552183,56,fixed_k3
Strain_b_Tension_0.5pct,b,0.5,-0.06592507799999986,-0.03946702249999995,0.0,-1.9560928691179218,56,fixed_k3
Strain_b_Tension_0.5pct,b,0.5,-0.06204645399999986,-0.03946702249999995,0.0,-1.6960910323543232,56,fixed_k3
Strain_b_Tension_0.5pct,b,0.5,-0.058167829999999865,-0.03946702249999995,0.0,-1.4769370516613336,56,fixed_k3
Strain_b_Tension_0.5pct,b,0.5,-0.05428920599999987,-0.03946702249999995,0.0,-1.2930005873372354,56,fixed_k3
Strain_b_Tension_0.5pct,b,0.5,-0.05041058199999987,-0.03946702249999995,0.0,-1.1368884933496481,56,fixed_k3
Strain_b_Tension_0.5pct,b,0.5,-0.04653195799999987,-0.03946702249999995,0.0,-1.0020423160791565,56,fixed_k3
Strain_b_Tension_0.5pct,b,0.5,-0.042653333999999876,-0.03946702249999995,0.0,-0.8832023229760462,56,fixed_k3
Strain_b_Tension_0.5pct,b,0.5,-0.03877470999999988,-0.03946702249999995,0.0,-0.7762186723566107,56,fixed_k3
Strain_b_Tension_0.5pct,b,0.5,-0.03489608599999988,-0.03946702249999995,0.0,-0.6777725074391913,56,fixed_k3
Strain_b_Tension_0.5pct,b,0.5,-0.031017461999999885,-0.03946702249999995,0.0,-0.5851853058338596,56,fixed_k3
Strain_b_Tension_0.5pct,b,0.5,-0.027138837999999887,-0.03946702249999995,0.0,-0.496345734075605,56,fixed_k3
Strain_b_Tension_0.5pct,b,0.5,-0.02326021399999989,-0.03946702249999995,0.0,-0.4097294230640274,56,fixed_k3
Strain_b_Tension_0.5pct,b,0.5,-0.019381589999999893,-0.03946702249999995,0.0,-0.3244690707545983,56,fixed_k3
Strain_b_Tension_0.5pct,b,0.5,-0.015502965999999896,-0.03946702249999995,0.0,-0.2404276232120932,56,fixed_k3
Strain_b_Tension_0.5pct,b,0.5,-0.011624341999999899,-0.03946702249999995,0.0,-0.1582294197175096,56,fixed_k3
Strain_b_Tension_0.5pct,b,0.5,-0.0077457179999999015,-0.03946702249999995,0.0,-0.07921261025426896,56,fixed_k3
Strain_b_Tension_0.5pct,b,0.5,-0.0038670939999999043,-0.03946702249999995,0.0,-0.00528146762578352,56,fixed_k3
Strain_b_Tension_0.5pct,b,0.5,1.1530000000092855e-05,-0.03946702249999995,0.0,0.06134156145013003,56,fixed_k3
Strain_b_Tension_0.5pct,b,0.5,0.00389015400000009,-0.03946702249999995,0.0,0.11844073926613552,56,fixed_k3
Strain_b_Tension_0.5pct,b,0.5,0.007768778000000087,-0.03946702249999995,0.0,0.16416553711776438,56,fixed_k3
Strain_b_Tension_0.5pct,b,0.5,0.011647402000000084,-0.03946702249999995,0.0,0.19736882256978783,56,fixed_k3
Strain_b_Tension_0.5pct,b,0.5,0.015526026000000082,-0.03946702249999995,0.0,0.2178730869395249,56,fixed_k3
Strain_b_Tension_0.5pct,b,0.5,0.01940465000000008,-0.03946702249999995,0.0,0.22662768526380828,56,fixed_k3
Strain_b_Tension_0.5pct,b,0.5,0.023283274000000076,-0.03946702249999995,0.0,0.22574242527482213,56,fixed_k3
Strain_b_Tension_0.5pct,b,0.5,0.027161898000000073,-0.03946702249999995,0.0,0.21840610247300796,56,fixed_k3
Strain_b_Tension_0.5pct,b,0.5,0.03104052200000007,-0.03946702249999995,0.0,0.2087161075141749,56,fixed_k3
Strain_b_Tension_0.5pct,b,0.5,0.03491914600000007,-0.03946702249999995,0.0,0.20145242969277466,56,fixed_k3
Strain_b_Tension_0.5pct,b,0.5,0.038797770000000065,-0.03946702249999995,0.0,0.20182385013387016,56,fixed_k3
Strain_b_Tension_0.5pct,b,0.5,0.04267639400000006,-0.03946702249999995,0.0,0.2151939349829164,56,fixed_k3
Strain_b_Tension_0.5pct,b,0.5,0.04655501800000006,-0.03946702249999995,0.0,0.24675447223998892,56,fixed_k3
Strain_b_Tension_0.5pct,b,0.5,0.050433642000000056,-0.03946702249999995,0.0,0.3010396075787811,56,fixed_k3
Strain_b_Tension_0.5pct,b,0.5,0.05431226600000005,-0.03946702249999995,0.0,0.3810295994757601,56,fixed_k3
Strain_b_Tension_0.5pct,b,0.5,0.05819089000000005,-0.03946702249999995,0.0,0.48630075089572045,56,fixed_k3
Strain_b_Tension_0.5pct,b,0.5,0.06206951400000005,-0.03946702249999995,0.0,0.6090780466669714,56,fixed_k3
Strain_b_Tension_0.5pct,b,0.5,0.06594813800000005,-0.03946702249999995,0.0,0.725846601750834,56,fixed_k3
Strain_b_Tension_0.5pct,b,0.5,0.06982676200000004,-0.03946702249999995,0.0,0.7799783406007255,56,fixed_k3
Strain_b_Tension_0.5pct,b,0.5,0.07370538600000004,-0.03946702249999995,0.0,0.6477230681102972,56,fixed_k3
Strain_b_Tension_0.5pct,b,0.5,0.07758401000000004,-0.03946702249999995,0.0,0.07958370184099806,56,fixed_k3
Strain_b_Tension_0.5pct,b,0.5,0.08146263400000003,-0.03946702249999995,0.0,-1.3701933788039535,56,fixed_k3
Strain_b_Tension_0.5pct,b,0.5,0.08534125800000003,-0.03946702249999995,0.0,-4.31678967165504,56,fixed_k3
Strain_b_Tension_0.5pct,b,0.5,0.08921988200000003,-0.03946702249999995,0.0,-9.084805140904527,56,fixed_k3
Strain_b_Tension_0.5pct,b,0.5,0.09309850600000003,-0.03946702249999995,0.0,-14.49293679640462,56,fixed_k3
Strain_b_Tension_0.5pct,b,0.5,0.09697713000000002,-0.03946702249999995,0.0,-17.160209953584122,56,fixed_k3
Strain_b_Tension_0.5pct,b,0.5,0.10085575400000002,-0.03946702249999995,0.0,-14.369102049105052,56,fixed_k3
Strain_b_Tension_0.5pct,b,0.5,0.10473437800000002,-0.03946702249999995,0.0,-7.752058458797931,56,fixed_k3
Strain_b_Tension_0.5pct,b,0.5,0.10861300200000001,-0.03946702249999995,0.0,-0.8051041342614187,56,fixed_k3
Strain_b_Tension_0.5pct,b,0.5,0.11249162600000001,-0.03946702249999995,0.0,5.6631230010318,56,fixed_k3
Strain_b_Tension_0.5pct,b,0.5,0.11637025000000001,-0.03946702249999995,0.0,15.173083059668373,56,fixed_k3
Strain_b_Tension_0.5pct,b,0.5,0.120248874,-0.03946702249999995,0.0,43.49245251424354,56,fixed_k3
Strain_b_Tension_0.5pct,b,0.5,0.124127498,-0.03946702249999995,0.0,243.28214843851106,56,fixed_k3
Strain_b_Tension_0.5pct,b,0.5,0.128006122,-0.03946702249999995,0.0,17732.38425434811,56,fixed_k3
Strain_b_Tension_0.5pct,b,0.5,0.131884746,-0.03946702249999995,0.0,289.82259690205655,56,fixed_k3
Strain_b_Tension_0.5pct,b,0.5,0.13576337,-0.03946702249999995,0.0,25.52611574524376,56,fixed_k3
Strain_b_Tension_0.5pct,b,0.5,0.139641994,-0.03946702249999995,0.0,2.3903538918199616,56,fixed_k3
Strain_b_Tension_0.5pct,b,0.5,0.143520618,-0.03946702249999995,0.0,-2.4138169668375613,56,fixed_k3
Strain_b_Tension_0.5pct,b,0.5,0.14739924199999999,-0.03946702249999995,0.0,-3.6635915966362393,56,fixed_k3
Strain_b_Tension_0.5pct,b,0.5,0.15127786599999998,-0.03946702249999995,0.0,-3.895227046827856,56,fixed_k3
Strain_b_Tension_0.5pct,b,0.5,0.15515649,-0.03946702249999995,0.0,-3.77586412800011,56,fixed_k3
Strain_b_Tension_0.5pct,b,0.5,-0.1551334299999998,-0.03618038437499996,0.0,-3.881673258878118,56,fixed_k3
Strain_b_Tension_0.5pct,b,0.5,-0.1512548059999998,-0.03618038437499996,0.0,-3.7771935531611187,56,fixed_k3
Strain_b_Tension_0.5pct,b,0.5,-0.1473761819999998,-0.03618038437499996,0.0,-3.2643333615049195,56,fixed_k3
Strain_b_Tension_0.5pct,b,0.5,-0.1434975579999998,-0.03618038437499996,0.0,-1.5777320924777385,56,fixed_k3
Strain_b_Tension_0.5pct,b,0.5,-0.1396189339999998,-0.03618038437499996,0.0,4.379770881535659,56,fixed_k3
Strain_b_Tension_0.5pct,b,0.5,-0.1357403099999998,-0.03618038437499996,0.0,34.550885117374456,56,fixed_k3
Strain_b_Tension_0.5pct,b,0.5,-0.1318616859999998,-0.03618038437499996,0.0,443.2067666016143,56,fixed_k3
Strain_b_Tension_0.5pct,b,0.5,-0.12798306199999981,-0.03618038437499996,0.0,6428.235678000979,56,fixed_k3
Strain_b_Tension_0.5pct,b,0.5,-0.12410443799999982,-0.03618038437499996,0.0,191.63084670963278,56,fixed_k3
Strain_b_Tension_0.5pct,b,0.5,-0.12022581399999982,-0.03618038437499996,0.0,31.597944710313847,56,fixed_k3
Strain_b_Tension_0.5pct,b,0.5,-0.11634718999999982,-0.03618038437499996,0.0,5.1670930816816965,56,fixed_k3
Strain_b_Tension_0.5pct,b,0.5,-0.11246856599999983,-0.03618038437499996,0.0,-2.7392600788667854,56,fixed_k3
Strain_b_Tension_0.5pct,b,0.5,-0.10858994199999983,-0.03618038437499996,0.0,-4.482871116764752,56,fixed_k3
Strain_b_Tension_0.5pct,b,0.5,-0.10471131799999983,-0.03618038437499996,0.0,-2.3218664935063758,56,fixed_k3
Strain_b_Tension_0.5pct,b,0.5,-0.10083269399999983,-0.03618038437499996,0.0,1.845807399114171,56,fixed_k3
Strain_b_Tension_0.5pct,b,0.5,-0.09695406999999984,-0.03618038437499996,0.0,4.48749866529019,56,fixed_k3
Strain_b_Tension_0.5pct,b,0.5,-0.09307544599999984,-0.03618038437499996,0.0,3.5687819150604687,56,fixed_k3
Strain_b_Tension_0.5pct,b,0.5,-0.08919682199999984,-0.03618038437499996,0.0,0.8180452236480655,56,fixed_k3
Strain_b_Tension_0.5pct,b,0.5,-0.08531819799999985,-0.03618038437499996,0.0,-1.411410357747798,56,fixed_k3
Strain_b_Tension_0.5pct,b,0.5,-0.08143957399999985,-0.03618038437499996,0.0,-2.452222967522592,56,fixed_k3
Strain_b_Tension_0.5pct,b,0.5,-0.07756094999999985,-0.03618038437499996,0.0,-2.6603826873807637,56,fixed_k3
Strain_b_Tension_0.5pct,b,0.5,-0.07368232599999985,-0.03618038437499996,0.0,-2.4856241035112654,56,fixed_k3
Strain_b_Tension_0.5pct,b,0.5,-0.06980370199999986,-0.03618038437499996,0.0,-2.1945254676311166,56,fixed_k3
Strain_b_Tension_0.5pct,b,0.5,-0.06592507799999986,-0.03618038437499996,0.0,-1.9023946847312299,56,fixed_k3
Strain_b_Tension_0.5pct,b,0.5,-0.06204645399999986,-0.03618038437499996,0.0,-1.6462159898800064,56,fixed_k3
Strain_b_Tension_0.5pct,b,0.5,-0.058167829999999865,-0.03618038437499996,0.0,-1.430901913930433,56,fixed_k3
Strain_b_Tension_0.5pct,b,0.5,-0.05428920599999987,-0.03618038437499996,0.0,-1.2509974087124438,56,fixed_k3
Strain_b_Tension_0.5pct,b,0.5,-0.05041058199999987,-0.03618038437499996,0.0,-1.099160214797888,56,fixed_k3
Strain_b_Tension_0.5pct,b,0.5,-0.04653195799999987,-0.03618038437499996,0.0,-0.9688349026320351,56,fixed_k3
Strain_b_Tension_0.5pct,b,0.5,-0.042653333999999876,-0.03618038437499996,0.0,-0.8547338715366286,56,fixed_k3
Strain_b_Tension_0.5pct,b,0.5,-0.03877470999999988,-0.03618038437499996,0.0,-0.7526523643502269,56,fixed_k3
Strain_b_Tension_0.5pct,b,0.5,-0.03489608599999988,-0.03618038437499996,0.0,-0.6591920724398164,56,fixed_k3
Strain_b_Tension_0.5pct,b,0.5,-0.031017461999999885,-0.03618038437499996,0.0,-0.5715741089150141,56,fixed_k3
Strain_b_Tension_0.5pct,b,0.5,-0.027138837999999887,-0.03618038437499996,0.0,-0.48757100458883007,56,fixed_k3
Strain_b_Tension_0.5pct,b,0.5,-0.02326021399999989,-0.03618038437499996,0.0,-0.4055331595180901,56,fixed_k3
Strain_b_Tension_0.5pct,b,0.5,-0.019381589999999893,-0.03618038437499996,0.0,-0.32446694604784665,56,fixed_k3
Strain_b_Tension_0.5pct,b,0.5,-0.015502965999999896,-0.03618038437499996,0.0,-0.2441166826662744,56,fixed_k3
Strain_b_Tension_0.5pct,b,0.5,-0.011624341999999899,-0.03618038437499996,0.0,-0.16500449400434958,56,fixed_k3
Strain_b_Tension_0.5pct,b,0.5,-0.0077457179999999015,-0.03618038437499996,0.0,-0.08839028451715136,56,fixed_k3
Strain_b_Tension_0.5pct,b,0.5,-0.0038670939999999043,-0.03618038437499996,0.0,-0.01612940702154675,56,fixed_k3
Strain_b_Tension_0.5pct,b,0.5,1.1530000000092855e-05,-0.03618038437499996,0.0,0.04957283695171011,56,fixed_k3
Strain_b_Tension_0.5pct,b,0.5,0.00389015400000009,-0.03618038437499996,0.0,0.10648668525877003,56,fixed_k3
Strain_b_Tension_0.5pct,b,0.5,0.007768778000000087,-0.03618038437499996,0.0,0.1527196034278555,56,fixed_k3
Strain_b_Tension_0.5pct,b,0.5,0.011647402000000084,-0.03618038437499996,0.0,0.18705930133631443,56,fixed_k3
Strain_b_Tension_0.5pct,b,0.5,0.015526026000000082,-0.03618038437499996,0.0,0.20924532180939126,56,fixed_k3
Strain_b_Tension_0.5pct,b,0.5,0.01940465000000008,-0.03618038437499996,0.0,0.22013123751840125,56,fixed_k3
Strain_b_Tension_0.5pct,b,0.5,0.023283274000000076,-0.03618038437499996,0.0,0.22172228759215873,56,fixed_k3
Strain_b_Tension_0.5pct,b,0.5,0.027161898000000073,-0.03618038437499996,0.0,0.21709708933864302,56,fixed_k3
Strain_b_Tension_0.5pct,b,0.5,0.03104052200000007,-0.03618038437499996,0.0,0.2102401267035361,56,fixed_k3
Strain_b_Tension_0.5pct,b,0.5,0.03491914600000007,-0.03618038437499996,0.0,0.20581941596299513,56,fixed_k3
Strain_b_Tension_0.5pct,b,0.5,0.038797770000000065,-0.03618038437499996,0.0,0.20893875977478937,56,fixed_k3
Strain_b_Tension_0.5pct,b,0.5,0.04267639400000006,-0.03618038437499996,0.0,0.224874543420285,56,fixed_k3
Strain_b_Tension_0.5pct,b,0.5,0.04655501800000006,-0.03618038437499996,0.0,0.25876810287104335,56,fixed_k3
Strain_b_Tension_0.5pct,b,0.5,0.050433642000000056,-0.03618038437499996,0.0,0.3151715808410387,56,fixed_k3
Strain_b_Tension_0.5pct,b,0.5,0.05431226600000005,-0.03618038437499996,0.0,0.3972015034226155,56,fixed_k3
Strain_b_Tension_0.5pct,b,0.5,0.05819089000000005,-0.03618038437499996,0.0,0.5047587610702564,56,fixed_k3
Strain_b_Tension_0.5pct,b,0.5,0.06206951400000005,-0.03618038437499996,0.0,0.6306568188557065,56,fixed_k3
Strain_b_Tension_0.5pct,b,0.5,0.06594813800000005,-0.03618038437499996,0.0,0.7522427804032688,56,fixed_k3
Strain_b_Tension_0.5pct,b,0.5,0.06982676200000004,-0.03618038437499996,0.0,0.8137404621605329,56,fixed_k3
Strain_b_Tension_0.5pct,b,0.5,0.07370538600000004,-0.03618038437499996,0.0,0.6911016923071411,56,fixed_k3
Strain_b_Tension_0.5pct,b,0.5,0.07758401000000004,-0.03618038437499996,0.0,0.13047157587460734,56,fixed_k3
Strain_b_Tension_0.5pct,b,0.5,0.08146263400000003,-0.03618038437499996,0.0,-1.3264279872953868,56,fixed_k3
Strain_b_Tension_0.5pct,b,0.5,0.08534125800000003,-0.03618038437499996,0.0,-4.3094463777863945,56,fixed_k3
Strain_b_Tension_0.5pct,b,0.5,0.08921988200000003,-0.03618038437499996,0.0,-9.105302023199805,56,fixed_k3
Strain_b_Tension_0.5pct,b,0.5,0.09309850600000003,-0.03618038437499996,0.0,-14.332714517188961,56,fixed_k3
Strain_b_Tension_0.5pct,b,0.5,0.09697713000000002,-0.03618038437499996,0.0,-16.37311349751038,56,fixed_k3
Strain_b_Tension_0.5pct,b,0.5,0.10085575400000002,-0.03618038437499996,0.0,-12.802521323964807,56,fixed_k3
Strain_b_Tension_0.5pct,b,0.5,0.10473437800000002,-0.03618038437499996,0.0,-5.953416932184975,56,fixed_k3
Strain_b_Tension_0.5pct,b,0.5,0.10861300200000001,-0.03618038437499996,0.0,0.4797546405859907,56,fixed_k3
Strain_b_Tension_0.5pct,b,0.5,0.11249162600000001,-0.03618038437499996,0.0,5.8187750548508745,56,fixed_k3
Strain_b_Tension_0.5pct,b,0.5,0.11637025000000001,-0.03618038437499996,0.0,13.012322871271305,56,fixed_k3
Strain_b_Tension_0.5pct,b,0.5,0.120248874,-0.03618038437499996,0.0,33.260416024022746,56,fixed_k3
Strain_b_Tension_0.5pct,b,0.5,0.124127498,-0.03618038437499996,0.0,155.49205996503778,56,fixed_k3
Strain_b_Tension_0.5pct,b,0.5,0.128006122,-0.03618038437499996,0.0,4626.051374491753,56,fixed_k3
Strain_b_Tension_0.5pct,b,0.5,0.131884746,-0.03618038437499996,0.0,353.1326501308861,56,fixed_k3
Strain_b_Tension_0.5pct,b,0.5,0.13576337,-0.03618038437499996,0.0,28.569005027117132,56,fixed_k3
Strain_b_Tension_0.5pct,b,0.5,0.139641994,-0.03618038437499996,0.0,3.226085220707431,56,fixed_k3
Strain_b_Tension_0.5pct,b,0.5,0.143520618,-0.03618038437499996,0.0,-1.8404730786269816,56,fixed_k3
Strain_b_Tension_0.5pct,b,0.5,0.14739924199999999,-0.03618038437499996,0.0,-3.1684843825551248,56,fixed_k3
Strain_b_Tension_0.5pct,b,0.5,0.15127786599999998,-0.03618038437499996,0.0,-3.448924755589994,56,fixed_k3
Strain_b_Tension_0.5pct,b,0.5,0.15515649,-0.03618038437499996,0.0,-3.3702539378978047,56,fixed_k3
Strain_b_Tension_0.5pct,b,0.5,-0.1551334299999998,-0.03289374624999995,0.0,-3.623878998280206,56,fixed_k3
Strain_b_Tension_0.5pct,b,0.5,-0.1512548059999998,-0.03289374624999995,0.0,-3.4959766241221852,56,fixed_k3
Strain_b_Tension_0.5pct,b,0.5,-0.1473761819999998,-0.03289374624999995,0.0,-2.95742061710129,56,fixed_k3
Strain_b_Tension_0.5pct,b,0.5,-0.1434975579999998,-0.03289374624999995,0.0,-1.2349295193725198,56,fixed_k3
Strain_b_Tension_0.5pct,b,0.5,-0.1396189339999998,-0.03289374624999995,0.0,4.881086512721054,56,fixed_k3
Strain_b_Tension_0.5pct,b,0.5,-0.1357403099999998,-0.03289374624999995,0.0,37.09653369565156,56,fixed_k3
Strain_b_Tension_0.5pct,b,0.5,-0.1318616859999998,-0.03289374624999995,0.0,512.809726126655,56,fixed_k3
Strain_b_Tension_0.5pct,b,0.5,-0.12798306199999981,-0.03289374624999995,0.0,2351.938583877849,56,fixed_k3
Strain_b_Tension_0.5pct,b,0.5,-0.12410443799999982,-0.03289374624999995,0.0,126.58105284258471,56,fixed_k3
Strain_b_Tension_0.5pct,b,0.5,-0.12022581399999982,-0.03289374624999995,0.0,22.964763852302323,56,fixed_k3
Strain_b_Tension_0.5pct,b,0.5,-0.11634718999999982,-0.03289374624999995,0.0,3.0261696900272073,56,fixed_k3
Strain_b_Tension_0.5pct,b,0.5,-0.11246856599999983,-0.03289374624999995,0.0,-3.4374181475300016,56,fixed_k3
Strain_b_Tension_0.5pct,b,0.5,-0.10858994199999983,-0.03289374624999995,0.0,-4.919972117717078,56,fixed_k3
Strain_b_Tension_0.5pct,b,0.5,-0.10471131799999983,-0.03289374624999995,0.0,-2.7983129302150607,56,fixed_k3
Strain_b_Tension_0.5pct,b,0.5,-0.10083269399999983,-0.03289374624999995,0.0,1.5256512456537692,56,fixed_k3
Strain_b_Tension_0.5pct,b,0.5,-0.09695406999999984,-0.03289374624999995,0.0,4.586902624882891,56,fixed_k3
Strain_b_Tension_0.5pct,b,0.5,-0.09307544599999984,-0.03289374624999995,0.0,3.9396977784861162,56,fixed_k3
Strain_b_Tension_0.5pct,b,0.5,-0.08919682199999984,-0.03289374624999995,0.0,1.1604743437932086,56,fixed_k3
Strain_b_Tension_0.5pct,b,0.5,-0.08531819799999985,-0.03289374624999995,0.0,-1.1943378548710604,56,fixed_k3
Strain_b_Tension_0.5pct,b,0.5,-0.08143957399999985,-0.03289374624999995,0.0,-2.3234964512190377,56,fixed_k3
Strain_b_Tension_0.5pct,b,0.5,-0.07756094999999985,-0.03289374624999995,0.0,-2.574129294626914,56,fixed_k3
Strain_b_Tension_0.5pct,b,0.5,-0.07368232599999985,-0.03289374624999995,0.0,-2.4175345379186206,56,fixed_k3
Strain_b_Tension_0.5pct,b,0.5,-0.06980370199999986,-0.03289374624999995,0.0,-2.134849703591211,56,fixed_k3
Strain_b_Tension_0.5pct,b,0.5,-0.06592507799999986,-0.03289374624999995,0.0,-1.8477320184984654,56,fixed_k3
Strain_b_Tension_0.5pct,b,0.5,-0.06204645399999986,-0.03289374624999995,0.0,-1.595524328715658,56,fixed_k3
Strain_b_Tension_0.5pct,b,0.5,-0.058167829999999865,-0.03289374624999995,0.0,-1.3839826038423153,56,fixed_k3
Strain_b_Tension_0.5pct,b,0.5,-0.05428920599999987,-0.03289374624999995,0.0,-1.2079657449379964,56,fixed_k3
Strain_b_Tension_0.5pct,b,0.5,-0.05041058199999987,-0.03289374624999995,0.0,-1.0602510009746162,56,fixed_k3
Strain_b_Tension_0.5pct,b,0.5,-0.04653195799999987,-0.03289374624999995,0.0,-0.9343152112880329,56,fixed_k3
Strain_b_Tension_0.5pct,b,0.5,-0.042653333999999876,-0.03289374624999995,0.0,-0.8248516470889159,56,fixed_k3
Strain_b_Tension_0.5pct,b,0.5,-0.03877470999999988,-0.03289374624999995,0.0,-0.7275996464000097,56,fixed_k3
Strain_b_Tension_0.5pct,b,0.5,-0.03489608599999988,-0.03289374624999995,0.0,-0.6390765367154381,56,fixed_k3
Strain_b_Tension_0.5pct,b,0.5,-0.031017461999999885,-0.03289374624999995,0.0,-0.5563971673608785,56,fixed_k3
Strain_b_Tension_0.5pct,b,0.5,-0.027138837999999887,-0.03289374624999995,0.0,-0.4772123797109713,56,fixed_k3
Strain_b_Tension_0.5pct,b,0.5,-0.02326021399999989,-0.03289374624999995,0.0,-0.39974259748586327,56,fixed_k3
Strain_b_Tension_0.5pct,b,0.5,-0.019381589999999893,-0.03289374624999995,0.0,-0.3228639422905577,56,fixed_k3
Strain_b_Tension_0.5pct,b,0.5,-0.015502965999999896,-0.03289374624999995,0.0,-0.24619880947098216,56,fixed_k3
Strain_b_Tension_0.5pct,b,0.5,-0.011624341999999899,-0.03289374624999995,0.0,-0.17016420322389414,56,fixed_k3
Strain_b_Tension_0.5pct,b,0.5,-0.0077457179999999015,-0.03289374624999995,0.0,-0.09593907620700481,56,fixed_k3
Strain_b_Tension_0.5pct,b,0.5,-0.0038670939999999043,-0.03289374624999995,0.0,-0.025327271515976246,56,fixed_k3
Strain_b_Tension_0.5pct,b,0.5,1.1530000000092855e-05,-0.03289374624999995,0.0,0.03948548305281363,56,fixed_k3
Strain_b_Tension_0.5pct,b,0.5,0.00389015400000009,-0.03289374624999995,0.0,0.09625751121687931,56,fixed_k3
Strain_b_Tension_0.5pct,b,0.5,0.007768778000000087,-0.03289374624999995,0.0,0.14305583964926716,56,fixed_k3
Strain_b_Tension_0.5pct,b,0.5,0.011647402000000084,-0.03289374624999995,0.0,0.17860381082849464,56,fixed_k3
Strain_b_Tension_0.5pct,b,0.5,0.015526026000000082,-0.03289374624999995,0.0,0.20255784885102013,56,fixed_k3
Strain_b_Tension_0.5pct,b,0.5,0.01940465000000008,-0.03289374624999995,0.0,0.21567451636944712,56,fixed_k3
Strain_b_Tension_0.5pct,b,0.5,0.023283274000000076,-0.03289374624999995,0.0,0.2198521965328013,56,fixed_k3
Strain_b_Tension_0.5pct,b,0.5,0.027161898000000073,-0.03289374624999995,0.0,0.2180560512540246,56,fixed_k3
Strain_b_Tension_0.5pct,b,0.5,0.03104052200000007,-0.03289374624999995,0.0,0.21415349105426507,56,fixed_k3
Strain_b_Tension_0.5pct,b,0.5,0.03491914600000007,-0.03289374624999995,0.0,0.21269559147191286,56,fixed_k3
Strain_b_Tension_0.5pct,b,0.5,0.038797770000000065,-0.03289374624999995,0.0,0.21867546918757763,56,fixed_k3
Strain_b_Tension_0.5pct,b,0.5,0.04267639400000006,-0.03289374624999995,0.0,0.23727596989046362,56,fixed_k3
Strain_b_Tension_0.5pct,b,0.5,0.04655501800000006,-0.03289374624999995,0.0,0.2735812935187345,56,fixed_k3
Strain_b_Tension_0.5pct,b,0.5,0.050433642000000056,-0.03289374624999995,0.0,0.33215568915500715,56,fixed_k3
Strain_b_Tension_0.5pct,b,0.5,0.05431226600000005,-0.03289374624999995,0.0,0.4162500985220884,56,fixed_k3
Strain_b_Tension_0.5pct,b,0.5,0.05819089000000005,-0.03289374624999995,0.0,0.5261006382419984,56,fixed_k3
Strain_b_Tension_0.5pct,b,0.5,0.06206951400000005,-0.03289374624999995,0.0,0.6551529064140691,56,fixed_k3
Strain_b_Tension_0.5pct,b,0.5,0.06594813800000005,-0.03289374624999995,0.0,0.7817397291838057,56,fixed_k3
Strain_b_Tension_0.5pct,b,0.5,0.06982676200000004,-0.03289374624999995,0.0,0.8512415701807812,56,fixed_k3
Strain_b_Tension_0.5pct,b,0.5,0.07370538600000004,-0.03289374624999995,0.0,0.7399925723209462,56,fixed_k3
Strain_b_Tension_0.5pct,b,0.5,0.07758401000000004,-0.03289374624999995,0.0,0.19113975254451065,56,fixed_k3
Strain_b_Tension_0.5pct,b,0.5,0.08146263400000003,-0.03289374624999995,0.0,-1.2638118965618106,56,fixed_k3
Strain_b_Tension_0.5pct,b,0.5,0.08534125800000003,-0.03289374624999995,0.0,-4.266451283943473,56,fixed_k3
Strain_b_Tension_0.5pct,b,0.5,0.08921988200000003,-0.03289374624999995,0.0,-9.064586650219773,56,fixed_k3
Strain_b_Tension_0.5pct,b,0.5,0.09309850600000003,-0.03289374624999995,0.0,-14.089313664220777,56,fixed_k3
Strain_b_Tension_0.5pct,b,0.5,0.09697713000000002,-0.03289374624999995,0.0,-15.535558067249953,56,fixed_k3
Strain_b_Tension_0.5pct,b,0.5,0.10085575400000002,-0.03289374624999995,0.0,-11.321938100233547,56,fixed_k3
Strain_b_Tension_0.5pct,b,0.5,0.10473437800000002,-0.03289374624999995,0.0,-4.398085446373599,56,fixed_k3
Strain_b_Tension_0.5pct,b,0.5,0.10861300200000001,-0.03289374624999995,0.0,1.4791066107716486,56,fixed_k3
Strain_b_Tension_0.5pct,b,0.5,0.11249162600000001,-0.03289374624999995,0.0,5.822425675501073,56,fixed_k3
Strain_b_Tension_0.5pct,b,0.5,0.11637025000000001,-0.03289374624999995,0.0,11.181694740059502,56,fixed_k3
Strain_b_Tension_0.5pct,b,0.5,0.120248874,-0.03289374624999995,0.0,25.671896336946112,56,fixed_k3
Strain_b_Tension_0.5pct,b,0.5,0.124127498,-0.03289374624999995,0.0,103.47191959350782,56,fixed_k3
Strain_b_Tension_0.5pct,b,0.5,0.128006122,-0.03289374624999995,0.0,1747.2193815772307,56,fixed_k3
Strain_b_Tension_0.5pct,b,0.5,0.131884746,-0.03289374624999995,0.0,407.75714463522485,56,fixed_k3
Strain_b_Tension_0.5pct,b,0.5,0.13576337,-0.03289374624999995,0.0,31.071387434362926,56,fixed_k3
Strain_b_Tension_0.5pct,b,0.5,0.139641994,-0.03289374624999995,0.0,3.909351718869462,56,fixed_k3
Strain_b_Tension_0.5pct,b,0.5,0.143520618,-0.03289374624999995,0.0,-1.3244879661373172,56,fixed_k3
Strain_b_Tension_0.5pct,b,0.5,0.14739924199999999,-0.03289374624999995,0.0,-2.697404701641377,56,fixed_k3
Strain_b_Tension_0.5pct,b,0.5,0.15127786599999998,-0.03289374624999995,0.0,-3.0119381840664667,56,fixed_k3
Strain_b_Tension_0.5pct,b,0.5,0.15515649,-0.03289374624999995,0.0,-2.966503079073967,56,fixed_k3
Strain_b_Tension_0.5pct,b,0.5,-0.1551334299999998,-0.029607108124999948,0.0,-3.3612413912596173,56,fixed_k3
Strain_b_Tension_0.5pct,b,0.5,-0.1512548059999998,-0.029607108124999948,0.0,-3.2165853129717674,56,fixed_k3
Strain_b_Tension_0.5pct,b,0.5,-0.1473761819999998,-0.029607108124999948,0.0,-2.6676897958693053,56,fixed_k3
Strain_b_Tension_0.5pct,b,0.5,-0.1434975579999998,-0.029607108124999948,0.0,-0.949470553640312,56,fixed_k3
Strain_b_Tension_0.5pct,b,0.5,-0.1396189339999998,-0.029607108124999948,0.0,5.189376581251647,56,fixed_k3
Strain_b_Tension_0.5pct,b,0.5,-0.1357403099999998,-0.029607108124999948,0.0,38.71204844268059,56,fixed_k3
Strain_b_Tension_0.5pct,b,0.5,-0.1318616859999998,-0.029607108124999948,0.0,553.7279464495042,56,fixed_k3
Strain_b_Tension_0.5pct,b,0.5,-0.12798306199999981,-0.029607108124999948,0.0,1095.0537493487852,56,fixed_k3
Strain_b_Tension_0.5pct,b,0.5,-0.12410443799999982,-0.029607108124999948,0.0,86.50041753823987,56,fixed_k3
Strain_b_Tension_0.5pct,b,0.5,-0.12022581399999982,-0.029607108124999948,0.0,16.67496787070788,56,fixed_k3
Strain_b_Tension_0.5pct,b,0.5,-0.11634718999999982,-0.029607108124999948,0.0,1.389149705918696,56,fixed_k3
Strain_b_Tension_0.5pct,b,0.5,-0.11246856599999983,-0.029607108124999948,0.0,-3.960673848542387,56,fixed_k3
Strain_b_Tension_0.5pct,b,0.5,-0.10858994199999983,-0.029607108124999948,0.0,-5.244521645294615,56,fixed_k3
Strain_b_Tension_0.5pct,b,0.5,-0.10471131799999983,-0.029607108124999948,0.0,-3.183218346970069,56,fixed_k3
Strain_b_Tension_0.5pct,b,0.5,-0.10083269399999983,-0.029607108124999948,0.0,1.2523211173511757,56,fixed_k3
Strain_b_Tension_0.5pct,b,0.5,-0.09695406999999984,-0.029607108124999948,0.0,4.699078846842589,56,fixed_k3
Strain_b_Tension_0.5pct,b,0.5,-0.09307544599999984,-0.029607108124999948,0.0,4.326175711040194,56,fixed_k3
Strain_b_Tension_0.5pct,b,0.5,-0.08919682199999984,-0.029607108124999948,0.0,1.5245940088220595,56,fixed_k3
Strain_b_Tension_0.5pct,b,0.5,-0.08531819799999985,-0.029607108124999948,0.0,-0.9593578625430825,56,fixed_k3
Strain_b_Tension_0.5pct,b,0.5,-0.08143957399999985,-0.029607108124999948,0.0,-2.183470285814238,56,fixed_k3
Strain_b_Tension_0.5pct,b,0.5,-0.07756094999999985,-0.029607108124999948,0.0,-2.4817000001760485,56,fixed_k3
Strain_b_Tension_0.5pct,b,0.5,-0.07368232599999985,-0.029607108124999948,0.0,-2.346352378305756,56,fixed_k3
Strain_b_Tension_0.5pct,b,0.5,-0.06980370199999986,-0.029607108124999948,0.0,-2.073655794629685,56,fixed_k3
Strain_b_Tension_0.5pct,b,0.5,-0.06592507799999986,-0.029607108124999948,0.0,-1.7922111635121136,56,fixed_k3
Strain_b_Tension_0.5pct,b,0.5,-0.06204645399999986,-0.029607108124999948,0.0,-1.5441477522526097,56,fixed_k3
Strain_b_Tension_0.5pct,b,0.5,-0.058167829999999865,-0.029607108124999948,0.0,-1.3363257277110216,56,fixed_k3
Strain_b_Tension_0.5pct,b,0.5,-0.05428920599999987,-0.029607108124999948,0.0,-1.1640605747347457,56,fixed_k3
Strain_b_Tension_0.5pct,b,0.5,-0.05041058199999987,-0.029607108124999948,0.0,-1.0203195474249962,56,fixed_k3
Strain_b_Tension_0.5pct,b,0.5,-0.04653195799999987,-0.029607108124999948,0.0,-0.898642023772248,56,fixed_k3
Strain_b_Tension_0.5pct,b,0.5,-0.042653333999999876,-0.029607108124999948,0.0,-0.7937116218336911,56,fixed_k3
Strain_b_Tension_0.5pct,b,0.5,-0.03877470999999988,-0.029607108124999948,0.0,-0.7012114300733083,56,fixed_k3
Strain_b_Tension_0.5pct,b,0.5,-0.03489608599999988,-0.029607108124999948,0.0,-0.6175701082457988,56,fixed_k3
Strain_b_Tension_0.5pct,b,0.5,-0.031017461999999885,-0.029607108124999948,0.0,-0.5397909194726158,56,fixed_k3
Strain_b_Tension_0.5pct,b,0.5,-0.027138837999999887,-0.029607108124999948,0.0,-0.46539799905991264,56,fixed_k3
Strain_b_Tension_0.5pct,b,0.5,-0.02326021399999989,-0.029607108124999948,0.0,-0.3924775336391474,56,fixed_k3
Strain_b_Tension_0.5pct,b,0.5,-0.019381589999999893,-0.029607108124999948,0.0,-0.31977188650642585,56,fixed_k3
Strain_b_Tension_0.5pct,b,0.5,-0.015502965999999896,-0.029607108124999948,0.0,-0.24677856878871396,56,fixed_k3
Strain_b_Tension_0.5pct,b,0.5,-0.011624341999999899,-0.029607108124999948,0.0,-0.17380679577156788,56,fixed_k3
Strain_b_Tension_0.5pct,b,0.5,-0.0077457179999999015,-0.029607108124999948,0.0,-0.10195199414361555,56,fixed_k3
Strain_b_Tension_0.5pct,b,0.5,-0.0038670939999999043,-0.029607108124999948,0.0,-0.03296393650717688,56,fixed_k3
Strain_b_Tension_0.5pct,b,0.5,1.1530000000092855e-05,-0.029607108124999948,0.0,0.030993711675833868,56,fixed_k3
Strain_b_Tension_0.5pct,b,0.5,0.00389015400000009,-0.029607108124999948,0.0,0.08766959485768144,56,fixed_k3
Strain_b_Tension_0.5pct,b,0.5,0.007768778000000087,-0.029607108124999948,0.0,0.13509202733707992,56,fixed_k3
Strain_b_Tension_0.5pct,b,0.5,0.011647402000000084,-0.029607108124999948,0.0,0.17192094191354135,56,fixed_k3
Strain_b_Tension_0.5pct,b,0.5,0.015526026000000082,-0.029607108124999948,0.0,0.1977296314274697,56,fixed_k3
Strain_b_Tension_0.5pct,b,0.5,0.01940465000000008,-0.029607108124999948,0.0,0.21317656526840367,56,fixed_k3
Strain_b_Tension_0.5pct,b,0.5,0.023283274000000076,-0.029607108124999948,0.0,0.22005112534419413,56,fixed_k3
Strain_b_Tension_0.5pct,b,0.5,0.027161898000000073,-0.029607108124999948,0.0,0.22120190335816536,56,fixed_k3
Strain_b_Tension_0.5pct,b,0.5,0.03104052200000007,-0.029607108124999948,0.0,0.22037528107067628,56,fixed_k3
Strain_b_Tension_0.5pct,b,0.5,0.03491914600000007,-0.029607108124999948,0.0,0.22200071414682943,56,fixed_k3
Strain_b_Tension_0.5pct,b,0.5,0.038797770000000065,-0.029607108124999948,0.0,0.2309553112331959,56,fixed_k3
Strain_b_Tension_0.5pct,b,0.5,0.04267639400000006,-0.029607108124999948,0.0,0.25232250111622934,56,fixed_k3
Strain_b_Tension_0.5pct,b,0.5,0.04655501800000006,-0.029607108124999948,0.0,0.2911231979103135,56,fixed_k3
Strain_b_Tension_0.5pct,b,0.5,0.050433642000000056,-0.029607108124999948,0.0,0.35192832673647034,56,fixed_k3
Strain_b_Tension_0.5pct,b,0.5,0.05431226600000005,-0.029607108124999948,0.0,0.43812149733528816,56,fixed_k3
Strain_b_Tension_0.5pct,b,0.5,0.05819089000000005,-0.029607108124999948,0.0,0.5502839051906356,56,fixed_k3
Strain_b_Tension_0.5pct,b,0.5,0.06206951400000005,-0.029607108124999948,0.0,0.6825344474054347,56,fixed_k3
Strain_b_Tension_0.5pct,b,0.5,0.06594813800000005,-0.029607108124999948,0.0,0.814310622603067,56,fixed_k3
Strain_b_Tension_0.5pct,b,0.5,0.06982676200000004,-0.029607108124999948,0.0,0.8924492571078169,56,fixed_k3
Strain_b_Tension_0.5pct,b,0.5,0.07370538600000004,-0.029607108124999948,0.0,0.7943539275510039,56,fixed_k3
Strain_b_Tension_0.5pct,b,0.5,0.07758401000000004,-0.029607108124999948,0.0,0.2615865031038267,56,fixed_k3
Strain_b_Tension_0.5pct,b,0.5,0.08146263400000003,-0.029607108124999948,0.0,-1.1821276753995864,56,fixed_k3
Strain_b_Tension_0.5pct,b,0.5,0.08534125800000003,-0.029607108124999948,0.0,-4.187248320302604,56,fixed_k3
Strain_b_Tension_0.5pct,b,0.5,0.08921988200000003,-0.029607108124999948,0.0,-8.963300551758516,56,fixed_k3
Strain_b_Tension_0.5pct,b,0.5,0.09309850600000003,-0.029607108124999948,0.0,-13.770791196264451,56,fixed_k3
Strain_b_Tension_0.5pct,b,0.5,0.09697713000000002,-0.029607108124999948,0.0,-14.667392906953998,56,fixed_k3
Strain_b_Tension_0.5pct,b,0.5,0.10085575400000002,-0.029607108124999948,0.0,-9.938892610592685,56,fixed_k3
Strain_b_Tension_0.5pct,b,0.5,0.10473437800000002,-0.029607108124999948,0.0,-3.0573698379656875,56,fixed_k3
Strain_b_Tension_0.5pct,b,0.5,0.10861300200000001,-0.029607108124999948,0.0,2.2609478053630765,56,fixed_k3
Strain_b_Tension_0.5pct,b,0.5,0.11249162600000001,-0.029607108124999948,0.0,5.744763260948147,56,fixed_k3
Strain_b_Tension_0.5pct,b,0.5,0.11637025000000001,-0.029607108124999948,0.0,9.660086074924557,56,fixed_k3
Strain_b_Tension_0.5pct,b,0.5,0.120248874,-0.029607108124999948,0.0,20.012216134616544,56,fixed_k3
Strain_b_Tension_0.5pct,b,0.5,0.124127498,-0.029607108124999948,0.0,71.15183641310605,56,fixed_k3
Strain_b_Tension_0.5pct,b,0.5,0.128006122,-0.029607108124999948,0.0,824.7796725320287,56,fixed_k3
Strain_b_Tension_0.5pct,b,0.5,0.131884746,-0.029607108124999948,0.0,439.7946073225106,56,fixed_k3
Strain_b_Tension_0.5pct,b,0.5,0.13576337,-0.029607108124999948,0.0,32.814358992874126,56,fixed_k3
Strain_b_Tension_0.5pct,b,0.5,0.139641994,-0.029607108124999948,0.0,4.417628101541774,56,fixed_k3
Strain_b_Tension_0.5pct,b,0.5,0.143520618,-0.029607108124999948,0.0,-0.8707450718619538,56,fixed_k3
Strain_b_Tension_0.5pct,b,0.5,0.14739924199999999,-0.029607108124999948,0.0,-2.2526588454237624,56,fixed_k3
Strain_b_Tension_0.5pct,b,0.5,0.15127786599999998,-0.029607108124999948,0.0,-2.5861583527898633,56,fixed_k3
Strain_b_Tension_0.5pct,b,0.5,0.15515649,-0.029607108124999948,0.0,-2.566443652095873,56,fixed_k3
Strain_b_Tension_0.5pct,b,0.5,-0.1551334299999998,-0.026320469999999957,0.0,-3.0936147590770817,56,fixed_k3
Strain_b_Tension_0.5pct,b,0.5,-0.1512548059999998,-0.026320469999999957,0.0,-2.9388087339711477,56,fixed_k3
Strain_b_Tension_0.5pct,b,0.5,-0.1473761819999998,-0.026320469999999957,0.0,-2.3949896408902838,56,fixed_k3
Strain_b_Tension_0.5pct,b,0.5,-0.1434975579999998,-0.026320469999999957,0.0,-0.7226427137435586,56,fixed_k3
Strain_b_Tension_0.5pct,b,0.5,-0.1396189339999998,-0.026320469999999957,0.0,5.288928923457662,56,fixed_k3
Strain_b_Tension_0.5pct,b,0.5,-0.1357403099999998,-0.026320469999999957,0.0,39.174407993313835,56,fixed_k3
Strain_b_Tension_0.5pct,b,0.5,-0.1318616859999998,-0.026320469999999957,0.0,553.1787936357055,56,fixed_k3
Strain_b_Tension_0.5pct,b,0.5,-0.12798306199999981,-0.026320469999999957,0.0,591.7566579111461,56,fixed_k3
Strain_b_Tension_0.5pct,b,0.5,-0.12410443799999982,-0.026320469999999957,0.0,60.71237072583416,56,fixed_k3
Strain_b_Tension_0.5pct,b,0.5,-0.12022581399999982,-0.026320469999999957,0.0,12.039660213204856,56,fixed_k3
Strain_b_Tension_0.5pct,b,0.5,-0.11634718999999982,-0.026320469999999957,0.0,0.13936065948776666,56,fixed_k3
Strain_b_Tension_0.5pct,b,0.5,-0.11246856599999983,-0.026320469999999957,0.0,-4.34173933845431,56,fixed_k3
Strain_b_Tension_0.5pct,b,0.5,-0.10858994199999983,-0.026320469999999957,0.0,-5.469293091755688,56,fixed_k3
Strain_b_Tension_0.5pct,b,0.5,-0.10471131799999983,-0.026320469999999957,0.0,-3.4755093249338747,56,fixed_k3
Strain_b_Tension_0.5pct,b,0.5,-0.10083269399999983,-0.026320469999999957,0.0,1.03808208937339,56,fixed_k3
Strain_b_Tension_0.5pct,b,0.5,-0.09695406999999984,-0.026320469999999957,0.0,4.833835342926856,56,fixed_k3
Strain_b_Tension_0.5pct,b,0.5,-0.09307544599999984,-0.026320469999999957,0.0,4.730345237178239,56,fixed_k3
Strain_b_Tension_0.5pct,b,0.5,-0.08919682199999984,-0.026320469999999957,0.0,1.909878673756985,56,fixed_k3
Strain_b_Tension_0.5pct,b,0.5,-0.08531819799999985,-0.026320469999999957,0.0,-0.7068636961689478,56,fixed_k3
Strain_b_Tension_0.5pct,b,0.5,-0.08143957399999985,-0.026320469999999957,0.0,-2.0322501057407107,56,fixed_k3
Strain_b_Tension_0.5pct,b,0.5,-0.07756094999999985,-0.026320469999999957,0.0,-2.3831403684250327,56,fixed_k3
Strain_b_Tension_0.5pct,b,0.5,-0.07368232599999985,-0.026320469999999957,0.0,-2.2721506433063423,56,fixed_k3
Strain_b_Tension_0.5pct,b,0.5,-0.06980370199999986,-0.026320469999999957,0.0,-2.0110520247455668,56,fixed_k3
Strain_b_Tension_0.5pct,b,0.5,-0.06592507799999986,-0.026320469999999957,0.0,-1.7359665880116657,56,fixed_k3
Strain_b_Tension_0.5pct,b,0.5,-0.06204645399999986,-0.026320469999999957,0.0,-1.4922386558236593,56,fixed_k3
Strain_b_Tension_0.5pct,b,0.5,-0.058167829999999865,-0.026320469999999957,0.0,-1.2880957001108466,56,fixed_k3
Strain_b_Tension_0.5pct,b,0.5,-0.05428920599999987,-0.026320469999999957,0.0,-1.1194537362980008,56,fixed_k3
Strain_b_Tension_0.5pct,b,0.5,-0.05041058199999987,-0.026320469999999957,0.0,-0.9795412064904634,56,fixed_k3
Strain_b_Tension_0.5pct,b,0.5,-0.04653195799999987,-0.026320469999999957,0.0,-0.861990820869041,56,fixed_k3
Strain_b_Tension_0.5pct,b,0.5,-0.042653333999999876,-0.026320469999999957,0.0,-0.7614865597531852,56,fixed_k3
Strain_b_Tension_0.5pct,b,0.5,-0.03877470999999988,-0.026320469999999957,0.0,-0.6736554977371396,56,fixed_k3
Strain_b_Tension_0.5pct,b,0.5,-0.03489608599999988,-0.026320469999999957,0.0,-0.5948339183593829,56,fixed_k3
Strain_b_Tension_0.5pct,b,0.5,-0.031017461999999885,-0.026320469999999957,0.0,-0.5219087577901969,56,fixed_k3
Strain_b_Tension_0.5pct,b,0.5,-0.027138837999999887,-0.026320469999999957,0.0,-0.452272974655916,56,fixed_k3
Strain_b_Tension_0.5pct,b,0.5,-0.02326021399999989,-0.026320469999999957,0.0,-0.3838747512095495,56,fixed_k3
Strain_b_Tension_0.5pct,b,0.5,-0.019381589999999893,-0.026320469999999957,0.0,-0.3153196104179604,56,fixed_k3
Strain_b_Tension_0.5pct,b,0.5,-0.015502965999999896,-0.026320469999999957,0.0,-0.24597756062504883,56,fixed_k3
Strain_b_Tension_0.5pct,b,0.5,-0.011624341999999899,-0.026320469999999957,0.0,-0.17604760593678637,56,fixed_k3
Strain_b_Tension_0.5pct,b,0.5,-0.0077457179999999015,-0.026320469999999957,0.0,-0.10653921503466612,56,fixed_k3
Strain_b_Tension_0.5pct,b,0.5,-0.0038670939999999043,-0.026320469999999957,0.0,-0.039145568921340024,56,fixed_k3
Strain_b_Tension_0.5pct,b,0.5,1.1530000000092855e-05,-0.026320469999999957,0.0,0.02399426769892643,56,fixed_k3
Strain_b_Tension_0.5pct,b,0.5,0.00389015400000009,-0.026320469999999957,0.0,0.0806216112653334,56,fixed_k3
Strain_b_Tension_0.5pct,b,0.5,0.007768778000000087,-0.026320469999999957,0.0,0.1287279451232859,56,fixed_k3
Strain_b_Tension_0.5pct,b,0.5,0.011647402000000084,-0.026320469999999957,0.0,0.1669109177222564,56,fixed_k3
Strain_b_Tension_0.5pct,b,0.5,0.015526026000000082,-0.026320469999999957,0.0,0.19466084147513663,56,fixed_k3
Strain_b_Tension_0.5pct,b,0.5,0.01940465000000008,-0.026320469999999957,0.0,0.21253716481298623,56,fixed_k3
Strain_b_Tension_0.5pct,b,0.5,0.023283274000000076,-0.026320469999999957,0.0,0.22221828137784538,56,fixed_k3
Strain_b_Tension_0.5pct,b,0.5,0.027161898000000073,-0.026320469999999957,0.0,0.22643328045450173,56,fixed_k3
Strain_b_Tension_0.5pct,b,0.5,0.03104052200000007,-0.026320469999999957,0.0,0.2288037943337471,56,fixed_k3
Strain_b_Tension_0.5pct,b,0.5,0.03491914600000007,-0.026320469999999957,0.0,0.23363329321887916,56,fixed_k3
Strain_b_Tension_0.5pct,b,0.5,0.038797770000000065,-0.026320469999999957,0.0,0.24567796569125422,56,fixed_k3
Strain_b_Tension_0.5pct,b,0.5,0.04267639400000006,-0.026320469999999957,0.0,0.26991644760613154,56,fixed_k3
Strain_b_Tension_0.5pct,b,0.5,0.04655501800000006,-0.026320469999999957,0.0,0.31130075655362877,56,fixed_k3
Strain_b_Tension_0.5pct,b,0.5,0.050433642000000056,-0.026320469999999957,0.0,0.3744034883387506,56,fixed_k3
Strain_b_Tension_0.5pct,b,0.5,0.05431226600000005,-0.026320469999999957,0.0,0.4627391394687237,56,fixed_k3
Strain_b_Tension_0.5pct,b,0.5,0.05819089000000005,-0.026320469999999957,0.0,0.5772426553549033,56,fixed_k3
Strain_b_Tension_0.5pct,b,0.5,0.06206951400000005,-0.026320469999999957,0.0,0.7127438742747025,56,fixed_k3
Strain_b_Tension_0.5pct,b,0.5,0.06594813800000005,-0.026320469999999957,0.0,0.8498965225680415,56,fixed_k3
Strain_b_Tension_0.5pct,b,0.5,0.06982676200000004,-0.026320469999999957,0.0,0.9372821280276938,56,fixed_k3
Strain_b_Tension_0.5pct,b,0.5,0.07370538600000004,-0.026320469999999957,0.0,0.8540531578310439,56,fixed_k3
Strain_b_Tension_0.5pct,b,0.5,0.07758401000000004,-0.026320469999999957,0.0,0.3416228312494519,56,fixed_k3
Strain_b_Tension_0.5pct,b,0.5,0.08146263400000003,-0.026320469999999957,0.0,-1.0815458886366807,56,fixed_k3
Strain_b_Tension_0.5pct,b,0.5,0.08534125800000003,-0.026320469999999957,0.0,-4.072029482382836,56,fixed_k3
Strain_b_Tension_0.5pct,b,0.5,0.08921988200000003,-0.026320469999999957,0.0,-8.803300781379495,56,fixed_k3
Strain_b_Tension_0.5pct,b,0.5,0.09309850600000003,-0.026320469999999957,0.0,-13.386186261581258,56,fixed_k3
Strain_b_Tension_0.5pct,b,0.5,0.09697713000000002,-0.026320469999999957,0.0,-13.786371400666132,56,fixed_k3
Strain_b_Tension_0.5pct,b,0.5,0.10085575400000002,-0.026320469999999957,0.0,-8.65949798686708,56,fixed_k3
Strain_b_Tension_0.5pct,b,0.5,0.10473437800000002,-0.026320469999999957,0.0,-1.9030171917526255,56,fixed_k3
Strain_b_Tension_0.5pct,b,0.5,0.10861300200000001,-0.026320469999999957,0.0,2.878980094450447,56,fixed_k3
Strain_b_Tension_0.5pct,b,0.5,0.11249162600000001,-0.026320469999999957,0.0,5.631095244182146,56,fixed_k3
Strain_b_Tension_0.5pct,b,0.5,0.11637025000000001,-0.026320469999999957,0.0,8.410239783462696,56,fixed_k3
Strain_b_Tension_0.5pct,b,0.5,0.120248874,-0.026320469999999957,0.0,15.752024615756334,56,fixed_k3
Strain_b_Tension_0.5pct,b,0.5,0.124127498,-0.026320469999999957,0.0,50.175775197237066,56,fixed_k3
Strain_b_Tension_0.5pct,b,0.5,0.128006122,-0.026320469999999957,0.0,447.0149724481477,56,fixed_k3
Strain_b_Tension_0.5pct,b,0.5,0.131884746,-0.026320469999999957,0.0,439.21142334017765,56,fixed_k3
Strain_b_Tension_0.5pct,b,0.5,0.13576337,-0.026320469999999957,0.0,33.58777408970674,56,fixed_k3
Strain_b_Tension_0.5pct,b,0.5,0.139641994,-0.026320469999999957,0.0,4.731677598195054,56,fixed_k3
Strain_b_Tension_0.5pct,b,0.5,0.143520618,-0.026320469999999957,0.0,-0.48284220390601046,56,fixed_k3
Strain_b_Tension_0.5pct,b,0.5,0.14739924199999999,-0.026320469999999957,0.0,-1.8359038384545017,56,fixed_k3
Strain_b_Tension_0.5pct,b,0.5,0.15127786599999998,-0.026320469999999957,0.0,-2.173085448786026,56,fixed_k3
Strain_b_Tension_0.5pct,b,0.5,0.15515649,-0.026320469999999957,0.0,-2.1716465823385285,56,fixed_k3
Strain_b_Tension_0.5pct,b,0.5,-0.1551334299999998,-0.023033831874999966,0.0,-2.8208155473088103,56,fixed_k3
Strain_b_Tension_0.5pct,b,0.5,-0.1512548059999998,-0.023033831874999966,0.0,-2.662243599316761,56,fixed_k3
Strain_b_Tension_0.5pct,b,0.5,-0.1473761819999998,-0.023033831874999966,0.0,-2.1385863290042395,56,fixed_k3
Strain_b_Tension_0.5pct,b,0.5,-0.1434975579999998,-0.023033831874999966,0.0,-0.5539007832714546,56,fixed_k3
Strain_b_Tension_0.5pct,b,0.5,-0.1396189339999998,-0.023033831874999966,0.0,5.171524179131907,56,fixed_k3
Strain_b_Tension_0.5pct,b,0.5,-0.1357403099999998,-0.023033831874999966,0.0,38.31867457151033,56,fixed_k3
Strain_b_Tension_0.5pct,b,0.5,-0.1318616859999998,-0.023033831874999966,0.0,511.5138875719983,56,fixed_k3
Strain_b_Tension_0.5pct,b,0.5,-0.12798306199999981,-0.023033831874999966,0.0,352.5514755790221,56,fixed_k3
Strain_b_Tension_0.5pct,b,0.5,-0.12410443799999982,-0.023033831874999966,0.0,43.44873938239437,56,fixed_k3
Strain_b_Tension_0.5pct,b,0.5,-0.12022581399999982,-0.023033831874999966,0.0,8.574852413500821,56,fixed_k3
Strain_b_Tension_0.5pct,b,0.5,-0.11634718999999982,-0.023033831874999966,0.0,-0.8172112063222057,56,fixed_k3
Strain_b_Tension_0.5pct,b,0.5,-0.11246856599999983,-0.023033831874999966,0.0,-4.610697409277174,56,fixed_k3
Strain_b_Tension_0.5pct,b,0.5,-0.10858994199999983,-0.023033831874999966,0.0,-5.608740278384793,56,fixed_k3
Strain_b_Tension_0.5pct,b,0.5,-0.10471131799999983,-0.023033831874999966,0.0,-3.678089888479917,56,fixed_k3
Strain_b_Tension_0.5pct,b,0.5,-0.10083269399999983,-0.023033831874999966,0.0,0.8916922454346358,56,fixed_k3
Strain_b_Tension_0.5pct,b,0.5,-0.09695406999999984,-0.023033831874999966,0.0,4.99995640697439,56,fixed_k3
Strain_b_Tension_0.5pct,b,0.5,-0.09307544599999984,-0.023033831874999966,0.0,5.15395715407734,56,fixed_k3
Strain_b_Tension_0.5pct,b,0.5,-0.08919682199999984,-0.023033831874999966,0.0,2.3151653434613513,56,fixed_k3
Strain_b_Tension_0.5pct,b,0.5,-0.08531819799999985,-0.023033831874999966,0.0,-0.4377960081390717,56,fixed_k3
Strain_b_Tension_0.5pct,b,0.5,-0.08143957399999985,-0.023033831874999966,0.0,-1.8702689504921435,56,fixed_k3
Strain_b_Tension_0.5pct,b,0.5,-0.07756094999999985,-0.023033831874999966,0.0,-2.278665894642165,56,fixed_k3
Strain_b_Tension_0.5pct,b,0.5,-0.07368232599999985,-0.023033831874999966,0.0,-2.1950872271033273,56,fixed_k3
Strain_b_Tension_0.5pct,b,0.5,-0.06980370199999986,-0.023033831874999966,0.0,-1.9471907934572434,56,fixed_k3
Strain_b_Tension_0.5pct,b,0.5,-0.06592507799999986,-0.023033831874999966,0.0,-1.6791587797501795,56,fixed_k3
Strain_b_Tension_0.5pct,b,0.5,-0.06204645399999986,-0.023033831874999966,0.0,-1.4399679908758805,56,fixed_k3
Strain_b_Tension_0.5pct,b,0.5,-0.058167829999999865,-0.023033831874999966,0.0,-1.2394727176306612,56,fixed_k3
Strain_b_Tension_0.5pct,b,0.5,-0.05428920599999987,-0.023033831874999966,0.0,-1.0743320197887145,56,fixed_k3
Strain_b_Tension_0.5pct,b,0.5,-0.05041058199999987,-0.023033831874999966,0.0,-0.9381061922531206,56,fixed_k3
Strain_b_Tension_0.5pct,b,0.5,-0.04653195799999987,-0.023033831874999966,0.0,-0.8245520945952833,56,fixed_k3
Strain_b_Tension_0.5pct,b,0.5,-0.042653333999999876,-0.023033831874999966,0.0,-0.7283644335279147,56,fixed_k3
Strain_b_Tension_0.5pct,b,0.5,-0.03877470999999988,-0.023033831874999966,0.0,-0.6451150228871143,56,fixed_k3
Strain_b_Tension_0.5pct,b,0.5,-0.03489608599999988,-0.023033831874999966,0.0,-0.5710446436968948,56,fixed_k3
Strain_b_Tension_0.5pct,b,0.5,-0.031017461999999885,-0.023033831874999966,0.0,-0.5029197493590465,56,fixed_k3
Strain_b_Tension_0.5pct,b,0.5,-0.027138837999999887,-0.023033831874999966,0.0,-0.43799820404822143,56,fixed_k3
Strain_b_Tension_0.5pct,b,0.5,-0.02326021399999989,-0.023033831874999966,0.0,-0.3740869182240727,56,fixed_k3
Strain_b_Tension_0.5pct,b,0.5,-0.019381589999999893,-0.023033831874999966,0.0,-0.3096519238494293,56,fixed_k3
Strain_b_Tension_0.5pct,b,0.5,-0.015502965999999896,-0.023033831874999966,0.0,-0.2439334566743403,56,fixed_k3
Strain_b_Tension_0.5pct,b,0.5,-0.011624341999999899,-0.023033831874999966,0.0,-0.17701814132721072,56,fixed_k3
Strain_b_Tension_0.5pct,b,0.5,-0.0077457179999999015,-0.023033831874999966,0.0,-0.10982720831194837,56,fixed_k3
Strain_b_Tension_0.5pct,b,0.5,-0.0038670939999999043,-0.023033831874999966,0.0,-0.043994776865669105,56,fixed_k3
Strain_b_Tension_0.5pct,b,0.5,1.1530000000092855e-05,-0.023033831874999966,0.0,0.018367265793543308,56,fixed_k3
Strain_b_Tension_0.5pct,b,0.5,0.00389015400000009,-0.023033831874999966,0.0,0.07499536574139687,56,fixed_k3
Strain_b_Tension_0.5pct,b,0.5,0.007768778000000087,-0.023033831874999966,0.0,0.12384620522755097,56,fixed_k3
Strain_b_Tension_0.5pct,b,0.5,0.011647402000000084,-0.023033831874999966,0.0,0.16345643980019142,56,fixed_k3
Strain_b_Tension_0.5pct,b,0.5,0.015526026000000082,-0.023033831874999966,0.0,0.19323372002650208,56,fixed_k3
Strain_b_Tension_0.5pct,b,0.5,0.01940465000000008,-0.023033831874999966,0.0,0.21363771157330003,56,fixed_k3
Strain_b_Tension_0.5pct,b,0.5,0.023283274000000076,-0.023033831874999966,0.0,0.22623400665222393,56,fixed_k3
Strain_b_Tension_0.5pct,b,0.5,0.027161898000000073,-0.023033831874999966,0.0,0.23362946233774762,56,fixed_k3
Strain_b_Tension_0.5pct,b,0.5,0.03104052200000007,-0.023033831874999966,0.0,0.23931749800899615,56,fixed_k3
Strain_b_Tension_0.5pct,b,0.5,0.03491914600000007,-0.023033831874999966,0.0,0.24747157030113265,56,fixed_k3
Strain_b_Tension_0.5pct,b,0.5,0.038797770000000065,-0.023033831874999966,0.0,0.262722468814108,56,fixed_k3
Strain_b_Tension_0.5pct,b,0.5,0.04267639400000006,-0.023033831874999966,0.0,0.28993917980136574,56,fixed_k3
Strain_b_Tension_0.5pct,b,0.5,0.04655501800000006,-0.023033831874999966,0.0,0.333999756166687,56,fixed_k3
Strain_b_Tension_0.5pct,b,0.5,0.050433642000000056,-0.023033831874999966,0.0,0.39947384936971964,56,fixed_k3
Strain_b_Tension_0.5pct,b,0.5,0.05431226600000005,-0.023033831874999966,0.0,0.490004896716437,56,fixed_k3
Strain_b_Tension_0.5pct,b,0.5,0.05819089000000005,-0.023033831874999966,0.0,0.6068887094770602,56,fixed_k3
Strain_b_Tension_0.5pct,b,0.5,0.06206951400000005,-0.023033831874999966,0.0,0.745699202523636,56,fixed_k3
Strain_b_Tension_0.5pct,b,0.5,0.06594813800000005,-0.023033831874999966,0.0,0.8884079865446609,56,fixed_k3
Strain_b_Tension_0.5pct,b,0.5,0.06982676200000004,-0.023033831874999966,0.0,0.9856120589532644,56,fixed_k3
Strain_b_Tension_0.5pct,b,0.5,0.07370538600000004,-0.023033831874999966,0.0,0.9188700486502311,56,fixed_k3
Strain_b_Tension_0.5pct,b,0.5,0.07758401000000004,-0.023033831874999966,0.0,0.430876091928738,56,fixed_k3
Strain_b_Tension_0.5pct,b,0.5,0.08146263400000003,-0.023033831874999966,0.0,-0.9626224905538951,56,fixed_k3
Strain_b_Tension_0.5pct,b,0.5,0.08534125800000003,-0.023033831874999966,0.0,-3.9217200718901783,56,fixed_k3
Strain_b_Tension_0.5pct,b,0.5,0.08921988200000003,-0.023033831874999966,0.0,-8.587534464080623,56,fixed_k3
Strain_b_Tension_0.5pct,b,0.5,0.09309850600000003,-0.023033831874999966,0.0,-12.945101415826736,56,fixed_k3
Strain_b_Tension_0.5pct,b,0.5,0.09697713000000002,-0.023033831874999966,0.0,-12.907944503103783,56,fixed_k3
Strain_b_Tension_0.5pct,b,0.5,0.10085575400000002,-0.023033831874999966,0.0,-7.485804831298559,56,fixed_k3
Strain_b_Tension_0.5pct,b,0.5,0.10473437800000002,-0.023033831874999966,0.0,-0.908750074076169,56,fixed_k3
Strain_b_Tension_0.5pct,b,0.5,0.10861300200000001,-0.023033831874999966,0.0,3.3747954374980154,56,fixed_k3
Strain_b_Tension_0.5pct,b,0.5,0.11249162600000001,-0.023033831874999966,0.0,5.509346254912288,56,fixed_k3
Strain_b_Tension_0.5pct,b,0.5,0.11637025000000001,-0.023033831874999966,0.0,7.3906910031087225,56,fixed_k3
Strain_b_Tension_0.5pct,b,0.5,0.120248874,-0.023033831874999966,0.0,12.506986647924826,56,fixed_k3
Strain_b_Tension_0.5pct,b,0.5,0.124127498,-0.023033831874999966,0.0,36.006544171216426,56,fixed_k3
Strain_b_Tension_0.5pct,b,0.5,0.128006122,-0.023033831874999966,0.0,264.7423020015333,56,fixed_k3
Strain_b_Tension_0.5pct,b,0.5,0.131884746,-0.023033831874999966,0.0,405.90240294738203,56,fixed_k3
Strain_b_Tension_0.5pct,b,0.5,0.13576337,-0.023033831874999966,0.0,33.2182979075032,56,fixed_k3
Strain_b_Tension_0.5pct,b,0.5,0.139641994,-0.023033831874999966,0.0,4.83753338134729,56,fixed_k3
Strain_b_Tension_0.5pct,b,0.5,0.143520618,-0.023033831874999966,0.0,-0.16275845902960945,56,fixed_k3
Strain_b_Tension_0.5pct,b,0.5,0.14739924199999999,-0.023033831874999966,0.0,-1.4480695860350519,56,fixed_k3
Strain_b_Tension_0.5pct,b,0.5,0.15127786599999998,-0.023033831874999966,0.0,-1.7738062940687027,56,fixed_k3
Strain_b_Tension_0.5pct,b,0.5,0.15515649,-0.023033831874999966,0.0,-1.7834126527037966,56,fixed_k3
Strain_b_Tension_0.5pct,b,0.5,-0.1551334299999998,-0.01974719374999996,0.0,-2.542606756698461,56,fixed_k3
Strain_b_Tension_0.5pct,b,0.5,-0.1512548059999998,-0.01974719374999996,0.0,-2.38627125192849,56,fixed_k3
Strain_b_Tension_0.5pct,b,0.5,-0.1473761819999998,-0.01974719374999996,0.0,-1.8971116736388063,56,fixed_k3
Strain_b_Tension_0.5pct,b,0.5,-0.1434975579999998,-0.01974719374999996,0.0,-0.4406511872094107,56,fixed_k3
Strain_b_Tension_0.5pct,b,0.5,-0.1396189339999998,-0.01974719374999996,0.0,4.838044084790791,56,fixed_k3
Strain_b_Tension_0.5pct,b,0.5,-0.1357403099999998,-0.01974719374999996,0.0,36.06604686935663,56,fixed_k3
Strain_b_Tension_0.5pct,b,0.5,-0.1318616859999998,-0.01974719374999996,0.0,441.3357397903077,56,fixed_k3
Strain_b_Tension_0.5pct,b,0.5,-0.12798306199999981,-0.01974719374999996,0.0,224.24136932544877,56,fixed_k3
Strain_b_Tension_0.5pct,b,0.5,-0.12410443799999982,-0.01974719374999996,0.0,31.458578406185435,56,fixed_k3
Strain_b_Tension_0.5pct,b,0.5,-0.12022581399999982,-0.01974719374999996,0.0,5.941023802496555,56,fixed_k3
Strain_b_Tension_0.5pct,b,0.5,-0.11634718999999982,-0.01974719374999996,0.0,-1.5546561793711933,56,fixed_k3
Strain_b_Tension_0.5pct,b,0.5,-0.11246856599999983,-0.01974719374999996,0.0,-4.793714056908712,56,fixed_k3
Strain_b_Tension_0.5pct,b,0.5,-0.10858994199999983,-0.01974719374999996,0.0,-5.677181319848792,56,fixed_k3
Strain_b_Tension_0.5pct,b,0.5,-0.10471131799999983,-0.01974719374999996,0.0,-3.79620640310097,56,fixed_k3
Strain_b_Tension_0.5pct,b,0.5,-0.10083269399999983,-0.01974719374999996,0.0,0.8189491867370406,56,fixed_k3
Strain_b_Tension_0.5pct,b,0.5,-0.09695406999999984,-0.01974719374999996,0.0,5.204986810464989,56,fixed_k3
Strain_b_Tension_0.5pct,b,0.5,-0.09307544599999984,-0.01974719374999996,0.0,5.59826351390356,56,fixed_k3
Strain_b_Tension_0.5pct,b,0.5,-0.08919682199999984,-0.01974719374999996,0.0,2.7386436128484926,56,fixed_k3
Strain_b_Tension_0.5pct,b,0.5,-0.08531819799999985,-0.01974719374999996,0.0,-0.15364351038394708,56,fixed_k3
Strain_b_Tension_0.5pct,b,0.5,-0.08143957399999985,-0.01974719374999996,0.0,-1.6982880267790565,56,fixed_k3
Strain_b_Tension_0.5pct,b,0.5,-0.07756094999999985,-0.01974719374999996,0.0,-2.1686607257742105,56,fixed_k3
Strain_b_Tension_0.5pct,b,0.5,-0.07368232599999985,-0.01974719374999996,0.0,-2.1154023626750553,56,fixed_k3
Strain_b_Tension_0.5pct,b,0.5,-0.06980370199999986,-0.01974719374999996,0.0,-1.8822658139266235,56,fixed_k3
Strain_b_Tension_0.5pct,b,0.5,-0.06592507799999986,-0.01974719374999996,0.0,-1.621971590937258,56,fixed_k3
Strain_b_Tension_0.5pct,b,0.5,-0.06204645399999986,-0.01974719374999996,0.0,-1.387522828907093,56,fixed_k3
Strain_b_Tension_0.5pct,b,0.5,-0.058167829999999865,-0.01974719374999996,0.0,-1.190650509184563,56,fixed_k3
Strain_b_Tension_0.5pct,b,0.5,-0.05428920599999987,-0.01974719374999996,0.0,-1.0288950626177897,56,fixed_k3
Strain_b_Tension_0.5pct,b,0.5,-0.05041058199999987,-0.01974719374999996,0.0,-0.8962175936366935,56,fixed_k3
Strain_b_Tension_0.5pct,b,0.5,-0.04653195799999987,-0.01974719374999996,0.0,-0.7865294652510314,56,fixed_k3
Strain_b_Tension_0.5pct,b,0.5,-0.042653333999999876,-0.01974719374999996,0.0,-0.694546639572085,56,fixed_k3
Strain_b_Tension_0.5pct,b,0.5,-0.03877470999999988,-0.01974719374999996,0.0,-0.6157868806557161,56,fixed_k3
Strain_b_Tension_0.5pct,b,0.5,-0.03489608599999988,-0.01974719374999996,0.0,-0.5463929103057011,56,fixed_k3
Strain_b_Tension_0.5pct,b,0.5,-0.031017461999999885,-0.01974719374999996,0.0,-0.4830071305933874,56,fixed_k3
Strain_b_Tension_0.5pct,b,0.5,-0.027138837999999887,-0.01974719374999996,0.0,-0.4227489513671043,56,fixed_k3
Strain_b_Tension_0.5pct,b,0.5,-0.02326021399999989,-0.01974719374999996,0.0,-0.3632812480704855,56,fixed_k3
Strain_b_Tension_0.5pct,b,0.5,-0.019381589999999893,-0.01974719374999996,0.0,-0.30292834603751717,56,fixed_k3
Strain_b_Tension_0.5pct,b,0.5,-0.015502965999999896,-0.01974719374999996,0.0,-0.2407987918255774,56,fixed_k3
Strain_b_Tension_0.5pct,b,0.5,-0.011624341999999899,-0.01974719374999996,0.0,-0.17686492281703692,56,fixed_k3
Strain_b_Tension_0.5pct,b,0.5,-0.0077457179999999015,-0.01974719374999996,0.0,-0.11195761234938395,56,fixed_k3
Strain_b_Tension_0.5pct,b,0.5,-0.0038670939999999043,-0.01974719374999996,0.0,-0.04764951035572296,56,fixed_k3
Strain_b_Tension_0.5pct,b,0.5,1.1530000000092855e-05,-0.01974719374999996,0.0,0.013977275736274497,56,fixed_k3
Strain_b_Tension_0.5pct,b,0.5,0.00389015400000009,-0.01974719374999996,0.0,0.07065687400720433,56,fixed_k3
Strain_b_Tension_0.5pct,b,0.5,0.007768778000000087,-0.01974719374999996,0.0,0.12031333549332801,56,fixed_k3
Strain_b_Tension_0.5pct,b,0.5,0.011647402000000084,-0.01974719374999996,0.0,0.16142377716005096,56,fixed_k3
Strain_b_Tension_0.5pct,b,0.5,0.015526026000000082,-0.01974719374999996,0.0,0.19331367704058888,56,fixed_k3
Strain_b_Tension_0.5pct,b,0.5,0.01940465000000008,-0.01974719374999996,0.0,0.21634233144120596,56,fixed_k3
Strain_b_Tension_0.5pct,b,0.5,0.023283274000000076,-0.01974719374999996,0.0,0.23196090673406156,56,fixed_k3
Strain_b_Tension_0.5pct,b,0.5,0.027161898000000073,-0.01974719374999996,0.0,0.2426515195223875,56,fixed_k3
Strain_b_Tension_0.5pct,b,0.5,0.03104052200000007,-0.01974719374999996,0.0,0.251776191833493,56,fixed_k3
Strain_b_Tension_0.5pct,b,0.5,0.03491914600000007,-0.01974719374999996,0.0,0.2633746987124549,56,fixed_k3
Strain_b_Tension_0.5pct,b,0.5,0.038797770000000065,-0.01974719374999996,0.0,0.2819484062009078,56,fixed_k3
Strain_b_Tension_0.5pct,b,0.5,0.04267639400000006,-0.01974719374999996,0.0,0.3122523295164723,56,fixed_k3
Strain_b_Tension_0.5pct,b,0.5,0.04655501800000006,-0.01974719374999996,0.0,0.35908603297145425,56,fixed_k3
Strain_b_Tension_0.5pct,b,0.5,0.050433642000000056,-0.01974719374999996,0.0,0.4270119651672898,56,fixed_k3
Strain_b_Tension_0.5pct,b,0.5,0.05431226600000005,-0.01974719374999996,0.0,0.5198002712446851,56,fixed_k3
Strain_b_Tension_0.5pct,b,0.5,0.05819089000000005,-0.01974719374999996,0.0,0.6391128447620633,56,fixed_k3
Strain_b_Tension_0.5pct,b,0.5,0.06206951400000005,-0.01974719374999996,0.0,0.7812953990701113,56,fixed_k3
Strain_b_Tension_0.5pct,b,0.5,0.06594813800000005,-0.01974719374999996,0.0,0.9297268548495988,56,fixed_k3
Strain_b_Tension_0.5pct,b,0.5,0.06982676200000004,-0.01974719374999996,0.0,1.0372670057351678,56,fixed_k3
Strain_b_Tension_0.5pct,b,0.5,0.07370538600000004,-0.01974719374999996,0.0,0.9885016346508142,56,fixed_k3
Strain_b_Tension_0.5pct,b,0.5,0.07758401000000004,-0.01974719374999996,0.0,0.5287981516157728,56,fixed_k3
Strain_b_Tension_0.5pct,b,0.5,0.08146263400000003,-0.01974719374999996,0.0,-0.8262852937493724,56,fixed_k3
Strain_b_Tension_0.5pct,b,0.5,0.08534125800000003,-0.01974719374999996,0.0,-3.7379423816418393,56,fixed_k3
Strain_b_Tension_0.5pct,b,0.5,0.08921988200000003,-0.01974719374999996,0.0,-8.319888930089501,56,fixed_k3
Strain_b_Tension_0.5pct,b,0.5,0.09309850600000003,-0.01974719374999996,0.0,-12.457331185485941,56,fixed_k3
Strain_b_Tension_0.5pct,b,0.5,0.09697713000000002,-0.01974719374999996,0.0,-12.045238837255123,56,fixed_k3
Strain_b_Tension_0.5pct,b,0.5,0.10085575400000002,-0.01974719374999996,0.0,-6.417022633951695,56,fixed_k3
Strain_b_Tension_0.5pct,b,0.5,0.10473437800000002,-0.01974719374999996,0.0,-0.051117942874010946,56,fixed_k3
Strain_b_Tension_0.5pct,b,0.5,0.10861300200000001,-0.01974719374999996,0.0,3.7800724513950232,56,fixed_k3
Strain_b_Tension_0.5pct,b,0.5,0.11249162600000001,-0.01974719374999996,0.0,5.395801969779863,56,fixed_k3
Strain_b_Tension_0.5pct,b,0.5,0.11637025000000001,-0.01974719374999996,0.0,6.5615563594511555,56,fixed_k3
Strain_b_Tension_0.5pct,b,0.5,0.120248874,-0.01974719374999996,0.0,9.999218396602945,56,fixed_k3
Strain_b_Tension_0.5pct,b,0.5,0.124127498,-0.01974719374999996,0.0,26.066261097893605,56,fixed_k3
Strain_b_Tension_0.5pct,b,0.5,0.128006122,-0.01974719374999996,0.0,165.75530420278136,56,fixed_k3
Strain_b_Tension_0.5pct,b,0.5,0.131884746,-0.01974719374999996,0.0,349.190162541542,56,fixed_k3
Strain_b_Tension_0.5pct,b,0.5,0.13576337,-0.01974719374999996,0.0,31.59506784717084,56,fixed_k3
Strain_b_Tension_0.5pct,b,0.5,0.139641994,-0.01974719374999996,0.0,4.728292897848105,56,fixed_k3
Strain_b_Tension_0.5pct,b,0.5,0.143520618,-0.01974719374999996,0.0,0.08942986906770764,56,fixed_k3
Strain_b_Tension_0.5pct,b,0.5,0.14739924199999999,-0.01974719374999996,0.0,-1.0893000613185961,56,fixed_k3
Strain_b_Tension_0.5pct,b,0.5,0.15127786599999998,-0.01974719374999996,0.0,-1.3889818392608322,56,fixed_k3
Strain_b_Tension_0.5pct,b,0.5,0.15515649,-0.01974719374999996,0.0,-1.4027699026192009,56,fixed_k3
Strain_b_Tension_0.5pct,b,0.5,-0.1551334299999998,-0.016460555624999956,0.0,-2.258688545845806,56,fixed_k3
Strain_b_Tension_0.5pct,b,0.5,-0.1512548059999998,-0.016460555624999956,0.0,-2.1100465912667037,56,fixed_k3
Strain_b_Tension_0.5pct,b,0.5,-0.1473761819999998,-0.016460555624999956,0.0,-1.6685417807713931,56,fixed_k3
Strain_b_Tension_0.5pct,b,0.5,-0.1434975579999998,-0.016460555624999956,0.0,-0.3781491747860906,56,fixed_k3
Strain_b_Tension_0.5pct,b,0.5,-0.1396189339999998,-0.016460555624999956,0.0,4.2993980081390415,56,fixed_k3
Strain_b_Tension_0.5pct,b,0.5,-0.1357403099999998,-0.016460555624999956,0.0,32.4386758964661,56,fixed_k3
Strain_b_Tension_0.5pct,b,0.5,-0.1318616859999998,-0.016460555624999956,0.0,359.01373317473474,56,fixed_k3
Strain_b_Tension_0.5pct,b,0.5,-0.12798306199999981,-0.016460555624999956,0.0,148.7806945888139,56,fixed_k3
Strain_b_Tension_0.5pct,b,0.5,-0.12410443799999982,-0.016460555624999956,0.0,22.83036426752124,56,fixed_k3
Strain_b_Tension_0.5pct,b,0.5,-0.12022581399999982,-0.016460555624999956,0.0,3.8981613514334494,56,fixed_k3
Strain_b_Tension_0.5pct,b,0.5,-0.11634718999999982,-0.016460555624999956,0.0,-2.1308440812821248,56,fixed_k3
Strain_b_Tension_0.5pct,b,0.5,-0.11246856599999983,-0.016460555624999956,0.0,-4.912805452717323,56,fixed_k3
Strain_b_Tension_0.5pct,b,0.5,-0.10858994199999983,-0.016460555624999956,0.0,-5.687736127623397,56,fixed_k3
Strain_b_Tension_0.5pct,b,0.5,-0.10471131799999983,-0.016460555624999956,0.0,-3.8361368190593854,56,fixed_k3
Strain_b_Tension_0.5pct,b,0.5,-0.10083269399999983,-0.016460555624999956,0.0,0.8233462336671044,56,fixed_k3
Strain_b_Tension_0.5pct,b,0.5,-0.09695406999999984,-0.016460555624999956,0.0,5.455130999694377,56,fixed_k3
Strain_b_Tension_0.5pct,b,0.5,-0.09307544599999984,-0.016460555624999956,0.0,6.063910061143517,56,fixed_k3
Strain_b_Tension_0.5pct,b,0.5,-0.08919682199999984,-0.016460555624999956,0.0,3.177859521019867,56,fixed_k3
Strain_b_Tension_0.5pct,b,0.5,-0.08531819799999985,-0.016460555624999956,0.0,0.14357279460319539,56,fixed_k3
Strain_b_Tension_0.5pct,b,0.5,-0.08143957399999985,-0.016460555624999956,0.0,-1.5173874698572534,56,fixed_k3
Strain_b_Tension_0.5pct,b,0.5,-0.07756094999999985,-0.016460555624999956,0.0,-2.0536716337274985,56,fixed_k3
Strain_b_Tension_0.5pct,b,0.5,-0.07368232599999985,-0.016460555624999956,0.0,-2.033414020401475,56,fixed_k3
Strain_b_Tension_0.5pct,b,0.5,-0.06980370199999986,-0.016460555624999956,0.0,-1.8165084177902768,56,fixed_k3
Strain_b_Tension_0.5pct,b,0.5,-0.06592507799999986,-0.016460555624999956,0.0,-1.5646091639974207,56,fixed_k3
Strain_b_Tension_0.5pct,b,0.5,-0.06204645399999986,-0.016460555624999956,0.0,-1.3351036874612099,56,fixed_k3
Strain_b_Tension_0.5pct,b,0.5,-0.058167829999999865,-0.016460555624999956,0.0,-1.1418339117698477,56,fixed_k3
Strain_b_Tension_0.5pct,b,0.5,-0.05428920599999987,-0.016460555624999956,0.0,-0.9833530871015612,56,fixed_k3
Strain_b_Tension_0.5pct,b,0.5,-0.05041058199999987,-0.016460555624999956,0.0,-0.8540892286906214,56,fixed_k3
Strain_b_Tension_0.5pct,b,0.5,-0.04653195799999987,-0.016460555624999956,0.0,-0.7481376315800616,56,fixed_k3
Strain_b_Tension_0.5pct,b,0.5,-0.042653333999999876,-0.016460555624999956,0.0,-0.6602460357105356,56,fixed_k3
Strain_b_Tension_0.5pct,b,0.5,-0.03877470999999988,-0.016460555624999956,0.0,-0.5858797699678624,56,fixed_k3
Strain_b_Tension_0.5pct,b,0.5,-0.03489608599999988,-0.016460555624999956,0.0,-0.5210814987483143,56,fixed_k3
Strain_b_Tension_0.5pct,b,0.5,-0.031017461999999885,-0.016460555624999956,0.0,-0.4623665933248348,56,fixed_k3
Strain_b_Tension_0.5pct,b,0.5,-0.027138837999999887,-0.016460555624999956,0.0,-0.40671321083326933,56,fixed_k3
Strain_b_Tension_0.5pct,b,0.5,-0.02326021399999989,-0.016460555624999956,0.0,-0.3516379350749767,56,fixed_k3
Strain_b_Tension_0.5pct,b,0.5,-0.019381589999999893,-0.016460555624999956,0.0,-0.2953216058952697,56,fixed_k3
Strain_b_Tension_0.5pct,b,0.5,-0.015502965999999896,-0.016460555624999956,0.0,-0.23673951996806009,56,fixed_k3
Strain_b_Tension_0.5pct,b,0.5,-0.011624341999999899,-0.016460555624999956,0.0,-0.17574808548527465,56,fixed_k3
Strain_b_Tension_0.5pct,b,0.5,-0.0077457179999999015,-0.016460555624999956,0.0,-0.11308586956902278,56,fixed_k3
Strain_b_Tension_0.5pct,b,0.5,-0.0038670939999999043,-0.016460555624999956,0.0,-0.05026171991579054,56,fixed_k3
Strain_b_Tension_0.5pct,b,0.5,1.1530000000092855e-05,-0.016460555624999956,0.0,0.01067464995751044,56,fixed_k3
Strain_b_Tension_0.5pct,b,0.5,0.00389015400000009,-0.016460555624999956,0.0,0.06745768392086127,56,fixed_k3
Strain_b_Tension_0.5pct,b,0.5,0.007768778000000087,-0.016460555624999956,0.0,0.1179811014311587,56,fixed_k3
Strain_b_Tension_0.5pct,b,0.5,0.011647402000000084,-0.016460555624999956,0.0,0.16066409298904172,56,fixed_k3
Strain_b_Tension_0.5pct,b,0.5,0.015526026000000082,-0.016460555624999956,0.0,0.19475062558627554,56,fixed_k3
Strain_b_Tension_0.5pct,b,0.5,0.01940465000000008,-0.016460555624999956,0.0,0.22049922290004648,56,fixed_k3
Strain_b_Tension_0.5pct,b,0.5,0.023283274000000076,-0.016460555624999956,0.0,0.23924520375599467,56,fixed_k3
Strain_b_Tension_0.5pct,b,0.5,0.027161898000000073,-0.016460555624999956,0.0,0.2533436757610925,56,fixed_k3
Strain_b_Tension_0.5pct,b,0.5,0.03104052200000007,-0.016460555624999956,0.0,0.26602237875837836,56,fixed_k3
Strain_b_Tension_0.5pct,b,0.5,0.03491914600000007,-0.016460555624999956,0.0,0.28118411927971276,56,fixed_k3
Strain_b_Tension_0.5pct,b,0.5,0.038797770000000065,-0.016460555624999956,0.0,0.3031972886711086,56,fixed_k3
Strain_b_Tension_0.5pct,b,0.5,0.04267639400000006,-0.016460555624999956,0.0,0.3366991583442609,56,fixed_k3
Strain_b_Tension_0.5pct,b,0.5,0.04655501800000006,-0.016460555624999956,0.0,0.3864068241472991,56,fixed_k3
Strain_b_Tension_0.5pct,b,0.5,0.050433642000000056,-0.016460555624999956,0.0,0.45687159714539316,56,fixed_k3
Strain_b_Tension_0.5pct,b,0.5,0.05431226600000005,-0.016460555624999956,0.0,0.5519876986494092,56,fixed_k3
Strain_b_Tension_0.5pct,b,0.5,0.05819089000000005,-0.016460555624999956,0.0,0.6737861126996856,56,fixed_k3
Strain_b_Tension_0.5pct,b,0.5,0.06206951400000005,-0.016460555624999956,0.0,0.8194058490820919,56,fixed_k3
Strain_b_Tension_0.5pct,b,0.5,0.06594813800000005,-0.016460555624999956,0.0,0.9737082321735911,56,fixed_k3
Strain_b_Tension_0.5pct,b,0.5,0.06982676200000004,-0.016460555624999956,0.0,1.092034358606105,56,fixed_k3
Strain_b_Tension_0.5pct,b,0.5,0.07370538600000004,-0.016460555624999956,0.0,1.0625686644629475,56,fixed_k3
Strain_b_Tension_0.5pct,b,0.5,0.07758401000000004,-0.016460555624999956,0.0,0.634677928845384,56,fixed_k3
Strain_b_Tension_0.5pct,b,0.5,0.08146263400000003,-0.016460555624999956,0.0,-0.6738099903423423,56,fixed_k3
Strain_b_Tension_0.5pct,b,0.5,0.08534125800000003,-0.016460555624999956,0.0,-3.522960172155476,56,fixed_k3
Strain_b_Tension_0.5pct,b,0.5,0.08921988200000003,-0.016460555624999956,0.0,-8.005027216113774,56,fixed_k3
Strain_b_Tension_0.5pct,b,0.5,0.09309850600000003,-0.016460555624999956,0.0,-11.932548270062385,56,fixed_k3
Strain_b_Tension_0.5pct,b,0.5,0.09697713000000002,-0.016460555624999956,0.0,-11.209165179566897,56,fixed_k3
Strain_b_Tension_0.5pct,b,0.5,0.10085575400000002,-0.016460555624999956,0.0,-5.450551522191034,56,fixed_k3
Strain_b_Tension_0.5pct,b,0.5,0.10473437800000002,-0.016460555624999956,0.0,0.6901243942101084,56,fixed_k3
Strain_b_Tension_0.5pct,b,0.5,0.10861300200000001,-0.016460555624999956,0.0,4.118556780272328,56,fixed_k3
Strain_b_Tension_0.5pct,b,0.5,0.11249162600000001,-0.016460555624999956,0.0,5.299090785204023,56,fixed_k3
Strain_b_Tension_0.5pct,b,0.5,0.11637025000000001,-0.016460555624999956,0.0,5.8869042014127615,56,fixed_k3
Strain_b_Tension_0.5pct,b,0.5,0.120248874,-0.016460555624999956,0.0,8.026645574969585,56,fixed_k3
Strain_b_Tension_0.5pct,b,0.5,0.124127498,-0.016460555624999956,0.0,18.823946694683382,56,fixed_k3
Strain_b_Tension_0.5pct,b,0.5,0.128006122,-0.016460555624999956,0.0,106.7644637058615,56,fixed_k3
Strain_b_Tension_0.5pct,b,0.5,0.131884746,-0.016460555624999956,0.0,281.5503514662823,56,fixed_k3
Strain_b_Tension_0.5pct,b,0.5,0.13576337,-0.016460555624999956,0.0,28.686717560801075,56,fixed_k3
Strain_b_Tension_0.5pct,b,0.5,0.139641994,-0.016460555624999956,0.0,4.405508177756596,56,fixed_k3
Strain_b_Tension_0.5pct,b,0.5,0.143520618,-0.016460555624999956,0.0,0.27575279924986384,56,fixed_k3
Strain_b_Tension_0.5pct,b,0.5,0.14739924199999999,-0.016460555624999956,0.0,-0.7589214124938228,56,fixed_k3
Strain_b_Tension_0.5pct,b,0.5,0.15127786599999998,-0.016460555624999956,0.0,-1.0188470205051043,56,fixed_k3
Strain_b_Tension_0.5pct,b,0.5,0.15515649,-0.016460555624999956,0.0,-1.0304780875249588,56,fixed_k3
Strain_b_Tension_0.5pct,b,0.5,-0.1551334299999998,-0.013173917499999965,0.0,-1.9686959433840925,56,fixed_k3
Strain_b_Tension_0.5pct,b,0.5,-0.1512548059999998,-0.013173917499999965,0.0,-1.8325007564776445,56,fixed_k3
Strain_b_Tension_0.5pct,b,0.5,-0.1473761819999998,-0.013173917499999965,0.0,-1.4502107213647017,56,fixed_k3
Strain_b_Tension_0.5pct,b,0.5,-0.1434975579999998,-0.013173917499999965,0.0,-0.3595259200675563,56,fixed_k3
Strain_b_Tension_0.5pct,b,0.5,-0.1396189339999998,-0.013173917499999965,0.0,3.576633191090598,56,fixed_k3
Strain_b_Tension_0.5pct,b,0.5,-0.1357403099999998,-0.013173917499999965,0.0,27.557753795882427,56,fixed_k3
Strain_b_Tension_0.5pct,b,0.5,-0.1318616859999998,-0.013173917499999965,0.0,277.06009916211923,56,fixed_k3
Strain_b_Tension_0.5pct,b,0.5,-0.12798306199999981,-0.013173917499999965,0.0,100.89424202928068,56,fixed_k3
Strain_b_Tension_0.5pct,b,0.5,-0.12410443799999982,-0.013173917499999965,0.0,16.392402667304232,56,fixed_k3
Strain_b_Tension_0.5pct,b,0.5,-0.12022581399999982,-0.013173917499999965,0.0,2.274048428343931,56,fixed_k3
Strain_b_Tension_0.5pct,b,0.5,-0.11634718999999982,-0.013173917499999965,0.0,-2.5910416290942764,56,fixed_k3
Strain_b_Tension_0.5pct,b,0.5,-0.11246856599999983,-0.013173917499999965,0.0,-4.986141133960255,56,fixed_k3
Strain_b_Tension_0.5pct,b,0.5,-0.10858994199999983,-0.013173917499999965,0.0,-5.651779083529278,56,fixed_k3
Strain_b_Tension_0.5pct,b,0.5,-0.10471131799999983,-0.013173917499999965,0.0,-3.804199445539439,56,fixed_k3
Strain_b_Tension_0.5pct,b,0.5,-0.10083269399999983,-0.013173917499999965,0.0,0.9067456889122332,56,fixed_k3
Strain_b_Tension_0.5pct,b,0.5,-0.09695406999999984,-0.013173917499999965,0.0,5.755244224897198,56,fixed_k3
Strain_b_Tension_0.5pct,b,0.5,-0.09307544599999984,-0.013173917499999965,0.0,6.550844522472405,56,fixed_k3
Strain_b_Tension_0.5pct,b,0.5,-0.08919682199999984,-0.013173917499999965,0.0,3.629732706882869,56,fixed_k3
Strain_b_Tension_0.5pct,b,0.5,-0.08531819799999985,-0.013173917499999965,0.0,0.45133138952540564,56,fixed_k3
Strain_b_Tension_0.5pct,b,0.5,-0.08143957399999985,-0.013173917499999965,0.0,-1.3289472738896486,56,fixed_k3
Strain_b_Tension_0.5pct,b,0.5,-0.07756094999999985,-0.013173917499999965,0.0,-1.9343973948444868,56,fixed_k3
Strain_b_Tension_0.5pct,b,0.5,-0.07368232599999985,-0.013173917499999965,0.0,-1.9495113874462557,56,fixed_k3
Strain_b_Tension_0.5pct,b,0.5,-0.06980370199999986,-0.013173917499999965,0.0,-1.7501830818463535,56,fixed_k3
Strain_b_Tension_0.5pct,b,0.5,-0.06592507799999986,-0.013173917499999965,0.0,-1.5072925233308032,56,fixed_k3
Strain_b_Tension_0.5pct,b,0.5,-0.06204645399999986,-0.013173917499999965,0.0,-1.2829216816560542,56,fixed_k3
Strain_b_Tension_0.5pct,b,0.5,-0.058167829999999865,-0.013173917499999965,0.0,-1.0932363210104081,56,fixed_k3
Strain_b_Tension_0.5pct,b,0.5,-0.05428920599999987,-0.013173917499999965,0.0,-0.9379245207686884,56,fixed_k3
Strain_b_Tension_0.5pct,b,0.5,-0.05041058199999987,-0.013173917499999965,0.0,-0.8119433743844462,56,fixed_k3
Strain_b_Tension_0.5pct,b,0.5,-0.04653195799999987,-0.013173917499999965,0.0,-0.7096001842319891,56,fixed_k3
Strain_b_Tension_0.5pct,b,0.5,-0.042653333999999876,-0.013173917499999965,0.0,-0.6256848286279628,56,fixed_k3
Strain_b_Tension_0.5pct,b,0.5,-0.03877470999999988,-0.013173917499999965,0.0,-0.5556121720673839,56,fixed_k3
Strain_b_Tension_0.5pct,b,0.5,-0.03489608599999988,-0.013173917499999965,0.0,-0.49532337291488926,56,fixed_k3
Strain_b_Tension_0.5pct,b,0.5,-0.031017461999999885,-0.013173917499999965,0.0,-0.44120438295813436,56,fixed_k3
Strain_b_Tension_0.5pct,b,0.5,-0.027138837999999887,-0.013173917499999965,0.0,-0.3900898720615445,56,fixed_k3
Strain_b_Tension_0.5pct,b,0.5,-0.02326021399999989,-0.013173917499999965,0.0,-0.3393483829974316,56,fixed_k3
Strain_b_Tension_0.5pct,b,0.5,-0.019381589999999893,-0.013173917499999965,0.0,-0.2870159278561784,56,fixed_k3
Strain_b_Tension_0.5pct,b,0.5,-0.015502965999999896,-0.013173917499999965,0.0,-0.23193334959779133,56,fixed_k3
Strain_b_Tension_0.5pct,b,0.5,-0.011624341999999899,-0.013173917499999965,0.0,-0.17383975508261568,56,fixed_k3
Strain_b_Tension_0.5pct,b,0.5,-0.0077457179999999015,-0.013173917499999965,0.0,-0.11337963420296882,56,fixed_k3
Strain_b_Tension_0.5pct,b,0.5,-0.0038670939999999043,-0.013173917499999965,0.0,-0.05199578616991368,56,fixed_k3
Strain_b_Tension_0.5pct,b,0.5,1.1530000000092855e-05,-0.013173917499999965,0.0,0.0082970807018094,56,fixed_k3
Strain_b_Tension_0.5pct,b,0.5,0.00389015400000009,-0.013173917499999965,0.0,0.06523642651402434,56,fixed_k3
Strain_b_Tension_0.5pct,b,0.5,0.007768778000000087,-0.013173917499999965,0.0,0.11668805646605418,56,fixed_k3
Strain_b_Tension_0.5pct,b,0.5,0.011647402000000084,-0.013173917499999965,0.0,0.16101499764128185,56,fixed_k3
Strain_b_Tension_0.5pct,b,0.5,0.015526026000000082,-0.013173917499999965,0.0,0.19738053948876044,56,fixed_k3
Strain_b_Tension_0.5pct,b,0.5,0.01940465000000008,-0.013173917499999965,0.0,0.2259422199211094,56,fixed_k3
Strain_b_Tension_0.5pct,b,0.5,0.023283274000000076,-0.013173917499999965,0.0,0.24791830403746745,56,fixed_k3
Strain_b_Tension_0.5pct,b,0.5,0.027161898000000073,-0.013173917499999965,0.0,0.26553487878623516,56,fixed_k3
Strain_b_Tension_0.5pct,b,0.5,0.03104052200000007,-0.013173917499999965,0.0,0.2818828358897248,56,fixed_k3
Strain_b_Tension_0.5pct,b,0.5,0.03491914600000007,-0.013173917499999965,0.0,0.30072512682179753,56,fixed_k3
Strain_b_Tension_0.5pct,b,0.5,0.038797770000000065,-0.013173917499999965,0.0,0.32629410735319514,56,fixed_k3
Strain_b_Tension_0.5pct,b,0.5,0.04267639400000006,-0.013173917499999965,0.0,0.36310609179409703,56,fixed_k3
Strain_b_Tension_0.5pct,b,0.5,0.04655501800000006,-0.013173917499999965,0.0,0.4157922695340786,56,fixed_k3
Strain_b_Tension_0.5pct,b,0.5,0.050433642000000056,-0.013173917499999965,0.0,0.488889172104239,56,fixed_k3
Strain_b_Tension_0.5pct,b,0.5,0.05431226600000005,-0.013173917499999965,0.0,0.5864119672779415,56,fixed_k3
Strain_b_Tension_0.5pct,b,0.5,0.05819089000000005,-0.013173917499999965,0.0,0.7107612624075076,56,fixed_k3
Strain_b_Tension_0.5pct,b,0.5,0.06206951400000005,-0.013173917499999965,0.0,0.859883941996877,56,fixed_k3
Strain_b_Tension_0.5pct,b,0.5,0.06594813800000005,-0.013173917499999965,0.0,1.0201826802287146,56,fixed_k3
Strain_b_Tension_0.5pct,b,0.5,0.06982676200000004,-0.013173917499999965,0.0,1.1496648327416064,56,fixed_k3
Strain_b_Tension_0.5pct,b,0.5,0.07370538600000004,-0.013173917499999965,0.0,1.1406235764081245,56,fixed_k3
Strain_b_Tension_0.5pct,b,0.5,0.07758401000000004,-0.013173917499999965,0.0,0.7476580272744816,56,fixed_k3
Strain_b_Tension_0.5pct,b,0.5,0.08146263400000003,-0.013173917499999965,0.0,-0.5067865391284624,56,fixed_k3
Strain_b_Tension_0.5pct,b,0.5,0.08534125800000003,-0.013173917499999965,0.0,-3.27960677577036,56,fixed_k3
Strain_b_Tension_0.5pct,b,0.5,0.08921988200000003,-0.013173917499999965,0.0,-7.648217645911377,56,fixed_k3
Strain_b_Tension_0.5pct,b,0.5,0.09309850600000003,-0.013173917499999965,0.0,-11.38005038375101,56,fixed_k3
Strain_b_Tension_0.5pct,b,0.5,0.09697713000000002,-0.013173917499999965,0.0,-10.408607128479932,56,fixed_k3
Strain_b_Tension_0.5pct,b,0.5,0.10085575400000002,-0.013173917499999965,0.0,-4.582813042398123,56,fixed_k3
Strain_b_Tension_0.5pct,b,0.5,0.10473437800000002,-0.013173917499999965,0.0,1.3319416107061575,56,fixed_k3
Strain_b_Tension_0.5pct,b,0.5,0.10861300200000001,-0.013173917499999965,0.0,4.407729605159458,56,fixed_k3
Strain_b_Tension_0.5pct,b,0.5,0.11249162600000001,-0.013173917499999965,0.0,5.222862234251029,56,fixed_k3
Strain_b_Tension_0.5pct,b,0.5,0.11637025000000001,-0.013173917499999965,0.0,5.3353265943624635,56,fixed_k3
Strain_b_Tension_0.5pct,b,0.5,0.120248874,-0.013173917499999965,0.0,6.440317482980183,56,fixed_k3
Strain_b_Tension_0.5pct,b,0.5,0.124127498,-0.013173917499999965,0.0,13.329688433693356,56,fixed_k3
Strain_b_Tension_0.5pct,b,0.5,0.128006122,-0.013173917499999965,0.0,68.65053693836377,56,fixed_k3
Strain_b_Tension_0.5pct,b,0.5,0.131884746,-0.013173917499999965,0.0,212.739422897876,56,fixed_k3
Strain_b_Tension_0.5pct,b,0.5,0.13576337,-0.013173917499999965,0.0,24.546070838425933,56,fixed_k3
Strain_b_Tension_0.5pct,b,0.5,0.139641994,-0.013173917499999965,0.0,3.880003448901261,56,fixed_k3
Strain_b_Tension_0.5pct,b,0.5,0.143520618,-0.013173917499999965,0.0,0.4004437800169027,56,fixed_k3
Strain_b_Tension_0.5pct,b,0.5,0.14739924199999999,-0.013173917499999965,0.0,-0.45544316360076076,56,fixed_k3
Strain_b_Tension_0.5pct,b,0.5,0.15127786599999998,-0.013173917499999965,0.0,-0.6632245966942494,56,fixed_k3
Strain_b_Tension_0.5pct,b,0.5,0.15515649,-0.013173917499999965,0.0,-0.6670405096601381,56,fixed_k3
Strain_b_Tension_0.5pct,b,0.5,-0.1551334299999998,-0.009887279374999974,0.0,-1.67220424028944,56,fixed_k3
Strain_b_Tension_0.5pct,b,0.5,-0.1512548059999998,-0.009887279374999974,0.0,-1.5523586514391583,56,fixed_k3
Strain_b_Tension_0.5pct,b,0.5,-0.1473761819999998,-0.009887279374999974,0.0,-1.2388614445801767,56,fixed_k3
Strain_b_Tension_0.5pct,b,0.5,-0.1434975579999998,-0.009887279374999974,0.0,-0.37595117781460935,56,fixed_k3
Strain_b_Tension_0.5pct,b,0.5,-0.1396189339999998,-0.009887279374999974,0.0,2.700211889392514,56,fixed_k3
Strain_b_Tension_0.5pct,b,0.5,-0.1357403099999998,-0.009887279374999974,0.0,21.626930269597995,56,fixed_k3
Strain_b_Tension_0.5pct,b,0.5,-0.1318616859999998,-0.009887279374999974,0.0,201.80103962337395,56,fixed_k3
Strain_b_Tension_0.5pct,b,0.5,-0.12798306199999981,-0.009887279374999974,0.0,68.31994395958337,56,fixed_k3
Strain_b_Tension_0.5pct,b,0.5,-0.12410443799999982,-0.009887279374999974,0.0,11.395300417711839,56,fixed_k3
Strain_b_Tension_0.5pct,b,0.5,-0.12022581399999982,-0.009887279374999974,0.0,0.9423213629563312,56,fixed_k3
Strain_b_Tension_0.5pct,b,0.5,-0.11634718999999982,-0.009887279374999974,0.0,-2.9710543798588573,56,fixed_k3
Strain_b_Tension_0.5pct,b,0.5,-0.11246856599999983,-0.009887279374999974,0.0,-5.028572575557343,56,fixed_k3
Strain_b_Tension_0.5pct,b,0.5,-0.10858994199999983,-0.009887279374999974,0.0,-5.578714410902212,56,fixed_k3
Strain_b_Tension_0.5pct,b,0.5,-0.10471131799999983,-0.009887279374999974,0.0,-3.7060367855028735,56,fixed_k3
Strain_b_Tension_0.5pct,b,0.5,-0.10083269399999983,-0.009887279374999974,0.0,1.0700057536238252,56,fixed_k3
Strain_b_Tension_0.5pct,b,0.5,-0.09695406999999984,-0.009887279374999974,0.0,6.108886665373528,56,fixed_k3
Strain_b_Tension_0.5pct,b,0.5,-0.09307544599999984,-0.009887279374999974,0.0,7.058242137554496,56,fixed_k3
Strain_b_Tension_0.5pct,b,0.5,-0.08919682199999984,-0.009887279374999974,0.0,4.090586418411357,56,fixed_k3
Strain_b_Tension_0.5pct,b,0.5,-0.08531819799999985,-0.009887279374999974,0.0,0.7666571113497409,56,fixed_k3
Strain_b_Tension_0.5pct,b,0.5,-0.08143957399999985,-0.009887279374999974,0.0,-1.134618882814714,56,fixed_k3
Strain_b_Tension_0.5pct,b,0.5,-0.07756094999999985,-0.009887279374999974,0.0,-1.8116738690553866,56,fixed_k3
Strain_b_Tension_0.5pct,b,0.5,-0.07368232599999985,-0.009887279374999974,0.0,-1.864146620922556,56,fixed_k3
Strain_b_Tension_0.5pct,b,0.5,-0.06980370199999986,-0.009887279374999974,0.0,-1.6835823049189411,56,fixed_k3
Strain_b_Tension_0.5pct,b,0.5,-0.06592507799999986,-0.009887279374999974,0.0,-1.4502559203450174,56,fixed_k3
Strain_b_Tension_0.5pct,b,0.5,-0.06204645399999986,-0.009887279374999974,0.0,-1.2311955640283236,56,fixed_k3
Strain_b_Tension_0.5pct,b,0.5,-0.058167829999999865,-0.009887279374999974,0.0,-1.0450770649725436,56,fixed_k3
Strain_b_Tension_0.5pct,b,0.5,-0.05428920599999987,-0.009887279374999974,0.0,-0.8928335393631828,56,fixed_k3
Strain_b_Tension_0.5pct,b,0.5,-0.05041058199999987,-0.009887279374999974,0.0,-0.7700084067752124,56,fixed_k3
Strain_b_Tension_0.5pct,b,0.5,-0.04653195799999987,-0.009887279374999974,0.0,-0.6711473140338109,56,fixed_k3
Strain_b_Tension_0.5pct,b,0.5,-0.042653333999999876,-0.009887279374999974,0.0,-0.5910923402661601,56,fixed_k3
Strain_b_Tension_0.5pct,b,0.5,-0.03877470999999988,-0.009887279374999974,0.0,-0.5252101728521353,56,fixed_k3
Strain_b_Tension_0.5pct,b,0.5,-0.03489608599999988,-0.009887279374999974,0.0,-0.469339558594451,56,fixed_k3
Strain_b_Tension_0.5pct,b,0.5,-0.031017461999999885,-0.009887279374999974,0.0,-0.41973523360775955,56,fixed_k3
Strain_b_Tension_0.5pct,b,0.5,-0.027138837999999887,-0.009887279374999974,0.0,-0.3730867109655491,56,fixed_k3
Strain_b_Tension_0.5pct,b,0.5,-0.02326021399999989,-0.009887279374999974,0.0,-0.3266132492878462,56,fixed_k3
Strain_b_Tension_0.5pct,b,0.5,-0.019381589999999893,-0.009887279374999974,0.0,-0.27820512524988394,56,fixed_k3
Strain_b_Tension_0.5pct,b,0.5,-0.015502965999999896,-0.009887279374999974,0.0,-0.22656788037845757,56,fixed_k3
Strain_b_Tension_0.5pct,b,0.5,-0.011624341999999899,-0.009887279374999974,0.0,-0.17132222048331058,56,fixed_k3
Strain_b_Tension_0.5pct,b,0.5,-0.0077457179999999015,-0.009887279374999974,0.0,-0.11301697255446969,56,fixed_k3
Strain_b_Tension_0.5pct,b,0.5,-0.0038670939999999043,-0.009887279374999974,0.0,-0.05302673977157929,56,fixed_k3
Strain_b_Tension_0.5pct,b,0.5,1.1530000000092855e-05,-0.009887279374999974,0.0,0.006671367914785287,56,fixed_k3
Strain_b_Tension_0.5pct,b,0.5,0.00389015400000009,-0.009887279374999974,0.0,0.06382057788872342,56,fixed_k3
Strain_b_Tension_0.5pct,b,0.5,0.007768778000000087,-0.009887279374999974,0.0,0.1162613023932097,56,fixed_k3
Strain_b_Tension_0.5pct,b,0.5,0.011647402000000084,-0.009887279374999974,0.0,0.1623023104425892,56,fixed_k3
Strain_b_Tension_0.5pct,b,0.5,0.015526026000000082,-0.009887279374999974,0.0,0.20102721765186043,56,fixed_k3
Strain_b_Tension_0.5pct,b,0.5,0.01940465000000008,-0.009887279374999974,0.0,0.2324925585409653,56,fixed_k3
Strain_b_Tension_0.5pct,b,0.5,0.023283274000000076,-0.009887279374999974,0.0,0.2577985654232809,56,fixed_k3
Strain_b_Tension_0.5pct,b,0.5,0.027161898000000073,-0.009887279374999974,0.0,0.27904056567946517,56,fixed_k3
Strain_b_Tension_0.5pct,b,0.5,0.03104052200000007,-0.009887279374999974,0.0,0.2991703737480728,56,fixed_k3
Strain_b_Tension_0.5pct,b,0.5,0.03491914600000007,-0.009887279374999974,0.0,0.3218086173088079,56,fixed_k3
Strain_b_Tension_0.5pct,b,0.5,0.038797770000000065,-0.009887279374999974,0.0,0.35104906041347766,56,fixed_k3
Strain_b_Tension_0.5pct,b,0.5,0.04267639400000006,-0.009887279374999974,0.0,0.3912844146707412,56,fixed_k3
Strain_b_Tension_0.5pct,b,0.5,0.04655501800000006,-0.009887279374999974,0.0,0.44705706292841274,56,fixed_k3
Strain_b_Tension_0.5pct,b,0.5,0.050433642000000056,-0.009887279374999974,0.0,0.5228853788025801,56,fixed_k3
Strain_b_Tension_0.5pct,b,0.5,0.05431226600000005,-0.009887279374999974,0.0,0.6229017636582436,56,fixed_k3
Strain_b_Tension_0.5pct,b,0.5,0.05819089000000005,-0.009887279374999974,0.0,0.7498742855428167,56,fixed_k3
Strain_b_Tension_0.5pct,b,0.5,0.06206951400000005,-0.009887279374999974,0.0,0.9025647971651887,56,fixed_k3
Strain_b_Tension_0.5pct,b,0.5,0.06594813800000005,-0.009887279374999974,0.0,1.0689586374527598,56,fixed_k3
Strain_b_Tension_0.5pct,b,0.5,0.06982676200000004,-0.009887279374999974,0.0,1.2098768779000966,56,fixed_k3
Strain_b_Tension_0.5pct,b,0.5,0.07370538600000004,-0.009887279374999974,0.0,1.222159860275915,56,fixed_k3
Strain_b_Tension_0.5pct,b,0.5,0.07758401000000004,-0.009887279374999974,0.0,0.8667550555261019,56,fixed_k3
Strain_b_Tension_0.5pct,b,0.5,0.08146263400000003,-0.009887279374999974,0.0,-0.32707702290388746,56,fixed_k3
Strain_b_Tension_0.5pct,b,0.5,0.08534125800000003,-0.009887279374999974,0.0,-3.0111999447250026,56,fixed_k3
Strain_b_Tension_0.5pct,b,0.5,0.08921988200000003,-0.009887279374999974,0.0,-7.25516470206937,56,fixed_k3
Strain_b_Tension_0.5pct,b,0.5,0.09309850600000003,-0.009887279374999974,0.0,-10.808565198117625,56,fixed_k3
Strain_b_Tension_0.5pct,b,0.5,0.09697713000000002,-0.009887279374999974,0.0,-9.650647232460186,56,fixed_k3
Strain_b_Tension_0.5pct,b,0.5,0.10085575400000002,-0.009887279374999974,0.0,-3.8098898011467623,56,fixed_k3
Strain_b_Tension_0.5pct,b,0.5,0.10473437800000002,-0.009887279374999974,0.0,1.8881191020868506,56,fixed_k3
Strain_b_Tension_0.5pct,b,0.5,0.10861300200000001,-0.009887279374999974,0.0,4.660146581874487,56,fixed_k3
Strain_b_Tension_0.5pct,b,0.5,0.11249162600000001,-0.009887279374999974,0.0,5.1675344337642874,56,fixed_k3
Strain_b_Tension_0.5pct,b,0.5,0.11637025000000001,-0.009887279374999974,0.0,4.879622090273465,56,fixed_k3
Strain_b_Tension_0.5pct,b,0.5,0.120248874,-0.009887279374999974,0.0,5.128045578784989,56,fixed_k3
Strain_b_Tension_0.5pct,b,0.5,0.124127498,-0.009887279374999974,0.0,8.966227301251248,56,fixed_k3
Strain_b_Tension_0.5pct,b,0.5,0.128006122,-0.009887279374999974,0.0,42.00568465989771,56,fixed_k3
Strain_b_Tension_0.5pct,b,0.5,0.131884746,-0.009887279374999974,0.0,147.79396858142388,56,fixed_k3
Strain_b_Tension_0.5pct,b,0.5,0.13576337,-0.009887279374999974,0.0,19.302979537905525,56,fixed_k3
Strain_b_Tension_0.5pct,b,0.5,0.139641994,-0.009887279374999974,0.0,3.172026872894802,56,fixed_k3
Strain_b_Tension_0.5pct,b,0.5,0.143520618,-0.009887279374999974,0.0,0.46991344112474986,56,fixed_k3
Strain_b_Tension_0.5pct,b,0.5,0.14739924199999999,-0.009887279374999974,0.0,-0.17659620700014417,56,fixed_k3
Strain_b_Tension_0.5pct,b,0.5,0.15127786599999998,-0.009887279374999974,0.0,-0.3215536230972782,56,fixed_k3
Strain_b_Tension_0.5pct,b,0.5,0.15515649,-0.009887279374999974,0.0,-0.312723077524216,56,fixed_k3
Strain_b_Tension_0.5pct,b,0.5,-0.1551334299999998,-0.0066006412499999695,0.0,-1.36874218709959,56,fixed_k3
Strain_b_Tension_0.5pct,b,0.5,-0.1512548059999998,-0.0066006412499999695,0.0,-1.268171441516187,56,fixed_k3
Strain_b_Tension_0.5pct,b,0.5,-0.1473761819999998,-0.0066006412499999695,0.0,-1.030733440749163,56,fixed_k3
Strain_b_Tension_0.5pct,b,0.5,-0.1434975579999998,-0.0066006412499999695,0.0,-0.4169250751137876,56,fixed_k3
Strain_b_Tension_0.5pct,b,0.5,-0.1396189339999998,-0.0066006412499999695,0.0,1.7085496476351927,56,fixed_k3
Strain_b_Tension_0.5pct,b,0.5,-0.1357403099999998,-0.0066006412499999695,0.0,14.907472749623434,56,fixed_k3
Strain_b_Tension_0.5pct,b,0.5,-0.1318616859999998,-0.0066006412499999695,0.0,134.68386468933548,56,fixed_k3
Strain_b_Tension_0.5pct,b,0.5,-0.12798306199999981,-0.0066006412499999695,0.0,44.53393460883602,56,fixed_k3
Strain_b_Tension_0.5pct,b,0.5,-0.12410443799999982,-0.0066006412499999695,0.0,7.336528138171225,56,fixed_k3
Strain_b_Tension_0.5pct,b,0.5,-0.12022581399999982,-0.0066006412499999695,0.0,-0.1927294627717192,56,fixed_k3
Strain_b_Tension_0.5pct,b,0.5,-0.11634718999999982,-0.0066006412499999695,0.0,-3.299817593825485,56,fixed_k3
Strain_b_Tension_0.5pct,b,0.5,-0.11246856599999983,-0.0066006412499999695,0.0,-5.052213038767129,56,fixed_k3
Strain_b_Tension_0.5pct,b,0.5,-0.10858994199999983,-0.0066006412499999695,0.0,-5.475930796706317,56,fixed_k3
Strain_b_Tension_0.5pct,b,0.5,-0.10471131799999983,-0.0066006412499999695,0.0,-3.546113960556998,56,fixed_k3
Strain_b_Tension_0.5pct,b,0.5,-0.10083269399999983,-0.0066006412499999695,0.0,1.3135236065452696,56,fixed_k3
Strain_b_Tension_0.5pct,b,0.5,-0.09695406999999984,-0.0066006412499999695,0.0,6.518410605857545,56,fixed_k3
Strain_b_Tension_0.5pct,b,0.5,-0.09307544599999984,-0.0066006412499999695,0.0,7.584448189734403,56,fixed_k3
Strain_b_Tension_0.5pct,b,0.5,-0.08919682199999984,-0.0066006412499999695,0.0,4.556190082854829,56,fixed_k3
Strain_b_Tension_0.5pct,b,0.5,-0.08531819799999985,-0.0066006412499999695,0.0,1.0861818500103277,56,fixed_k3
Strain_b_Tension_0.5pct,b,0.5,-0.08143957399999985,-0.0066006412499999695,0.0,-0.9362882301470352,56,fixed_k3
Strain_b_Tension_0.5pct,b,0.5,-0.07756094999999985,-0.0066006412499999695,0.0,-1.6864551995967418,56,fixed_k3
Strain_b_Tension_0.5pct,b,0.5,-0.07368232599999985,-0.0066006412499999695,0.0,-1.7778251082248664,56,fixed_k3
Strain_b_Tension_0.5pct,b,0.5,-0.06980370199999986,-0.0066006412499999695,0.0,-1.617020971740705,56,fixed_k3
Strain_b_Tension_0.5pct,b,0.5,-0.06592507799999986,-0.0066006412499999695,0.0,-1.3937430182925081,56,fixed_k3
Strain_b_Tension_0.5pct,b,0.5,-0.06204645399999986,-0.0066006412499999695,0.0,-1.1801487129425863,56,fixed_k3
Strain_b_Tension_0.5pct,b,0.5,-0.058167829999999865,-0.0066006412499999695,0.0,-0.9975787476307454,56,fixed_k3
Strain_b_Tension_0.5pct,b,0.5,-0.05428920599999987,-0.0066006412499999695,0.0,-0.8483075713928807,56,fixed_k3
Strain_b_Tension_0.5pct,b,0.5,-0.05041058199999987,-0.0066006412499999695,0.0,-0.7285163861722985,56,fixed_k3
Strain_b_Tension_0.5pct,b,0.5,-0.04653195799999987,-0.0066006412499999695,0.0,-0.6330134472212292,56,fixed_k3
Strain_b_Tension_0.5pct,b,0.5,-0.042653333999999876,-0.0066006412499999695,0.0,-0.5567026838161454,56,fixed_k3
Strain_b_Tension_0.5pct,b,0.5,-0.03877470999999988,-0.0066006412499999695,0.0,-0.4949051786715422,56,fixed_k3
Strain_b_Tension_0.5pct,b,0.5,-0.03489608599999988,-0.0066006412499999695,0.0,-0.4433569007365823,56,fixed_k3
Strain_b_Tension_0.5pct,b,0.5,-0.031017461999999885,-0.0066006412499999695,0.0,-0.398180168555622,56,fixed_k3
Strain_b_Tension_0.5pct,b,0.5,-0.027138837999999887,-0.0066006412499999695,0.0,-0.35591823410436924,56,fixed_k3
Strain_b_Tension_0.5pct,b,0.5,-0.02326021399999989,-0.0066006412499999695,0.0,-0.3136403324424435,56,fixed_k3
Strain_b_Tension_0.5pct,b,0.5,-0.019381589999999893,-0.0066006412499999695,0.0,-0.2690905280759084,56,fixed_k3
Strain_b_Tension_0.5pct,b,0.5,-0.015502965999999896,-0.0066006412499999695,0.0,-0.2208385670661799,56,fixed_k3
Strain_b_Tension_0.5pct,b,0.5,-0.011624341999999899,-0.0066006412499999695,0.0,-0.16838592810024494,56,fixed_k3
Strain_b_Tension_0.5pct,b,0.5,-0.0077457179999999015,-0.0066006412499999695,0.0,-0.11218438134678937,56,fixed_k3
Strain_b_Tension_0.5pct,b,0.5,-0.0038670939999999043,-0.0066006412499999695,0.0,-0.05353829686544448,56,fixed_k3
Strain_b_Tension_0.5pct,b,0.5,1.1530000000092855e-05,-0.0066006412499999695,0.0,0.005615373027670928,56,fixed_k3
Strain_b_Tension_0.5pct,b,0.5,0.00389015400000009,-0.0066006412499999695,0.0,0.06302840757010802,56,fixed_k3
Strain_b_Tension_0.5pct,b,0.5,0.007768778000000087,-0.0066006412499999695,0.0,0.11651843614307597,56,fixed_k3
Strain_b_Tension_0.5pct,b,0.5,0.011647402000000084,-0.0066006412499999695,0.0,0.164342007069054,56,fixed_k3
Strain_b_Tension_0.5pct,b,0.5,0.015526026000000082,-0.0066006412499999695,0.0,0.20550423263052625,56,fixed_k3
Strain_b_Tension_0.5pct,b,0.5,0.01940465000000008,-0.0066006412499999695,0.0,0.23996082574430694,56,fixed_k3
Strain_b_Tension_0.5pct,b,0.5,0.023283274000000076,-0.0066006412499999695,0.0,0.2686932442531408,56,fixed_k3
Strain_b_Tension_0.5pct,b,0.5,0.027161898000000073,-0.0066006412499999695,0.0,0.2936646043881779,56,fixed_k3
Strain_b_Tension_0.5pct,b,0.5,0.03104052200000007,-0.0066006412499999695,0.0,0.3176857672801733,56,fixed_k3
Strain_b_Tension_0.5pct,b,0.5,0.03491914600000007,-0.0066006412499999695,0.0,0.34423300145057756,56,fixed_k3
Strain_b_Tension_0.5pct,b,0.5,0.038797770000000065,-0.0066006412499999695,0.0,0.37725943999327566,56,fixed_k3
Strain_b_Tension_0.5pct,b,0.5,0.04267639400000006,-0.0066006412499999695,0.0,0.4210321196464277,56,fixed_k3
Strain_b_Tension_0.5pct,b,0.5,0.04655501800000006,-0.0066006412499999695,0.0,0.4800022490824564,56,fixed_k3
Strain_b_Tension_0.5pct,b,0.5,0.050433642000000056,-0.0066006412499999695,0.0,0.5586669030152989,56,fixed_k3
Strain_b_Tension_0.5pct,b,0.5,0.05431226600000005,-0.0066006412499999695,0.0,0.6612713512936573,56,fixed_k3
Strain_b_Tension_0.5pct,b,0.5,0.05819089000000005,-0.0066006412499999695,0.0,0.7909460964845443,56,fixed_k3
Strain_b_Tension_0.5pct,b,0.5,0.06206951400000005,-0.0066006412499999695,0.0,0.9472671472516724,56,fixed_k3
Strain_b_Tension_0.5pct,b,0.5,0.06594813800000005,-0.0066006412499999695,0.0,1.1198250781310608,56,fixed_k3
Strain_b_Tension_0.5pct,b,0.5,0.06982676200000004,-0.0066006412499999695,0.0,1.27236158027644,56,fixed_k3
Strain_b_Tension_0.5pct,b,0.5,0.07370538600000004,-0.0066006412499999695,0.0,1.3066226464165844,56,fixed_k3
Strain_b_Tension_0.5pct,b,0.5,0.07758401000000004,-0.0066006412499999695,0.0,0.990883121007158,56,fixed_k3
Strain_b_Tension_0.5pct,b,0.5,0.08146263400000003,-0.0066006412499999695,0.0,-0.136766321282392,56,fixed_k3
Strain_b_Tension_0.5pct,b,0.5,0.08534125800000003,-0.0066006412499999695,0.0,-2.7214466608399475,56,fixed_k3
Strain_b_Tension_0.5pct,b,0.5,0.08921988200000003,-0.0066006412499999695,0.0,-6.831846719849242,56,fixed_k3
Strain_b_Tension_0.5pct,b,0.5,0.09309850600000003,-0.0066006412499999695,0.0,-10.226107192649012,56,fixed_k3
Strain_b_Tension_0.5pct,b,0.5,0.09697713000000002,-0.0066006412499999695,0.0,-8.940796594899876,56,fixed_k3
Strain_b_Tension_0.5pct,b,0.5,0.10085575400000002,-0.0066006412499999695,0.0,-3.127994004456982,56,fixed_k3
Strain_b_Tension_0.5pct,b,0.5,0.10473437800000002,-0.0066006412499999695,0.0,2.369452093307556,56,fixed_k3
Strain_b_Tension_0.5pct,b,0.5,0.10861300200000001,-0.0066006412499999695,0.0,4.884469646311487,56,fixed_k3
Strain_b_Tension_0.5pct,b,0.5,0.11249162600000001,-0.0066006412499999695,0.0,5.1313895783873695,56,fixed_k3
Strain_b_Tension_0.5pct,b,0.5,0.11637025000000001,-0.0066006412499999695,0.0,4.496071611631174,56,fixed_k3
Strain_b_Tension_0.5pct,b,0.5,0.120248874,-0.0066006412499999695,0.0,4.002615037243343,56,fixed_k3
Strain_b_Tension_0.5pct,b,0.5,0.124127498,-0.0066006412499999695,0.0,5.310193046580661,56,fixed_k3
Strain_b_Tension_0.5pct,b,0.5,0.128006122,-0.0066006412499999695,0.0,21.725037201979376,56,fixed_k3
Strain_b_Tension_0.5pct,b,0.5,0.131884746,-0.0066006412499999695,0.0,87.85538420188928,56,fixed_k3
Strain_b_Tension_0.5pct,b,0.5,0.13576337,-0.0066006412499999695,0.0,13.149484057768342,56,fixed_k3
Strain_b_Tension_0.5pct,b,0.5,0.139641994,-0.0066006412499999695,0.0,2.3107250963300596,56,fixed_k3
Strain_b_Tension_0.5pct,b,0.5,0.143520618,-0.0066006412499999695,0.0,0.49259363752865204,56,fixed_k3
Strain_b_Tension_0.5pct,b,0.5,0.14739924199999999,-0.0066006412499999695,0.0,0.0805916786046314,56,fixed_k3
Strain_b_Tension_0.5pct,b,0.5,0.15127786599999998,-0.0066006412499999695,0.0,0.007067881321405012,56,fixed_k3
Strain_b_Tension_0.5pct,b,0.5,0.15515649,-0.0066006412499999695,0.0,0.032420030311950704,56,fixed_k3
Strain_b_Tension_0.5pct,b,0.5,-0.1551334299999998,-0.0033140031249999646,0.0,-1.0578126343759475,56,fixed_k3
Strain_b_Tension_0.5pct,b,0.5,-0.1512548059999998,-0.0033140031249999646,0.0,-0.978363108454844,56,fixed_k3
Strain_b_Tension_0.5pct,b,0.5,-0.1473761819999998,-0.0033140031249999646,0.0,-0.8216838358271368,56,fixed_k3
Strain_b_Tension_0.5pct,b,0.5,-0.1434975579999998,-0.0033140031249999646,0.0,-0.47068153663193,56,fixed_k3
Strain_b_Tension_0.5pct,b,0.5,-0.1396189339999998,-0.0033140031249999646,0.0,0.6459871076244981,56,fixed_k3
Strain_b_Tension_0.5pct,b,0.5,-0.1357403099999998,-0.0033140031249999646,0.0,7.692777355342708,56,fixed_k3
Strain_b_Tension_0.5pct,b,0.5,-0.1318616859999998,-0.0033140031249999646,0.0,74.37379412427492,56,fixed_k3
Strain_b_Tension_0.5pct,b,0.5,-0.12798306199999981,-0.0033140031249999646,0.0,25.730824639270434,56,fixed_k3
Strain_b_Tension_0.5pct,b,0.5,-0.12410443799999982,-0.0033140031249999646,0.0,3.8587834545176887,56,fixed_k3
Strain_b_Tension_0.5pct,b,0.5,-0.12022581399999982,-0.0033140031249999646,0.0,-1.2068744935300733,56,fixed_k3
Strain_b_Tension_0.5pct,b,0.5,-0.11634718999999982,-0.0033140031249999646,0.0,-3.601492040543894,56,fixed_k3
Strain_b_Tension_0.5pct,b,0.5,-0.11246856599999983,-0.0033140031249999646,0.0,-5.066977714125315,56,fixed_k3
Strain_b_Tension_0.5pct,b,0.5,-0.10858994199999983,-0.0033140031249999646,0.0,-5.3488334779105475,56,fixed_k3
Strain_b_Tension_0.5pct,b,0.5,-0.10471131799999983,-0.0033140031249999646,0.0,-3.327370056261125,56,fixed_k3
Strain_b_Tension_0.5pct,b,0.5,-0.10083269399999983,-0.0033140031249999646,0.0,1.6376768676974693,56,fixed_k3
Strain_b_Tension_0.5pct,b,0.5,-0.09695406999999984,-0.0033140031249999646,0.0,6.985053190577736,56,fixed_k3
Strain_b_Tension_0.5pct,b,0.5,-0.09307544599999984,-0.0033140031249999646,0.0,8.126936320055057,56,fixed_k3
Strain_b_Tension_0.5pct,b,0.5,-0.08919682199999984,-0.0033140031249999646,0.0,5.021814355634636,56,fixed_k3
Strain_b_Tension_0.5pct,b,0.5,-0.08531819799999985,-0.0033140031249999646,0.0,1.4062175338324325,56,fixed_k3
Strain_b_Tension_0.5pct,b,0.5,-0.08143957399999985,-0.0033140031249999646,0.0,-0.7360312799131994,56,fixed_k3
Strain_b_Tension_0.5pct,b,0.5,-0.07756094999999985,-0.0033140031249999646,0.0,-1.5597916664780702,56,fixed_k3
Strain_b_Tension_0.5pct,b,0.5,-0.07368232599999985,-0.0033140031249999646,0.0,-1.6910944994526043,56,fixed_k3
Strain_b_Tension_0.5pct,b,0.5,-0.06980370199999986,-0.0033140031249999646,0.0,-1.5508303442930464,56,fixed_k3
Strain_b_Tension_0.5pct,b,0.5,-0.06592507799999986,-0.0033140031249999646,0.0,-1.3380029998575556,56,fixed_k3
Strain_b_Tension_0.5pct,b,0.5,-0.06204645399999986,-0.0033140031249999646,0.0,-1.1300061255586131,56,fixed_k3
Strain_b_Tension_0.5pct,b,0.5,-0.058167829999999865,-0.0033140031249999646,0.0,-0.9509646050279382,56,fixed_k3
Strain_b_Tension_0.5pct,b,0.5,-0.05428920599999987,-0.0033140031249999646,0.0,-0.8045748009545203,56,fixed_k3
Strain_b_Tension_0.5pct,b,0.5,-0.05041058199999987,-0.0033140031249999646,0.0,-0.6877006209204997,56,fixed_k3
Strain_b_Tension_0.5pct,b,0.5,-0.04653195799999987,-0.0033140031249999646,0.0,-0.5954348397480267,56,fixed_k3
Strain_b_Tension_0.5pct,b,0.5,-0.042653333999999876,-0.0033140031249999646,0.0,-0.5227523807401808,56,fixed_k3
Strain_b_Tension_0.5pct,b,0.5,-0.03877470999999988,-0.0033140031249999646,0.0,-0.4649315567702107,56,fixed_k3
Strain_b_Tension_0.5pct,b,0.5,-0.03489608599999988,-0.0033140031249999646,0.0,-0.41760573055121686,56,fixed_k3
Strain_b_Tension_0.5pct,b,0.5,-0.031017461999999885,-0.0033140031249999646,0.0,-0.37676419722611454,56,fixed_k3
Strain_b_Tension_0.5pct,b,0.5,-0.027138837999999887,-0.0033140031249999646,0.0,-0.33880340767754336,56,fixed_k3
Strain_b_Tension_0.5pct,b,0.5,-0.02326021399999989,-0.0033140031249999646,0.0,-0.3006423336778411,56,fixed_k3
Strain_b_Tension_0.5pct,b,0.5,-0.019381589999999893,-0.0033140031249999646,0.0,-0.25987877634055534,56,fixed_k3
Strain_b_Tension_0.5pct,b,0.5,-0.015502965999999896,-0.0033140031249999646,0.0,-0.21494654185533557,56,fixed_k3
Strain_b_Tension_0.5pct,b,0.5,-0.011624341999999899,-0.0033140031249999646,0.0,-0.16522732917277108,56,fixed_k3
Strain_b_Tension_0.5pct,b,0.5,-0.0077457179999999015,-0.0033140031249999646,0.0,-0.11107465486763266,56,fixed_k3
Strain_b_Tension_0.5pct,b,0.5,-0.0038670939999999043,-0.0033140031249999646,0.0,-0.05372074057546228,56,fixed_k3
Strain_b_Tension_0.5pct,b,0.5,1.1530000000092855e-05,-0.0033140031249999646,0.0,0.004940128461737497,56,fixed_k3
Strain_b_Tension_0.5pct,b,0.5,0.00389015400000009,-0.0033140031249999646,0.0,0.06267108352850156,56,fixed_k3
Strain_b_Tension_0.5pct,b,0.5,0.007768778000000087,-0.0033140031249999646,0.0,0.11726965360592126,56,fixed_k3
Strain_b_Tension_0.5pct,b,0.5,0.011647402000000084,-0.0033140031249999646,0.0,0.16694232395834377,56,fixed_k3
Strain_b_Tension_0.5pct,b,0.5,0.015526026000000082,-0.0033140031249999646,0.0,0.21061703586102307,56,fixed_k3
Strain_b_Tension_0.5pct,b,0.5,0.01940465000000008,-0.0033140031249999646,0.0,0.24814906426017058,56,fixed_k3
Strain_b_Tension_0.5pct,b,0.5,0.023283274000000076,-0.0033140031249999646,0.0,0.2804005970698542,56,fixed_k3
Strain_b_Tension_0.5pct,b,0.5,0.027161898000000073,-0.0033140031249999646,0.0,0.3092013882955579,56,fixed_k3
Strain_b_Tension_0.5pct,b,0.5,0.03104052200000007,-0.0033140031249999646,0.0,0.33721983769293395,56,fixed_k3
Strain_b_Tension_0.5pct,b,0.5,0.03491914600000007,-0.0033140031249999646,0.0,0.367786266340484,56,fixed_k3
Strain_b_Tension_0.5pct,b,0.5,0.038797770000000065,-0.0033140031249999646,0.0,0.4047116640014782,56,fixed_k3
Strain_b_Tension_0.5pct,b,0.5,0.04267639400000006,-0.0033140031249999646,0.0,0.4521358972924234,56,fixed_k3
Strain_b_Tension_0.5pct,b,0.5,0.04655501800000006,-0.0033140031249999646,0.0,0.5144171590031632,56,fixed_k3
Strain_b_Tension_0.5pct,b,0.5,0.050433642000000056,-0.0033140031249999646,0.0,0.5960282988403487,56,fixed_k3
Strain_b_Tension_0.5pct,b,0.5,0.05431226600000005,-0.0033140031249999646,0.0,0.7013223866271043,56,fixed_k3
Strain_b_Tension_0.5pct,b,0.5,0.05819089000000005,-0.0033140031249999646,0.0,0.8337843578632169,56,fixed_k3
Strain_b_Tension_0.5pct,b,0.5,0.06206951400000005,-0.0033140031249999646,0.0,0.993795393225527,56,fixed_k3
Strain_b_Tension_0.5pct,b,0.5,0.06594813800000005,-0.0033140031249999646,0.0,1.1725544171883433,56,fixed_k3
Strain_b_Tension_0.5pct,b,0.5,0.06982676200000004,-0.0033140031249999646,0.0,1.336788017339409,56,fixed_k3
Strain_b_Tension_0.5pct,b,0.5,0.07370538600000004,-0.0033140031249999646,0.0,1.3934203301163164,56,fixed_k3
Strain_b_Tension_0.5pct,b,0.5,0.07758401000000004,-0.0033140031249999646,0.0,1.1188798923840384,56,fixed_k3
Strain_b_Tension_0.5pct,b,0.5,0.08146263400000003,-0.0033140031249999646,0.0,0.06189286836763164,56,fixed_k3
Strain_b_Tension_0.5pct,b,0.5,0.08534125800000003,-0.0033140031249999646,0.0,-2.4143410877712803,56,fixed_k3
Strain_b_Tension_0.5pct,b,0.5,0.08921988200000003,-0.0033140031249999646,0.0,-6.384364280870017,56,fixed_k3
Strain_b_Tension_0.5pct,b,0.5,0.09309850600000003,-0.0033140031249999646,0.0,-9.639878331299,56,fixed_k3
Strain_b_Tension_0.5pct,b,0.5,0.09697713000000002,-0.0033140031249999646,0.0,-8.2832026068079,56,fixed_k3
Strain_b_Tension_0.5pct,b,0.5,0.10085575400000002,-0.0033140031249999646,0.0,-2.5337874806122347,56,fixed_k3
Strain_b_Tension_0.5pct,b,0.5,0.10473437800000002,-0.0033140031249999646,0.0,2.783965363368064,56,fixed_k3
Strain_b_Tension_0.5pct,b,0.5,0.10861300200000001,-0.0033140031249999646,0.0,5.086230827491515,56,fixed_k3
Strain_b_Tension_0.5pct,b,0.5,0.11249162600000001,-0.0033140031249999646,0.0,5.111215774648689,56,fixed_k3
Strain_b_Tension_0.5pct,b,0.5,0.11637025000000001,-0.0033140031249999646,0.0,4.163544482459538,56,fixed_k3
Strain_b_Tension_0.5pct,b,0.5,0.120248874,-0.0033140031249999646,0.0,2.9931192829765108,56,fixed_k3
Strain_b_Tension_0.5pct,b,0.5,0.124127498,-0.0033140031249999646,0.0,2.0502658545345125,56,fixed_k3
Strain_b_Tension_0.5pct,b,0.5,0.128006122,-0.0033140031249999646,0.0,4.72506425428114,56,fixed_k3
Strain_b_Tension_0.5pct,b,0.5,0.131884746,-0.0033140031249999646,0.0,31.713198286275954,56,fixed_k3
Strain_b_Tension_0.5pct,b,0.5,0.13576337,-0.0033140031249999646,0.0,6.322943405904102,56,fixed_k3
Strain_b_Tension_0.5pct,b,0.5,0.139641994,-0.0033140031249999646,0.0,1.3329970325674196,56,fixed_k3
Strain_b_Tension_0.5pct,b,0.5,0.143520618,-0.0033140031249999646,0.0,0.4786564834602901,56,fixed_k3
Strain_b_Tension_0.5pct,b,0.5,0.14739924199999999,-0.0033140031249999646,0.0,0.31968517513436157,56,fixed_k3
Strain_b_Tension_0.5pct,b,0.5,0.15127786599999998,-0.0033140031249999646,0.0,0.3238276349180558,56,fixed_k3
Strain_b_Tension_0.5pct,b,0.5,0.15515649,-0.0033140031249999646,0.0,0.3685151856809088,56,fixed_k3
Strain_b_Tension_0.5pct,b,0.5,-0.1551334299999998,-2.736499999997366e-05,0.0,-0.7389197690331881,56,fixed_k3
Strain_b_Tension_0.5pct,b,0.5,-0.1512548059999998,-2.736499999997366e-05,0.0,-0.6812891145991951,56,fixed_k3
Strain_b_Tension_0.5pct,b,0.5,-0.1473761819999998,-2.736499999997366e-05,0.0,-0.607335932700627,56,fixed_k3
Strain_b_Tension_0.5pct,b,0.5,-0.1434975579999998,-2.736499999997366e-05,0.0,-0.5246768906919328,56,fixed_k3
Strain_b_Tension_0.5pct,b,0.5,-0.1396189339999998,-2.736499999997366e-05,0.0,-0.43959889840341154,56,fixed_k3
Strain_b_Tension_0.5pct,b,0.5,-0.1357403099999998,-2.736499999997366e-05,0.0,0.2877829393015176,56,fixed_k3
Strain_b_Tension_0.5pct,b,0.5,-0.1318616859999998,-2.736499999997366e-05,0.0,18.290515422616398,56,fixed_k3
Strain_b_Tension_0.5pct,b,0.5,-0.12798306199999981,-2.736499999997366e-05,0.0,9.426425445882693,56,fixed_k3
Strain_b_Tension_0.5pct,b,0.5,-0.12410443799999982,-2.736499999997366e-05,0.0,0.6874223533503798,56,fixed_k3
Strain_b_Tension_0.5pct,b,0.5,-0.12022581399999982,-2.736499999997366e-05,0.0,-2.163783425756595,56,fixed_k3
Strain_b_Tension_0.5pct,b,0.5,-0.11634718999999982,-2.736499999997366e-05,0.0,-3.897164221533202,56,fixed_k3
Strain_b_Tension_0.5pct,b,0.5,-0.11246856599999983,-2.736499999997366e-05,0.0,-5.081039503323701,56,fixed_k3
Strain_b_Tension_0.5pct,b,0.5,-0.10858994199999983,-2.736499999997366e-05,0.0,-5.200883021022182,56,fixed_k3
Strain_b_Tension_0.5pct,b,0.5,-0.10471131799999983,-2.736499999997366e-05,0.0,-3.0509674337733164,56,fixed_k3
Strain_b_Tension_0.5pct,b,0.5,-0.10083269399999983,-2.736499999997366e-05,0.0,2.043158510539797,56,fixed_k3
Strain_b_Tension_0.5pct,b,0.5,-0.09695406999999984,-2.736499999997366e-05,0.0,7.509011821485256,56,fixed_k3
Strain_b_Tension_0.5pct,b,0.5,-0.09307544599999984,-2.736499999997366e-05,0.0,8.682281220519078,56,fixed_k3
Strain_b_Tension_0.5pct,b,0.5,-0.08919682199999984,-2.736499999997366e-05,0.0,5.482298790989212,56,fixed_k3
Strain_b_Tension_0.5pct,b,0.5,-0.08531819799999985,-2.736499999997366e-05,0.0,1.7228396372336308,56,fixed_k3
Strain_b_Tension_0.5pct,b,0.5,-0.08143957399999985,-2.736499999997366e-05,0.0,-0.5360633461195301,56,fixed_k3
Strain_b_Tension_0.5pct,b,0.5,-0.07756094999999985,-2.736499999997366e-05,0.0,-1.432804819757758,56,fixed_k3
Strain_b_Tension_0.5pct,b,0.5,-0.07368232599999985,-2.736499999997366e-05,0.0,-1.6045327994783216,56,fixed_k3
Strain_b_Tension_0.5pct,b,0.5,-0.06980370199999986,-2.736499999997366e-05,0.0,-1.4853518201677067,56,fixed_k3
Strain_b_Tension_0.5pct,b,0.5,-0.06592507799999986,-2.736499999997366e-05,0.0,-1.2832866743753928,56,fixed_k3
Strain_b_Tension_0.5pct,b,0.5,-0.06204645399999986,-2.736499999997366e-05,0.0,-1.08099146551068,56,fixed_k3
Strain_b_Tension_0.5pct,b,0.5,-0.058167829999999865,-2.736499999997366e-05,0.0,-0.905455912809007,56,fixed_k3
Strain_b_Tension_0.5pct,b,0.5,-0.05428920599999987,-2.736499999997366e-05,0.0,-0.7618617026164282,56,fixed_k3
Strain_b_Tension_0.5pct,b,0.5,-0.05041058199999987,-2.736499999997366e-05,0.0,-0.6477932416698837,56,fixed_k3
Strain_b_Tension_0.5pct,b,0.5,-0.04653195799999987,-2.736499999997366e-05,0.0,-0.5586471620571762,56,fixed_k3
Strain_b_Tension_0.5pct,b,0.5,-0.042653333999999876,-2.736499999997366e-05,0.0,-0.48947795039321407,56,fixed_k3
Strain_b_Tension_0.5pct,b,0.5,-0.03877470999999988,-2.736499999997366e-05,0.0,-0.4355242324571787,56,fixed_k3
Strain_b_Tension_0.5pct,b,0.5,-0.03489608599999988,-2.736499999997366e-05,0.0,-0.39231747513695636,56,fixed_k3
Strain_b_Tension_0.5pct,b,0.5,-0.031017461999999885,-2.736499999997366e-05,0.0,-0.35571394198463907,56,fixed_k3
Strain_b_Tension_0.5pct,b,0.5,-0.027138837999999887,-2.736499999997366e-05,0.0,-0.3219633050637176,56,fixed_k3
Strain_b_Tension_0.5pct,b,0.5,-0.02326021399999989,-2.736499999997366e-05,0.0,-0.28783452727287795,56,fixed_k3
Strain_b_Tension_0.5pct,b,0.5,-0.019381589999999893,-2.736499999997366e-05,0.0,-0.2507795136481739,56,fixed_k3
Strain_b_Tension_0.5pct,b,0.5,-0.015502965999999896,-2.736499999997366e-05,0.0,-0.20909633007254524,56,fixed_k3
Strain_b_Tension_0.5pct,b,0.5,-0.011624341999999899,-2.736499999997366e-05,0.0,-0.16204661497026837,56,fixed_k3
Strain_b_Tension_0.5pct,b,0.5,-0.0077457179999999015,-2.736499999997366e-05,0.0,-0.10988463598425019,56,fixed_k3
Strain_b_Tension_0.5pct,b,0.5,-0.0038670939999999043,-2.736499999997366e-05,0.0,-0.053768683483304845,56,fixed_k3
Strain_b_Tension_0.5pct,b,0.5,1.1530000000092855e-05,-2.736499999997366e-05,0.0,0.004452068082959962,56,fixed_k3
Strain_b_Tension_0.5pct,b,0.5,0.00389015400000009,-2.736499999997366e-05,0.0,0.06255489946246795,56,fixed_k3
Strain_b_Tension_0.5pct,b,0.5,0.007768778000000087,-2.736499999997366e-05,0.0,0.1183199766414986,56,fixed_k3
Strain_b_Tension_0.5pct,b,0.5,0.011647402000000084,-2.736499999997366e-05,0.0,0.16990598664087775,56,fixed_k3
Strain_b_Tension_0.5pct,b,0.5,0.015526026000000082,-2.736499999997366e-05,0.0,0.21616518745482777,56,fixed_k3
Strain_b_Tension_0.5pct,b,0.5,0.01940465000000008,-2.736499999997366e-05,0.0,0.2568530024815412,56,fixed_k3
Strain_b_Tension_0.5pct,b,0.5,0.023283274000000076,-2.736499999997366e-05,0.0,0.2927121078930924,56,fixed_k3
Strain_b_Tension_0.5pct,b,0.5,0.027161898000000073,-2.736499999997366e-05,0.0,0.3254380566216839,56,fixed_k3
Strain_b_Tension_0.5pct,b,0.5,0.03104052200000007,-2.736499999997366e-05,0.0,0.3575556601903044,56,fixed_k3
Strain_b_Tension_0.5pct,b,0.5,0.03491914600000007,-2.736499999997366e-05,0.0,0.39224816293161757,56,fixed_k3
Strain_b_Tension_0.5pct,b,0.5,0.038797770000000065,-2.736499999997366e-05,0.0,0.43318343367762147,56,fixed_k3
Strain_b_Tension_0.5pct,b,0.5,0.04267639400000006,-2.736499999997366e-05,0.0,0.48437325214071103,56,fixed_k3
Strain_b_Tension_0.5pct,b,0.5,0.04655501800000006,-2.736499999997366e-05,0.0,0.5500814724227345,56,fixed_k3
Strain_b_Tension_0.5pct,b,0.5,0.050433642000000056,-2.736499999997366e-05,0.0,0.6347539901568026,56,fixed_k3
Strain_b_Tension_0.5pct,b,0.5,0.05431226600000005,-2.736499999997366e-05,0.0,0.742845871782881,56,fixed_k3
Strain_b_Tension_0.5pct,b,0.5,0.05819089000000005,-2.736499999997366e-05,0.0,0.878185456690199,56,fixed_k3
Strain_b_Tension_0.5pct,b,0.5,0.06206951400000005,-2.736499999997366e-05,0.0,1.0419418389209874,56,fixed_k3
Strain_b_Tension_0.5pct,b,0.5,0.06594813800000005,-2.736499999997366e-05,0.0,1.2269056586670277,56,fixed_k3
Strain_b_Tension_0.5pct,b,0.5,0.06982676200000004,-2.736499999997366e-05,0.0,1.4028090123220984,56,fixed_k3
Strain_b_Tension_0.5pct,b,0.5,0.07370538600000004,-2.736499999997366e-05,0.0,1.4819370080589742,56,fixed_k3
Strain_b_Tension_0.5pct,b,0.5,0.07758401000000004,-2.736499999997366e-05,0.0,1.2495345487438247,56,fixed_k3
Strain_b_Tension_0.5pct,b,0.5,0.08146263400000003,-2.736499999997366e-05,0.0,0.266538993611673,56,fixed_k3
Strain_b_Tension_0.5pct,b,0.5,0.08534125800000003,-2.736499999997366e-05,0.0,-2.094058715063649,56,fixed_k3
Strain_b_Tension_0.5pct,b,0.5,0.08921988200000003,-2.736499999997366e-05,0.0,-5.918801712666857,56,fixed_k3
Strain_b_Tension_0.5pct,b,0.5,0.09309850600000003,-2.736499999997366e-05,0.0,-9.056204079189195,56,fixed_k3
Strain_b_Tension_0.5pct,b,0.5,0.09697713000000002,-2.736499999997366e-05,0.0,-7.6808172851150935,56,fixed_k3
Strain_b_Tension_0.5pct,b,0.5,0.10085575400000002,-2.736499999997366e-05,0.0,-2.0245734499711423,56,fixed_k3
Strain_b_Tension_0.5pct,b,0.5,0.10473437800000002,-2.736499999997366e-05,0.0,3.1371305840086223,56,fixed_k3
Strain_b_Tension_0.5pct,b,0.5,0.10861300200000001,-2.736499999997366e-05,0.0,5.2683708750386,56,fixed_k3
Strain_b_Tension_0.5pct,b,0.5,0.11249162600000001,-2.736499999997366e-05,0.0,5.102630357313633,56,fixed_k3
Strain_b_Tension_0.5pct,b,0.5,0.11637025000000001,-2.736499999997366e-05,0.0,3.8625337821850696,56,fixed_k3
Strain_b_Tension_0.5pct,b,0.5,0.120248874,-2.736499999997366e-05,0.0,2.038302972220174,56,fixed_k3
Strain_b_Tension_0.5pct,b,0.5,0.124127498,-2.736499999997366e-05,0.0,-1.0648272094022253,56,fixed_k3
Strain_b_Tension_0.5pct,b,0.5,0.128006122,-2.736499999997366e-05,0.0,-11.140641817150032,56,fixed_k3
Strain_b_Tension_0.5pct,b,0.5,0.131884746,-2.736499999997366e-05,0.0,-23.009274241503164,56,fixed_k3
Strain_b_Tension_0.5pct,b,0.5,0.13576337,-2.736499999997366e-05,0.0,-0.9084056846616066,56,fixed_k3
Strain_b_Tension_0.5pct,b,0.5,0.139641994,-2.736499999997366e-05,0.0,0.28182503688766647,56,fixed_k3
Strain_b_Tension_0.5pct,b,0.5,0.143520618,-2.736499999997366e-05,0.0,0.4396233242246635,56,fixed_k3
Strain_b_Tension_0.5pct,b,0.5,0.14739924199999999,-2.736499999997366e-05,0.0,0.5447009809981325,56,fixed_k3
Strain_b_Tension_0.5pct,b,0.5,0.15127786599999998,-2.736499999997366e-05,0.0,0.6301337480400375,56,fixed_k3
Strain_b_Tension_0.5pct,b,0.5,0.15515649,-2.736499999997366e-05,0.0,0.6958341069938092,56,fixed_k3
Strain_b_Tension_0.5pct,b,0.5,-0.1551334299999998,0.0032592731250000173,0.0,-0.4116016562478995,56,fixed_k3
Strain_b_Tension_0.5pct,b,0.5,-0.1512548059999998,0.0032592731250000173,0.0,-0.3753042999709447,56,fixed_k3
Strain_b_Tension_0.5pct,b,0.5,-0.1473761819999998,0.0032592731250000173,0.0,-0.38324696224378346,56,fixed_k3
Strain_b_Tension_0.5pct,b,0.5,-0.1434975579999998,0.0032592731250000173,0.0,-0.5661309966451411,56,fixed_k3
Strain_b_Tension_0.5pct,b,0.5,-0.1396189339999998,0.0032592731250000173,0.0,-1.4993453302157116,56,fixed_k3
Strain_b_Tension_0.5pct,b,0.5,-0.1357403099999998,0.0032592731250000173,0.0,-7.004940914548038,56,fixed_k3
Strain_b_Tension_0.5pct,b,0.5,-0.1318616859999998,0.0032592731250000173,0.0,-36.545633998106254,56,fixed_k3
Strain_b_Tension_0.5pct,b,0.5,-0.12798306199999981,0.0032592731250000173,0.0,-6.278475919879281,56,fixed_k3
Strain_b_Tension_0.5pct,b,0.5,-0.12410443799999982,0.0032592731250000173,0.0,-2.4117263500716506,56,fixed_k3
Strain_b_Tension_0.5pct,b,0.5,-0.12022581399999982,0.0032592731250000173,0.0,-3.1211300354375227,56,fixed_k3
Strain_b_Tension_0.5pct,b,0.5,-0.11634718999999982,0.0032592731250000173,0.0,-4.206254618545587,56,fixed_k3
Strain_b_Tension_0.5pct,b,0.5,-0.11246856599999983,0.0032592731250000173,0.0,-5.101178106402338,56,fixed_k3
Strain_b_Tension_0.5pct,b,0.5,-0.10858994199999983,0.0032592731250000173,0.0,-5.033590665306598,56,fixed_k3
Strain_b_Tension_0.5pct,b,0.5,-0.10471131799999983,0.0032592731250000173,0.0,-2.7160941488138945,56,fixed_k3
Strain_b_Tension_0.5pct,b,0.5,-0.10083269399999983,0.0032592731250000173,0.0,2.5312069069931087,56,fixed_k3
Strain_b_Tension_0.5pct,b,0.5,-0.09695406999999984,0.0032592731250000173,0.0,8.089484728759455,56,fixed_k3
Strain_b_Tension_0.5pct,b,0.5,-0.09307544599999984,0.0032592731250000173,0.0,9.246144896277071,56,fixed_k3
Strain_b_Tension_0.5pct,b,0.5,-0.08919682199999984,0.0032592731250000173,0.0,5.932132469054187,56,fixed_k3
Strain_b_Tension_0.5pct,b,0.5,-0.08531819799999985,0.0032592731250000173,0.0,2.0319792627549482,56,fixed_k3
Strain_b_Tension_0.5pct,b,0.5,-0.08143957399999985,0.0032592731250000173,0.0,-0.3386836515696476,56,fixed_k3
Strain_b_Tension_0.5pct,b,0.5,-0.07756094999999985,0.0032592731250000173,0.0,-1.3066605910124374,56,fixed_k3
Strain_b_Tension_0.5pct,b,0.5,-0.07368232599999985,0.0032592731250000173,0.0,-1.5187358202766432,56,fixed_k3
Strain_b_Tension_0.5pct,b,0.5,-0.06980370199999986,0.0032592731250000173,0.0,-1.4209305920792747,56,fixed_k3
Strain_b_Tension_0.5pct,b,0.5,-0.06592507799999986,0.0032592731250000173,0.0,-1.2298426531701199,56,fixed_k3
Strain_b_Tension_0.5pct,b,0.5,-0.06204645399999986,0.0032592731250000173,0.0,-1.033324208267515,56,fixed_k3
Strain_b_Tension_0.5pct,b,0.5,-0.058167829999999865,0.0032592731250000173,0.0,-0.8612694784221422,56,fixed_k3
Strain_b_Tension_0.5pct,b,0.5,-0.05428920599999987,0.0032592731250000173,0.0,-0.7203906383749383,56,fixed_k3
Strain_b_Tension_0.5pct,b,0.5,-0.05041058199999987,0.0032592731250000173,0.0,-0.6090228155591599,56,fixed_k3
Strain_b_Tension_0.5pct,b,0.5,-0.04653195799999987,0.0032592731250000173,0.0,-0.5228831042630764,56,fixed_k3
Strain_b_Tension_0.5pct,b,0.5,-0.042653333999999876,0.0032592731250000173,0.0,-0.457113503233225,56,fixed_k3
Strain_b_Tension_0.5pct,b,0.5,-0.03877470999999988,0.0032592731250000173,0.0,-0.406916275200208,56,fixed_k3
Strain_b_Tension_0.5pct,b,0.5,-0.03489608599999988,0.0032592731250000173,0.0,-0.3677222430930881,56,fixed_k3
Strain_b_Tension_0.5pct,b,0.5,-0.031017461999999885,0.0032592731250000173,0.0,-0.3352552293975003,56,fixed_k3
Strain_b_Tension_0.5pct,b,0.5,-0.027138837999999887,0.0032592731250000173,0.0,-0.3056187085808991,56,fixed_k3
Strain_b_Tension_0.5pct,b,0.5,-0.02326021399999989,0.0032592731250000173,0.0,-0.27543237615513405,56,fixed_k3
Strain_b_Tension_0.5pct,b,0.5,-0.019381589999999893,0.0032592731250000173,0.0,-0.24200301835976257,56,fixed_k3
Strain_b_Tension_0.5pct,b,0.5,-0.015502965999999896,0.0032592731250000173,0.0,-0.20349349707523529,56,fixed_k3
Strain_b_Tension_0.5pct,b,0.5,-0.011624341999999899,0.0032592731250000173,0.0,-0.1590453781509068,56,fixed_k3
Strain_b_Tension_0.5pct,b,0.5,-0.0077457179999999015,0.0032592731250000173,0.0,-0.10881288946419176,56,fixed_k3
Strain_b_Tension_0.5pct,b,0.5,-0.0038670939999999043,0.0032592731250000173,0.0,-0.05387874959915004,56,fixed_k3
Strain_b_Tension_0.5pct,b,0.5,1.1530000000092855e-05,0.0032592731250000173,0.0,0.00395534023191263,56,fixed_k3
Strain_b_Tension_0.5pct,b,0.5,0.00389015400000009,0.0032592731250000173,0.0,0.06248358626886276,56,fixed_k3
Strain_b_Tension_0.5pct,b,0.5,0.007768778000000087,0.0032592731250000173,0.0,0.11947156572474815,56,fixed_k3
Strain_b_Tension_0.5pct,b,0.5,0.011647402000000084,0.0032592731250000173,0.0,0.17303252520479306,56,fixed_k3
Strain_b_Tension_0.5pct,b,0.5,0.015526026000000082,0.0032592731250000173,0.0,0.22194467479812258,56,fixed_k3
Strain_b_Tension_0.5pct,b,0.5,0.01940465000000008,0.0032592731250000173,0.0,0.2658643750943994,56,fixed_k3
Strain_b_Tension_0.5pct,b,0.5,0.023283274000000076,0.0032592731250000173,0.0,0.3054148083031972,56,fixed_k3
Strain_b_Tension_0.5pct,b,0.5,0.027161898000000073,0.0032592731250000173,0.0,0.3421568099037857,56,fixed_k3
Strain_b_Tension_0.5pct,b,0.5,0.03104052200000007,0.0032592731250000173,0.0,0.3784708692103945,56,fixed_k3
Strain_b_Tension_0.5pct,b,0.5,0.03491914600000007,0.0032592731250000173,0.0,0.4173924936546342,56,fixed_k3
Strain_b_Tension_0.5pct,b,0.5,0.038797770000000065,0.0032592731250000173,0.0,0.46244599435820755,56,fixed_k3
Strain_b_Tension_0.5pct,b,0.5,0.04267639400000006,0.0032592731250000173,0.0,0.5175147257853118,56,fixed_k3
Strain_b_Tension_0.5pct,b,0.5,0.04655501800000006,0.0032592731250000173,0.0,0.5867673925448291,56,fixed_k3
Strain_b_Tension_0.5pct,b,0.5,0.050433642000000056,0.0032592731250000173,0.0,0.6746203920261318,56,fixed_k3
Strain_b_Tension_0.5pct,b,0.5,0.05431226600000005,0.0032592731250000173,0.0,0.785624238963301,56,fixed_k3
Strain_b_Tension_0.5pct,b,0.5,0.05819089000000005,0.0032592731250000173,0.0,0.9239366306401936,56,fixed_k3
Strain_b_Tension_0.5pct,b,0.5,0.06206951400000005,0.0032592731250000173,0.0,1.0914891057960647,56,fixed_k3
Strain_b_Tension_0.5pct,b,0.5,0.06594813800000005,0.0032592731250000173,0.0,1.282627775840347,56,fixed_k3
Strain_b_Tension_0.5pct,b,0.5,0.06982676200000004,0.0032592731250000173,0.0,1.470067219546234,56,fixed_k3
Strain_b_Tension_0.5pct,b,0.5,0.07370538600000004,0.0032592731250000173,0.0,1.5715454755048586,56,fixed_k3
Strain_b_Tension_0.5pct,b,0.5,0.07758401000000004,0.0032592731250000173,0.0,1.381616875201771,56,fixed_k3
Strain_b_Tension_0.5pct,b,0.5,0.08146263400000003,0.0032592731250000173,0.0,0.4747628404165448,56,fixed_k3
Strain_b_Tension_0.5pct,b,0.5,0.08534125800000003,0.0032592731250000173,0.0,-1.7648495584350705,56,fixed_k3
Strain_b_Tension_0.5pct,b,0.5,0.08921988200000003,0.0032592731250000173,0.0,-5.441102902339577,56,fixed_k3
Strain_b_Tension_0.5pct,b,0.5,0.09309850600000003,0.0032592731250000173,0.0,-8.48049700538033,56,fixed_k3
Strain_b_Tension_0.5pct,b,0.5,0.09697713000000002,0.0032592731250000173,0.0,-7.13551554314561,56,fixed_k3
Strain_b_Tension_0.5pct,b,0.5,0.10085575400000002,0.0032592731250000173,0.0,-1.598375290791422,56,fixed_k3
Strain_b_Tension_0.5pct,b,0.5,0.10473437800000002,0.0032592731250000173,0.0,3.4320667411072483,56,fixed_k3
Strain_b_Tension_0.5pct,b,0.5,0.10861300200000001,0.0032592731250000173,0.0,5.43159306267733,56,fixed_k3
Strain_b_Tension_0.5pct,b,0.5,0.11249162600000001,0.0032592731250000173,0.0,5.100173193603958,56,fixed_k3
Strain_b_Tension_0.5pct,b,0.5,0.11637025000000001,0.0032592731250000173,0.0,3.574142748826453,56,fixed_k3
Strain_b_Tension_0.5pct,b,0.5,0.120248874,0.0032592731250000173,0.0,1.0810547051777493,56,fixed_k3
Strain_b_Tension_0.5pct,b,0.5,0.124127498,0.0032592731250000173,0.0,-4.263421417804448,56,fixed_k3
Strain_b_Tension_0.5pct,b,0.5,0.128006122,0.0032592731250000173,0.0,-27.688265411801638,56,fixed_k3
Strain_b_Tension_0.5pct,b,0.5,0.131884746,0.0032592731250000173,0.0,-79.16785626601722,56,fixed_k3
Strain_b_Tension_0.5pct,b,0.5,0.13576337,0.0032592731250000173,0.0,-8.255911439864258,56,fixed_k3
Strain_b_Tension_0.5pct,b,0.5,0.139641994,0.0032592731250000173,0.0,-0.7958015377592995,56,fixed_k3
Strain_b_Tension_0.5pct,b,0.5,0.143520618,0.0032592731250000173,0.0,0.3878872271857194,56,fixed_k3
Strain_b_Tension_0.5pct,b,0.5,0.14739924199999999,0.0032592731250000173,0.0,0.7599454102886029,56,fixed_k3
Strain_b_Tension_0.5pct,b,0.5,0.15127786599999998,0.0032592731250000173,0.0,0.9275427402913365,56,fixed_k3
Strain_b_Tension_0.5pct,b,0.5,0.15515649,0.0032592731250000173,0.0,1.0147564261607462,56,fixed_k3
Strain_b_Tension_0.5pct,b,0.5,-0.1551334299999998,0.006545911250000008,0.0,-0.07546643464935429,56,fixed_k3
Strain_b_Tension_0.5pct,b,0.5,-0.1512548059999998,0.006545911250000008,0.0,-0.05883640648663814,56,fixed_k3
Strain_b_Tension_0.5pct,b,0.5,-0.1473761819999998,0.006545911250000008,0.0,-0.14508517998015663,56,fixed_k3
Strain_b_Tension_0.5pct,b,0.5,-0.1434975579999998,0.006545911250000008,0.0,-0.5825848955493035,56,fixed_k3
Strain_b_Tension_0.5pct,b,0.5,-0.1396189339999998,0.006545911250000008,0.0,-2.4859422097652546,56,fixed_k3
Strain_b_Tension_0.5pct,b,0.5,-0.1357403099999998,0.006545911250000008,0.0,-13.894240500299219,56,fixed_k3
Strain_b_Tension_0.5pct,b,0.5,-0.1318616859999998,0.006545911250000008,0.0,-93.06147406119753,56,fixed_k3
Strain_b_Tension_0.5pct,b,0.5,-0.12798306199999981,0.006545911250000008,0.0,-23.177970964115577,56,fixed_k3
Strain_b_Tension_0.5pct,b,0.5,-0.12410443799999982,0.006545911250000008,0.0,-5.6651914354253305,56,fixed_k3
Strain_b_Tension_0.5pct,b,0.5,-0.12022581399999982,0.006545911250000008,0.0,-4.135811561675048,56,fixed_k3
Strain_b_Tension_0.5pct,b,0.5,-0.11634718999999982,0.006545911250000008,0.0,-4.547725848603949,56,fixed_k3
Strain_b_Tension_0.5pct,b,0.5,-0.11246856599999983,0.006545911250000008,0.0,-5.133006778636567,56,fixed_k3
Strain_b_Tension_0.5pct,b,0.5,-0.10858994199999983,0.006545911250000008,0.0,-4.846432025055068,56,fixed_k3
Strain_b_Tension_0.5pct,b,0.5,-0.10471131799999983,0.006545911250000008,0.0,-2.3197856142167494,56,fixed_k3
Strain_b_Tension_0.5pct,b,0.5,-0.10083269399999983,0.006545911250000008,0.0,3.1037343191126503,56,fixed_k3
Strain_b_Tension_0.5pct,b,0.5,-0.09695406999999984,0.006545911250000008,0.0,8.72466488720601,56,fixed_k3
Strain_b_Tension_0.5pct,b,0.5,-0.09307544599999984,0.006545911250000008,0.0,9.813276944202029,56,fixed_k3
Strain_b_Tension_0.5pct,b,0.5,-0.08919682199999984,0.006545911250000008,0.0,6.365548017456227,56,fixed_k3
Strain_b_Tension_0.5pct,b,0.5,-0.08531819799999985,0.006545911250000008,0.0,2.3295216859953465,56,fixed_k3
Strain_b_Tension_0.5pct,b,0.5,-0.08143957399999985,0.006545911250000008,0.0,-0.14621672676093664,56,fixed_k3
Strain_b_Tension_0.5pct,b,0.5,-0.07756094999999985,0.006545911250000008,0.0,-1.1825411309840033,56,fixed_k3
Strain_b_Tension_0.5pct,b,0.5,-0.07368232599999985,0.006545911250000008,0.0,-1.4343042980308944,56,fixed_k3
Strain_b_Tension_0.5pct,b,0.5,-0.06980370199999986,0.006545911250000008,0.0,-1.357909333626061,56,fixed_k3
Strain_b_Tension_0.5pct,b,0.5,-0.06592507799999986,0.006545911250000008,0.0,-1.177913651385337,56,fixed_k3
Strain_b_Tension_0.5pct,b,0.5,-0.06204645399999986,0.006545911250000008,0.0,-0.9872169190074424,56,fixed_k3
Strain_b_Tension_0.5pct,b,0.5,-0.058167829999999865,0.006545911250000008,0.0,-0.8186152452463489,56,fixed_k3
Strain_b_Tension_0.5pct,b,0.5,-0.05428920599999987,0.006545911250000008,0.0,-0.6803775423905617,56,fixed_k3
Strain_b_Tension_0.5pct,b,0.5,-0.05041058199999987,0.006545911250000008,0.0,-0.571612026683483,56,fixed_k3
Strain_b_Tension_0.5pct,b,0.5,-0.04653195799999987,0.006545911250000008,0.0,-0.48837002967740195,56,fixed_k3
Strain_b_Tension_0.5pct,b,0.5,-0.042653333999999876,0.006545911250000008,0.0,-0.42588836736883107,56,fixed_k3
Strain_b_Tension_0.5pct,b,0.5,-0.03877470999999988,0.006545911250000008,0.0,-0.3793365052735322,56,fixed_k3
Strain_b_Tension_0.5pct,b,0.5,-0.03489608599999988,0.006545911250000008,0.0,-0.3440464195428391,56,fixed_k3
Strain_b_Tension_0.5pct,b,0.5,-0.031017461999999885,0.006545911250000008,0.0,-0.3156106810520654,56,fixed_k3
Strain_b_Tension_0.5pct,b,0.5,-0.027138837999999887,0.006545911250000008,0.0,-0.28998770205687124,56,fixed_k3
Strain_b_Tension_0.5pct,b,0.5,-0.02326021399999989,0.006545911250000008,0.0,-0.26364913060297324,56,fixed_k3
Strain_b_Tension_0.5pct,b,0.5,-0.019381589999999893,0.006545911250000008,0.0,-0.23375781122527103,56,fixed_k3
Strain_b_Tension_0.5pct,b,0.5,-0.015502965999999896,0.006545911250000008,0.0,-0.19834226608289007,56,fixed_k3
Strain_b_Tension_0.5pct,b,0.5,-0.011624341999999899,0.006545911250000008,0.0,-0.15642424059445215,56,fixed_k3
Strain_b_Tension_0.5pct,b,0.5,-0.0077457179999999015,0.006545911250000008,0.0,-0.10805733832064604,56,fixed_k3
Strain_b_Tension_0.5pct,b,0.5,-0.0038670939999999043,0.006545911250000008,0.0,-0.05424721671298385,56,fixed_k3
Strain_b_Tension_0.5pct,b,0.5,1.1530000000092855e-05,0.006545911250000008,0.0,0.0032541624620858745,56,fixed_k3
Strain_b_Tension_0.5pct,b,0.5,0.00389015400000009,0.006545911250000008,0.0,0.062260667065926895,56,fixed_k3
Strain_b_Tension_0.5pct,b,0.5,0.007768778000000087,0.006545911250000008,0.0,0.12052607805429216,56,fixed_k3
Strain_b_Tension_0.5pct,b,0.5,0.011647402000000084,0.006545911250000008,0.0,0.1761206374469888,56,fixed_k3
Strain_b_Tension_0.5pct,b,0.5,0.015526026000000082,0.006545911250000008,0.0,0.22775028153682408,56,fixed_k3
Strain_b_Tension_0.5pct,b,0.5,0.01940465000000008,0.006545911250000008,0.0,0.27497329730532194,56,fixed_k3
Strain_b_Tension_0.5pct,b,0.5,0.023283274000000076,0.006545911250000008,0.0,0.3182936548614481,56,fixed_k3
Strain_b_Tension_0.5pct,b,0.5,0.027161898000000073,0.006545911250000008,0.0,0.3591372870343912,56,fixed_k3
Strain_b_Tension_0.5pct,b,0.5,0.03104052200000007,0.006545911250000008,0.0,0.3997400299295733,56,fixed_k3
Strain_b_Tension_0.5pct,b,0.5,0.03491914600000007,0.006545911250000008,0.0,0.44298947157086477,56,fixed_k3
Strain_b_Tension_0.5pct,b,0.5,0.038797770000000065,0.006545911250000008,0.0,0.49226647380188737,56,fixed_k3
Strain_b_Tension_0.5pct,b,0.5,0.04267639400000006,0.006545911250000008,0.0,0.551326204733732,56,fixed_k3
Strain_b_Tension_0.5pct,b,0.5,0.04655501800000006,0.006545911250000008,0.0,0.6242419145246344,56,fixed_k3
Strain_b_Tension_0.5pct,b,0.5,0.050433642000000056,0.006545911250000008,0.0,0.7153981375971368,56,fixed_k3
Strain_b_Tension_0.5pct,b,0.5,0.05431226600000005,0.006545911250000008,0.0,0.829433556347251,56,fixed_k3
Strain_b_Tension_0.5pct,b,0.5,0.05819089000000005,0.006545911250000008,0.0,0.9708182377476484,56,fixed_k3
Strain_b_Tension_0.5pct,b,0.5,0.06206951400000005,0.006545911250000008,0.0,1.1422127203042436,56,fixed_k3
Strain_b_Tension_0.5pct,b,0.5,0.06594813800000005,0.006545911250000008,0.0,1.3394632997733757,56,fixed_k3
Strain_b_Tension_0.5pct,b,0.5,0.06982676200000004,0.006545911250000008,0.0,1.5382014559637829,56,fixed_k3
Strain_b_Tension_0.5pct,b,0.5,0.07370538600000004,0.006545911250000008,0.0,1.6616205087874474,56,fixed_k3
Strain_b_Tension_0.5pct,b,0.5,0.07758401000000004,0.006545911250000008,0.0,1.5139067264717239,56,fixed_k3
Strain_b_Tension_0.5pct,b,0.5,0.08146263400000003,0.006545911250000008,0.0,0.6841691685868944,56,fixed_k3
Strain_b_Tension_0.5pct,b,0.5,0.08534125800000003,0.006545911250000008,0.0,-1.4309330749666138,56,fixed_k3
Strain_b_Tension_0.5pct,b,0.5,0.08921988200000003,0.006545911250000008,0.0,-4.956961748541994,56,fixed_k3
Strain_b_Tension_0.5pct,b,0.5,0.09309850600000003,0.006545911250000008,0.0,-7.917241712352701,56,fixed_k3
Strain_b_Tension_0.5pct,b,0.5,0.09697713000000002,0.006545911250000008,0.0,-6.648158746142816,56,fixed_k3
Strain_b_Tension_0.5pct,b,0.5,0.10085575400000002,0.006545911250000008,0.0,-1.2539114728815213,56,fixed_k3
Strain_b_Tension_0.5pct,b,0.5,0.10473437800000002,0.006545911250000008,0.0,3.669723517920141,56,fixed_k3
Strain_b_Tension_0.5pct,b,0.5,0.10861300200000001,0.006545911250000008,0.0,5.5745683720168095,56,fixed_k3
Strain_b_Tension_0.5pct,b,0.5,0.11249162600000001,0.006545911250000008,0.0,5.097225447340699,56,fixed_k3
Strain_b_Tension_0.5pct,b,0.5,0.11637025000000001,0.006545911250000008,0.0,3.2789987477609874,56,fixed_k3
Strain_b_Tension_0.5pct,b,0.5,0.120248874,0.006545911250000008,0.0,0.06334503604141767,56,fixed_k3
Strain_b_Tension_0.5pct,b,0.5,0.124127498,0.006545911250000008,0.0,-7.782466155596473,56,fixed_k3
Strain_b_Tension_0.5pct,b,0.5,0.128006122,0.006545911250000008,0.0,-46.8526821869665,56,fixed_k3
Strain_b_Tension_0.5pct,b,0.5,0.131884746,0.006545911250000008,0.0,-139.67828283958647,56,fixed_k3
Strain_b_Tension_0.5pct,b,0.5,0.13576337,0.006545911250000008,0.0,-15.418564192058449,56,fixed_k3
Strain_b_Tension_0.5pct,b,0.5,0.139641994,0.006545911250000008,0.0,-1.8512517040630745,56,fixed_k3
Strain_b_Tension_0.5pct,b,0.5,0.143520618,0.006545911250000008,0.0,0.33617915928560993,56,fixed_k3
Strain_b_Tension_0.5pct,b,0.5,0.14739924199999999,0.006545911250000008,0.0,0.9698396718231126,56,fixed_k3
Strain_b_Tension_0.5pct,b,0.5,0.15127786599999998,0.006545911250000008,0.0,1.217684874828246,56,fixed_k3
Strain_b_Tension_0.5pct,b,0.5,0.15515649,0.006545911250000008,0.0,1.3257319982371192,56,fixed_k3
Strain_b_Tension_0.5pct,b,0.5,-0.1551334299999998,0.009832549375000027,0.0,0.2697697368874903,56,fixed_k3
Strain_b_Tension_0.5pct,b,0.5,-0.1512548059999998,0.009832549375000027,0.0,0.2695388330745554,56,fixed_k3
Strain_b_Tension_0.5pct,b,0.5,-0.1473761819999998,0.009832549375000027,0.0,0.11119439952022457,56,fixed_k3
Strain_b_Tension_0.5pct,b,0.5,-0.1434975579999998,0.009832549375000027,0.0,-0.5624383495556012,56,fixed_k3
Strain_b_Tension_0.5pct,b,0.5,-0.1396189339999998,0.009832549375000027,0.0,-3.3560185803470826,56,fixed_k3
Strain_b_Tension_0.5pct,b,0.5,-0.1357403099999998,0.009832549375000027,0.0,-20.108370622932473,56,fixed_k3
Strain_b_Tension_0.5pct,b,0.5,-0.1318616859999998,0.009832549375000027,0.0,-153.72319872395462,56,fixed_k3
Strain_b_Tension_0.5pct,b,0.5,-0.12798306199999981,0.009832549375000027,0.0,-43.40361584395344,56,fixed_k3
Strain_b_Tension_0.5pct,b,0.5,-0.12410443799999982,0.009832549375000027,0.0,-9.323079699083712,56,fixed_k3
Strain_b_Tension_0.5pct,b,0.5,-0.12022581399999982,0.009832549375000027,0.0,-5.2689725218806895,56,fixed_k3
Strain_b_Tension_0.5pct,b,0.5,-0.11634718999999982,0.009832549375000027,0.0,-4.941164699219184,56,fixed_k3
Strain_b_Tension_0.5pct,b,0.5,-0.11246856599999983,0.009832549375000027,0.0,-5.181056928414095,56,fixed_k3
Strain_b_Tension_0.5pct,b,0.5,-0.10858994199999983,0.009832549375000027,0.0,-4.636646111943102,56,fixed_k3
Strain_b_Tension_0.5pct,b,0.5,-0.10471131799999983,0.009832549375000027,0.0,-1.8567425993201347,56,fixed_k3
Strain_b_Tension_0.5pct,b,0.5,-0.10083269399999983,0.009832549375000027,0.0,3.763355122698489,56,fixed_k3
Strain_b_Tension_0.5pct,b,0.5,-0.09695406999999984,0.009832549375000027,0.0,9.41168094549792,56,fixed_k3
Strain_b_Tension_0.5pct,b,0.5,-0.09307544599999984,0.009832549375000027,0.0,10.37753102346616,56,fixed_k3
Strain_b_Tension_0.5pct,b,0.5,-0.08919682199999984,0.009832549375000027,0.0,6.776629420885104,56,fixed_k3
Strain_b_Tension_0.5pct,b,0.5,-0.08531819799999985,0.009832549375000027,0.0,2.6114090902716245,56,fixed_k3
Strain_b_Tension_0.5pct,b,0.5,-0.08143957399999985,0.009832549375000027,0.0,0.03904765507223812,56,fixed_k3
Strain_b_Tension_0.5pct,b,0.5,-0.07756094999999985,0.009832549375000027,0.0,-1.0616161482402855,56,fixed_k3
Strain_b_Tension_0.5pct,b,0.5,-0.07368232599999985,0.009832549375000027,0.0,-1.351830974949947,56,fixed_k3
Strain_b_Tension_0.5pct,b,0.5,-0.06980370199999986,0.009832549375000027,0.0,-1.2966220240863655,56,fixed_k3
Strain_b_Tension_0.5pct,b,0.5,-0.06592507799999986,0.009832549375000027,0.0,-1.1277329632812565,56,fixed_k3
Strain_b_Tension_0.5pct,b,0.5,-0.06204645399999986,0.009832549375000027,0.0,-0.942872688868713,56,fixed_k3
Strain_b_Tension_0.5pct,b,0.5,-0.058167829999999865,0.009832549375000027,0.0,-0.7776940292918875,56,fixed_k3
Strain_b_Tension_0.5pct,b,0.5,-0.05428920599999987,0.009832549375000027,0.0,-0.6420297143075189,56,fixed_k3
Strain_b_Tension_0.5pct,b,0.5,-0.05041058199999987,0.009832549375000027,0.0,-0.5357754456541232,56,fixed_k3
Strain_b_Tension_0.5pct,b,0.5,-0.04653195799999987,0.009832549375000027,0.0,-0.4553277019551059,56,fixed_k3
Strain_b_Tension_0.5pct,b,0.5,-0.042653333999999876,0.009832549375000027,0.0,-0.39602477629931016,56,fixed_k3
Strain_b_Tension_0.5pct,b,0.5,-0.03877470999999988,0.009832549375000027,0.0,-0.35300715127622856,56,fixed_k3
Strain_b_Tension_0.5pct,b,0.5,-0.03489608599999988,0.009832549375000027,0.0,-0.32151030317846124,56,fixed_k3
Strain_b_Tension_0.5pct,b,0.5,-0.031017461999999885,0.009832549375000027,0.0,-0.2969973386203688,56,fixed_k3
Strain_b_Tension_0.5pct,b,0.5,-0.027138837999999887,0.009832549375000027,0.0,-0.27528329073705204,56,fixed_k3
Strain_b_Tension_0.5pct,b,0.5,-0.02326021399999989,0.009832549375000027,0.0,-0.2526934481618747,56,fixed_k3
Strain_b_Tension_0.5pct,b,0.5,-0.019381589999999893,0.009832549375000027,0.0,-0.2262482789118918,56,fixed_k3
Strain_b_Tension_0.5pct,b,0.5,-0.015502965999999896,0.009832549375000027,0.0,-0.19384314740727293,56,fixed_k3
Strain_b_Tension_0.5pct,b,0.5,-0.011624341999999899,0.009832549375000027,0.0,-0.1543804889628671,56,fixed_k3
Strain_b_Tension_0.5pct,b,0.5,-0.0077457179999999015,0.009832549375000027,0.0,-0.10781290495857143,56,fixed_k3
Strain_b_Tension_0.5pct,b,0.5,-0.0038670939999999043,0.009832549375000027,0.0,-0.055067661209048935,56,fixed_k3
Strain_b_Tension_0.5pct,b,0.5,1.1530000000092855e-05,0.009832549375000027,0.0,0.0021551758327221227,56,fixed_k3
Strain_b_Tension_0.5pct,b,0.5,0.00389015400000009,0.009832549375000027,0.0,0.06169181378761801,56,fixed_k3
Strain_b_Tension_0.5pct,b,0.5,0.007768778000000087,0.009832549375000027,0.0,0.12128702954851939,56,fixed_k3
Strain_b_Tension_0.5pct,b,0.5,0.011647402000000084,0.009832549375000027,0.0,0.17897055879087134,56,fixed_k3
Strain_b_Tension_0.5pct,b,0.5,0.015526026000000082,0.009832549375000027,0.0,0.23337796693493254,56,fixed_k3
Strain_b_Tension_0.5pct,b,0.5,0.01940465000000008,0.009832549375000027,0.0,0.2839706538796796,56,fixed_k3
Strain_b_Tension_0.5pct,b,0.5,0.023283274000000076,0.009832549375000027,0.0,0.33113392659547636,56,fixed_k3
Strain_b_Tension_0.5pct,b,0.5,0.027161898000000073,0.009832549375000027,0.0,0.3761589684156261,56,fixed_k3
Strain_b_Tension_0.5pct,b,0.5,0.03104052200000007,0.009832549375000027,0.0,0.42113704271472197,56,fixed_k3
Strain_b_Tension_0.5pct,b,0.5,0.03491914600000007,0.009832549375000027,0.0,0.46880812015778933,56,fixed_k3
Strain_b_Tension_0.5pct,b,0.5,0.038797770000000065,0.009832549375000027,0.0,0.5224102698869884,56,fixed_k3
Strain_b_Tension_0.5pct,b,0.5,0.04267639400000006,0.009832549375000027,0.0,0.5855712877871199,56,fixed_k3
Strain_b_Tension_0.5pct,b,0.5,0.04655501800000006,0.009832549375000027,0.0,0.6622691657123831,56,fixed_k3
Strain_b_Tension_0.5pct,b,0.5,0.050433642000000056,0.009832549375000027,0.0,0.7568543919748816,56,fixed_k3
Strain_b_Tension_0.5pct,b,0.5,0.05431226600000005,0.009832549375000027,0.0,0.8740458401509769,56,fixed_k3
Strain_b_Tension_0.5pct,b,0.5,0.05819089000000005,0.009832549375000027,0.0,1.0186061560589803,56,fixed_k3
Strain_b_Tension_0.5pct,b,0.5,0.06206951400000005,0.009832549375000027,0.0,1.1938838574238788,56,fixed_k3
Strain_b_Tension_0.5pct,b,0.5,0.06594813800000005,0.009832549375000027,0.0,1.3971520812237288,56,fixed_k3
Strain_b_Tension_0.5pct,b,0.5,0.06982676200000004,0.009832549375000027,0.0,1.6068531787907196,56,fixed_k3
Strain_b_Tension_0.5pct,b,0.5,0.07370538600000004,0.009832549375000027,0.0,1.7515521394043372,56,fixed_k3
Strain_b_Tension_0.5pct,b,0.5,0.07758401000000004,0.009832549375000027,0.0,1.6452230627154119,56,fixed_k3
Strain_b_Tension_0.5pct,b,0.5,0.08146263400000003,0.009832549375000027,0.0,0.8924370104701246,56,fixed_k3
Strain_b_Tension_0.5pct,b,0.5,0.08534125800000003,0.009832549375000027,0.0,-1.0963972494875156,56,fixed_k3
Strain_b_Tension_0.5pct,b,0.5,0.08921988200000003,0.009832549375000027,0.0,-4.471727002262922,56,fixed_k3
Strain_b_Tension_0.5pct,b,0.5,0.09309850600000003,0.009832549375000027,0.0,-7.369996733791845,56,fixed_k3
Strain_b_Tension_0.5pct,b,0.5,0.09697713000000002,0.009832549375000027,0.0,-6.21860444773872,56,fixed_k3
Strain_b_Tension_0.5pct,b,0.5,0.10085575400000002,0.009832549375000027,0.0,-0.990469956941616,56,fixed_k3
Strain_b_Tension_0.5pct,b,0.5,0.10473437800000002,0.009832549375000027,0.0,3.8490595549534494,56,fixed_k3
Strain_b_Tension_0.5pct,b,0.5,0.10861300200000001,0.009832549375000027,0.0,5.694025223365139,56,fixed_k3
Strain_b_Tension_0.5pct,b,0.5,0.11249162600000001,0.009832549375000027,0.0,5.08578707862366,56,fixed_k3
Strain_b_Tension_0.5pct,b,0.5,0.11637025000000001,0.009832549375000027,0.0,2.956042196379553,56,fixed_k3
Strain_b_Tension_0.5pct,b,0.5,0.120248874,0.009832549375000027,0.0,-1.0790406959851606,56,fixed_k3
Strain_b_Tension_0.5pct,b,0.5,0.124127498,0.009832549375000027,0.0,-11.900842529292326,56,fixed_k3
Strain_b_Tension_0.5pct,b,0.5,0.128006122,0.009832549375000027,0.0,-71.17824067384345,56,fixed_k3
Strain_b_Tension_0.5pct,b,0.5,0.131884746,0.009832549375000027,0.0,-207.04578359489633,56,fixed_k3
Strain_b_Tension_0.5pct,b,0.5,0.13576337,0.009832549375000027,0.0,-22.09223419731221,56,fixed_k3
Strain_b_Tension_0.5pct,b,0.5,0.139641994,0.009832549375000027,0.0,-2.8367824151941683,56,fixed_k3
Strain_b_Tension_0.5pct,b,0.5,0.143520618,0.009832549375000027,0.0,0.29701238258234997,56,fixed_k3
Strain_b_Tension_0.5pct,b,0.5,0.14739924199999999,0.009832549375000027,0.0,1.178743433890728,56,fixed_k3
Strain_b_Tension_0.5pct,b,0.5,0.15127786599999998,0.009832549375000027,0.0,1.502190982848531,56,fixed_k3
Strain_b_Tension_0.5pct,b,0.5,0.15515649,0.009832549375000027,0.0,1.6292449604925514,56,fixed_k3
Strain_b_Tension_0.5pct,b,0.5,-0.1551334299999998,0.013119187500000018,0.0,0.6242449970121902,56,fixed_k3
Strain_b_Tension_0.5pct,b,0.5,-0.1512548059999998,0.013119187500000018,0.0,0.6110252376077918,56,fixed_k3
Strain_b_Tension_0.5pct,b,0.5,-0.1473761819999998,0.013119187500000018,0.0,0.38918630511914515,56,fixed_k3
Strain_b_Tension_0.5pct,b,0.5,-0.1434975579999998,0.013119187500000018,0.0,-0.49543247518472333,56,fixed_k3
Strain_b_Tension_0.5pct,b,0.5,-0.1396189339999998,0.013119187500000018,0.0,-4.072249687820558,56,fixed_k3
Strain_b_Tension_0.5pct,b,0.5,-0.1357403099999998,0.013119187500000018,0.0,-25.40562958912735,56,fixed_k3
Strain_b_Tension_0.5pct,b,0.5,-0.1318616859999998,0.013119187500000018,0.0,-219.84475348782826,56,fixed_k3
Strain_b_Tension_0.5pct,b,0.5,-0.12798306199999981,0.013119187500000018,0.0,-70.02643732713955,56,fixed_k3
Strain_b_Tension_0.5pct,b,0.5,-0.12410443799999982,0.013119187500000018,0.0,-13.695911702824391,56,fixed_k3
Strain_b_Tension_0.5pct,b,0.5,-0.12022581399999982,0.013119187500000018,0.0,-6.591475875478453,56,fixed_k3
Strain_b_Tension_0.5pct,b,0.5,-0.11634718999999982,0.013119187500000018,0.0,-5.407789896219331,56,fixed_k3
Strain_b_Tension_0.5pct,b,0.5,-0.11246856599999983,0.013119187500000018,0.0,-5.2486876119533745,56,fixed_k3
Strain_b_Tension_0.5pct,b,0.5,-0.10858994199999983,0.013119187500000018,0.0,-4.398886909775295,56,fixed_k3
Strain_b_Tension_0.5pct,b,0.5,-0.10471131799999983,0.013119187500000018,0.0,-1.3191337211912177,56,fixed_k3
Strain_b_Tension_0.5pct,b,0.5,-0.10083269399999983,0.013119187500000018,0.0,4.513310610326304,56,fixed_k3
Strain_b_Tension_0.5pct,b,0.5,-0.09695406999999984,0.013119187500000018,0.0,10.146484192124909,56,fixed_k3
Strain_b_Tension_0.5pct,b,0.5,-0.09307544599999984,0.013119187500000018,0.0,10.93190163700339,56,fixed_k3
Strain_b_Tension_0.5pct,b,0.5,-0.08919682199999984,0.013119187500000018,0.0,7.159433758338391,56,fixed_k3
Strain_b_Tension_0.5pct,b,0.5,-0.08531819799999985,0.013119187500000018,0.0,2.8737450494313643,56,fixed_k3
Strain_b_Tension_0.5pct,b,0.5,-0.08143957399999985,0.013119187500000018,0.0,0.2149142589143157,56,fixed_k3
Strain_b_Tension_0.5pct,b,0.5,-0.07756094999999985,0.013119187500000018,0.0,-0.9450145278721956,56,fixed_k3
Strain_b_Tension_0.5pct,b,0.5,-0.07368232599999985,0.013119187500000018,0.0,-1.2718879333594872,56,fixed_k3
Strain_b_Tension_0.5pct,b,0.5,-0.06980370199999986,0.013119187500000018,0.0,-1.2373880105905513,56,fixed_k3
Strain_b_Tension_0.5pct,b,0.5,-0.06592507799999986,0.013119187500000018,0.0,-1.0795211458723335,56,fixed_k3
Strain_b_Tension_0.5pct,b,0.5,-0.06204645399999986,0.013119187500000018,0.0,-0.9004827463770834,56,fixed_k3
Strain_b_Tension_0.5pct,b,0.5,-0.058167829999999865,0.013119187500000018,0.0,-0.7386954023110466,56,fixed_k3
Strain_b_Tension_0.5pct,b,0.5,-0.05428920599999987,0.013119187500000018,0.0,-0.6055437368697221,56,fixed_k3
Strain_b_Tension_0.5pct,b,0.5,-0.05041058199999987,0.013119187500000018,0.0,-0.5017174071041363,56,fixed_k3
Strain_b_Tension_0.5pct,b,0.5,-0.04653195799999987,0.013119187500000018,0.0,-0.42396610808602275,56,fixed_k3
Strain_b_Tension_0.5pct,b,0.5,-0.042653333999999876,0.013119187500000018,0.0,-0.36773564324291386,56,fixed_k3
Strain_b_Tension_0.5pct,b,0.5,-0.03877470999999988,0.013119187500000018,0.0,-0.32814158685575007,56,fixed_k3
Strain_b_Tension_0.5pct,b,0.5,-0.03489608599999988,0.013119187500000018,0.0,-0.30032581633716765,56,fixed_k3
Strain_b_Tension_0.5pct,b,0.5,-0.031017461999999885,0.013119187500000018,0.0,-0.2796243565737349,56,fixed_k3
Strain_b_Tension_0.5pct,b,0.5,-0.027138837999999887,0.013119187500000018,0.0,-0.2617110840362033,56,fixed_k3
Strain_b_Tension_0.5pct,b,0.5,-0.02326021399999989,0.013119187500000018,0.0,-0.24276707209830606,56,fixed_k3
Strain_b_Tension_0.5pct,b,0.5,-0.019381589999999893,0.013119187500000018,0.0,-0.21967235225420578,56,fixed_k3
Strain_b_Tension_0.5pct,b,0.5,-0.015502965999999896,0.013119187500000018,0.0,-0.19019061911633212,56,fixed_k3
Strain_b_Tension_0.5pct,b,0.5,-0.011624341999999899,0.013119187500000018,0.0,-0.15310575894038725,56,fixed_k3
Strain_b_Tension_0.5pct,b,0.5,-0.0077457179999999015,0.013119187500000018,0.0,-0.10826919872465479,56,fixed_k3
Strain_b_Tension_0.5pct,b,0.5,-0.0038670939999999043,0.013119187500000018,0.0,-0.05652864733102214,56,fixed_k3
Strain_b_Tension_0.5pct,b,0.5,1.1530000000092855e-05,0.013119187500000018,0.0,0.00046975661818710046,56,fixed_k3
Strain_b_Tension_0.5pct,b,0.5,0.00389015400000009,0.013119187500000018,0.0,0.060587163275660605,56,fixed_k3
Strain_b_Tension_0.5pct,b,0.5,0.007768778000000087,0.013119187500000018,0.0,0.12156211895406899,56,fixed_k3
Strain_b_Tension_0.5pct,b,0.5,0.011647402000000084,0.013119187500000018,0.0,0.18138639773405785,56,fixed_k3
Strain_b_Tension_0.5pct,b,0.5,0.015526026000000082,0.013119187500000018,0.0,0.23862721517957253,56,fixed_k3
Strain_b_Tension_0.5pct,b,0.5,0.01940465000000008,0.013119187500000018,0.0,0.29265046361420916,56,fixed_k3
Strain_b_Tension_0.5pct,b,0.5,0.023283274000000076,0.013119187500000018,0.0,0.3437236045009979,56,fixed_k3
Strain_b_Tension_0.5pct,b,0.5,0.027161898000000073,0.013119187500000018,0.0,0.39300356877529896,56,fixed_k3
Strain_b_Tension_0.5pct,b,0.5,0.03104052200000007,0.013119187500000018,0.0,0.4424375459328481,56,fixed_k3
Strain_b_Tension_0.5pct,b,0.5,0.03491914600000007,0.013119187500000018,0.0,0.49461868124521735,56,fixed_k3
Strain_b_Tension_0.5pct,b,0.5,0.038797770000000065,0.013119187500000018,0.0,0.5526434575198265,56,fixed_k3
Strain_b_Tension_0.5pct,b,0.5,0.04267639400000006,0.013119187500000018,0.0,0.6200136853139047,56,fixed_k3
Strain_b_Tension_0.5pct,b,0.5,0.04655501800000006,0.013119187500000018,0.0,0.7006127926333653,56,fixed_k3
Strain_b_Tension_0.5pct,b,0.5,0.050433642000000056,0.013119187500000018,0.0,0.7987552305817336,56,fixed_k3
Strain_b_Tension_0.5pct,b,0.5,0.05431226600000005,0.013119187500000018,0.0,0.9192314524594958,56,fixed_k3
Strain_b_Tension_0.5pct,b,0.5,0.05819089000000005,0.013119187500000018,0.0,1.0670742931070833,56,fixed_k3
Strain_b_Tension_0.5pct,b,0.5,0.06206951400000005,0.013119187500000018,0.0,1.2462722149305445,56,fixed_k3
Strain_b_Tension_0.5pct,b,0.5,0.06594813800000005,0.013119187500000018,0.0,1.4554351790772229,56,fixed_k3
Strain_b_Tension_0.5pct,b,0.5,0.06982676200000004,0.013119187500000018,0.0,1.6756729951208742,56,fixed_k3
Strain_b_Tension_0.5pct,b,0.5,0.07370538600000004,0.013119187500000018,0.0,1.840758614113416,56,fixed_k3
Strain_b_Tension_0.5pct,b,0.5,0.07758401000000004,0.013119187500000018,0.0,1.7744517671127318,56,fixed_k3
Strain_b_Tension_0.5pct,b,0.5,0.08146263400000003,0.013119187500000018,0.0,1.097376909489058,56,fixed_k3
Strain_b_Tension_0.5pct,b,0.5,0.08534125800000003,0.013119187500000018,0.0,-0.7651041191753039,56,fixed_k3
Strain_b_Tension_0.5pct,b,0.5,0.08921988200000003,0.013119187500000018,0.0,-3.990320946406331,56,fixed_k3
Strain_b_Tension_0.5pct,b,0.5,0.09309850600000003,0.013119187500000018,0.0,-6.841411015594049,56,fixed_k3
Strain_b_Tension_0.5pct,b,0.5,0.09697713000000002,0.013119187500000018,0.0,-5.845668622346436,56,fixed_k3
Strain_b_Tension_0.5pct,b,0.5,0.10085575400000002,0.013119187500000018,0.0,-0.8076807854086985,56,fixed_k3
Strain_b_Tension_0.5pct,b,0.5,0.10473437800000002,0.013119187500000018,0.0,3.96723855398585,56,fixed_k3
Strain_b_Tension_0.5pct,b,0.5,0.10861300200000001,0.013119187500000018,0.0,5.784757042297883,56,fixed_k3
Strain_b_Tension_0.5pct,b,0.5,0.11249162600000001,0.013119187500000018,0.0,5.056133294495992,56,fixed_k3
Strain_b_Tension_0.5pct,b,0.5,0.11637025000000001,0.013119187500000018,0.0,2.5811162036932176,56,fixed_k3
Strain_b_Tension_0.5pct,b,0.5,0.120248874,0.013119187500000018,0.0,-2.4226723186743797,56,fixed_k3
Strain_b_Tension_0.5pct,b,0.5,0.124127498,0.013119187500000018,0.0,-16.982328309183824,56,fixed_k3
Strain_b_Tension_0.5pct,b,0.5,0.128006122,0.013119187500000018,0.0,-104.57637793848984,56,fixed_k3
Strain_b_Tension_0.5pct,b,0.5,0.131884746,0.013119187500000018,0.0,-282.499503993375,56,fixed_k3
Strain_b_Tension_0.5pct,b,0.5,0.13576337,0.013119187500000018,0.0,-27.98379228904027,56,fixed_k3
Strain_b_Tension_0.5pct,b,0.5,0.139641994,0.013119187500000018,0.0,-3.7080890574659024,56,fixed_k3
Strain_b_Tension_0.5pct,b,0.5,0.143520618,0.013119187500000018,0.0,0.2821416419406632,56,fixed_k3
Strain_b_Tension_0.5pct,b,0.5,0.14739924199999999,0.013119187500000018,0.0,1.3907873554293357,56,fixed_k3
Strain_b_Tension_0.5pct,b,0.5,0.15127786599999998,0.013119187500000018,0.0,1.7826248293959994,56,fixed_k3
Strain_b_Tension_0.5pct,b,0.5,0.15515649,0.013119187500000018,0.0,1.9257814374794082,56,fixed_k3
Strain_b_Tension_0.5pct,b,0.5,-0.1551334299999998,0.01640582562500001,0.0,0.9879163496040511,56,fixed_k3
Strain_b_Tension_0.5pct,b,0.5,-0.1512548059999998,0.01640582562500001,0.0,0.9665403391160796,56,fixed_k3
Strain_b_Tension_0.5pct,b,0.5,-0.1473761819999998,0.01640582562500001,0.0,0.6918926904706695,56,fixed_k3
Strain_b_Tension_0.5pct,b,0.5,-0.1434975579999998,0.01640582562500001,0.0,-0.3730468465933493,56,fixed_k3
Strain_b_Tension_0.5pct,b,0.5,-0.1396189339999998,0.01640582562500001,0.0,-4.605064045447442,56,fixed_k3
Strain_b_Tension_0.5pct,b,0.5,-0.1357403099999998,0.01640582562500001,0.0,-29.589271838306086,56,fixed_k3
Strain_b_Tension_0.5pct,b,0.5,-0.1318616859999998,0.01640582562500001,0.0,-290.36130158811125,56,fixed_k3
Strain_b_Tension_0.5pct,b,0.5,-0.12798306199999981,0.01640582562500001,0.0,-108.1347212501628,56,fixed_k3
Strain_b_Tension_0.5pct,b,0.5,-0.12410443799999982,0.01640582562500001,0.0,-19.20630671422748,56,fixed_k3
Strain_b_Tension_0.5pct,b,0.5,-0.12022581399999982,0.01640582562500001,0.0,-8.190516729127424,56,fixed_k3
Strain_b_Tension_0.5pct,b,0.5,-0.11634718999999982,0.01640582562500001,0.0,-5.971407797808256,56,fixed_k3
Strain_b_Tension_0.5pct,b,0.5,-0.11246856599999983,0.01640582562500001,0.0,-5.337764843556479,56,fixed_k3
Strain_b_Tension_0.5pct,b,0.5,-0.10858994199999983,0.01640582562500001,0.0,-4.124691915490803,56,fixed_k3
Strain_b_Tension_0.5pct,b,0.5,-0.10471131799999983,0.01640582562500001,0.0,-0.6963826190553091,56,fixed_k3
Strain_b_Tension_0.5pct,b,0.5,-0.10083269399999983,0.01640582562500001,0.0,5.357281484596321,56,fixed_k3
Strain_b_Tension_0.5pct,b,0.5,-0.09695406999999984,0.01640582562500001,0.0,10.923686041053758,56,fixed_k3
Strain_b_Tension_0.5pct,b,0.5,-0.09307544599999984,0.01640582562500001,0.0,11.468587216116916,56,fixed_k3
Strain_b_Tension_0.5pct,b,0.5,-0.08919682199999984,0.01640582562500001,0.0,7.508126492724858,56,fixed_k3
Strain_b_Tension_0.5pct,b,0.5,-0.08531819799999985,0.01640582562500001,0.0,3.1128981384676955,56,fixed_k3
Strain_b_Tension_0.5pct,b,0.5,-0.08143957399999985,0.01640582562500001,0.0,0.37934013168739894,56,fixed_k3
Strain_b_Tension_0.5pct,b,0.5,-0.07756094999999985,0.01640582562500001,0.0,-0.8337969913632226,56,fixed_k3
Strain_b_Tension_0.5pct,b,0.5,-0.07368232599999985,0.01640582562500001,0.0,-1.1950144506497997,56,fixed_k3
Strain_b_Tension_0.5pct,b,0.5,-0.06980370199999986,0.01640582562500001,0.0,-1.1805063901721642,56,fixed_k3
Strain_b_Tension_0.5pct,b,0.5,-0.06592507799999986,0.01640582562500001,0.0,-1.033482933740572,56,fixed_k3
Strain_b_Tension_0.5pct,b,0.5,-0.06204645399999986,0.01640582562500001,0.0,-0.8602242517430214,56,fixed_k3
Strain_b_Tension_0.5pct,b,0.5,-0.058167829999999865,0.01640582562500001,0.0,-0.7017957283454239,56,fixed_k3
Strain_b_Tension_0.5pct,b,0.5,-0.05428920599999987,0.01640582562500001,0.0,-0.5711035282671864,56,fixed_k3
Strain_b_Tension_0.5pct,b,0.5,-0.05041058199999987,0.01640582562500001,0.0,-0.4696300098110414,56,fixed_k3
Strain_b_Tension_0.5pct,b,0.5,-0.04653195799999987,0.01640582562500001,0.0,-0.3944833959609248,56,fixed_k3
Strain_b_Tension_0.5pct,b,0.5,-0.042653333999999876,0.01640582562500001,0.0,-0.341222444497983,56,fixed_k3
Strain_b_Tension_0.5pct,b,0.5,-0.03877470999999988,0.01640582562500001,0.0,-0.30494217240188115,56,fixed_k3
Strain_b_Tension_0.5pct,b,0.5,-0.03489608599999988,0.01640582562500001,0.0,-0.28069431680480467,56,fixed_k3
Strain_b_Tension_0.5pct,b,0.5,-0.031017461999999885,0.01640582562500001,0.0,-0.26369079384531363,56,fixed_k3
Strain_b_Tension_0.5pct,b,0.5,-0.027138837999999887,0.01640582562500001,0.0,-0.2494670747077336,56,fixed_k3
Strain_b_Tension_0.5pct,b,0.5,-0.02326021399999989,0.01640582562500001,0.0,-0.2340626039063533,56,fixed_k3
Strain_b_Tension_0.5pct,b,0.5,-0.019381589999999893,0.01640582562500001,0.0,-0.21421927636700538,56,fixed_k3
Strain_b_Tension_0.5pct,b,0.5,-0.015502965999999896,0.01640582562500001,0.0,-0.18757089757835665,56,fixed_k3
Strain_b_Tension_0.5pct,b,0.5,-0.011624341999999899,0.01640582562500001,0.0,-0.1527838076050408,56,fixed_k3
Strain_b_Tension_0.5pct,b,0.5,-0.0077457179999999015,0.01640582562500001,0.0,-0.10960829003550088,56,fixed_k3
Strain_b_Tension_0.5pct,b,0.5,-0.0038670939999999043,0.01640582562500001,0.0,-0.05881150154071818,56,fixed_k3
Strain_b_Tension_0.5pct,b,0.5,1.1530000000092855e-05,0.01640582562500001,0.0,-0.001983755439660617,56,fixed_k3
Strain_b_Tension_0.5pct,b,0.5,0.00389015400000009,0.01640582562500001,0.0,0.058763551984830076,56,fixed_k3
Strain_b_Tension_0.5pct,b,0.5,0.007768778000000087,0.01640582562500001,0.0,0.12116547337521288,56,fixed_k3
Strain_b_Tension_0.5pct,b,0.5,0.011647402000000084,0.01640582562500001,0.0,0.18317839653628892,56,fixed_k3
Strain_b_Tension_0.5pct,b,0.5,0.015526026000000082,0.01640582562500001,0.0,0.24330331494091428,56,fixed_k3
Strain_b_Tension_0.5pct,b,0.5,0.01940465000000008,0.01640582562500001,0.0,0.3008121803890887,56,fixed_k3
Strain_b_Tension_0.5pct,b,0.5,0.023283274000000076,0.01640582562500001,0.0,0.35585569527398364,56,fixed_k3
Strain_b_Tension_0.5pct,b,0.5,0.027161898000000073,0.01640582562500001,0.0,0.40945738315676095,56,fixed_k3
Strain_b_Tension_0.5pct,b,0.5,0.03104052200000007,0.01640582562500001,0.0,0.4634212821408391,56,fixed_k3
Strain_b_Tension_0.5pct,b,0.5,0.03491914600000007,0.01640582562500001,0.0,0.5201949978223142,56,fixed_k3
Strain_b_Tension_0.5pct,b,0.5,0.038797770000000065,0.01640582562500001,0.0,0.582735183320332,56,fixed_k3
Strain_b_Tension_0.5pct,b,0.5,0.04267639400000006,0.01640582562500001,0.0,0.6544196209083785,56,fixed_k3
Strain_b_Tension_0.5pct,b,0.5,0.04655501800000006,0.01640582562500001,0.0,0.7390383671090317,56,fixed_k3
Strain_b_Tension_0.5pct,b,0.5,0.050433642000000056,0.01640582562500001,0.0,0.84086805604665,56,fixed_k3
Strain_b_Tension_0.5pct,b,0.5,0.05431226600000005,0.01640582562500001,0.0,0.9647615596593273,56,fixed_k3
Strain_b_Tension_0.5pct,b,0.5,0.05819089000000005,0.01640582562500001,0.0,1.1159971785751917,56,fixed_k3
Strain_b_Tension_0.5pct,b,0.5,0.06206951400000005,0.01640582562500001,0.0,1.2991489842297417,56,fixed_k3
Strain_b_Tension_0.5pct,b,0.5,0.06594813800000005,0.01640582562500001,0.0,1.5140588172690654,56,fixed_k3
Strain_b_Tension_0.5pct,b,0.5,0.06982676200000004,0.01640582562500001,0.0,1.7443270774949022,56,fixed_k3
Strain_b_Tension_0.5pct,b,0.5,0.07370538600000004,0.01640582562500001,0.0,1.9286987313671327,56,fixed_k3
Strain_b_Tension_0.5pct,b,0.5,0.07758401000000004,0.01640582562500001,0.0,1.9005714824188493,56,fixed_k3
Strain_b_Tension_0.5pct,b,0.5,0.08146263400000003,0.01640582562500001,0.0,1.2969834734168373,56,fixed_k3
Strain_b_Tension_0.5pct,b,0.5,0.08534125800000003,0.01640582562500001,0.0,-0.4406038292388912,56,fixed_k3
Strain_b_Tension_0.5pct,b,0.5,0.08921988200000003,0.01640582562500001,0.0,-3.51717128768988,56,fixed_k3
Strain_b_Tension_0.5pct,b,0.5,0.09309850600000003,0.01640582562500001,0.0,-6.333254343768982,56,fixed_k3
Strain_b_Tension_0.5pct,b,0.5,0.09697713000000002,0.01640582562500001,0.0,-5.527052256645895,56,fixed_k3
Strain_b_Tension_0.5pct,b,0.5,0.10085575400000002,0.01640582562500001,0.0,-0.7051834422209373,56,fixed_k3
Strain_b_Tension_0.5pct,b,0.5,0.10473437800000002,0.01640582562500001,0.0,4.019877158484409,56,fixed_k3
Strain_b_Tension_0.5pct,b,0.5,0.10861300200000001,0.01640582562500001,0.0,5.839586021659313,56,fixed_k3
Strain_b_Tension_0.5pct,b,0.5,0.11249162600000001,0.01640582562500001,0.0,4.996366126090582,56,fixed_k3
Strain_b_Tension_0.5pct,b,0.5,0.11637025000000001,0.01640582562500001,0.0,2.1252653463056745,56,fixed_k3
Strain_b_Tension_0.5pct,b,0.5,0.120248874,0.01640582562500001,0.0,-4.064405011648451,56,fixed_k3
Strain_b_Tension_0.5pct,b,0.5,0.124127498,0.01640582562500001,0.0,-23.539468965400783,56,fixed_k3
Strain_b_Tension_0.5pct,b,0.5,0.128006122,0.01640582562500001,0.0,-153.76833508566676,56,fixed_k3
Strain_b_Tension_0.5pct,b,0.5,0.131884746,0.01640582562500001,0.0,-364.4476375591631,56,fixed_k3
Strain_b_Tension_0.5pct,b,0.5,0.13576337,0.01640582562500001,0.0,-32.8318464403909,56,fixed_k3
Strain_b_Tension_0.5pct,b,0.5,0.139641994,0.01640582562500001,0.0,-4.426703488470082,56,fixed_k3
Strain_b_Tension_0.5pct,b,0.5,0.143520618,0.01640582562500001,0.0,0.3020732670853922,56,fixed_k3
Strain_b_Tension_0.5pct,b,0.5,0.14739924199999999,0.01640582562500001,0.0,1.6097244623819678,56,fixed_k3
Strain_b_Tension_0.5pct,b,0.5,0.15127786599999998,0.01640582562500001,0.0,2.0604246276230542,56,fixed_k3
Strain_b_Tension_0.5pct,b,0.5,0.15515649,0.01640582562500001,0.0,2.2158025443981524,56,fixed_k3
Strain_b_Tension_0.5pct,b,0.5,-0.1551334299999998,0.019692463750000028,0.0,1.360528292374181,56,fixed_k3
Strain_b_Tension_0.5pct,b,0.5,-0.1512548059999998,0.019692463750000028,0.0,1.3366596117977454,56,fixed_k3
Strain_b_Tension_0.5pct,b,0.5,-0.1473761819999998,0.019692463750000028,0.0,1.0216111606433633,56,fixed_k3
Strain_b_Tension_0.5pct,b,0.5,-0.1434975579999998,0.019692463750000028,0.0,-0.1887868779616071,56,fixed_k3
Strain_b_Tension_0.5pct,b,0.5,-0.1396189339999998,0.019692463750000028,0.0,-4.933830866923479,56,fixed_k3
Strain_b_Tension_0.5pct,b,0.5,-0.1357403099999998,0.019692463750000028,0.0,-32.525111791835464,56,fixed_k3
Strain_b_Tension_0.5pct,b,0.5,-0.1318616859999998,0.019692463750000028,0.0,-360.1828338317854,56,fixed_k3
Strain_b_Tension_0.5pct,b,0.5,-0.12798306199999981,0.019692463750000028,0.0,-167.1019500288212,56,fixed_k3
Strain_b_Tension_0.5pct,b,0.5,-0.12410443799999982,0.019692463750000028,0.0,-26.47029070718532,56,fixed_k3
Strain_b_Tension_0.5pct,b,0.5,-0.12022581399999982,0.019692463750000028,0.0,-10.178223589898725,56,fixed_k3
Strain_b_Tension_0.5pct,b,0.5,-0.11634718999999982,0.019692463750000028,0.0,-6.659292343168715,56,fixed_k3
Strain_b_Tension_0.5pct,b,0.5,-0.11246856599999983,0.019692463750000028,0.0,-5.448022835136906,56,fixed_k3
Strain_b_Tension_0.5pct,b,0.5,-0.10858994199999983,0.019692463750000028,0.0,-3.801728211463475,56,fixed_k3
Strain_b_Tension_0.5pct,b,0.5,-0.10471131799999983,0.019692463750000028,0.0,0.025045625080944406,56,fixed_k3
Strain_b_Tension_0.5pct,b,0.5,-0.10083269399999983,0.019692463750000028,0.0,6.299073222102364,56,fixed_k3
Strain_b_Tension_0.5pct,b,0.5,-0.09695406999999984,0.019692463750000028,0.0,11.736356435214063,56,fixed_k3
Strain_b_Tension_0.5pct,b,0.5,-0.09307544599999984,0.019692463750000028,0.0,11.979086979813689,56,fixed_k3
Strain_b_Tension_0.5pct,b,0.5,-0.08919682199999984,0.019692463750000028,0.0,7.817129125494036,56,fixed_k3
Strain_b_Tension_0.5pct,b,0.5,-0.08531819799999985,0.019692463750000028,0.0,3.3256018732484383,56,fixed_k3
Strain_b_Tension_0.5pct,b,0.5,-0.08143957399999985,0.019692463750000028,0.0,0.5304885944854694,56,fixed_k3
Strain_b_Tension_0.5pct,b,0.5,-0.07756094999999985,0.019692463750000028,0.0,-0.7289305201152751,56,fixed_k3
Strain_b_Tension_0.5pct,b,0.5,-0.07368232599999985,0.019692463750000028,0.0,-1.1217056194568509,56,fixed_k3
Strain_b_Tension_0.5pct,b,0.5,-0.06980370199999986,0.019692463750000028,0.0,-1.12625077800436,56,fixed_k3
Strain_b_Tension_0.5pct,b,0.5,-0.06592507799999986,0.019692463750000028,0.0,-0.9898043962709957,56,fixed_k3
Strain_b_Tension_0.5pct,b,0.5,-0.06204645399999986,0.019692463750000028,0.0,-0.8222582733532083,56,fixed_k3
Strain_b_Tension_0.5pct,b,0.5,-0.058167829999999865,0.019692463750000028,0.0,-0.6671563543282116,56,fixed_k3
Strain_b_Tension_0.5pct,b,0.5,-0.05428920599999987,0.019692463750000028,0.0,-0.5388785345344461,56,fixed_k3
Strain_b_Tension_0.5pct,b,0.5,-0.05041058199999987,0.019692463750000028,0.0,-0.43969124983604757,56,fixed_k3
Strain_b_Tension_0.5pct,b,0.5,-0.04653195799999987,0.019692463750000028,0.0,-0.3670639415646987,56,fixed_k3
Strain_b_Tension_0.5pct,b,0.5,-0.042653333999999876,0.019692463750000028,0.0,-0.316673230955299,56,fixed_k3
Strain_b_Tension_0.5pct,b,0.5,-0.03877470999999988,0.019692463750000028,0.0,-0.2835982243507308,56,fixed_k3
Strain_b_Tension_0.5pct,b,0.5,-0.03489608599999988,0.019692463750000028,0.0,-0.26280453710218954,56,fixed_k3
Strain_b_Tension_0.5pct,b,0.5,-0.031017461999999885,0.019692463750000028,0.0,-0.2493835328894819,56,fixed_k3
Strain_b_Tension_0.5pct,b,0.5,-0.027138837999999887,0.019692463750000028,0.0,-0.2387355452125436,56,fixed_k3
Strain_b_Tension_0.5pct,b,0.5,-0.02326021399999989,0.019692463750000028,0.0,-0.22676140264434863,56,fixed_k3
Strain_b_Tension_0.5pct,b,0.5,-0.019381589999999893,0.019692463750000028,0.0,-0.21006750705261623,56,fixed_k3
Strain_b_Tension_0.5pct,b,0.5,-0.015502965999999896,0.019692463750000028,0.0,-0.18615983365904976,56,fixed_k3
Strain_b_Tension_0.5pct,b,0.5,-0.011624341999999899,0.019692463750000028,0.0,-0.153588410738849,56,fixed_k3
Strain_b_Tension_0.5pct,b,0.5,-0.0077457179999999015,0.019692463750000028,0.0,-0.11200260864767086,56,fixed_k3
Strain_b_Tension_0.5pct,b,0.5,-0.0038670939999999043,0.019692463750000028,0.0,-0.06208821004391418,56,fixed_k3
Strain_b_Tension_0.5pct,b,0.5,1.1530000000092855e-05,0.019692463750000028,0.0,-0.005377950710806156,56,fixed_k3
Strain_b_Tension_0.5pct,b,0.5,0.00389015400000009,0.019692463750000028,0.0,0.056046630814720166,56,fixed_k3
Strain_b_Tension_0.5pct,b,0.5,0.007768778000000087,0.019692463750000028,0.0,0.11991977680476218,56,fixed_k3
Strain_b_Tension_0.5pct,b,0.5,0.011647402000000084,0.019692463750000028,0.0,0.18416507894522072,56,fixed_k3
Strain_b_Tension_0.5pct,b,0.5,0.015526026000000082,0.019692463750000028,0.0,0.24721953137964991,56,fixed_k3
Strain_b_Tension_0.5pct,b,0.5,0.01940465000000008,0.019692463750000028,0.0,0.30826289355438263,56,fixed_k3
Strain_b_Tension_0.5pct,b,0.5,0.023283274000000076,0.019692463750000028,0.0,0.3673304627640939,56,fixed_k3
Strain_b_Tension_0.5pct,b,0.5,0.027161898000000073,0.019692463750000028,0.0,0.42531355049233044,56,fixed_k3
Strain_b_Tension_0.5pct,b,0.5,0.03104052200000007,0.019692463750000028,0.0,0.48387439314622877,56,fixed_k3
Strain_b_Tension_0.5pct,b,0.5,0.03491914600000007,0.019692463750000028,0.0,0.5453168384240961,56,fixed_k3
Strain_b_Tension_0.5pct,b,0.5,0.038797770000000065,0.019692463750000028,0.0,0.6124600160840941,56,fixed_k3
Strain_b_Tension_0.5pct,b,0.5,0.04267639400000006,0.019692463750000028,0.0,0.6885602047046061,56,fixed_k3
Strain_b_Tension_0.5pct,b,0.5,0.04655501800000006,0.019692463750000028,0.0,0.7773157818809124,56,fixed_k3
Strain_b_Tension_0.5pct,b,0.5,0.050433642000000056,0.019692463750000028,0.0,0.8829640246290115,56,fixed_k3
Strain_b_Tension_0.5pct,b,0.5,0.05431226600000005,0.019692463750000028,0.0,1.0104106219861957,56,fixed_k3
Strain_b_Tension_0.5pct,b,0.5,0.05819089000000005,0.019692463750000028,0.0,1.1651526075140588,56,fixed_k3
Strain_b_Tension_0.5pct,b,0.5,0.06206951400000005,0.019692463750000028,0.0,1.3522898755735837,56,fixed_k3
Strain_b_Tension_0.5pct,b,0.5,0.06594813800000005,0.019692463750000028,0.0,1.5727783422463646,56,fixed_k3
Strain_b_Tension_0.5pct,b,0.5,0.06982676200000004,0.019692463750000028,0.0,1.8125033505905606,56,fixed_k3
Strain_b_Tension_0.5pct,b,0.5,0.07370538600000004,0.019692463750000028,0.0,2.014883248998583,56,fixed_k3
Strain_b_Tension_0.5pct,b,0.5,0.07758401000000004,0.019692463750000028,0.0,2.0226767543509547,56,fixed_k3
Strain_b_Tension_0.5pct,b,0.5,0.08146263400000003,0.019692463750000028,0.0,1.4894817591298113,56,fixed_k3
Strain_b_Tension_0.5pct,b,0.5,0.08534125800000003,0.019692463750000028,0.0,-0.1260591426845148,56,fixed_k3
Strain_b_Tension_0.5pct,b,0.5,0.08921988200000003,0.019692463750000028,0.0,-3.056155718542561,56,fixed_k3
Strain_b_Tension_0.5pct,b,0.5,0.09309850600000003,0.019692463750000028,0.0,-5.84646234759407,56,fixed_k3
Strain_b_Tension_0.5pct,b,0.5,0.09697713000000002,0.019692463750000028,0.0,-5.259249858457283,56,fixed_k3
Strain_b_Tension_0.5pct,b,0.5,0.10085575400000002,0.019692463750000028,0.0,-0.6821870773027991,56,fixed_k3
Strain_b_Tension_0.5pct,b,0.5,0.10473437800000002,0.019692463750000028,0.0,4.001389578283562,56,fixed_k3
Strain_b_Tension_0.5pct,b,0.5,0.10861300200000001,0.019692463750000028,0.0,5.849333315046081,56,fixed_k3
Strain_b_Tension_0.5pct,b,0.5,0.11249162600000001,0.019692463750000028,0.0,4.891884263526915,56,fixed_k3
Strain_b_Tension_0.5pct,b,0.5,0.11637025000000001,0.019692463750000028,0.0,1.552641109257429,56,fixed_k3
Strain_b_Tension_0.5pct,b,0.5,0.120248874,0.019692463750000028,0.0,-6.132224555852297,56,fixed_k3
Strain_b_Tension_0.5pct,b,0.5,0.124127498,0.019692463750000028,0.0,-32.33746450536823,56,fixed_k3
Strain_b_Tension_0.5pct,b,0.5,0.128006122,0.019692463750000028,0.0,-231.40972950911572,56,fixed_k3
Strain_b_Tension_0.5pct,b,0.5,0.131884746,0.019692463750000028,0.0,-446.40994636421635,56,fixed_k3
Strain_b_Tension_0.5pct,b,0.5,0.13576337,0.019692463750000028,0.0,-36.432298977029824,56,fixed_k3
Strain_b_Tension_0.5pct,b,0.5,0.139641994,0.019692463750000028,0.0,-4.962037971335662,56,fixed_k3
Strain_b_Tension_0.5pct,b,0.5,0.143520618,0.019692463750000028,0.0,0.3656591236340503,56,fixed_k3
Strain_b_Tension_0.5pct,b,0.5,0.14739924199999999,0.019692463750000028,0.0,1.838808658596612,56,fixed_k3
Strain_b_Tension_0.5pct,b,0.5,0.15127786599999998,0.019692463750000028,0.0,2.336856591285205,56,fixed_k3
Strain_b_Tension_0.5pct,b,0.5,0.15515649,0.019692463750000028,0.0,2.4997239839719736,56,fixed_k3
Strain_b_Tension_0.5pct,b,0.5,-0.1551334299999998,0.02297910187500002,0.0,1.7415870150055688,56,fixed_k3
Strain_b_Tension_0.5pct,b,0.5,-0.1512548059999998,0.02297910187500002,0.0,1.721573396722889,56,fixed_k3
Strain_b_Tension_0.5pct,b,0.5,-0.1473761819999998,0.02297910187500002,0.0,1.379857832341728,56,fixed_k3
Strain_b_Tension_0.5pct,b,0.5,-0.1434975579999998,0.02297910187500002,0.0,0.06165415154914394,56,fixed_k3
Strain_b_Tension_0.5pct,b,0.5,-0.1396189339999998,0.02297910187500002,0.0,-5.047423874013812,56,fixed_k3
Strain_b_Tension_0.5pct,b,0.5,-0.1357403099999998,0.02297910187500002,0.0,-34.15719666533564,56,fixed_k3
Strain_b_Tension_0.5pct,b,0.5,-0.1318616859999998,0.02297910187500002,0.0,-419.2196990508786,56,fixed_k3
Strain_b_Tension_0.5pct,b,0.5,-0.12798306199999981,0.02297910187500002,0.0,-265.95791951893136,56,fixed_k3
Strain_b_Tension_0.5pct,b,0.5,-0.12410443799999982,0.02297910187500002,0.0,-36.43496894647868,56,fixed_k3
Strain_b_Tension_0.5pct,b,0.5,-0.12022581399999982,0.02297910187500002,0.0,-12.703338861883754,56,fixed_k3
Strain_b_Tension_0.5pct,b,0.5,-0.11634718999999982,0.02297910187500002,0.0,-7.502887343856936,56,fixed_k3
Strain_b_Tension_0.5pct,b,0.5,-0.11246856599999983,0.02297910187500002,0.0,-5.575973152605778,56,fixed_k3
Strain_b_Tension_0.5pct,b,0.5,-0.10858994199999983,0.02297910187500002,0.0,-3.412774605372551,56,fixed_k3
Strain_b_Tension_0.5pct,b,0.5,-0.10471131799999983,0.02297910187500002,0.0,0.8618259114968374,56,fixed_k3
Strain_b_Tension_0.5pct,b,0.5,-0.10083269399999983,0.02297910187500002,0.0,7.342154618778953,56,fixed_k3
Strain_b_Tension_0.5pct,b,0.5,-0.09695406999999984,0.02297910187500002,0.0,12.575800264861174,56,fixed_k3
Strain_b_Tension_0.5pct,b,0.5,-0.09307544599999984,0.02297910187500002,0.0,12.454339784377627,56,fixed_k3
Strain_b_Tension_0.5pct,b,0.5,-0.08919682199999984,0.02297910187500002,0.0,8.08127691342115,56,fixed_k3
Strain_b_Tension_0.5pct,b,0.5,-0.08531819799999985,0.02297910187500002,0.0,3.509048021621978,56,fixed_k3
Strain_b_Tension_0.5pct,b,0.5,-0.08143957399999985,0.02297910187500002,0.0,0.6667778562777205,56,fixed_k3
Strain_b_Tension_0.5pct,b,0.5,-0.07756094999999985,0.02297910187500002,0.0,-0.6312652073198382,56,fixed_k3
Strain_b_Tension_0.5pct,b,0.5,-0.07368232599999985,0.02297910187500002,0.0,-1.0524019491917969,56,fixed_k3
Strain_b_Tension_0.5pct,b,0.5,-0.06980370199999986,0.02297910187500002,0.0,-1.074864512441167,56,fixed_k3
Strain_b_Tension_0.5pct,b,0.5,-0.06592507799999986,0.02297910187500002,0.0,-0.9486503384311684,56,fixed_k3
Strain_b_Tension_0.5pct,b,0.5,-0.06204645399999986,0.02297910187500002,0.0,-0.7867279382402972,56,fixed_k3
Strain_b_Tension_0.5pct,b,0.5,-0.058167829999999865,0.02297910187500002,0.0,-0.6349219494766745,56,fixed_k3
Strain_b_Tension_0.5pct,b,0.5,-0.05428920599999987,0.02297910187500002,0.0,-0.5090220625018889,56,fixed_k3
Strain_b_Tension_0.5pct,b,0.5,-0.05041058199999987,0.02297910187500002,0.0,-0.4120632929000604,56,fixed_k3
Strain_b_Tension_0.5pct,b,0.5,-0.04653195799999987,0.02297910187500002,0.0,-0.3418765570234986,56,fixed_k3
Strain_b_Tension_0.5pct,b,0.5,-0.042653333999999876,0.02297910187500002,0.0,-0.2942607832623856,56,fixed_k3
Strain_b_Tension_0.5pct,b,0.5,-0.03877470999999988,0.02297910187500002,0.0,-0.26428413127368655,56,fixed_k3
Strain_b_Tension_0.5pct,b,0.5,-0.03489608599999988,0.02297910187500002,0.0,-0.24683067352382893,56,fixed_k3
Strain_b_Tension_0.5pct,b,0.5,-0.031017461999999885,0.02297910187500002,0.0,-0.2368753510941526,56,fixed_k3
Strain_b_Tension_0.5pct,b,0.5,-0.027138837999999887,0.02297910187500002,0.0,-0.22968712853643647,56,fixed_k3
Strain_b_Tension_0.5pct,b,0.5,-0.02326021399999989,0.02297910187500002,0.0,-0.22103164028548927,56,fixed_k3
Strain_b_Tension_0.5pct,b,0.5,-0.019381589999999893,0.02297910187500002,0.0,-0.2073827643061995,56,fixed_k3
Strain_b_Tension_0.5pct,b,0.5,-0.015502965999999896,0.02297910187500002,0.0,-0.1861209666717829,56,fixed_k3
Strain_b_Tension_0.5pct,b,0.5,-0.011624341999999899,0.02297910187500002,0.0,-0.15568141819330883,56,fixed_k3
Strain_b_Tension_0.5pct,b,0.5,-0.0077457179999999015,0.02297910187500002,0.0,-0.11561299994486962,56,fixed_k3
Strain_b_Tension_0.5pct,b,0.5,-0.0038670939999999043,0.02297910187500002,0.0,-0.06651947389804458,56,fixed_k3
Strain_b_Tension_0.5pct,b,0.5,1.1530000000092855e-05,0.02297910187500002,0.0,-0.00987439984879046,56,fixed_k3
Strain_b_Tension_0.5pct,b,0.5,0.00389015400000009,0.02297910187500002,0.0,0.05227282511232134,56,fixed_k3
Strain_b_Tension_0.5pct,b,0.5,0.007768778000000087,0.02297910187500002,0.0,0.11765824660348434,56,fixed_k3
Strain_b_Tension_0.5pct,b,0.5,0.011647402000000084,0.02297910187500002,0.0,0.1841752499438718,56,fixed_k3
Strain_b_Tension_0.5pct,b,0.5,0.015526026000000082,0.02297910187500002,0.0,0.25019913572499697,56,fixed_k3
Strain_b_Tension_0.5pct,b,0.5,0.01940465000000008,0.02297910187500002,0.0,0.3148193930264329,56,fixed_k3
Strain_b_Tension_0.5pct,b,0.5,0.023283274000000076,0.02297910187500002,0.0,0.3779575329005448,56,fixed_k3
Strain_b_Tension_0.5pct,b,0.5,0.027161898000000073,0.02297910187500002,0.0,0.44037420099912217,56,fixed_k3
Strain_b_Tension_0.5pct,b,0.5,0.03104052200000007,0.02297910187500002,0.0,0.5035916107699857,56,fixed_k3
Strain_b_Tension_0.5pct,b,0.5,0.03491914600000007,0.02297910187500002,0.0,0.5697721305800152,56,fixed_k3
Strain_b_Tension_0.5pct,b,0.5,0.038797770000000065,0.02297910187500002,0.0,0.6416002211721628,56,fixed_k3
Strain_b_Tension_0.5pct,b,0.5,0.04267639400000006,0.02297910187500002,0.0,0.7222137470589403,56,fixed_k3
Strain_b_Tension_0.5pct,b,0.5,0.04655501800000006,0.02297910187500002,0.0,0.8152216047354004,56,fixed_k3
Strain_b_Tension_0.5pct,b,0.5,0.050433642000000056,0.02297910187500002,0.0,0.9248204507814122,56,fixed_k3
Strain_b_Tension_0.5pct,b,0.5,0.05431226600000005,0.02297910187500002,0.0,1.0559588810255027,56,fixed_k3
Strain_b_Tension_0.5pct,b,0.5,0.05819089000000005,0.02297910187500002,0.0,1.21432429622447,56,fixed_k3
Strain_b_Tension_0.5pct,b,0.5,0.06206951400000005,0.02297910187500002,0.0,1.4054781483244294,56,fixed_k3
Strain_b_Tension_0.5pct,b,0.5,0.06594813800000005,0.02297910187500002,0.0,1.6313621048233018,56,fixed_k3
Strain_b_Tension_0.5pct,b,0.5,0.06982676200000004,0.02297910187500002,0.0,1.8799173091688495,56,fixed_k3
Strain_b_Tension_0.5pct,b,0.5,0.07370538600000004,0.02297910187500002,0.0,2.0988850713953964,56,fixed_k3
Strain_b_Tension_0.5pct,b,0.5,0.07758401000000004,0.02297910187500002,0.0,2.139997842382391,56,fixed_k3
Strain_b_Tension_0.5pct,b,0.5,0.08146263400000003,0.02297910187500002,0.0,1.6733661890034228,56,fixed_k3
Strain_b_Tension_0.5pct,b,0.5,0.08534125800000003,0.02297910187500002,0.0,0.17581785405372552,56,fixed_k3
Strain_b_Tension_0.5pct,b,0.5,0.08921988200000003,0.02297910187500002,0.0,-2.6105587963281875,56,fixed_k3
Strain_b_Tension_0.5pct,b,0.5,0.09309850600000003,0.02297910187500002,0.0,-5.3811972890115465,56,fixed_k3
Strain_b_Tension_0.5pct,b,0.5,0.09697713000000002,0.02297910187500002,0.0,-5.0374629532803805,56,fixed_k3
Strain_b_Tension_0.5pct,b,0.5,0.10085575400000002,0.02297910187500002,0.0,-0.7369282267049349,56,fixed_k3
Strain_b_Tension_0.5pct,b,0.5,0.10473437800000002,0.02297910187500002,0.0,3.9054841116862926,56,fixed_k3
Strain_b_Tension_0.5pct,b,0.5,0.10861300200000001,0.02297910187500002,0.0,5.8028665374510355,56,fixed_k3
Strain_b_Tension_0.5pct,b,0.5,0.11249162600000001,0.02297910187500002,0.0,4.72481699182485,56,fixed_k3
Strain_b_Tension_0.5pct,b,0.5,0.11637025000000001,0.02297910187500002,0.0,0.8179170516583113,56,fixed_k3
Strain_b_Tension_0.5pct,b,0.5,0.120248874,0.02297910187500002,0.0,-8.800630384324425,56,fixed_k3
Strain_b_Tension_0.5pct,b,0.5,0.124127498,0.02297910187500002,0.0,-44.573623390143815,56,fixed_k3
Strain_b_Tension_0.5pct,b,0.5,0.128006122,0.02297910187500002,0.0,-363.63244739329593,56,fixed_k3
Strain_b_Tension_0.5pct,b,0.5,0.131884746,0.02297910187500002,0.0,-515.8030104687399,56,fixed_k3
Strain_b_Tension_0.5pct,b,0.5,0.13576337,0.02297910187500002,0.0,-38.66319945525675,56,fixed_k3
Strain_b_Tension_0.5pct,b,0.5,0.139641994,0.02297910187500002,0.0,-5.292867083589167,56,fixed_k3
Strain_b_Tension_0.5pct,b,0.5,0.143520618,0.02297910187500002,0.0,0.4798012469894787,56,fixed_k3
Strain_b_Tension_0.5pct,b,0.5,0.14739924199999999,0.02297910187500002,0.0,2.0807064380693387,56,fixed_k3
Strain_b_Tension_0.5pct,b,0.5,0.15127786599999998,0.02297910187500002,0.0,2.612982498230827,56,fixed_k3
Strain_b_Tension_0.5pct,b,0.5,0.15515649,0.02297910187500002,0.0,2.777903093733542,56,fixed_k3
Strain_b_Tension_0.5pct,b,0.5,-0.1551334299999998,0.02626574000000001,0.0,2.1303412723518944,56,fixed_k3
Strain_b_Tension_0.5pct,b,0.5,-0.1512548059999998,0.02626574000000001,0.0,2.121058125023973,56,fixed_k3
Strain_b_Tension_0.5pct,b,0.5,-0.1473761819999998,0.02626574000000001,0.0,1.7673281578319642,56,fixed_k3
Strain_b_Tension_0.5pct,b,0.5,-0.1434975579999998,0.02626574000000001,0.0,0.380363801337966,56,fixed_k3
Strain_b_Tension_0.5pct,b,0.5,-0.1396189339999998,0.02626574000000001,0.0,-4.94409908352537,56,fixed_k3
Strain_b_Tension_0.5pct,b,0.5,-0.1357403099999998,0.02626574000000001,0.0,-34.51564919752086,56,fixed_k3
Strain_b_Tension_0.5pct,b,0.5,-0.1318616859999998,0.02626574000000001,0.0,-454.32908791896546,56,fixed_k3
Strain_b_Tension_0.5pct,b,0.5,-0.12798306199999981,0.02626574000000001,0.0,-447.73122335888723,56,fixed_k3
Strain_b_Tension_0.5pct,b,0.5,-0.12410443799999982,0.02626574000000001,0.0,-50.62445474731452,56,fixed_k3
Strain_b_Tension_0.5pct,b,0.5,-0.12022581399999982,0.02626574000000001,0.0,-15.967388607290854,56,fixed_k3
Strain_b_Tension_0.5pct,b,0.5,-0.11634718999999982,0.02626574000000001,0.0,-8.53809056002602,56,fixed_k3
Strain_b_Tension_0.5pct,b,0.5,-0.11246856599999983,0.02626574000000001,0.0,-5.71316561059482,56,fixed_k3
Strain_b_Tension_0.5pct,b,0.5,-0.10858994199999983,0.02626574000000001,0.0,-2.9344025621639926,56,fixed_k3
Strain_b_Tension_0.5pct,b,0.5,-0.10471131799999983,0.02626574000000001,0.0,1.8338655178802812,56,fixed_k3
Strain_b_Tension_0.5pct,b,0.5,-0.10083269399999983,0.02626574000000001,0.0,8.489027624885326,56,fixed_k3
Strain_b_Tension_0.5pct,b,0.5,-0.09695406999999984,0.02626574000000001,0.0,13.431336538502645,56,fixed_k3
Strain_b_Tension_0.5pct,b,0.5,-0.09307544599999984,0.02626574000000001,0.0,12.884912829959749,56,fixed_k3
Strain_b_Tension_0.5pct,b,0.5,-0.08919682199999984,0.02626574000000001,0.0,8.295982963377586,56,fixed_k3
Strain_b_Tension_0.5pct,b,0.5,-0.08531819799999985,0.02626574000000001,0.0,3.660970219123735,56,fixed_k3
Strain_b_Tension_0.5pct,b,0.5,-0.08143957399999985,0.02626574000000001,0.0,0.7869227573537458,56,fixed_k3
Strain_b_Tension_0.5pct,b,0.5,-0.07756094999999985,0.02626574000000001,0.0,-0.5415141276915438,56,fixed_k3
Strain_b_Tension_0.5pct,b,0.5,-0.07368232599999985,0.02626574000000001,0.0,-0.9874801340904168,56,fixed_k3
Strain_b_Tension_0.5pct,b,0.5,-0.06980370199999986,0.02626574000000001,0.0,-1.0265563331688707,56,fixed_k3
Strain_b_Tension_0.5pct,b,0.5,-0.06592507799999986,0.02626574000000001,0.0,-0.9101619376412328,56,fixed_k3
Strain_b_Tension_0.5pct,b,0.5,-0.06204645399999986,0.02626574000000001,0.0,-0.7537567423180421,56,fixed_k3
Strain_b_Tension_0.5pct,b,0.5,-0.058167829999999865,0.02626574000000001,0.0,-0.6052189833740791,56,fixed_k3
Strain_b_Tension_0.5pct,b,0.5,-0.05428920599999987,0.02626574000000001,0.0,-0.48166974954704034,56,fixed_k3
Strain_b_Tension_0.5pct,b,0.5,-0.05041058199999987,0.02626574000000001,0.0,-0.3868908883035056,56,fixed_k3
Strain_b_Tension_0.5pct,b,0.5,-0.04653195799999987,0.02626574000000001,0.0,-0.3190728469998956,56,fixed_k3
Strain_b_Tension_0.5pct,b,0.5,-0.042653333999999876,0.02626574000000001,0.0,-0.2741409224396154,56,fixed_k3
Strain_b_Tension_0.5pct,b,0.5,-0.03877470999999988,0.02626574000000001,0.0,-0.24715763211164854,56,fixed_k3
Strain_b_Tension_0.5pct,b,0.5,-0.03489608599999988,0.02626574000000001,0.0,-0.23293064332284352,56,fixed_k3
Strain_b_Tension_0.5pct,b,0.5,-0.031017461999999885,0.02626574000000001,0.0,-0.22632316548211118,56,fixed_k3
Strain_b_Tension_0.5pct,b,0.5,-0.027138837999999887,0.02626574000000001,0.0,-0.2224770465475765,56,fixed_k3
Strain_b_Tension_0.5pct,b,0.5,-0.02326021399999989,0.02626574000000001,0.0,-0.21702653798785254,56,fixed_k3
Strain_b_Tension_0.5pct,b,0.5,-0.019381589999999893,0.02626574000000001,0.0,-0.20631626930606073,56,fixed_k3
Strain_b_Tension_0.5pct,b,0.5,-0.015502965999999896,0.02626574000000001,0.0,-0.18760376367714526,56,fixed_k3
Strain_b_Tension_0.5pct,b,0.5,-0.011624341999999899,0.02626574000000001,0.0,-0.15921099584819987,56,fixed_k3
Strain_b_Tension_0.5pct,b,0.5,-0.0077457179999999015,0.02626574000000001,0.0,-0.12058696849856021,56,fixed_k3
Strain_b_Tension_0.5pct,b,0.5,-0.0038670939999999043,0.02626574000000001,0.0,-0.07225295148401234,56,fixed_k3
Strain_b_Tension_0.5pct,b,0.5,1.1530000000092855e-05,0.02626574000000001,0.0,-0.015621890732415933,56,fixed_k3
Strain_b_Tension_0.5pct,b,0.5,0.00389015400000009,0.02626574000000001,0.0,0.04729110936929937,56,fixed_k3
Strain_b_Tension_0.5pct,b,0.5,0.007768778000000087,0.02626574000000001,0.0,0.11422642725044019,56,fixed_k3
Strain_b_Tension_0.5pct,b,0.5,0.011647402000000084,0.02626574000000001,0.0,0.1830498166627178,56,fixed_k3
Strain_b_Tension_0.5pct,b,0.5,0.015526026000000082,0.02626574000000001,0.0,0.2520772614273873,56,fixed_k3
Strain_b_Tension_0.5pct,b,0.5,0.01940465000000008,0.02626574000000001,0.0,0.32031006800598716,56,fixed_k3
Strain_b_Tension_0.5pct,b,0.5,0.023283274000000076,0.02626574000000001,0.0,0.3875578409667837,56,fixed_k3
Strain_b_Tension_0.5pct,b,0.5,0.027161898000000073,0.02626574000000001,0.0,0.4544524562930199,56,fixed_k3
Strain_b_Tension_0.5pct,b,0.5,0.03104052200000007,0.02626574000000001,0.0,0.5223783122726668,56,fixed_k3
Strain_b_Tension_0.5pct,b,0.5,0.03491914600000007,0.02626574000000001,0.0,0.5933590723666026,56,fixed_k3
Strain_b_Tension_0.5pct,b,0.5,0.038797770000000065,0.02626574000000001,0.0,0.6699479278700479,56,fixed_k3
Strain_b_Tension_0.5pct,b,0.5,0.04267639400000006,0.02626574000000001,0.0,0.7551679814671041,56,fixed_k3
Strain_b_Tension_0.5pct,b,0.5,0.04655501800000006,0.02626574000000001,0.0,0.8525413593848159,56,fixed_k3
Strain_b_Tension_0.5pct,b,0.5,0.050433642000000056,0.02626574000000001,0.0,0.9662231567103619,56,fixed_k3
Strain_b_Tension_0.5pct,b,0.5,0.05431226600000005,0.02626574000000001,0.0,1.1011948090672268,56,fixed_k3
Strain_b_Tension_0.5pct,b,0.5,0.05819089000000005,0.02626574000000001,0.0,1.263304508532805,56,fixed_k3
Strain_b_Tension_0.5pct,b,0.5,0.06206951400000005,0.02626574000000001,0.0,1.4585075912322938,56,fixed_k3
Strain_b_Tension_0.5pct,b,0.5,0.06594813800000005,0.02626574000000001,0.0,1.6895951842724528,56,fixed_k3
Strain_b_Tension_0.5pct,b,0.5,0.06982676200000004,0.02626574000000001,0.0,1.9463173265174545,56,fixed_k3
Strain_b_Tension_0.5pct,b,0.5,0.07370538600000004,0.02626574000000001,0.0,2.1803479473733516,56,fixed_k3
Strain_b_Tension_0.5pct,b,0.5,0.07758401000000004,0.02626574000000001,0.0,2.251916651867214,56,fixed_k3
Strain_b_Tension_0.5pct,b,0.5,0.08146263400000003,0.02626574000000001,0.0,1.8474309231587411,56,fixed_k3
Strain_b_Tension_0.5pct,b,0.5,0.08534125800000003,0.02626574000000001,0.0,0.4628153196428877,56,fixed_k3
Strain_b_Tension_0.5pct,b,0.5,0.08921988200000003,0.02626574000000001,0.0,-2.1830410254483468,56,fixed_k3
Strain_b_Tension_0.5pct,b,0.5,0.09309850600000003,0.02626574000000001,0.0,-4.93692563395281,56,fixed_k3
Strain_b_Tension_0.5pct,b,0.5,0.09697713000000002,0.02626574000000001,0.0,-4.855546222039441,56,fixed_k3
Strain_b_Tension_0.5pct,b,0.5,0.10085575400000002,0.02626574000000001,0.0,-0.8660434561307077,56,fixed_k3
Strain_b_Tension_0.5pct,b,0.5,0.10473437800000002,0.02626574000000001,0.0,3.7258735819221673,56,fixed_k3
Strain_b_Tension_0.5pct,b,0.5,0.10861300200000001,0.02626574000000001,0.0,5.687326517734518,56,fixed_k3
Strain_b_Tension_0.5pct,b,0.5,0.11249162600000001,0.02626574000000001,0.0,4.47351495958267,56,fixed_k3
Strain_b_Tension_0.5pct,b,0.5,0.11637025000000001,0.02626574000000001,0.0,-0.13683736599586716,56,fixed_k3
Strain_b_Tension_0.5pct,b,0.5,0.120248874,0.02626574000000001,0.0,-12.312833854696922,56,fixed_k3
Strain_b_Tension_0.5pct,b,0.5,0.124127498,0.02626574000000001,0.0,-62.202310246739145,56,fixed_k3
Strain_b_Tension_0.5pct,b,0.5,0.128006122,0.02626574000000001,0.0,-610.5709825372873,56,fixed_k3
Strain_b_Tension_0.5pct,b,0.5,0.131884746,0.02626574000000001,0.0,-556.3846175588957,56,fixed_k3
Strain_b_Tension_0.5pct,b,0.5,0.13576337,0.02626574000000001,0.0,-39.50134526414014,56,fixed_k3
Strain_b_Tension_0.5pct,b,0.5,0.139641994,0.02626574000000001,0.0,-5.408072964175173,56,fixed_k3
Strain_b_Tension_0.5pct,b,0.5,0.143520618,0.02626574000000001,0.0,0.6492851016863441,56,fixed_k3
Strain_b_Tension_0.5pct,b,0.5,0.14739924199999999,0.02626574000000001,0.0,2.3374452196969386,56,fixed_k3
Strain_b_Tension_0.5pct,b,0.5,0.15127786599999998,0.02626574000000001,0.0,2.8896422108576703,56,fixed_k3
Strain_b_Tension_0.5pct,b,0.5,0.15515649,0.02626574000000001,0.0,3.050633718990363,56,fixed_k3
Strain_b_Tension_0.5pct,b,0.5,-0.1551334299999998,0.029552378125,0.0,2.5257705723006314,56,fixed_k3
Strain_b_Tension_0.5pct,b,0.5,-0.1512548059999998,0.029552378125,0.0,2.5344623172607204,56,fixed_k3
Strain_b_Tension_0.5pct,b,0.5,-0.1473761819999998,0.029552378125,0.0,2.1838948970009096,56,fixed_k3
Strain_b_Tension_0.5pct,b,0.5,-0.1434975579999998,0.029552378125,0.0,0.7673041145166105,56,fixed_k3
Strain_b_Tension_0.5pct,b,0.5,-0.1396189339999998,0.029552378125,0.0,-4.630693166715912,56,fixed_k3
Strain_b_Tension_0.5pct,b,0.5,-0.1357403099999998,0.029552378125,0.0,-33.71226313741632,56,fixed_k3
Strain_b_Tension_0.5pct,b,0.5,-0.1318616859999998,0.029552378125,0.0,-455.45089819659484,56,fixed_k3
Strain_b_Tension_0.5pct,b,0.5,-0.12798306199999981,0.029552378125,0.0,-823.7877982599043,56,fixed_k3
Strain_b_Tension_0.5pct,b,0.5,-0.12410443799999982,0.029552378125,0.0,-71.59971959677394,56,fixed_k3
Strain_b_Tension_0.5pct,b,0.5,-0.12022581399999982,0.029552378125,0.0,-20.24702223965463,56,fixed_k3
Strain_b_Tension_0.5pct,b,0.5,-0.11634718999999982,0.029552378125,0.0,-9.804633425897196,56,fixed_k3
Strain_b_Tension_0.5pct,b,0.5,-0.11246856599999983,0.029552378125,0.0,-5.843525781031172,56,fixed_k3
Strain_b_Tension_0.5pct,b,0.5,-0.10858994199999983,0.029552378125,0.0,-2.335335930322577,56,fixed_k3
Strain_b_Tension_0.5pct,b,0.5,-0.10471131799999983,0.029552378125,0.0,2.964219819386437,56,fixed_k3
Strain_b_Tension_0.5pct,b,0.5,-0.10083269399999983,0.029552378125,0.0,9.740409183697723,56,fixed_k3
Strain_b_Tension_0.5pct,b,0.5,-0.09695406999999984,0.029552378125,0.0,14.290113461271496,56,fixed_k3
Strain_b_Tension_0.5pct,b,0.5,-0.09307544599999984,0.029552378125,0.0,13.261246312592158,56,fixed_k3
Strain_b_Tension_0.5pct,b,0.5,-0.08919682199999984,0.029552378125,0.0,8.457403459660934,56,fixed_k3
Strain_b_Tension_0.5pct,b,0.5,-0.08531819799999985,0.029552378125,0.0,3.779714800728507,56,fixed_k3
Strain_b_Tension_0.5pct,b,0.5,-0.08143957399999985,0.029552378125,0.0,0.8899683354991066,56,fixed_k3
Strain_b_Tension_0.5pct,b,0.5,-0.07756094999999985,0.029552378125,0.0,-0.4602367238881635,56,fixed_k3
Strain_b_Tension_0.5pct,b,0.5,-0.07368232599999985,0.029552378125,0.0,-0.9272451404187776,56,fixed_k3
Strain_b_Tension_0.5pct,b,0.5,-0.06980370199999986,0.029552378125,0.0,-0.9814965564485802,56,fixed_k3
Strain_b_Tension_0.5pct,b,0.5,-0.06592507799999986,0.029552378125,0.0,-0.8744546031079352,56,fixed_k3
Strain_b_Tension_0.5pct,b,0.5,-0.06204645399999986,0.029552378125,0.0,-0.7234470016740069,56,fixed_k3
Strain_b_Tension_0.5pct,b,0.5,-0.058167829999999865,0.029552378125,0.0,-0.578154328790952,56,fixed_k3
Strain_b_Tension_0.5pct,b,0.5,-0.05428920599999987,0.029552378125,0.0,-0.4569381628168747,56,fixed_k3
Strain_b_Tension_0.5pct,b,0.5,-0.05041058199999987,0.029552378125,0.0,-0.36429992316520055,56,fixed_k3
Strain_b_Tension_0.5pct,b,0.5,-0.04653195799999987,0.029552378125,0.0,-0.29878571731495496,56,fixed_k3
Strain_b_Tension_0.5pct,b,0.5,-0.042653333999999876,0.029552378125,0.0,-0.25645098400379984,56,fixed_k3
Strain_b_Tension_0.5pct,b,0.5,-0.03877470999999988,0.029552378125,0.0,-0.2323582680234193,56,fixed_k3
Strain_b_Tension_0.5pct,b,0.5,-0.03489608599999988,0.029552378125,0.0,-0.22124452429127994,56,fixed_k3
Strain_b_Tension_0.5pct,b,0.5,-0.031017461999999885,0.029552378125,0.0,-0.2178664672628352,56,fixed_k3
Strain_b_Tension_0.5pct,b,0.5,-0.027138837999999887,0.029552378125,0.0,-0.21724354437337845,56,fixed_k3
Strain_b_Tension_0.5pct,b,0.5,-0.02326021399999989,0.029552378125,0.0,-0.21488280334685472,56,fixed_k3
Strain_b_Tension_0.5pct,b,0.5,-0.019381589999999893,0.029552378125,0.0,-0.20700318626009662,56,fixed_k3
Strain_b_Tension_0.5pct,b,0.5,-0.015502965999999896,0.029552378125,0.0,-0.19074206654836456,56,fixed_k3
Strain_b_Tension_0.5pct,b,0.5,-0.011624341999999899,0.029552378125,0.0,-0.16431007740975812,56,fixed_k3
Strain_b_Tension_0.5pct,b,0.5,-0.0077457179999999015,0.029552378125,0.0,-0.127057132790533,56,fixed_k3
Strain_b_Tension_0.5pct,b,0.5,-0.0038670939999999043,0.029552378125,0.0,-0.07942171274028997,56,fixed_k3
Strain_b_Tension_0.5pct,b,0.5,1.1530000000092855e-05,0.029552378125,0.0,-0.022754876985788042,56,fixed_k3
Strain_b_Tension_0.5pct,b,0.5,0.00389015400000009,0.029552378125,0.0,0.04096457143446619,56,fixed_k3
Strain_b_Tension_0.5pct,b,0.5,0.007768778000000087,0.029552378125,0.0,0.10948377580731516,56,fixed_k3
Strain_b_Tension_0.5pct,b,0.5,0.011647402000000084,0.029552378125,0.0,0.1806434045163915,56,fixed_k3
Strain_b_Tension_0.5pct,b,0.5,0.015526026000000082,0.029552378125,0.0,0.2527025605386921,56,fixed_k3
Strain_b_Tension_0.5pct,b,0.5,0.01940465000000008,0.029552378125,0.0,0.3245766125429066,56,fixed_k3
Strain_b_Tension_0.5pct,b,0.5,0.023283274000000076,0.029552378125,0.0,0.3959653939926029,56,fixed_k3
Strain_b_Tension_0.5pct,b,0.5,0.027161898000000073,0.029552378125,0.0,0.46737425453165404,56,fixed_k3
Strain_b_Tension_0.5pct,b,0.5,0.03104052200000007,0.029552378125,0.0,0.5400524122661354,56,fixed_k3
Strain_b_Tension_0.5pct,b,0.5,0.03491914600000007,0.029552378125,0.0,0.6158880933341084,56,fixed_k3
Strain_b_Tension_0.5pct,b,0.5,0.038797770000000065,0.029552378125,0.0,0.6973071603134232,56,fixed_k3
Strain_b_Tension_0.5pct,b,0.5,0.04267639400000006,0.029552378125,0.0,0.7872221663627694,56,fixed_k3
Strain_b_Tension_0.5pct,b,0.5,0.04655501800000006,0.029552378125,0.0,0.8890717013338834,56,fixed_k3
Strain_b_Tension_0.5pct,b,0.5,0.050433642000000056,0.029552378125,0.0,1.0069687328221568,56,fixed_k3
Strain_b_Tension_0.5pct,b,0.5,0.05431226600000005,0.029552378125,0.0,1.145917482100245,56,fixed_k3
Strain_b_Tension_0.5pct,b,0.5,0.05819089000000005,0.029552378125,0.0,1.311896606900738,56,fixed_k3
Strain_b_Tension_0.5pct,b,0.5,0.06206951400000005,0.029552378125,0.0,1.5111853934021136,56,fixed_k3
Strain_b_Tension_0.5pct,b,0.5,0.06594813800000005,0.029552378125,0.0,1.7472828689093702,56,fixed_k3
Strain_b_Tension_0.5pct,b,0.5,0.06982676200000004,0.029552378125,0.0,2.0114893163495813,56,fixed_k3
Strain_b_Tension_0.5pct,b,0.5,0.07370538600000004,0.029552378125,0.0,2.2589934415060475,56,fixed_k3
Strain_b_Tension_0.5pct,b,0.5,0.07758401000000004,0.029552378125,0.0,2.357978353500231,56,fixed_k3
Strain_b_Tension_0.5pct,b,0.5,0.08146263400000003,0.029552378125,0.0,2.010790873098103,56,fixed_k3
Strain_b_Tension_0.5pct,b,0.5,0.08534125800000003,0.029552378125,0.0,0.7332562332603844,56,fixed_k3
Strain_b_Tension_0.5pct,b,0.5,0.08921988200000003,0.029552378125,0.0,-1.7756202705487838,56,fixed_k3
Strain_b_Tension_0.5pct,b,0.5,0.09309850600000003,0.029552378125,0.0,-4.512512390107581,56,fixed_k3
Strain_b_Tension_0.5pct,b,0.5,0.09697713000000002,0.029552378125,0.0,-4.706016432595545,56,fixed_k3
Strain_b_Tension_0.5pct,b,0.5,0.10085575400000002,0.029552378125,0.0,-1.0638940885374468,56,fixed_k3
Strain_b_Tension_0.5pct,b,0.5,0.10473437800000002,0.029552378125,0.0,3.457260709227846,56,fixed_k3
Strain_b_Tension_0.5pct,b,0.5,0.10861300200000001,0.029552378125,0.0,5.488677033902582,56,fixed_k3
Strain_b_Tension_0.5pct,b,0.5,0.11249162600000001,0.029552378125,0.0,4.112274399418237,56,fixed_k3
Strain_b_Tension_0.5pct,b,0.5,0.11637025000000001,0.029552378125,0.0,-1.385739474138268,56,fixed_k3
Strain_b_Tension_0.5pct,b,0.5,0.120248874,0.029552378125,0.0,-17.01280660135167,56,fixed_k3
Strain_b_Tension_0.5pct,b,0.5,0.124127498,0.029552378125,0.0,-88.5487259923046,56,fixed_k3
Strain_b_Tension_0.5pct,b,0.5,0.128006122,0.029552378125,0.0,-1131.342994872494,56,fixed_k3
Strain_b_Tension_0.5pct,b,0.5,0.131884746,0.029552378125,0.0,-555.870107181418,56,fixed_k3
Strain_b_Tension_0.5pct,b,0.5,0.13576337,0.029552378125,0.0,-39.02426786737734,56,fixed_k3
Strain_b_Tension_0.5pct,b,0.5,0.139641994,0.029552378125,0.0,-5.30655738975697,56,fixed_k3
Strain_b_Tension_0.5pct,b,0.5,0.143520618,0.029552378125,0.0,0.8767483387256141,56,fixed_k3
Strain_b_Tension_0.5pct,b,0.5,0.14739924199999999,0.029552378125,0.0,2.610398908735163,56,fixed_k3
Strain_b_Tension_0.5pct,b,0.5,0.15127786599999998,0.029552378125,0.0,3.1674510616082423,56,fixed_k3
Strain_b_Tension_0.5pct,b,0.5,0.15515649,0.029552378125,0.0,3.318148803563359,56,fixed_k3
Strain_b_Tension_0.5pct,b,0.5,-0.1551334299999998,0.03283901624999999,0.0,2.9265808335338406,56,fixed_k3
Strain_b_Tension_0.5pct,b,0.5,-0.1512548059999998,0.03283901624999999,0.0,2.960706728176282,56,fixed_k3
Strain_b_Tension_0.5pct,b,0.5,-0.1473761819999998,0.03283901624999999,0.0,2.6286396214730368,56,fixed_k3
Strain_b_Tension_0.5pct,b,0.5,-0.1434975579999998,0.03283901624999999,0.0,1.2205135840432342,56,fixed_k3
Strain_b_Tension_0.5pct,b,0.5,-0.1396189339999998,0.03283901624999999,0.0,-4.121233321104861,56,fixed_k3
Strain_b_Tension_0.5pct,b,0.5,-0.1357403099999998,0.03283901624999999,0.0,-31.923270469511635,56,fixed_k3
Strain_b_Tension_0.5pct,b,0.5,-0.1318616859999998,0.03283901624999999,0.0,-422.395859500615,56,fixed_k3
Strain_b_Tension_0.5pct,b,0.5,-0.12798306199999981,0.03283901624999999,0.0,-1740.2974945498597,56,fixed_k3
Strain_b_Tension_0.5pct,b,0.5,-0.12410443799999982,0.03283901624999999,0.0,-103.8558483032167,56,fixed_k3
Strain_b_Tension_0.5pct,b,0.5,-0.12022581399999982,0.03283901624999999,0.0,-25.92402988938244,56,fixed_k3
Strain_b_Tension_0.5pct,b,0.5,-0.11634718999999982,0.03283901624999999,0.0,-11.343645235719638,56,fixed_k3
Strain_b_Tension_0.5pct,b,0.5,-0.11246856599999983,0.03283901624999999,0.0,-5.939403741899355,56,fixed_k3
Strain_b_Tension_0.5pct,b,0.5,-0.10858994199999983,0.03283901624999999,0.0,-1.5745100820560607,56,fixed_k3
Strain_b_Tension_0.5pct,b,0.5,-0.10471131799999983,0.03283901624999999,0.0,4.278706225290525,56,fixed_k3
Strain_b_Tension_0.5pct,b,0.5,-0.10083269399999983,0.03283901624999999,0.0,11.094215922687953,56,fixed_k3
Strain_b_Tension_0.5pct,b,0.5,-0.09695406999999984,0.03283901624999999,0.0,15.13700109985269,56,fixed_k3
Strain_b_Tension_0.5pct,b,0.5,-0.09307544599999984,0.03283901624999999,0.0,13.573956634836557,56,fixed_k3
Strain_b_Tension_0.5pct,b,0.5,-0.08919682199999984,0.03283901624999999,0.0,8.562597182318415,56,fixed_k3
Strain_b_Tension_0.5pct,b,0.5,-0.08531819799999985,0.03283901624999999,0.0,3.864295867082757,56,fixed_k3
Strain_b_Tension_0.5pct,b,0.5,-0.08143957399999985,0.03283901624999999,0.0,0.9753141422634606,56,fixed_k3
Strain_b_Tension_0.5pct,b,0.5,-0.07756094999999985,0.03283901624999999,0.0,-0.3878261054576442,56,fixed_k3
Strain_b_Tension_0.5pct,b,0.5,-0.07368232599999985,0.03283901624999999,0.0,-0.8719237325164111,56,fixed_k3
Strain_b_Tension_0.5pct,b,0.5,-0.06980370199999986,0.03283901624999999,0.0,-0.9398137616803279,56,fixed_k3
Strain_b_Tension_0.5pct,b,0.5,-0.06592507799999986,0.03283901624999999,0.0,-0.8416160402803441,56,fixed_k3
Strain_b_Tension_0.5pct,b,0.5,-0.06204645399999986,0.03283901624999999,0.0,-0.6958784238681321,56,fixed_k3
Strain_b_Tension_0.5pct,b,0.5,-0.058167829999999865,0.03283901624999999,0.0,-0.5538139729457779,56,fixed_k3
Strain_b_Tension_0.5pct,b,0.5,-0.05428920599999987,0.03283901624999999,0.0,-0.4349235179811206,56,fixed_k3
Strain_b_Tension_0.5pct,b,0.5,-0.05041058199999987,0.03283901624999999,0.0,-0.34439611285069793,56,fixed_k3
Strain_b_Tension_0.5pct,b,0.5,-0.04653195799999987,0.03283901624999999,0.0,-0.2811280364570081,56,fixed_k3
Strain_b_Tension_0.5pct,b,0.5,-0.042653333999999876,0.03283901624999999,0.0,-0.24130846008798623,56,fixed_k3
Strain_b_Tension_0.5pct,b,0.5,-0.03877470999999988,0.03283901624999999,0.0,-0.22000601538548503,56,fixed_k3
Strain_b_Tension_0.5pct,b,0.5,-0.03489608599999988,0.03283901624999999,0.0,-0.21189318672291824,56,fixed_k3
Strain_b_Tension_0.5pct,b,0.5,-0.031017461999999885,0.03283901624999999,0.0,-0.21162595819342556,56,fixed_k3
Strain_b_Tension_0.5pct,b,0.5,-0.027138837999999887,0.03283901624999999,0.0,-0.21410653435827443,56,fixed_k3
Strain_b_Tension_0.5pct,b,0.5,-0.02326021399999989,0.03283901624999999,0.0,-0.21471928349841907,56,fixed_k3
Strain_b_Tension_0.5pct,b,0.5,-0.019381589999999893,0.03283901624999999,0.0,-0.20956128503337157,56,fixed_k3
Strain_b_Tension_0.5pct,b,0.5,-0.015502965999999896,0.03283901624999999,0.0,-0.1956527635732772,56,fixed_k3
Strain_b_Tension_0.5pct,b,0.5,-0.011624341999999899,0.03283901624999999,0.0,-0.17109504348962756,56,fixed_k3
Strain_b_Tension_0.5pct,b,0.5,-0.0077457179999999015,0.03283901624999999,0.0,-0.13513990908369322,56,fixed_k3
Strain_b_Tension_0.5pct,b,0.5,-0.0038670939999999043,0.03283901624999999,0.0,-0.08814292360555309,56,fixed_k3
Strain_b_Tension_0.5pct,b,0.5,1.1530000000092855e-05,0.03283901624999999,0.0,-0.03139215695482034,56,fixed_k3
Strain_b_Tension_0.5pct,b,0.5,0.00389015400000009,0.03283901624999999,0.0,0.03317174693153746,56,fixed_k3
Strain_b_Tension_0.5pct,b,0.5,0.007768778000000087,0.03283901624999999,0.0,0.10330501928788771,56,fixed_k3
Strain_b_Tension_0.5pct,b,0.5,0.011647402000000084,0.03283901624999999,0.0,0.17682574817140584,56,fixed_k3
Strain_b_Tension_0.5pct,b,0.5,0.015526026000000082,0.03283901624999999,0.0,0.2519386392416778,56,fixed_k3
Strain_b_Tension_0.5pct,b,0.5,0.01940465000000008,0.03283901624999999,0.0,0.3274755160790017,56,fixed_k3
Strain_b_Tension_0.5pct,b,0.5,0.023283274000000076,0.03283901624999999,0.0,0.4030288255365324,56,fixed_k3
Strain_b_Tension_0.5pct,b,0.5,0.027161898000000073,0.03283901624999999,0.0,0.47897997690490346,56,fixed_k3
Strain_b_Tension_0.5pct,b,0.5,0.03104052200000007,0.03283901624999999,0.0,0.5564460663948119,56,fixed_k3
Strain_b_Tension_0.5pct,b,0.5,0.03491914600000007,0.03283901624999999,0.0,0.6371836389432193,56,fixed_k3
Strain_b_Tension_0.5pct,b,0.5,0.038797770000000065,0.03283901624999999,0.0,0.7234957047756486,56,fixed_k3
Strain_b_Tension_0.5pct,b,0.5,0.04267639400000006,0.03283901624999999,0.0,0.8181890369324962,56,fixed_k3
Strain_b_Tension_0.5pct,b,0.5,0.04655501800000006,0.03283901624999999,0.0,0.9246224576166528,56,fixed_k3
Strain_b_Tension_0.5pct,b,0.5,0.050433642000000056,0.03283901624999999,0.0,1.0468666746725153,56,fixed_k3
Strain_b_Tension_0.5pct,b,0.5,0.05431226600000005,0.03283901624999999,0.0,1.1899388370458621,56,fixed_k3
Strain_b_Tension_0.5pct,b,0.5,0.05819089000000005,0.03283901624999999,0.0,1.3599174806802914,56,fixed_k3
Strain_b_Tension_0.5pct,b,0.5,0.06206951400000005,0.03283901624999999,0.0,1.5633348440714778,56,fixed_k3
Strain_b_Tension_0.5pct,b,0.5,0.06594813800000005,0.03283901624999999,0.0,1.804253806691319,56,fixed_k3
Strain_b_Tension_0.5pct,b,0.5,0.06982676200000004,0.03283901624999999,0.0,2.075260619572158,56,fixed_k3
Strain_b_Tension_0.5pct,b,0.5,0.07370538600000004,0.03283901624999999,0.0,2.3346259819896775,56,fixed_k3
Strain_b_Tension_0.5pct,b,0.5,0.07758401000000004,0.03283901624999999,0.0,2.457898383544163,56,fixed_k3
Strain_b_Tension_0.5pct,b,0.5,0.08146263400000003,0.03283901624999999,0.0,2.1628928361588224,56,fixed_k3
Strain_b_Tension_0.5pct,b,0.5,0.08534125800000003,0.03283901624999999,0.0,0.9860170396850112,56,fixed_k3
Strain_b_Tension_0.5pct,b,0.5,0.08921988200000003,0.03283901624999999,0.0,-1.3896658346126378,56,fixed_k3
Strain_b_Tension_0.5pct,b,0.5,0.09309850600000003,0.03283901624999999,0.0,-4.106330529383077,56,fixed_k3
Strain_b_Tension_0.5pct,b,0.5,0.09697713000000002,0.03283901624999999,0.0,-4.5801533008180035,56,fixed_k3
Strain_b_Tension_0.5pct,b,0.5,0.10085575400000002,0.03283901624999999,0.0,-1.3219062065912002,56,fixed_k3
Strain_b_Tension_0.5pct,b,0.5,0.10473437800000002,0.03283901624999999,0.0,3.0966436744285275,56,fixed_k3
Strain_b_Tension_0.5pct,b,0.5,0.10861300200000001,0.03283901624999999,0.0,5.192770510312943,56,fixed_k3
Strain_b_Tension_0.5pct,b,0.5,0.11249162600000001,0.03283901624999999,0.0,3.6116091243634916,56,fixed_k3
Strain_b_Tension_0.5pct,b,0.5,0.11637025000000001,0.03283901624999999,0.0,-3.0227266989103665,56,fixed_k3
Strain_b_Tension_0.5pct,b,0.5,0.120248874,0.03283901624999999,0.0,-23.390643815907193,56,fixed_k3
Strain_b_Tension_0.5pct,b,0.5,0.124127498,0.03283901624999999,0.0,-129.5146963014005,56,fixed_k3
Strain_b_Tension_0.5pct,b,0.5,0.128006122,0.03283901624999999,0.0,-2436.0776933137277,56,fixed_k3
Strain_b_Tension_0.5pct,b,0.5,0.131884746,0.03283901624999999,0.0,-514.2050383558372,56,fixed_k3
Strain_b_Tension_0.5pct,b,0.5,0.13576337,0.03283901624999999,0.0,-37.3955641030951,56,fixed_k3
Strain_b_Tension_0.5pct,b,0.5,0.139641994,0.03283901624999999,0.0,-4.996335292756013,56,fixed_k3
Strain_b_Tension_0.5pct,b,0.5,0.143520618,0.03283901624999999,0.0,1.1627798363465105,56,fixed_k3
Strain_b_Tension_0.5pct,b,0.5,0.14739924199999999,0.03283901624999999,0.0,2.900308574155701,56,fixed_k3
Strain_b_Tension_0.5pct,b,0.5,0.15127786599999998,0.03283901624999999,0.0,3.446811059990466,56,fixed_k3
Strain_b_Tension_0.5pct,b,0.5,0.15515649,0.03283901624999999,0.0,3.580630146958016,56,fixed_k3
Strain_b_Tension_0.5pct,b,0.5,-0.1551334299999998,0.03612565437500001,0.0,3.3312072117498066,56,fixed_k3
Strain_b_Tension_0.5pct,b,0.5,-0.1512548059999998,0.03612565437500001,0.0,3.39829703338627,56,fixed_k3
Strain_b_Tension_0.5pct,b,0.5,-0.1473761819999998,0.03612565437500001,0.0,3.09991161392983,56,fixed_k3
Strain_b_Tension_0.5pct,b,0.5,-0.1434975579999998,0.03612565437500001,0.0,1.736391727293975,56,fixed_k3
Strain_b_Tension_0.5pct,b,0.5,-0.1396189339999998,0.03612565437500001,0.0,-3.4351280894203122,56,fixed_k3
Strain_b_Tension_0.5pct,b,0.5,-0.1357403099999998,0.03612565437500001,0.0,-29.363054665237218,56,fixed_k3
Strain_b_Tension_0.5pct,b,0.5,-0.1318616859999998,0.03612565437500001,0.0,-365.5831475407965,56,fixed_k3
Strain_b_Tension_0.5pct,b,0.5,-0.12798306199999981,0.03612565437500001,0.0,-4598.157655379973,56,fixed_k3
Strain_b_Tension_0.5pct,b,0.5,-0.12410443799999982,0.03612565437500001,0.0,-155.64124485071076,56,fixed_k3
Strain_b_Tension_0.5pct,b,0.5,-0.12022581399999982,0.03612565437500001,0.0,-33.522800532048194,56,fixed_k3
Strain_b_Tension_0.5pct,b,0.5,-0.11634718999999982,0.03612565437500001,0.0,-13.191785623240527,56,fixed_k3
Strain_b_Tension_0.5pct,b,0.5,-0.11246856599999983,0.03612565437500001,0.0,-5.9558868660125714,56,fixed_k3
Strain_b_Tension_0.5pct,b,0.5,-0.10858994199999983,0.03612565437500001,0.0,-0.5989290302732113,56,fixed_k3
Strain_b_Tension_0.5pct,b,0.5,-0.10471131799999983,0.03612565437500001,0.0,5.805049752870639,56,fixed_k3
Strain_b_Tension_0.5pct,b,0.5,-0.10083269399999983,0.03612565437500001,0.0,12.544363364060642,56,fixed_k3
Strain_b_Tension_0.5pct,b,0.5,-0.09695406999999984,0.03612565437500001,0.0,15.95461062569613,56,fixed_k3
Strain_b_Tension_0.5pct,b,0.5,-0.09307544599999984,0.03612565437500001,0.0,13.81419549216334,56,fixed_k3
Strain_b_Tension_0.5pct,b,0.5,-0.08919682199999984,0.03612565437500001,0.0,8.609671042294625,56,fixed_k3
Strain_b_Tension_0.5pct,b,0.5,-0.08531819799999985,0.03612565437500001,0.0,3.9144318754105205,56,fixed_k3
Strain_b_Tension_0.5pct,b,0.5,-0.08143957399999985,0.03612565437500001,0.0,1.0427285175883108,56,fixed_k3
Strain_b_Tension_0.5pct,b,0.5,-0.07756094999999985,0.03612565437500001,0.0,-0.32450054221524294,56,fixed_k3
Strain_b_Tension_0.5pct,b,0.5,-0.07368232599999985,0.03612565437500001,0.0,-0.8216595245643044,56,fixed_k3
Strain_b_Tension_0.5pct,b,0.5,-0.06980370199999986,0.03612565437500001,0.0,-0.9015919965360528,56,fixed_k3
Strain_b_Tension_0.5pct,b,0.5,-0.06592507799999986,0.03612565437500001,0.0,-0.8117045021874476,56,fixed_k3
Strain_b_Tension_0.5pct,b,0.5,-0.06204645399999986,0.03612565437500001,0.0,-0.6711067777747215,56,fixed_k3
Strain_b_Tension_0.5pct,b,0.5,-0.058167829999999865,0.03612565437500001,0.0,-0.5322618199451292,56,fixed_k3
Strain_b_Tension_0.5pct,b,0.5,-0.05428920599999987,0.03612565437500001,0.0,-0.4157005059105334,56,fixed_k3
Strain_b_Tension_0.5pct,b,0.5,-0.05041058199999987,0.03612565437500001,0.0,-0.32726382117492814,56,fixed_k3
Strain_b_Tension_0.5pct,b,0.5,-0.04653195799999987,0.03612565437500001,0.0,-0.26619144782166226,56,fixed_k3
Strain_b_Tension_0.5pct,b,0.5,-0.042653333999999876,0.03612565437500001,0.0,-0.22880981072819218,56,fixed_k3
Strain_b_Tension_0.5pct,b,0.5,-0.03877470999999988,0.03612565437500001,0.0,-0.21020010369855457,56,fixed_k3
Strain_b_Tension_0.5pct,b,0.5,-0.03489608599999988,0.03612565437500001,0.0,-0.2049771235095723,56,fixed_k3
Strain_b_Tension_0.5pct,b,0.5,-0.031017461999999885,0.03612565437500001,0.0,-0.20770239605972607,56,fixed_k3
Strain_b_Tension_0.5pct,b,0.5,-0.027138837999999887,0.03612565437500001,0.0,-0.2131664581374052,56,fixed_k3
Strain_b_Tension_0.5pct,b,0.5,-0.02326021399999989,0.03612565437500001,0.0,-0.2166358435687874,56,fixed_k3
Strain_b_Tension_0.5pct,b,0.5,-0.019381589999999893,0.03612565437500001,0.0,-0.214089834809017,56,fixed_k3
Strain_b_Tension_0.5pct,b,0.5,-0.015502965999999896,0.03612565437500001,0.0,-0.2024346964524355,56,fixed_k3
Strain_b_Tension_0.5pct,b,0.5,-0.011624341999999899,0.03612565437500001,0.0,-0.17966463932375887,56,fixed_k3
Strain_b_Tension_0.5pct,b,0.5,-0.0077457179999999015,0.03612565437500001,0.0,-0.14493443622105806,56,fixed_k3
Strain_b_Tension_0.5pct,b,0.5,-0.0038670939999999043,0.03612565437500001,0.0,-0.09851677284322347,56,fixed_k3
Strain_b_Tension_0.5pct,b,0.5,1.1530000000092855e-05,0.03612565437500001,0.0,-0.04163579572721621,56,fixed_k3
Strain_b_Tension_0.5pct,b,0.5,0.00389015400000009,0.03612565437500001,0.0,0.023807710786179603,56,fixed_k3
Strain_b_Tension_0.5pct,b,0.5,0.007768778000000087,0.03612565437500001,0.0,0.09558127021820972,56,fixed_k3
Strain_b_Tension_0.5pct,b,0.5,0.011647402000000084,0.03612565437500001,0.0,0.17148284286018756,56,fixed_k3
Strain_b_Tension_0.5pct,b,0.5,0.015526026000000082,0.03612565437500001,0.0,0.24966525710666265,56,fixed_k3
Strain_b_Tension_0.5pct,b,0.5,0.01940465000000008,0.03612565437500001,0.0,0.3288793224547166,56,fixed_k3
Strain_b_Tension_0.5pct,b,0.5,0.023283274000000076,0.03612565437500001,0.0,0.40861272507316815,56,fixed_k3
Strain_b_Tension_0.5pct,b,0.5,0.027161898000000073,0.03612565437500001,0.0,0.4891258562839266,56,fixed_k3
Strain_b_Tension_0.5pct,b,0.5,0.03104052200000007,0.03612565437500001,0.0,0.5714071660435341,56,fixed_k3
Strain_b_Tension_0.5pct,b,0.5,0.03491914600000007,0.03612565437500001,0.0,0.6570857560304332,56,fixed_k3
Strain_b_Tension_0.5pct,b,0.5,0.038797770000000065,0.03612565437500001,0.0,0.7483467888525495,56,fixed_k3
Strain_b_Tension_0.5pct,b,0.5,0.04267639400000006,0.03612565437500001,0.0,0.847896580115877,56,fixed_k3
Strain_b_Tension_0.5pct,b,0.5,0.04655501800000006,0.03612565437500001,0.0,0.9590185005877978,56,fixed_k3
Strain_b_Tension_0.5pct,b,0.5,0.050433642000000056,0.03612565437500001,0.0,1.0857413625861816,56,fixed_k3
Strain_b_Tension_0.5pct,b,0.5,0.05431226600000005,0.03612565437500001,0.0,1.2330857735500356,56,fixed_k3
Strain_b_Tension_0.5pct,b,0.5,0.05819089000000005,0.03612565437500001,0.0,1.4071998029122845,56,fixed_k3
Strain_b_Tension_0.5pct,b,0.5,0.06206951400000005,0.03612565437500001,0.0,1.6147977985555229,56,fixed_k3
Strain_b_Tension_0.5pct,b,0.5,0.06594813800000005,0.03612565437500001,0.0,1.8603627412195503,56,fixed_k3
Strain_b_Tension_0.5pct,b,0.5,0.06982676200000004,0.03612565437500001,0.0,2.137503000192914,56,fixed_k3
Strain_b_Tension_0.5pct,b,0.5,0.07370538600000004,0.03612565437500001,0.0,2.407135835508206,56,fixed_k3
Strain_b_Tension_0.5pct,b,0.5,0.07758401000000004,0.03612565437500001,0.0,2.5515646574559154,56,fixed_k3
Strain_b_Tension_0.5pct,b,0.5,0.08146263400000003,0.03612565437500001,0.0,2.3035165485081377,56,fixed_k3
Strain_b_Tension_0.5pct,b,0.5,0.08534125800000003,0.03612565437500001,0.0,1.220529831670475,56,fixed_k3
Strain_b_Tension_0.5pct,b,0.5,0.08921988200000003,0.03612565437500001,0.0,-1.0259056673429376,56,fixed_k3
Strain_b_Tension_0.5pct,b,0.5,0.09309850600000003,0.03612565437500001,0.0,-3.7163817876517564,56,fixed_k3
Strain_b_Tension_0.5pct,b,0.5,0.09697713000000002,0.03612565437500001,0.0,-4.468215490091743,56,fixed_k3
Strain_b_Tension_0.5pct,b,0.5,0.10085575400000002,0.03612565437500001,0.0,-1.6280185677381311,56,fixed_k3
Strain_b_Tension_0.5pct,b,0.5,0.10473437800000002,0.03612565437500001,0.0,2.6449476785400106,56,fixed_k3
Strain_b_Tension_0.5pct,b,0.5,0.10861300200000001,0.03612565437500001,0.0,4.7871689915940285,56,fixed_k3
Strain_b_Tension_0.5pct,b,0.5,0.11249162600000001,0.03612565437500001,0.0,2.9395930510410215,56,fixed_k3
Strain_b_Tension_0.5pct,b,0.5,0.11637025000000001,0.03612565437500001,0.0,-5.16416013350444,56,fixed_k3
Strain_b_Tension_0.5pct,b,0.5,0.120248874,0.03612565437500001,0.0,-32.14336894628167,56,fixed_k3
Strain_b_Tension_0.5pct,b,0.5,0.124127498,0.03612565437500001,0.0,-196.025968479876,56,fixed_k3
Strain_b_Tension_0.5pct,b,0.5,0.128006122,0.03612565437500001,0.0,-6686.606557471743,56,fixed_k3
Strain_b_Tension_0.5pct,b,0.5,0.131884746,0.03612565437500001,0.0,-444.2395632149736,56,fixed_k3
Strain_b_Tension_0.5pct,b,0.5,0.13576337,0.03612565437500001,0.0,-34.83702727220424,56,fixed_k3
Strain_b_Tension_0.5pct,b,0.5,0.139641994,0.03612565437500001,0.0,-4.492942344268849,56,fixed_k3
Strain_b_Tension_0.5pct,b,0.5,0.143520618,0.03612565437500001,0.0,1.506132270123246,56,fixed_k3
Strain_b_Tension_0.5pct,b,0.5,0.14739924199999999,0.03612565437500001,0.0,3.2073337840471314,56,fixed_k3
Strain_b_Tension_0.5pct,b,0.5,0.15127786599999998,0.03612565437500001,0.0,3.727934098171024,56,fixed_k3
Strain_b_Tension_0.5pct,b,0.5,0.15515649,0.03612565437500001,0.0,3.838224411338106,56,fixed_k3
Strain_b_Tension_0.5pct,b,0.5,-0.1551334299999998,0.0394122925,0.0,3.7378234066703984,56,fixed_k3
Strain_b_Tension_0.5pct,b,0.5,-0.1512548059999998,0.0394122925,0.0,3.845346721441202,56,fixed_k3
Strain_b_Tension_0.5pct,b,0.5,-0.1473761819999998,0.0394122925,0.0,3.5954062705511234,56,fixed_k3
Strain_b_Tension_0.5pct,b,0.5,-0.1434975579999998,0.0394122925,0.0,2.310034511923176,56,fixed_k3
Strain_b_Tension_0.5pct,b,0.5,-0.1396189339999998,0.0394122925,0.0,-2.595159502805034,56,fixed_k3
Strain_b_Tension_0.5pct,b,0.5,-0.1357403099999998,0.0394122925,0.0,-26.255279947203103,56,fixed_k3
Strain_b_Tension_0.5pct,b,0.5,-0.1318616859999998,0.0394122925,0.0,-299.65190502529134,56,fixed_k3
Strain_b_Tension_0.5pct,b,0.5,-0.12798306199999981,0.0394122925,0.0,-17715.93781982062,56,fixed_k3
Strain_b_Tension_0.5pct,b,0.5,-0.12410443799999982,0.0394122925,0.0,-242.7400362969662,56,fixed_k3
Strain_b_Tension_0.5pct,b,0.5,-0.12022581399999982,0.0394122925,0.0,-43.74875238554372,56,fixed_k3
Strain_b_Tension_0.5pct,b,0.5,-0.11634718999999982,0.0394122925,0.0,-15.369240245148085,56,fixed_k3
Strain_b_Tension_0.5pct,b,0.5,-0.11246856599999983,0.0394122925,0.0,-5.82290321156721,56,fixed_k3
Strain_b_Tension_0.5pct,b,0.5,-0.10858994199999983,0.0394122925,0.0,0.6584492382085523,56,fixed_k3
Strain_b_Tension_0.5pct,b,0.5,-0.10471131799999983,0.0394122925,0.0,7.571355217532648,56,fixed_k3
Strain_b_Tension_0.5pct,b,0.5,-0.10083269399999983,0.0394122925,0.0,14.079425873548908,56,fixed_k3
Strain_b_Tension_0.5pct,b,0.5,-0.09695406999999984,0.0394122925,0.0,16.723493156487788,56,fixed_k3
Strain_b_Tension_0.5pct,b,0.5,-0.09307544599999984,0.0394122925,0.0,13.97405516289847,56,fixed_k3
Strain_b_Tension_0.5pct,b,0.5,-0.08919682199999984,0.0394122925,0.0,8.597902326098394,56,fixed_k3
Strain_b_Tension_0.5pct,b,0.5,-0.08531819799999985,0.0394122925,0.0,3.9305615123495032,56,fixed_k3
Strain_b_Tension_0.5pct,b,0.5,-0.08143957399999985,0.0394122925,0.0,1.0923523538148505,56,fixed_k3
Strain_b_Tension_0.5pct,b,0.5,-0.07756094999999985,0.0394122925,0.0,-0.2702993130803122,56,fixed_k3
Strain_b_Tension_0.5pct,b,0.5,-0.07368232599999985,0.0394122925,0.0,-0.776509613191779,56,fixed_k3
Strain_b_Tension_0.5pct,b,0.5,-0.06980370199999986,0.0394122925,0.0,-0.8668685036556858,56,fixed_k3
Strain_b_Tension_0.5pct,b,0.5,-0.06592507799999986,0.0394122925,0.0,-0.784747211170979,56,fixed_k3
Strain_b_Tension_0.5pct,b,0.5,-0.06204645399999986,0.0394122925,0.0,-0.6491626423444865,56,fixed_k3
Strain_b_Tension_0.5pct,b,0.5,-0.058167829999999865,0.0394122925,0.0,-0.5135385678143001,56,fixed_k3
Strain_b_Tension_0.5pct,b,0.5,-0.05428920599999987,0.0394122925,0.0,-0.3993212152144767,56,fixed_k3
Strain_b_Tension_0.5pct,b,0.5,-0.05041058199999987,0.0394122925,0.0,-0.3129650025329711,56,fixed_k3
Strain_b_Tension_0.5pct,b,0.5,-0.04653195799999987,0.0394122925,0.0,-0.2540453282721171,56,fixed_k3
Strain_b_Tension_0.5pct,b,0.5,-0.042653333999999876,0.0394122925,0.0,-0.21902944257624912,56,fixed_k3
Strain_b_Tension_0.5pct,b,0.5,-0.03877470999999988,0.0394122925,0.0,-0.20301801864292246,56,fixed_k3
Strain_b_Tension_0.5pct,b,0.5,-0.03489608599999988,0.0394122925,0.0,-0.20057548007520742,56,fixed_k3
Strain_b_Tension_0.5pct,b,0.5,-0.031017461999999885,0.0394122925,0.0,-0.20617565204773025,56,fixed_k3
Strain_b_Tension_0.5pct,b,0.5,-0.027138837999999887,0.0394122925,0.0,-0.2145033703724395,56,fixed_k3
Strain_b_Tension_0.5pct,b,0.5,-0.02326021399999989,0.0394122925,0.0,-0.22071247459817034,56,fixed_k3
Strain_b_Tension_0.5pct,b,0.5,-0.019381589999999893,0.0394122925,0.0,-0.22066873335352621,56,fixed_k3
Strain_b_Tension_0.5pct,b,0.5,-0.015502965999999896,0.0394122925,0.0,-0.21116780761338516,56,fixed_k3
Strain_b_Tension_0.5pct,b,0.5,-0.011624341999999899,0.0394122925,0.0,-0.19009913633818742,56,fixed_k3
Strain_b_Tension_0.5pct,b,0.5,-0.0077457179999999015,0.0394122925,0.0,-0.1565217468443636,56,fixed_k3
Strain_b_Tension_0.5pct,b,0.5,-0.0038670939999999043,0.0394122925,0.0,-0.11062564705325517,56,fixed_k3
Strain_b_Tension_0.5pct,b,0.5,1.1530000000092855e-05,0.0394122925,0.0,-0.053570296410237805,56,fixed_k3
Strain_b_Tension_0.5pct,b,0.5,0.00389015400000009,0.0394122925,0.0,0.012784919116191507,56,fixed_k3
Strain_b_Tension_0.5pct,b,0.5,0.007768778000000087,0.0394122925,0.0,0.08622089292980895,56,fixed_k3
Strain_b_Tension_0.5pct,b,0.5,0.011647402000000084,0.0394122925,0.0,0.16451784764914268,56,fixed_k3
Strain_b_Tension_0.5pct,b,0.5,0.015526026000000082,0.0394122925,0.0,0.24577928051656706,56,fixed_k3
Strain_b_Tension_0.5pct,b,0.5,0.01940465000000008,0.0394122925,0.0,0.32867764641852504,56,fixed_k3
Strain_b_Tension_0.5pct,b,0.5,0.023283274000000076,0.0394122925,0.0,0.41259872942317166,56,fixed_k3
Strain_b_Tension_0.5pct,b,0.5,0.027161898000000073,0.0394122925,0.0,0.49768515363954446,56,fixed_k3
Strain_b_Tension_0.5pct,b,0.5,0.03104052200000007,0.0394122925,0.0,0.5848006076455835,56,fixed_k3
Strain_b_Tension_0.5pct,b,0.5,0.03491914600000007,0.0394122925,0.0,0.6754514606139344,56,fixed_k3
Strain_b_Tension_0.5pct,b,0.5,0.038797770000000065,0.0394122925,0.0,0.7717105512896514,56,fixed_k3
Strain_b_Tension_0.5pct,b,0.5,0.04267639400000006,0.0394122925,0.0,0.8761896085483516,56,fixed_k3
Strain_b_Tension_0.5pct,b,0.5,0.04655501800000006,0.0394122925,0.0,0.9921014278850704,56,fixed_k3
Strain_b_Tension_0.5pct,b,0.5,0.050433642000000056,0.0394122925,0.0,1.1234338513488769,56,fixed_k3
Strain_b_Tension_0.5pct,b,0.5,0.05431226600000005,0.0394122925,0.0,1.275202061323106,56,fixed_k3
Strain_b_Tension_0.5pct,b,0.5,0.05819089000000005,0.0394122925,0.0,1.4535940674649832,56,fixed_k3
Strain_b_Tension_0.5pct,b,0.5,0.06206951400000005,0.0394122925,0.0,1.6654368487651856,56,fixed_k3
Strain_b_Tension_0.5pct,b,0.5,0.06594813800000005,0.0394122925,0.0,1.9154927533800765,56,fixed_k3
Strain_b_Tension_0.5pct,b,0.5,0.06982676200000004,0.0394122925,0.0,2.198134651965672,56,fixed_k3
Strain_b_Tension_0.5pct,b,0.5,0.07370538600000004,0.0394122925,0.0,2.476499913006859,56,fixed_k3
Strain_b_Tension_0.5pct,b,0.5,0.07758401000000004,0.0394122925,0.0,2.6390349755236073,56,fixed_k3
Strain_b_Tension_0.5pct,b,0.5,0.08146263400000003,0.0394122925,0.0,2.432765787861846,56,fixed_k3
Strain_b_Tension_0.5pct,b,0.5,0.08534125800000003,0.0394122925,0.0,1.4367680179965419,56,fixed_k3
Strain_b_Tension_0.5pct,b,0.5,0.08921988200000003,0.0394122925,0.0,-0.6844471937186942,56,fixed_k3
Strain_b_Tension_0.5pct,b,0.5,0.09309850600000003,0.0394122925,0.0,-3.3404231618405227,56,fixed_k3
Strain_b_Tension_0.5pct,b,0.5,0.09697713000000002,0.0394122925,0.0,-4.359783239774556,56,fixed_k3
Strain_b_Tension_0.5pct,b,0.5,0.10085575400000002,0.0394122925,0.0,-1.9663579500763086,56,fixed_k3
Strain_b_Tension_0.5pct,b,0.5,0.10473437800000002,0.0394122925,0.0,2.1089160498576107,56,fixed_k3
Strain_b_Tension_0.5pct,b,0.5,0.10861300200000001,0.0394122925,0.0,4.263980831037793,56,fixed_k3
Strain_b_Tension_0.5pct,b,0.5,0.11249162600000001,0.0394122925,0.0,2.065080287595173,56,fixed_k3
Strain_b_Tension_0.5pct,b,0.5,0.11637025000000001,0.0394122925,0.0,-7.948027879783377,56,fixed_k3
Strain_b_Tension_0.5pct,b,0.5,0.120248874,0.0394122925,0.0,-44.246108341039225,56,fixed_k3
Strain_b_Tension_0.5pct,b,0.5,0.124127498,0.0394122925,0.0,-309.05926739224157,56,fixed_k3
Strain_b_Tension_0.5pct,b,0.5,0.128006122,0.0394122925,0.0,-27546.84205406272,56,fixed_k3
Strain_b_Tension_0.5pct,b,0.5,0.131884746,0.0394122925,0.0,-363.757263080169,56,fixed_k3
Strain_b_Tension_0.5pct,b,0.5,0.13576337,0.0394122925,0.0,-31.594977450256728,56,fixed_k3
Strain_b_Tension_0.5pct,b,0.5,0.139641994,0.0394122925,0.0,-3.8173834501206203,56,fixed_k3
Strain_b_Tension_0.5pct,b,0.5,0.143520618,0.0394122925,0.0,1.904022113156103,56,fixed_k3
Strain_b_Tension_0.5pct,b,0.5,0.14739924199999999,0.0394122925,0.0,3.531128388906235,56,fixed_k3
Strain_b_Tension_0.5pct,b,0.5,0.15127786599999998,0.0394122925,0.0,4.0108747914868745,56,fixed_k3
Strain_b_Tension_0.5pct,b,0.5,0.15515649,0.0394122925,0.0,4.091064204670019,56,fixed_k3
Strain_b_Tension_0.5pct,b,0.5,-0.1551334299999998,0.04269893062499999,0.0,4.144356479115305,56,fixed_k3
Strain_b_Tension_0.5pct,b,0.5,-0.1512548059999998,0.04269893062499999,0.0,4.299607435775543,56,fixed_k3
Strain_b_Tension_0.5pct,b,0.5,-0.1473761819999998,0.04269893062499999,0.0,4.1122543172349895,56,fixed_k3
Strain_b_Tension_0.5pct,b,0.5,-0.1434975579999998,0.04269893062499999,0.0,2.9355867381449414,56,fixed_k3
Strain_b_Tension_0.5pct,b,0.5,-0.1396189339999998,0.04269893062499999,0.0,-1.6255069560186386,56,fixed_k3
Strain_b_Tension_0.5pct,b,0.5,-0.1357403099999998,0.04269893062499999,0.0,-22.807834403386888,56,fixed_k3
Strain_b_Tension_0.5pct,b,0.5,-0.1318616859999998,0.04269893062499999,0.0,-236.3650855680983,56,fixed_k3
Strain_b_Tension_0.5pct,b,0.5,-0.12798306199999981,0.04269893062499999,0.0,-94981.8046718637,56,fixed_k3
Strain_b_Tension_0.5pct,b,0.5,-0.12410443799999982,0.04269893062499999,0.0,-396.2014466307318,56,fixed_k3
Strain_b_Tension_0.5pct,b,0.5,-0.12022581399999982,0.04269893062499999,0.0,-57.50373742874341,56,fixed_k3
Strain_b_Tension_0.5pct,b,0.5,-0.11634718999999982,0.04269893062499999,0.0,-17.857396704959623,56,fixed_k3
Strain_b_Tension_0.5pct,b,0.5,-0.11246856599999983,0.04269893062499999,0.0,-5.434763327879541,56,fixed_k3
Strain_b_Tension_0.5pct,b,0.5,-0.10858994199999983,0.04269893062499999,0.0,2.2803694946939896,56,fixed_k3
Strain_b_Tension_0.5pct,b,0.5,-0.10471131799999983,0.04269893062499999,0.0,9.603678976233903,56,fixed_k3
Strain_b_Tension_0.5pct,b,0.5,-0.10083269399999983,0.04269893062499999,0.0,15.68125371046562,56,fixed_k3
Strain_b_Tension_0.5pct,b,0.5,-0.09695406999999984,0.04269893062499999,0.0,17.42256920986344,56,fixed_k3
Strain_b_Tension_0.5pct,b,0.5,-0.09307544599999984,0.04269893062499999,0.0,14.047002106307204,56,fixed_k3
Strain_b_Tension_0.5pct,b,0.5,-0.08919682199999984,0.04269893062499999,0.0,8.527827959557724,56,fixed_k3
Strain_b_Tension_0.5pct,b,0.5,-0.08531819799999985,0.04269893062499999,0.0,3.913837278564489,56,fixed_k3
Strain_b_Tension_0.5pct,b,0.5,-0.08143957399999985,0.04269893062499999,0.0,1.1246922358710654,56,fixed_k3
Strain_b_Tension_0.5pct,b,0.5,-0.07756094999999985,0.04269893062499999,0.0,-0.2250829463066092,56,fixed_k3
Strain_b_Tension_0.5pct,b,0.5,-0.07368232599999985,0.04269893062499999,0.0,-0.7364428154870397,56,fixed_k3
Strain_b_Tension_0.5pct,b,0.5,-0.06980370199999986,0.04269893062499999,0.0,-0.8356319705006807,56,fixed_k3
Strain_b_Tension_0.5pct,b,0.5,-0.06592507799999986,0.04269893062499999,0.0,-0.7607389389697612,56,fixed_k3
Strain_b_Tension_0.5pct,b,0.5,-0.06204645399999986,0.04269893062499999,0.0,-0.6300502185965102,56,fixed_k3
Strain_b_Tension_0.5pct,b,0.5,-0.058167829999999865,0.04269893062499999,0.0,-0.49766064575665503,56,fixed_k3
Strain_b_Tension_0.5pct,b,0.5,-0.05428920599999987,0.04269893062499999,0.0,-0.3858141392047114,56,fixed_k3
Strain_b_Tension_0.5pct,b,0.5,-0.05041058199999987,0.04269893062499999,0.0,-0.30153825749673024,56,fixed_k3
Strain_b_Tension_0.5pct,b,0.5,-0.04653195799999987,0.04269893062499999,0.0,-0.2447358870172398,56,fixed_k3
Strain_b_Tension_0.5pct,b,0.5,-0.042653333999999876,0.04269893062499999,0.0,-0.2120188508684202,56,fixed_k3
Strain_b_Tension_0.5pct,b,0.5,-0.03877470999999988,0.04269893062499999,0.0,-0.1985146873876611,56,fixed_k3
Strain_b_Tension_0.5pct,b,0.5,-0.03489608599999988,0.04269893062499999,0.0,-0.19874528209683628,56,fixed_k3
Strain_b_Tension_0.5pct,b,0.5,-0.031017461999999885,0.04269893062499999,0.0,-0.20710397848118145,56,fixed_k3
Strain_b_Tension_0.5pct,b,0.5,-0.027138837999999887,0.04269893062499999,0.0,-0.21817624294105498,56,fixed_k3
Strain_b_Tension_0.5pct,b,0.5,-0.02326021399999989,0.04269893062499999,0.0,-0.22700862990136983,56,fixed_k3
Strain_b_Tension_0.5pct,b,0.5,-0.019381589999999893,0.04269893062499999,0.0,-0.22935787094382087,56,fixed_k3
Strain_b_Tension_0.5pct,b,0.5,-0.015502965999999896,0.04269893062499999,0.0,-0.22191252696229657,56,fixed_k3
Strain_b_Tension_0.5pct,b,0.5,-0.011624341999999899,0.04269893062499999,0.0,-0.2024597367677412,56,fixed_k3
Strain_b_Tension_0.5pct,b,0.5,-0.0077457179999999015,0.04269893062499999,0.0,-0.16996418436395722,56,fixed_k3
Strain_b_Tension_0.5pct,b,0.5,-0.0038670939999999043,0.04269893062499999,0.0,-0.12453355344110095,56,fixed_k3
Strain_b_Tension_0.5pct,b,0.5,1.1530000000092855e-05,0.04269893062499999,0.0,-0.06726202060115982,56,fixed_k3
Strain_b_Tension_0.5pct,b,0.5,0.00389015400000009,0.04269893062499999,0.0,3.380098917826757e-05,56,fixed_k3
Strain_b_Tension_0.5pct,b,0.5,0.007768778000000087,0.04269893062499999,0.0,0.07515011928532589,56,fixed_k3
Strain_b_Tension_0.5pct,b,0.5,0.011647402000000084,0.04269893062499999,0.0,0.1558517383024569,56,fixed_k3
Strain_b_Tension_0.5pct,b,0.5,0.015526026000000082,0.04269893062499999,0.0,0.24019538656789607,56,fixed_k3
Strain_b_Tension_0.5pct,b,0.5,0.01940465000000008,0.04269893062499999,0.0,0.3267779423170245,56,fixed_k3
Strain_b_Tension_0.5pct,b,0.5,0.023283274000000076,0.04269893062499999,0.0,0.4148863689767557,56,fixed_k3
Strain_b_Tension_0.5pct,b,0.5,0.027161898000000073,0.04269893062499999,0.0,0.5045490928018405,56,fixed_k3
Strain_b_Tension_0.5pct,b,0.5,0.03104052200000007,0.04269893062499999,0.0,0.5965093247127591,56,fixed_k3
Strain_b_Tension_0.5pct,b,0.5,0.03491914600000007,0.04269893062499999,0.0,0.6921558734223792,56,fixed_k3
Strain_b_Tension_0.5pct,b,0.5,0.038797770000000065,0.04269893062499999,0.0,0.7934552847670227,56,fixed_k3
Strain_b_Tension_0.5pct,b,0.5,0.04267639400000006,0.04269893062499999,0.0,0.9029311122382558,56,fixed_k3
Strain_b_Tension_0.5pct,b,0.5,0.04655501800000006,0.04269893062499999,0.0,1.0237310231563346,56,fixed_k3
Strain_b_Tension_0.5pct,b,0.5,0.050433642000000056,0.04269893062499999,0.0,1.159803439360635,56,fixed_k3
Strain_b_Tension_0.5pct,b,0.5,0.05431226600000005,0.04269893062499999,0.0,1.316150015596046,56,fixed_k3
Strain_b_Tension_0.5pct,b,0.5,0.05819089000000005,0.04269893062499999,0.0,1.4989703598826425,56,fixed_k3
Strain_b_Tension_0.5pct,b,0.5,0.06206951400000005,0.04269893062499999,0.0,1.7151371395589075,56,fixed_k3
Strain_b_Tension_0.5pct,b,0.5,0.06594813800000005,0.04269893062499999,0.0,1.9695569362216574,56,fixed_k3
Strain_b_Tension_0.5pct,b,0.5,0.06982676200000004,0.04269893062499999,0.0,2.257121138272806,56,fixed_k3
Strain_b_Tension_0.5pct,b,0.5,0.07370538600000004,0.04269893062499999,0.0,2.5427803679189385,56,fixed_k3
Strain_b_Tension_0.5pct,b,0.5,0.07758401000000004,0.04269893062499999,0.0,2.720529747078231,56,fixed_k3
Strain_b_Tension_0.5pct,b,0.5,0.08146263400000003,0.04269893062499999,0.0,2.5510499921916754,56,fixed_k3
Strain_b_Tension_0.5pct,b,0.5,0.08534125800000003,0.04269893062499999,0.0,1.6352159689065753,56,fixed_k3
Strain_b_Tension_0.5pct,b,0.5,0.08921988200000003,0.04269893062499999,0.0,-0.36481213916461486,56,fixed_k3
Strain_b_Tension_0.5pct,b,0.5,0.09309850600000003,0.04269893062499999,0.0,-2.976091980558476,56,fixed_k3
Strain_b_Tension_0.5pct,b,0.5,0.09697713000000002,0.04269893062499999,0.0,-4.244221805392286,56,fixed_k3
Strain_b_Tension_0.5pct,b,0.5,0.10085575400000002,0.04269893062499999,0.0,-2.3172764320687973,56,fixed_k3
Strain_b_Tension_0.5pct,b,0.5,0.10473437800000002,0.04269893062499999,0.0,1.5030841230301653,56,fixed_k3
Strain_b_Tension_0.5pct,b,0.5,0.10861300200000001,0.04269893062499999,0.0,3.6239306759154064,56,fixed_k3
Strain_b_Tension_0.5pct,b,0.5,0.11249162600000001,0.04269893062499999,0.0,0.9639371172848172,56,fixed_k3
Strain_b_Tension_0.5pct,b,0.5,0.11637025000000001,0.04269893062499999,0.0,-11.52515474803863,56,fixed_k3
Strain_b_Tension_0.5pct,b,0.5,0.120248874,0.04269893062499999,0.0,-61.00528967946329,56,fixed_k3
Strain_b_Tension_0.5pct,b,0.5,0.124127498,0.04269893062499999,0.0,-509.4365209061372,56,fixed_k3
Strain_b_Tension_0.5pct,b,0.5,0.128006122,0.04269893062499999,0.0,-137939.05778466855,56,fixed_k3
Strain_b_Tension_0.5pct,b,0.5,0.131884746,0.04269893062499999,0.0,-286.881371096038,56,fixed_k3
Strain_b_Tension_0.5pct,b,0.5,0.13576337,0.04269893062499999,0.0,-27.90888267682458,56,fixed_k3
Strain_b_Tension_0.5pct,b,0.5,0.139641994,0.04269893062499999,0.0,-2.993896070958348,56,fixed_k3
Strain_b_Tension_0.5pct,b,0.5,0.143520618,0.04269893062499999,0.0,2.352485158377201,56,fixed_k3
Strain_b_Tension_0.5pct,b,0.5,0.14739924199999999,0.04269893062499999,0.0,3.8709335416801807,56,fixed_k3
Strain_b_Tension_0.5pct,b,0.5,0.15127786599999998,0.04269893062499999,0.0,4.295570327653887,56,fixed_k3
Strain_b_Tension_0.5pct,b,0.5,0.15515649,0.04269893062499999,0.0,4.33929293852935,56,fixed_k3
Strain_b_Tension_0.5pct,b,0.5,-0.1551334299999998,0.04598556875000001,0.0,4.548506045264376,56,fixed_k3
Strain_b_Tension_0.5pct,b,0.5,-0.1512548059999998,0.04598556875000001,0.0,4.758503939741212,56,fixed_k3
Strain_b_Tension_0.5pct,b,0.5,-0.1473761819999998,0.04598556875000001,0.0,4.6471133764962556,56,fixed_k3
Strain_b_Tension_0.5pct,b,0.5,-0.1434975579999998,0.04598556875000001,0.0,3.606579443000224,56,fixed_k3
Strain_b_Tension_0.5pct,b,0.5,-0.1396189339999998,0.04598556875000001,0.0,-0.5500020475808868,56,fixed_k3
Strain_b_Tension_0.5pct,b,0.5,-0.1357403099999998,0.04598556875000001,0.0,-19.195666079187824,56,fixed_k3
Strain_b_Tension_0.5pct,b,0.5,-0.1318616859999998,0.04598556875000001,0.0,-181.89628902685888,56,fixed_k3
Strain_b_Tension_0.5pct,b,0.5,-0.12798306199999981,0.04598556875000001,0.0,-58974.204493939025,56,fixed_k3
Strain_b_Tension_0.5pct,b,0.5,-0.12410443799999982,0.04598556875000001,0.0,-675.6522702880973,56,fixed_k3
Strain_b_Tension_0.5pct,b,0.5,-0.12022581399999982,0.04598556875000001,0.0,-75.81210313273694,56,fixed_k3
Strain_b_Tension_0.5pct,b,0.5,-0.11634718999999982,0.04598556875000001,0.0,-20.560530411142665,56,fixed_k3
Strain_b_Tension_0.5pct,b,0.5,-0.11246856599999983,0.04598556875000001,0.0,-4.637205679076423,56,fixed_k3
Strain_b_Tension_0.5pct,b,0.5,-0.10858994199999983,0.04598556875000001,0.0,4.365779645228852,56,fixed_k3
Strain_b_Tension_0.5pct,b,0.5,-0.10471131799999983,0.04598556875000001,0.0,11.922488696488868,56,fixed_k3
Strain_b_Tension_0.5pct,b,0.5,-0.10083269399999983,0.04598556875000001,0.0,17.323708198749802,56,fixed_k3
Strain_b_Tension_0.5pct,b,0.5,-0.09695406999999984,0.04598556875000001,0.0,18.029828638568933,56,fixed_k3
Strain_b_Tension_0.5pct,b,0.5,-0.09307544599999984,0.04598556875000001,0.0,14.028312397344962,56,fixed_k3
Strain_b_Tension_0.5pct,b,0.5,-0.08919682199999984,0.04598556875000001,0.0,8.401291590220646,56,fixed_k3
Strain_b_Tension_0.5pct,b,0.5,-0.08531819799999985,0.04598556875000001,0.0,3.8660960837777187,56,fixed_k3
Strain_b_Tension_0.5pct,b,0.5,-0.08143957399999985,0.04598556875000001,0.0,1.1406032208949404,56,fixed_k3
Strain_b_Tension_0.5pct,b,0.5,-0.07756094999999985,0.04598556875000001,0.0,-0.18853776128843847,56,fixed_k3
Strain_b_Tension_0.5pct,b,0.5,-0.07368232599999985,0.04598556875000001,0.0,-0.7013395079198312,56,fixed_k3
Strain_b_Tension_0.5pct,b,0.5,-0.06980370199999986,0.04598556875000001,0.0,-0.8078213045490834,56,fixed_k3
Strain_b_Tension_0.5pct,b,0.5,-0.06592507799999986,0.04598556875000001,0.0,-0.7396407397307596,56,fixed_k3
Strain_b_Tension_0.5pct,b,0.5,-0.06204645399999986,0.04598556875000001,0.0,-0.613746194964238,56,fixed_k3
Strain_b_Tension_0.5pct,b,0.5,-0.058167829999999865,0.04598556875000001,0.0,-0.4846192010448873,56,fixed_k3
Strain_b_Tension_0.5pct,b,0.5,-0.05428920599999987,0.04598556875000001,0.0,-0.37518325770162453,56,fixed_k3
Strain_b_Tension_0.5pct,b,0.5,-0.05041058199999987,0.04598556875000001,0.0,-0.2929979937234808,56,fixed_k3
Strain_b_Tension_0.5pct,b,0.5,-0.04653195799999987,0.04598556875000001,0.0,-0.2382853979026669,56,fixed_k3
Strain_b_Tension_0.5pct,b,0.5,-0.042653333999999876,0.04598556875000001,0.0,-0.2078059185933432,56,fixed_k3
Strain_b_Tension_0.5pct,b,0.5,-0.03877470999999988,0.04598556875000001,0.0,-0.19672184060274844,56,fixed_k3
Strain_b_Tension_0.5pct,b,0.5,-0.03489608599999988,0.04598556875000001,0.0,-0.1995208556416026,56,fixed_k3
Strain_b_Tension_0.5pct,b,0.5,-0.031017461999999885,0.04598556875000001,0.0,-0.21052348150849753,56,fixed_k3
Strain_b_Tension_0.5pct,b,0.5,-0.027138837999999887,0.04598556875000001,0.0,-0.22422248397561373,56,fixed_k3
Strain_b_Tension_0.5pct,b,0.5,-0.02326021399999989,0.04598556875000001,0.0,-0.23556278401601305,56,fixed_k3
Strain_b_Tension_0.5pct,b,0.5,-0.019381589999999893,0.04598556875000001,0.0,-0.24019672285725835,56,fixed_k3
Strain_b_Tension_0.5pct,b,0.5,-0.015502965999999896,0.04598556875000001,0.0,-0.2347093917695302,56,fixed_k3
Strain_b_Tension_0.5pct,b,0.5,-0.011624341999999899,0.04598556875000001,0.0,-0.2167882148945428,56,fixed_k3
Strain_b_Tension_0.5pct,b,0.5,-0.0077457179999999015,0.04598556875000001,0.0,-0.18530505924543128,56,fixed_k3
Strain_b_Tension_0.5pct,b,0.5,-0.0038670939999999043,0.04598556875000001,0.0,-0.14028578403273184,56,fixed_k3
Strain_b_Tension_0.5pct,b,0.5,1.1530000000092855e-05,0.04598556875000001,0.0,-0.08275885206540012,56,fixed_k3
Strain_b_Tension_0.5pct,b,0.5,0.00389015400000009,0.04598556875000001,0.0,-0.014496894532080473,56,fixed_k3
Strain_b_Tension_0.5pct,b,0.5,0.007768778000000087,0.04598556875000001,0.0,0.06231341842771143,56,fixed_k3
Strain_b_Tension_0.5pct,b,0.5,0.011647402000000084,0.04598556875000001,0.0,0.1454237131808589,56,fixed_k3
Strain_b_Tension_0.5pct,b,0.5,0.015526026000000082,0.04598556875000001,0.0,0.23284651939218515,56,fixed_k3
Strain_b_Tension_0.5pct,b,0.5,0.01940465000000008,0.04598556875000001,0.0,0.32310602509561726,56,fixed_k3
Strain_b_Tension_0.5pct,b,0.5,0.023283274000000076,0.04598556875000001,0.0,0.41539366670340305,56,fixed_k3
Strain_b_Tension_0.5pct,b,0.5,0.027161898000000073,0.04598556875000001,0.0,0.5096275490831332,56,fixed_k3
Strain_b_Tension_0.5pct,b,0.5,0.03104052200000007,0.04598556875000001,0.0,0.606435075333634,56,fixed_k3
Strain_b_Tension_0.5pct,b,0.5,0.03491914600000007,0.04598556875000001,0.0,0.7070931127865974,56,fixed_k3
Strain_b_Tension_0.5pct,b,0.5,0.038797770000000065,0.04598556875000001,0.0,0.8134684378024332,56,fixed_k3
Strain_b_Tension_0.5pct,b,0.5,0.04267639400000006,0.04598556875000001,0.0,0.928003370172504,56,fixed_k3
Strain_b_Tension_0.5pct,b,0.5,0.04655501800000006,0.04598556875000001,0.0,1.0537864751381592,56,fixed_k3
Strain_b_Tension_0.5pct,b,0.5,0.050433642000000056,0.04598556875000001,0.0,1.1947289892521884,56,fixed_k3
Strain_b_Tension_0.5pct,b,0.5,0.05431226600000005,0.04598556875000001,0.0,1.3558119057232787,56,fixed_k3
Strain_b_Tension_0.5pct,b,0.5,0.05819089000000005,0.04598556875000001,0.0,1.5432198181973371,56,fixed_k3
Strain_b_Tension_0.5pct,b,0.5,0.06206951400000005,0.04598556875000001,0.0,1.763807776749518,56,fixed_k3
Strain_b_Tension_0.5pct,b,0.5,0.06594813800000005,0.04598556875000001,0.0,2.022499440560862,56,fixed_k3
Strain_b_Tension_0.5pct,b,0.5,0.06982676200000004,0.04598556875000001,0.0,2.3144752118771232,56,fixed_k3
Strain_b_Tension_0.5pct,b,0.5,0.07370538600000004,0.04598556875000001,0.0,2.6061210081221633,56,fixed_k3
Strain_b_Tension_0.5pct,b,0.5,0.07758401000000004,0.04598556875000001,0.0,2.7964203035371913,56,fixed_k3
Strain_b_Tension_0.5pct,b,0.5,0.08146263400000003,0.04598556875000001,0.0,2.6590571839503925,56,fixed_k3
Strain_b_Tension_0.5pct,b,0.5,0.08534125800000003,0.04598556875000001,0.0,1.8168237130883507,56,fixed_k3
Strain_b_Tension_0.5pct,b,0.5,0.08921988200000003,0.04598556875000001,0.0,-0.06598545414686718,56,fixed_k3
Strain_b_Tension_0.5pct,b,0.5,0.09309850600000003,0.04598556875000001,0.0,-2.6210219264141426,56,fixed_k3
Strain_b_Tension_0.5pct,b,0.5,0.09697713000000002,0.04598556875000001,0.0,-4.111238778674056,56,fixed_k3
Strain_b_Tension_0.5pct,b,0.5,0.10085575400000002,0.04598556875000001,0.0,-2.6578765514225213,56,fixed_k3
Strain_b_Tension_0.5pct,b,0.5,0.10473437800000002,0.04598556875000001,0.0,0.8515158918565378,56,fixed_k3
Strain_b_Tension_0.5pct,b,0.5,0.10861300200000001,0.04598556875000001,0.0,2.8817181458580103,56,fixed_k3
Strain_b_Tension_0.5pct,b,0.5,0.11249162600000001,0.04598556875000001,0.0,-0.3703253975267692,56,fixed_k3
Strain_b_Tension_0.5pct,b,0.5,0.11637025000000001,0.04598556875000001,0.0,-16.034547984213543,56,fixed_k3
Strain_b_Tension_0.5pct,b,0.5,0.120248874,0.04598556875000001,0.0,-84.00487011027715,56,fixed_k3
Strain_b_Tension_0.5pct,b,0.5,0.124127498,0.04598556875000001,0.0,-871.7428920740495,56,fixed_k3
Strain_b_Tension_0.5pct,b,0.5,0.128006122,0.04598556875000001,0.0,-57588.488703047544,56,fixed_k3
Strain_b_Tension_0.5pct,b,0.5,0.131884746,0.04598556875000001,0.0,-220.922399024203,56,fixed_k3
Strain_b_Tension_0.5pct,b,0.5,0.13576337,0.04598556875000001,0.0,-23.988068189628954,56,fixed_k3
Strain_b_Tension_0.5pct,b,0.5,0.139641994,0.04598556875000001,0.0,-2.047794314530612,56,fixed_k3
Strain_b_Tension_0.5pct,b,0.5,0.143520618,0.04598556875000001,0.0,2.8467540910244313,56,fixed_k3
Strain_b_Tension_0.5pct,b,0.5,0.14739924199999999,0.04598556875000001,0.0,4.225680557335107,56,fixed_k3
Strain_b_Tension_0.5pct,b,0.5,0.15127786599999998,0.04598556875000001,0.0,4.581884723295193,56,fixed_k3
Strain_b_Tension_0.5pct,b,0.5,0.15515649,0.04598556875000001,0.0,4.583092168875721,56,fixed_k3
Strain_b_Tension_0.5pct,b,0.5,-0.1551334299999998,0.049272206875,0.0,4.947766673308915,56,fixed_k3
Strain_b_Tension_0.5pct,b,0.5,-0.1512548059999998,0.049272206875,0.0,5.2191711383612205,56,fixed_k3
Strain_b_Tension_0.5pct,b,0.5,-0.1473761819999998,0.049272206875,0.0,5.196254597394956,56,fixed_k3
Strain_b_Tension_0.5pct,b,0.5,-0.1434975579999998,0.049272206875,0.0,4.3162259356425725,56,fixed_k3
Strain_b_Tension_0.5pct,b,0.5,-0.1396189339999998,0.049272206875,0.0,0.6092471942729243,56,fixed_k3
Strain_b_Tension_0.5pct,b,0.5,-0.1357403099999998,0.049272206875,0.0,-15.552535115933004,56,fixed_k3
Strain_b_Tension_0.5pct,b,0.5,-0.1318616859999998,0.049272206875,0.0,-137.86886665978102,56,fixed_k3
Strain_b_Tension_0.5pct,b,0.5,-0.12798306199999981,0.049272206875,0.0,-10914.160521390995,56,fixed_k3
Strain_b_Tension_0.5pct,b,0.5,-0.12410443799999982,0.049272206875,0.0,-1173.5426693653735,56,fixed_k3
Strain_b_Tension_0.5pct,b,0.5,-0.12022581399999982,0.049272206875,0.0,-99.50665175747521,56,fixed_k3
Strain_b_Tension_0.5pct,b,0.5,-0.11634718999999982,0.049272206875,0.0,-23.245700781354127,56,fixed_k3
Strain_b_Tension_0.5pct,b,0.5,-0.11246856599999983,0.049272206875,0.0,-3.2129086746680775,56,fixed_k3
Strain_b_Tension_0.5pct,b,0.5,-0.10858994199999983,0.049272206875,0.0,7.028166142780098,56,fixed_k3
Strain_b_Tension_0.5pct,b,0.5,-0.10471131799999983,0.049272206875,0.0,14.537881379685938,56,fixed_k3
Strain_b_Tension_0.5pct,b,0.5,-0.10083269399999983,0.049272206875,0.0,18.97174884502117,56,fixed_k3
Strain_b_Tension_0.5pct,b,0.5,-0.09695406999999984,0.049272206875,0.0,18.52331788780239,56,fixed_k3
Strain_b_Tension_0.5pct,b,0.5,-0.09307544599999984,0.049272206875,0.0,13.915474882455126,56,fixed_k3
Strain_b_Tension_0.5pct,b,0.5,-0.08919682199999984,0.049272206875,0.0,8.221440802396751,56,fixed_k3
Strain_b_Tension_0.5pct,b,0.5,-0.08531819799999985,0.049272206875,0.0,3.7898071796980672,56,fixed_k3
Strain_b_Tension_0.5pct,b,0.5,-0.08143957399999985,0.049272206875,0.0,1.1412619012200227,56,fixed_k3
Strain_b_Tension_0.5pct,b,0.5,-0.07756094999999985,0.049272206875,0.0,-0.16018449957345515,56,fixed_k3
Strain_b_Tension_0.5pct,b,0.5,-0.07368232599999985,0.049272206875,0.0,-0.6709930343383659,56,fixed_k3
Strain_b_Tension_0.5pct,b,0.5,-0.06980370199999986,0.049272206875,0.0,-0.7833249384581702,56,fixed_k3
Strain_b_Tension_0.5pct,b,0.5,-0.06592507799999986,0.049272206875,0.0,-0.7213788390032914,56,fixed_k3
Strain_b_Tension_0.5pct,b,0.5,-0.06204645399999986,0.049272206875,0.0,-0.6001986636290488,56,fixed_k3
Strain_b_Tension_0.5pct,b,0.5,-0.058167829999999865,0.049272206875,0.0,-0.47437913006991783,56,fixed_k3
Strain_b_Tension_0.5pct,b,0.5,-0.05428920599999987,0.049272206875,0.0,-0.3674071870044542,56,fixed_k3
Strain_b_Tension_0.5pct,b,0.5,-0.05041058199999987,0.049272206875,0.0,-0.28733368518103375,56,fixed_k3
Strain_b_Tension_0.5pct,b,0.5,-0.04653195799999987,0.049272206875,0.0,-0.23469155801053154,56,fixed_k3
Strain_b_Tension_0.5pct,b,0.5,-0.042653333999999876,0.049272206875,0.0,-0.2063943656011522,56,fixed_k3
Strain_b_Tension_0.5pct,b,0.5,-0.03877470999999988,0.049272206875,0.0,-0.1976475435294942,56,fixed_k3
Strain_b_Tension_0.5pct,b,0.5,-0.03489608599999988,0.049272206875,0.0,-0.20291343154174468,56,fixed_k3
Strain_b_Tension_0.5pct,b,0.5,-0.031017461999999885,0.049272206875,0.0,-0.2164477899206927,56,fixed_k3
Strain_b_Tension_0.5pct,b,0.5,-0.027138837999999887,0.049272206875,0.0,-0.23265766225810092,56,fixed_k3
Strain_b_Tension_0.5pct,b,0.5,-0.02326021399999989,0.049272206875,0.0,-0.24639220408399942,56,fixed_k3
Strain_b_Tension_0.5pct,b,0.5,-0.019381589999999893,0.049272206875,0.0,-0.2532041596858099,56,fixed_k3
Strain_b_Tension_0.5pct,b,0.5,-0.015502965999999896,0.049272206875,0.0,-0.24957888847617138,56,fixed_k3
Strain_b_Tension_0.5pct,b,0.5,-0.011624341999999899,0.049272206875,0.0,-0.23310678335980062,56,fixed_k3
Strain_b_Tension_0.5pct,b,0.5,-0.0077457179999999015,0.049272206875,0.0,-0.20256853288845678,56,fixed_k3
Strain_b_Tension_0.5pct,b,0.5,-0.0038670939999999043,0.049272206875,0.0,-0.15790880965613452,56,fixed_k3
Strain_b_Tension_0.5pct,b,0.5,1.1530000000092855e-05,0.049272206875,0.0,-0.10009009222467347,56,fixed_k3
Strain_b_Tension_0.5pct,b,0.5,0.00389015400000009,0.049272206875,0.0,-0.030839985198572117,56,fixed_k3
Strain_b_Tension_0.5pct,b,0.5,0.007768778000000087,0.049272206875,0.0,0.04767363054860674,56,fixed_k3
Strain_b_Tension_0.5pct,b,0.5,0.011647402000000084,0.049272206875,0.0,0.13319136097726747,56,fixed_k3
Strain_b_Tension_0.5pct,b,0.5,0.015526026000000082,0.049272206875,0.0,0.22368410615218703,56,fixed_k3
Strain_b_Tension_0.5pct,b,0.5,0.01940465000000008,0.049272206875,0.0,0.31760634892806605,56,fixed_k3
Strain_b_Tension_0.5pct,b,0.5,0.023283274000000076,0.049272206875,0.0,0.41405749296450356,56,fixed_k3
Strain_b_Tension_0.5pct,b,0.5,0.027161898000000073,0.049272206875,0.0,0.5128494921190392,56,fixed_k3
Strain_b_Tension_0.5pct,b,0.5,0.03104052200000007,0.049272206875,0.0,0.6144989824686526,56,fixed_k3
Strain_b_Tension_0.5pct,b,0.5,0.03491914600000007,0.049272206875,0.0,0.7201769388462222,56,fixed_k3
Strain_b_Tension_0.5pct,b,0.5,0.038797770000000065,0.049272206875,0.0,0.8316573659252486,56,fixed_k3
Strain_b_Tension_0.5pct,b,0.5,0.04267639400000006,0.049272206875,0.0,0.9513088077483141,56,fixed_k3
Strain_b_Tension_0.5pct,b,0.5,0.04655501800000006,0.049272206875,0.0,1.0821673360677742,56,fixed_k3
Strain_b_Tension_0.5pct,b,0.5,0.050433642000000056,0.049272206875,0.0,1.2281099751787452,56,fixed_k3
Strain_b_Tension_0.5pct,b,0.5,0.05431226600000005,0.049272206875,0.0,1.3940910652647012,56,fixed_k3
Strain_b_Tension_0.5pct,b,0.5,0.05819089000000005,0.049272206875,0.0,1.5862557439031073,56,fixed_k3
Strain_b_Tension_0.5pct,b,0.5,0.06206951400000005,0.049272206875,0.0,1.8113827788308228,56,fixed_k3
Strain_b_Tension_0.5pct,b,0.5,0.06594813800000005,0.049272206875,0.0,2.074295840851525,56,fixed_k3
Strain_b_Tension_0.5pct,b,0.5,0.06982676200000004,0.049272206875,0.0,2.370255487557527,56,fixed_k3
Strain_b_Tension_0.5pct,b,0.5,0.07370538600000004,0.049272206875,0.0,2.666741602777863,56,fixed_k3
Strain_b_Tension_0.5pct,b,0.5,0.07758401000000004,0.049272206875,0.0,2.867213204801545,56,fixed_k3
Strain_b_Tension_0.5pct,b,0.5,0.08146263400000003,0.049272206875,0.0,2.757719284233644,56,fixed_k3
Strain_b_Tension_0.5pct,b,0.5,0.08534125800000003,0.049272206875,0.0,1.9829483490478037,56,fixed_k3
Strain_b_Tension_0.5pct,b,0.5,0.08921988200000003,0.049272206875,0.0,0.21352200329434146,56,fixed_k3
Strain_b_Tension_0.5pct,b,0.5,0.09309850600000003,0.049272206875,0.0,-2.2729430972144957,56,fixed_k3
Strain_b_Tension_0.5pct,b,0.5,0.09697713000000002,0.049272206875,0.0,-3.951486944375132,56,fixed_k3
Strain_b_Tension_0.5pct,b,0.5,0.10085575400000002,0.049272206875,0.0,-2.963107187936643,56,fixed_k3
Strain_b_Tension_0.5pct,b,0.5,0.10473437800000002,0.049272206875,0.0,0.18883107276834554,56,fixed_k3
Strain_b_Tension_0.5pct,b,0.5,0.10861300200000001,0.049272206875,0.0,2.0723785362575646,56,fixed_k3
Strain_b_Tension_0.5pct,b,0.5,0.11249162600000001,0.049272206875,0.0,-1.91020000867629,56,fixed_k3
Strain_b_Tension_0.5pct,b,0.5,0.11637025000000001,0.049272206875,0.0,-21.55150934287317,56,fixed_k3
Strain_b_Tension_0.5pct,b,0.5,0.120248874,0.049272206875,0.0,-114.73000450382526,56,fixed_k3
Strain_b_Tension_0.5pct,b,0.5,0.124127498,0.049272206875,0.0,-1490.7066661356394,56,fixed_k3
Strain_b_Tension_0.5pct,b,0.5,0.128006122,0.049272206875,0.0,-11164.125756890639,56,fixed_k3
Strain_b_Tension_0.5pct,b,0.5,0.131884746,0.049272206875,0.0,-167.72551843094982,56,fixed_k3
Strain_b_Tension_0.5pct,b,0.5,0.13576337,0.049272206875,0.0,-19.998710111407313,56,fixed_k3
Strain_b_Tension_0.5pct,b,0.5,0.139641994,0.049272206875,0.0,-1.0036055111696849,56,fixed_k3
Strain_b_Tension_0.5pct,b,0.5,0.143520618,0.049272206875,0.0,3.3816272478156435,56,fixed_k3
Strain_b_Tension_0.5pct,b,0.5,0.14739924199999999,0.049272206875,0.0,4.594096806908351,56,fixed_k3
Strain_b_Tension_0.5pct,b,0.5,0.15127786599999998,0.049272206875,0.0,4.86965517699793,56,fixed_k3
Strain_b_Tension_0.5pct,b,0.5,0.15515649,0.049272206875,0.0,4.8227102710333245,56,fixed_k3
Strain_b_Tension_0.5pct,b,0.5,-0.1551334299999998,0.05255884499999999,0.0,5.339452364310499,56,fixed_k3
Strain_b_Tension_0.5pct,b,0.5,-0.1512548059999998,0.05255884499999999,0.0,5.6784911177837305,56,fixed_k3
Strain_b_Tension_0.5pct,b,0.5,-0.1473761819999998,0.05255884499999999,0.0,5.7556389813010185,56,fixed_k3
Strain_b_Tension_0.5pct,b,0.5,-0.1434975579999998,0.05255884499999999,0.0,5.057658120326294,56,fixed_k3
Strain_b_Tension_0.5pct,b,0.5,-0.1396189339999998,0.05255884499999999,0.0,1.8327969620991846,56,fixed_k3
Strain_b_Tension_0.5pct,b,0.5,-0.1357403099999998,0.05255884499999999,0.0,-11.97030206703455,56,fixed_k3
Strain_b_Tension_0.5pct,b,0.5,-0.1318616859999998,0.05255884499999999,0.0,-103.43536962568453,56,fixed_k3
Strain_b_Tension_0.5pct,b,0.5,-0.12798306199999981,0.05255884499999999,0.0,-3180.6597770485237,56,fixed_k3
Strain_b_Tension_0.5pct,b,0.5,-0.12410443799999982,0.05255884499999999,0.0,-1904.6687670389458,56,fixed_k3
Strain_b_Tension_0.5pct,b,0.5,-0.12022581399999982,0.05255884499999999,0.0,-128.4129683968986,56,fixed_k3
Strain_b_Tension_0.5pct,b,0.5,-0.11634718999999982,0.05255884499999999,0.0,-25.459492754793374,56,fixed_k3
Strain_b_Tension_0.5pct,b,0.5,-0.11246856599999983,0.05255884499999999,0.0,-0.8679212994367347,56,fixed_k3
Strain_b_Tension_0.5pct,b,0.5,-0.10858994199999983,0.05255884499999999,0.0,10.390439361440556,56,fixed_k3
Strain_b_Tension_0.5pct,b,0.5,-0.10471131799999983,0.05255884499999999,0.0,17.443610092908276,56,fixed_k3
Strain_b_Tension_0.5pct,b,0.5,-0.10083269399999983,0.05255884499999999,0.0,20.581173027247864,56,fixed_k3
Strain_b_Tension_0.5pct,b,0.5,-0.09695406999999984,0.05255884499999999,0.0,18.88239522931904,56,fixed_k3
Strain_b_Tension_0.5pct,b,0.5,-0.09307544599999984,0.05255884499999999,0.0,13.708522811122965,56,fixed_k3
Strain_b_Tension_0.5pct,b,0.5,-0.08919682199999984,0.05255884499999999,0.0,7.992669352526126,56,fixed_k3
Strain_b_Tension_0.5pct,b,0.5,-0.08531819799999985,0.05255884499999999,0.0,3.6879988867652957,56,fixed_k3
Strain_b_Tension_0.5pct,b,0.5,-0.08143957399999985,0.05255884499999999,0.0,1.1281307617386744,56,fixed_k3
Strain_b_Tension_0.5pct,b,0.5,-0.07756094999999985,0.05255884499999999,0.0,-0.1393907173287725,56,fixed_k3
Strain_b_Tension_0.5pct,b,0.5,-0.07368232599999985,0.05255884499999999,0.0,-0.6451126254482642,56,fixed_k3
Strain_b_Tension_0.5pct,b,0.5,-0.06980370199999986,0.05255884499999999,0.0,-0.7619806731686316,56,fixed_k3
Strain_b_Tension_0.5pct,b,0.5,-0.06592507799999986,0.05255884499999999,0.0,-0.7058436914276571,56,fixed_k3
Strain_b_Tension_0.5pct,b,0.5,-0.06204645399999986,0.05255884499999999,0.0,-0.5893260942408962,56,fixed_k3
Strain_b_Tension_0.5pct,b,0.5,-0.058167829999999865,0.05255884499999999,0.0,-0.4668781543442917,56,fixed_k3
Strain_b_Tension_0.5pct,b,0.5,-0.05428920599999987,0.05255884499999999,0.0,-0.36243839529311583,56,fixed_k3
Strain_b_Tension_0.5pct,b,0.5,-0.05041058199999987,0.05255884499999999,0.0,-0.28450922472748474,56,fixed_k3
Strain_b_Tension_0.5pct,b,0.5,-0.04653195799999987,0.05255884499999999,0.0,-0.23392696602273055,56,fixed_k3
Strain_b_Tension_0.5pct,b,0.5,-0.042653333999999876,0.05255884499999999,0.0,-0.20776333975119488,56,fixed_k3
Strain_b_Tension_0.5pct,b,0.5,-0.03877470999999988,0.05255884499999999,0.0,-0.20127588696474685,56,fixed_k3
Strain_b_Tension_0.5pct,b,0.5,-0.03489608599999988,0.05255884499999999,0.0,-0.20891092361324404,56,fixed_k3
Strain_b_Tension_0.5pct,b,0.5,-0.031017461999999885,0.05255884499999999,0.0,-0.22486790848422533,56,fixed_k3
Strain_b_Tension_0.5pct,b,0.5,-0.027138837999999887,0.05255884499999999,0.0,-0.24347542418917079,56,fixed_k3
Strain_b_Tension_0.5pct,b,0.5,-0.02326021399999989,0.05255884499999999,0.0,-0.2594929198363971,56,fixed_k3
Strain_b_Tension_0.5pct,b,0.5,-0.019381589999999893,0.05255884499999999,0.0,-0.26837846073778926,56,fixed_k3
Strain_b_Tension_0.5pct,b,0.5,-0.015502965999999896,0.05255884499999999,0.0,-0.26652150095434113,56,fixed_k3
Strain_b_Tension_0.5pct,b,0.5,-0.011624341999999899,0.05255884499999999,0.0,-0.25141816856506805,56,fixed_k3
Strain_b_Tension_0.5pct,b,0.5,-0.0077457179999999015,0.05255884499999999,0.0,-0.22175971282660445,56,fixed_k3
Strain_b_Tension_0.5pct,b,0.5,-0.0038670939999999043,0.05255884499999999,0.0,-0.17741038736027148,56,fixed_k3
Strain_b_Tension_0.5pct,b,0.5,1.1530000000092855e-05,0.05255884499999999,0.0,-0.11926657132161322,56,fixed_k3
Strain_b_Tension_0.5pct,b,0.5,0.00389015400000009,0.05255884499999999,0.0,-0.04900996061653773,56,fixed_k3
Strain_b_Tension_0.5pct,b,0.5,0.007768778000000087,0.05255884499999999,0.0,0.031211879465874892,56,fixed_k3
Strain_b_Tension_0.5pct,b,0.5,0.011647402000000084,0.05255884499999999,0.0,0.11913060388063568,56,fixed_k3
Strain_b_Tension_0.5pct,b,0.5,0.015526026000000082,0.05255884499999999,0.0,0.2126780447161789,56,fixed_k3
Strain_b_Tension_0.5pct,b,0.5,0.01940465000000008,0.05255884499999999,0.0,0.31024205350760514,56,fixed_k3
Strain_b_Tension_0.5pct,b,0.5,0.023283274000000076,0.05255884499999999,0.0,0.4108336837783795,56,fixed_k3
Strain_b_Tension_0.5pct,b,0.5,0.027161898000000073,0.05255884499999999,0.0,0.5141631878151278,56,fixed_k3
Strain_b_Tension_0.5pct,b,0.5,0.03104052200000007,0.05255884499999999,0.0,0.6206418287857733,56,fixed_k3
Strain_b_Tension_0.5pct,b,0.5,0.03491914600000007,0.05255884499999999,0.0,0.731341147255905,56,fixed_k3
Strain_b_Tension_0.5pct,b,0.5,0.038797770000000065,0.05255884499999999,0.0,0.8479498263582128,56,fixed_k3
Strain_b_Tension_0.5pct,b,0.5,0.04267639400000006,0.05255884499999999,0.0,0.972770589806276,56,fixed_k3
Strain_b_Tension_0.5pct,b,0.5,0.04655501800000006,0.05255884499999999,0.0,1.1087942041810332,56,fixed_k3
Strain_b_Tension_0.5pct,b,0.5,0.050433642000000056,0.05255884499999999,0.0,1.2598672357859504,56,fixed_k3
Strain_b_Tension_0.5pct,b,0.5,0.05431226600000005,0.05255884499999999,0.0,1.4309126759154718,56,fixed_k3
Strain_b_Tension_0.5pct,b,0.5,0.05819089000000005,0.05255884499999999,0.0,1.6280143283771533,56,fixed_k3
Strain_b_Tension_0.5pct,b,0.5,0.06206951400000005,0.05255884499999999,0.0,1.8578215321083187,56,fixed_k3
Strain_b_Tension_0.5pct,b,0.5,0.06594813800000005,0.05255884499999999,0.0,2.1249527847515854,56,fixed_k3
Strain_b_Tension_0.5pct,b,0.5,0.06982676200000004,0.05255884499999999,0.0,2.424563968567897,56,fixed_k3
Strain_b_Tension_0.5pct,b,0.5,0.07370538600000004,0.05255884499999999,0.0,2.7249302229665244,56,fixed_k3
Strain_b_Tension_0.5pct,b,0.5,0.07758401000000004,0.05255884499999999,0.0,2.93353106242132,56,fixed_k3
Strain_b_Tension_0.5pct,b,0.5,0.08146263400000003,0.05255884499999999,0.0,2.848171154015972,56,fixed_k3
Strain_b_Tension_0.5pct,b,0.5,0.08534125800000003,0.05255884499999999,0.0,2.1352843855022483,56,fixed_k3
Strain_b_Tension_0.5pct,b,0.5,0.08921988200000003,0.05255884499999999,0.0,0.47559797000635273,56,fixed_k3
Strain_b_Tension_0.5pct,b,0.5,0.09309850600000003,0.05255884499999999,0.0,-1.9297610991986889,56,fixed_k3
Strain_b_Tension_0.5pct,b,0.5,0.09697713000000002,0.05255884499999999,0.0,-3.7571474525387973,56,fixed_k3
Strain_b_Tension_0.5pct,b,0.5,0.10085575400000002,0.05255884499999999,0.0,-3.2074298918869664,56,fixed_k3
Strain_b_Tension_0.5pct,b,0.5,0.10473437800000002,0.05255884499999999,0.0,-0.44006287781060527,56,fixed_k3
Strain_b_Tension_0.5pct,b,0.5,0.10861300200000001,0.05255884499999999,0.0,1.257801802799021,56,fixed_k3
Strain_b_Tension_0.5pct,b,0.5,0.11249162600000001,0.05255884499999999,0.0,-3.571586877940414,56,fixed_k3
Strain_b_Tension_0.5pct,b,0.5,0.11637025000000001,0.05255884499999999,0.0,-27.99674292634965,56,fixed_k3
Strain_b_Tension_0.5pct,b,0.5,0.120248874,0.05255884499999999,0.0,-153.48439928277844,56,fixed_k3
Strain_b_Tension_0.5pct,b,0.5,0.124127498,0.05255884499999999,0.0,-2292.360813683007,56,fixed_k3
Strain_b_Tension_0.5pct,b,0.5,0.128006122,0.05255884499999999,0.0,-3441.106576179329,56,fixed_k3
Strain_b_Tension_0.5pct,b,0.5,0.131884746,0.05255884499999999,0.0,-126.20209107358787,56,fixed_k3
Strain_b_Tension_0.5pct,b,0.5,0.13576337,0.05255884499999999,0.0,-16.060178877998084,56,fixed_k3
Strain_b_Tension_0.5pct,b,0.5,0.139641994,0.05255884499999999,0.0,0.11636968079734811,56,fixed_k3
Strain_b_Tension_0.5pct,b,0.5,0.143520618,0.05255884499999999,0.0,3.9518036895671034,56,fixed_k3
Strain_b_Tension_0.5pct,b,0.5,0.14739924199999999,0.05255884499999999,0.0,4.974809080738186,56,fixed_k3
Strain_b_Tension_0.5pct,b,0.5,0.15127786599999998,0.05255884499999999,0.0,5.158738716090668,56,fixed_k3
Strain_b_Tension_0.5pct,b,0.5,0.15515649,0.05255884499999999,0.0,5.0584915604440575,56,fixed_k3
Strain_b_Tension_0.5pct,b,0.5,-0.1551334299999998,0.055845483124999984,0.0,5.720722114377911,56,fixed_k3
Strain_b_Tension_0.5pct,b,0.5,-0.1512548059999998,0.055845483124999984,0.0,6.133128848859993,56,fixed_k3
Strain_b_Tension_0.5pct,b,0.5,-0.1473761819999998,0.055845483124999984,0.0,6.320980396384693,56,fixed_k3
Strain_b_Tension_0.5pct,b,0.5,-0.1434975579999998,0.055845483124999984,0.0,5.824093942903726,56,fixed_k3
Strain_b_Tension_0.5pct,b,0.5,-0.1396189339999998,0.055845483124999984,0.0,3.104374858112211,56,fixed_k3
Strain_b_Tension_0.5pct,b,0.5,-0.1357403099999998,0.055845483124999984,0.0,-8.503228669356961,56,fixed_k3
Strain_b_Tension_0.5pct,b,0.5,-0.1318616859999998,0.055845483124999984,0.0,-76.8523007363635,56,fixed_k3
Strain_b_Tension_0.5pct,b,0.5,-0.12798306199999981,0.055845483124999984,0.0,-1281.709424053491,56,fixed_k3
Strain_b_Tension_0.5pct,b,0.5,-0.12410443799999982,0.055845483124999984,0.0,-2426.050907846351,56,fixed_k3
Strain_b_Tension_0.5pct,b,0.5,-0.12022581399999982,0.055845483124999984,0.0,-159.82073440528865,56,fixed_k3
Strain_b_Tension_0.5pct,b,0.5,-0.11634718999999982,0.055845483124999984,0.0,-26.43429867815495,56,fixed_k3
Strain_b_Tension_0.5pct,b,0.5,-0.11246856599999983,0.055845483124999984,0.0,2.7766761578644883,56,fixed_k3
Strain_b_Tension_0.5pct,b,0.5,-0.10858994199999983,0.055845483124999984,0.0,14.574970217543363,56,fixed_k3
Strain_b_Tension_0.5pct,b,0.5,-0.10471131799999983,0.055845483124999984,0.0,20.610275362365233,56,fixed_k3
Strain_b_Tension_0.5pct,b,0.5,-0.10083269399999983,0.055845483124999984,0.0,22.099346146904495,56,fixed_k3
Strain_b_Tension_0.5pct,b,0.5,-0.09695406999999984,0.055845483124999984,0.0,19.089186877448714,56,fixed_k3
Strain_b_Tension_0.5pct,b,0.5,-0.09307544599999984,0.055845483124999984,0.0,13.410253715408153,56,fixed_k3
Strain_b_Tension_0.5pct,b,0.5,-0.08919682199999984,0.055845483124999984,0.0,7.720502824734323,56,fixed_k3
Strain_b_Tension_0.5pct,b,0.5,-0.08531819799999985,0.055845483124999984,0.0,3.564166714263621,56,fixed_k3
Strain_b_Tension_0.5pct,b,0.5,-0.08143957399999985,0.055845483124999984,0.0,1.1029151750111539,56,fixed_k3
Strain_b_Tension_0.5pct,b,0.5,-0.07756094999999985,0.055845483124999984,0.0,-0.12538650743249002,56,fixed_k3
Strain_b_Tension_0.5pct,b,0.5,-0.07368232599999985,0.055845483124999984,0.0,-0.6233277481132089,56,fixed_k3
Strain_b_Tension_0.5pct,b,0.5,-0.06980370199999986,0.055845483124999984,0.0,-0.743576070412955,56,fixed_k3
Strain_b_Tension_0.5pct,b,0.5,-0.06592507799999986,0.055845483124999984,0.0,-0.6928892300165348,56,fixed_k3
Strain_b_Tension_0.5pct,b,0.5,-0.06204645399999986,0.055845483124999984,0.0,-0.5810163809953697,56,fixed_k3
Strain_b_Tension_0.5pct,b,0.5,-0.058167829999999865,0.055845483124999984,0.0,-0.46202594945063513,56,fixed_k3
Strain_b_Tension_0.5pct,b,0.5,-0.05428920599999987,0.055845483124999984,0.0,-0.3602024854448027,56,fixed_k3
Strain_b_Tension_0.5pct,b,0.5,-0.05041058199999987,0.055845483124999984,0.0,-0.2844623678219089,56,fixed_k3
Strain_b_Tension_0.5pct,b,0.5,-0.04653195799999987,0.055845483124999984,0.0,-0.23593871503807806,56,fixed_k3
Strain_b_Tension_0.5pct,b,0.5,-0.042653333999999876,0.055845483124999984,0.0,-0.21186714229170445,56,fixed_k3
Strain_b_Tension_0.5pct,b,0.5,-0.03877470999999988,0.055845483124999984,0.0,-0.20756682815538752,56,fixed_k3
Strain_b_Tension_0.5pct,b,0.5,-0.03489608599999988,0.055845483124999984,0.0,-0.21747786874514574,56,fixed_k3
Strain_b_Tension_0.5pct,b,0.5,-0.031017461999999885,0.055845483124999984,0.0,-0.2357522420185696,56,fixed_k3
Strain_b_Tension_0.5pct,b,0.5,-0.027138837999999887,0.055845483124999984,0.0,-0.25664758794244036,56,fixed_k3
Strain_b_Tension_0.5pct,b,0.5,-0.02326021399999989,0.055845483124999984,0.0,-0.2748398753754906,56,fixed_k3
Strain_b_Tension_0.5pct,b,0.5,-0.019381589999999893,0.055845483124999984,0.0,-0.28569751253637765,56,fixed_k3
Strain_b_Tension_0.5pct,b,0.5,-0.015502965999999896,0.055845483124999984,0.0,-0.2855179462968511,56,fixed_k3
Strain_b_Tension_0.5pct,b,0.5,-0.011624341999999899,0.055845483124999984,0.0,-0.2717058755405717,56,fixed_k3
Strain_b_Tension_0.5pct,b,0.5,-0.0077457179999999015,0.055845483124999984,0.0,-0.24286493919382157,56,fixed_k3
Strain_b_Tension_0.5pct,b,0.5,-0.0038670939999999043,0.055845483124999984,0.0,-0.19877986106215162,56,fixed_k3
Strain_b_Tension_0.5pct,b,0.5,1.1530000000092855e-05,0.055845483124999984,0.0,-0.14028095519793204,56,fixed_k3
Strain_b_Tension_0.5pct,b,0.5,0.00389015400000009,0.055845483124999984,0.0,-0.06900328590458349,56,fixed_k3
Strain_b_Tension_0.5pct,b,0.5,0.007768778000000087,0.055845483124999984,0.0,0.012927282839460874,56,fixed_k3
Strain_b_Tension_0.5pct,b,0.5,0.011647402000000084,0.055845483124999984,0.0,0.10323543384225387,56,fixed_k3
Strain_b_Tension_0.5pct,b,0.5,0.015526026000000082,0.055845483124999984,0.0,0.1998164791514121,56,fixed_k3
Strain_b_Tension_0.5pct,b,0.5,0.01940465000000008,0.055845483124999984,0.0,0.3009947921892655,56,fixed_k3
Strain_b_Tension_0.5pct,b,0.5,0.023283274000000076,0.055845483124999984,0.0,0.40569693438725585,56,fixed_k3
Strain_b_Tension_0.5pct,b,0.5,0.027161898000000073,0.055845483124999984,0.0,0.5135361684745965,56,fixed_k3
Strain_b_Tension_0.5pct,b,0.5,0.03104052200000007,0.055845483124999984,0.0,0.6248241119222568,56,fixed_k3
Strain_b_Tension_0.5pct,b,0.5,0.03491914600000007,0.055845483124999984,0.0,0.7405397146995576,56,fixed_k3
Strain_b_Tension_0.5pct,b,0.5,0.038797770000000065,0.055845483124999984,0.0,0.86229421448935,56,fixed_k3
Strain_b_Tension_0.5pct,b,0.5,0.04267639400000006,0.055845483124999984,0.0,0.992332943074576,56,fixed_k3
Strain_b_Tension_0.5pct,b,0.5,0.04655501800000006,0.055845483124999984,0.0,1.1336091190879032,56,fixed_k3
Strain_b_Tension_0.5pct,b,0.5,0.050433642000000056,0.055845483124999984,0.0,1.2899434160465282,56,fixed_k3
Strain_b_Tension_0.5pct,b,0.5,0.05431226600000005,0.055845483124999984,0.0,1.4662242024386893,56,fixed_k3
Strain_b_Tension_0.5pct,b,0.5,0.05819089000000005,0.055845483124999984,0.0,1.668454966081995,56,fixed_k3
Strain_b_Tension_0.5pct,b,0.5,0.06206951400000005,0.055845483124999984,0.0,1.9031087179348707,56,fixed_k3
Strain_b_Tension_0.5pct,b,0.5,0.06594813800000005,0.055845483124999984,0.0,2.174506905096872,56,fixed_k3
Strain_b_Tension_0.5pct,b,0.5,0.06982676200000004,0.055845483124999984,0.0,2.4775424562245023,56,fixed_k3
Strain_b_Tension_0.5pct,b,0.5,0.07370538600000004,0.055845483124999984,0.0,2.78103380833821,56,fixed_k3
Strain_b_Tension_0.5pct,b,0.5,0.07758401000000004,0.055845483124999984,0.0,2.9960905016936215,56,fixed_k3
Strain_b_Tension_0.5pct,b,0.5,0.08146263400000003,0.055845483124999984,0.0,2.931704895129048,56,fixed_k3
Strain_b_Tension_0.5pct,b,0.5,0.08534125800000003,0.055845483124999984,0.0,2.275785698987324,56,fixed_k3
Strain_b_Tension_0.5pct,b,0.5,0.08921988200000003,0.055845483124999984,0.0,0.7224421293722878,56,fixed_k3
Strain_b_Tension_0.5pct,b,0.5,0.09309850600000003,0.055845483124999984,0.0,-1.5896129691236625,56,fixed_k3
Strain_b_Tension_0.5pct,b,0.5,0.09697713000000002,0.055845483124999984,0.0,-3.522420780293608,56,fixed_k3
Strain_b_Tension_0.5pct,b,0.5,0.10085575400000002,0.055845483124999984,0.0,-3.3669380272881764,56,fixed_k3
Strain_b_Tension_0.5pct,b,0.5,0.10473437800000002,0.055845483124999984,0.0,-0.9821219130163823,56,fixed_k3
Strain_b_Tension_0.5pct,b,0.5,0.10861300200000001,0.055845483124999984,0.0,0.5318335981706779,56,fixed_k3
Strain_b_Tension_0.5pct,b,0.5,0.11249162600000001,0.055845483124999984,0.0,-5.186326029970569,56,fixed_k3
Strain_b_Tension_0.5pct,b,0.5,0.11637025000000001,0.055845483124999984,0.0,-35.00476096561723,56,fixed_k3
Strain_b_Tension_0.5pct,b,0.5,0.120248874,0.055845483124999984,0.0,-197.30569324279764,56,fixed_k3
Strain_b_Tension_0.5pct,b,0.5,0.124127498,0.055845483124999984,0.0,-2671.5513596364085,56,fixed_k3
Strain_b_Tension_0.5pct,b,0.5,0.128006122,0.055845483124999984,0.0,-1436.00535806991,56,fixed_k3
Strain_b_Tension_0.5pct,b,0.5,0.131884746,0.055845483124999984,0.0,-94.21806600426856,56,fixed_k3
Strain_b_Tension_0.5pct,b,0.5,0.13576337,0.055845483124999984,0.0,-12.24806847098624,56,fixed_k3
Strain_b_Tension_0.5pct,b,0.5,0.139641994,0.055845483124999984,0.0,1.2930272228290676,56,fixed_k3
Strain_b_Tension_0.5pct,b,0.5,0.143520618,0.055845483124999984,0.0,4.5521678110045745,56,fixed_k3
Strain_b_Tension_0.5pct,b,0.5,0.14739924199999999,0.055845483124999984,0.0,5.366440540384879,56,fixed_k3
Strain_b_Tension_0.5pct,b,0.5,0.15127786599999998,0.055845483124999984,0.0,5.449057989943075,56,fixed_k3
Strain_b_Tension_0.5pct,b,0.5,0.15515649,0.055845483124999984,0.0,5.290905321919444,56,fixed_k3
Strain_b_Tension_0.5pct,b,0.5,-0.1551334299999998,0.059132121249999975,0.0,6.088605674728261,56,fixed_k3
Strain_b_Tension_0.5pct,b,0.5,-0.1512548059999998,0.059132121249999975,0.0,6.579565904866697,56,fixed_k3
Strain_b_Tension_0.5pct,b,0.5,-0.1473761819999998,0.059132121249999975,0.0,6.887794709830844,56,fixed_k3
Strain_b_Tension_0.5pct,b,0.5,-0.1434975579999998,0.059132121249999975,0.0,6.608935724487393,56,fixed_k3
Strain_b_Tension_0.5pct,b,0.5,-0.1396189339999998,0.059132121249999975,0.0,4.411005725817072,56,fixed_k3
Strain_b_Tension_0.5pct,b,0.5,-0.1357403099999998,0.059132121249999975,0.0,-5.174739295665677,56,fixed_k3
Strain_b_Tension_0.5pct,b,0.5,-0.1318616859999998,0.059132121249999975,0.0,-56.30699286045718,56,fixed_k3
Strain_b_Tension_0.5pct,b,0.5,-0.12798306199999981,0.059132121249999975,0.0,-625.9648949574711,56,fixed_k3
Strain_b_Tension_0.5pct,b,0.5,-0.12410443799999982,0.059132121249999975,0.0,-2102.9684718669278,56,fixed_k3
Strain_b_Tension_0.5pct,b,0.5,-0.12022581399999982,0.059132121249999975,0.0,-186.79719053331698,56,fixed_k3
Strain_b_Tension_0.5pct,b,0.5,-0.11634718999999982,0.059132121249999975,0.0,-25.023232644095163,56,fixed_k3
Strain_b_Tension_0.5pct,b,0.5,-0.11246856599999983,0.059132121249999975,0.0,8.182261789908933,56,fixed_k3
Strain_b_Tension_0.5pct,b,0.5,-0.10858994199999983,0.059132121249999975,0.0,19.687583969162528,56,fixed_k3
Strain_b_Tension_0.5pct,b,0.5,-0.10471131799999983,0.059132121249999975,0.0,23.978474425050702,56,fixed_k3
Strain_b_Tension_0.5pct,b,0.5,-0.10083269399999983,0.059132121249999975,0.0,23.467236152351866,56,fixed_k3
Strain_b_Tension_0.5pct,b,0.5,-0.09695406999999984,0.059132121249999975,0.0,19.130123283067697,56,fixed_k3
Strain_b_Tension_0.5pct,b,0.5,-0.09307544599999984,0.059132121249999975,0.0,13.026301777569161,56,fixed_k3
Strain_b_Tension_0.5pct,b,0.5,-0.08919682199999984,0.059132121249999975,0.0,7.411430277547364,56,fixed_k3
Strain_b_Tension_0.5pct,b,0.5,-0.08531819799999985,0.059132121249999975,0.0,3.4221665366429814,56,fixed_k3
Strain_b_Tension_0.5pct,b,0.5,-0.08143957399999985,0.059132121249999975,0.0,1.0675146554644779,56,fixed_k3
Strain_b_Tension_0.5pct,b,0.5,-0.07756094999999985,0.059132121249999975,0.0,-0.11728303033991772,56,fixed_k3
Strain_b_Tension_0.5pct,b,0.5,-0.07368232599999985,0.059132121249999975,0.0,-0.6051937806092873,56,fixed_k3
Strain_b_Tension_0.5pct,b,0.5,-0.06980370199999986,0.059132121249999975,0.0,-0.7278494092377272,56,fixed_k3
Strain_b_Tension_0.5pct,b,0.5,-0.06592507799999986,0.059132121249999975,0.0,-0.6823323399322818,56,fixed_k3
Strain_b_Tension_0.5pct,b,0.5,-0.06204645399999986,0.059132121249999975,0.0,-0.5751259889105387,56,fixed_k3
Strain_b_Tension_0.5pct,b,0.5,-0.058167829999999865,0.059132121249999975,0.0,-0.45970334260645873,56,fixed_k3
Strain_b_Tension_0.5pct,b,0.5,-0.05428920599999987,0.059132121249999975,0.0,-0.3605975526420959,56,fixed_k3
Strain_b_Tension_0.5pct,b,0.5,-0.05041058199999987,0.059132121249999975,0.0,-0.28710426857114113,56,fixed_k3
Strain_b_Tension_0.5pct,b,0.5,-0.04653195799999987,0.059132121249999975,0.0,-0.24064809635371498,56,fixed_k3
Strain_b_Tension_0.5pct,b,0.5,-0.042653333999999876,0.059132121249999975,0.0,-0.21863508029260958,56,fixed_k3
Strain_b_Tension_0.5pct,b,0.5,-0.03877470999999988,0.059132121249999975,0.0,-0.21645617135966888,56,fixed_k3
Strain_b_Tension_0.5pct,b,0.5,-0.03489608599999988,0.059132121249999975,0.0,-0.22855551596041712,56,fixed_k3
Strain_b_Tension_0.5pct,b,0.5,-0.031017461999999885,0.059132121249999975,0.0,-0.24904677498053274,56,fixed_k3
Strain_b_Tension_0.5pct,b,0.5,-0.027138837999999887,0.059132121249999975,0.0,-0.2721243975431471,56,fixed_k3
Strain_b_Tension_0.5pct,b,0.5,-0.02326021399999989,0.059132121249999975,0.0,-0.2923872437537065,56,fixed_k3
Strain_b_Tension_0.5pct,b,0.5,-0.019381589999999893,0.059132121249999975,0.0,-0.3051191719721622,56,fixed_k3
Strain_b_Tension_0.5pct,b,0.5,-0.015502965999999896,0.059132121249999975,0.0,-0.3065295765526397,56,fixed_k3
Strain_b_Tension_0.5pct,b,0.5,-0.011624341999999899,0.059132121249999975,0.0,-0.29393461987117986,56,fixed_k3
Strain_b_Tension_0.5pct,b,0.5,-0.0077457179999999015,0.059132121249999975,0.0,-0.26585223951396375,56,fixed_k3
Strain_b_Tension_0.5pct,b,0.5,-0.0038670939999999043,0.059132121249999975,0.0,-0.2219886322405693,56,fixed_k3
Strain_b_Tension_0.5pct,b,0.5,1.1530000000092855e-05,0.059132121249999975,0.0,-0.16310822456615748,56,fixed_k3
Strain_b_Tension_0.5pct,b,0.5,0.00389015400000009,0.059132121249999975,0.0,-0.09079888121969715,56,fixed_k3
Strain_b_Tension_0.5pct,b,0.5,0.007768778000000087,0.059132121249999975,0.0,-0.007163517934179353,56,fixed_k3
Strain_b_Tension_0.5pct,b,0.5,0.011647402000000084,0.059132121249999975,0.0,0.08551746293459805,56,fixed_k3
Strain_b_Tension_0.5pct,b,0.5,0.015526026000000082,0.059132121249999975,0.0,0.18510538257588594,56,fixed_k3
Strain_b_Tension_0.5pct,b,0.5,0.01940465000000008,0.059132121249999975,0.0,0.28986435968902136,56,fixed_k3
Strain_b_Tension_0.5pct,b,0.5,0.023283274000000076,0.059132121249999975,0.0,0.3986404835574504,56,fixed_k3
Strain_b_Tension_0.5pct,b,0.5,0.027161898000000073,0.059132121249999975,0.0,0.5109549838706846,56,fixed_k3
Strain_b_Tension_0.5pct,b,0.5,0.03104052200000007,0.059132121249999975,0.0,0.6270258698593971,56,fixed_k3
Strain_b_Tension_0.5pct,b,0.5,0.03491914600000007,0.059132121249999975,0.0,0.7477467023845006,56,fixed_k3
Strain_b_Tension_0.5pct,b,0.5,0.038797770000000065,0.059132121249999975,0.0,0.874659544371627,56,fixed_k3
Strain_b_Tension_0.5pct,b,0.5,0.04267639400000006,0.059132121249999975,0.0,1.0099612058946763,56,fixed_k3
Strain_b_Tension_0.5pct,b,0.5,0.04655501800000006,0.059132121249999975,0.0,1.156575663093843,56,fixed_k3
Strain_b_Tension_0.5pct,b,0.5,0.050433642000000056,0.059132121249999975,0.0,1.3183030858170006,56,fixed_k3
Strain_b_Tension_0.5pct,b,0.5,0.05431226600000005,0.059132121249999975,0.0,1.4999954611149537,56,fixed_k3
Strain_b_Tension_0.5pct,b,0.5,0.05819089000000005,0.059132121249999975,0.0,1.7075601327898835,56,fixed_k3
Strain_b_Tension_0.5pct,b,0.5,0.06206951400000005,0.059132121249999975,0.0,1.9472536908051705,56,fixed_k3
Strain_b_Tension_0.5pct,b,0.5,0.06594813800000005,0.059132121249999975,0.0,2.223022989444702,56,fixed_k3
Strain_b_Tension_0.5pct,b,0.5,0.06982676200000004,0.059132121249999975,0.0,2.5293679000422653,56,fixed_k3
Strain_b_Tension_0.5pct,b,0.5,0.07370538600000004,0.059132121249999975,0.0,2.835447199390031,56,fixed_k3
Strain_b_Tension_0.5pct,b,0.5,0.07758401000000004,0.059132121249999975,0.0,3.055677959402157,56,fixed_k3
Strain_b_Tension_0.5pct,b,0.5,0.08146263400000003,0.059132121249999975,0.0,3.009721072121392,56,fixed_k3
Strain_b_Tension_0.5pct,b,0.5,0.08534125800000003,0.059132121249999975,0.0,2.4065821484119283,56,fixed_k3
Strain_b_Tension_0.5pct,b,0.5,0.08921988200000003,0.059132121249999975,0.0,0.9564707482617961,56,fixed_k3
Strain_b_Tension_0.5pct,b,0.5,0.09309850600000003,0.059132121249999975,0.0,-1.2509008709568634,56,fixed_k3
Strain_b_Tension_0.5pct,b,0.5,0.09697713000000002,0.059132121249999975,0.0,-3.243858910142497,56,fixed_k3
Strain_b_Tension_0.5pct,b,0.5,0.10085575400000002,0.059132121249999975,0.0,-3.4216806401415205,56,fixed_k3
Strain_b_Tension_0.5pct,b,0.5,0.10473437800000002,0.059132121249999975,0.0,-1.3806024352815527,56,fixed_k3
Strain_b_Tension_0.5pct,b,0.5,0.10861300200000001,0.059132121249999975,0.0,0.021635187600328676,56,fixed_k3
Strain_b_Tension_0.5pct,b,0.5,0.11249162600000001,0.059132121249999975,0.0,-6.474171512369129,56,fixed_k3
Strain_b_Tension_0.5pct,b,0.5,0.11637025000000001,0.059132121249999975,0.0,-41.77932108663787,56,fixed_k3
Strain_b_Tension_0.5pct,b,0.5,0.120248874,0.059132121249999975,0.0,-237.7456872919576,56,fixed_k3
Strain_b_Tension_0.5pct,b,0.5,0.124127498,0.059132121249999975,0.0,-2171.318597781298,56,fixed_k3
Strain_b_Tension_0.5pct,b,0.5,0.128006122,0.059132121249999975,0.0,-718.1063376011429,56,fixed_k3
Strain_b_Tension_0.5pct,b,0.5,0.131884746,0.059132121249999975,0.0,-69.5763618151773,56,fixed_k3
Strain_b_Tension_0.5pct,b,0.5,0.13576337,0.059132121249999975,0.0,-8.600911505587003,56,fixed_k3
Strain_b_Tension_0.5pct,b,0.5,0.139641994,0.059132121249999975,0.0,2.5109840447881604,56,fixed_k3
Strain_b_Tension_0.5pct,b,0.5,0.143520618,0.059132121249999975,0.0,5.178015471570235,56,fixed_k3
Strain_b_Tension_0.5pct,b,0.5,0.14739924199999999,0.059132121249999975,0.0,5.767699264270527,56,fixed_k3
Strain_b_Tension_0.5pct,b,0.5,0.15127786599999998,0.059132121249999975,0.0,5.740645784139586,56,fixed_k3
Strain_b_Tension_0.5pct,b,0.5,0.15515649,0.059132121249999975,0.0,5.520574619196853,56,fixed_k3
Strain_b_Tension_0.5pct,b,0.5,-0.1551334299999998,0.062418759374999994,0.0,6.440028688260463,56,fixed_k3
Strain_b_Tension_0.5pct,b,0.5,-0.1512548059999998,0.062418759374999994,0.0,7.014132110729923,56,fixed_k3
Strain_b_Tension_0.5pct,b,0.5,-0.1473761819999998,0.062418759374999994,0.0,7.451436599915895,56,fixed_k3
Strain_b_Tension_0.5pct,b,0.5,-0.1434975579999998,0.062418759374999994,0.0,7.405806660280527,56,fixed_k3
Strain_b_Tension_0.5pct,b,0.5,-0.1396189339999998,0.062418759374999994,0.0,5.742837116434465,56,fixed_k3
Strain_b_Tension_0.5pct,b,0.5,-0.1357403099999998,0.062418759374999994,0.0,-1.9846921049291137,56,fixed_k3
Strain_b_Tension_0.5pct,b,0.5,-0.1318616859999998,0.062418759374999994,0.0,-40.23724085061617,56,fixed_k3
Strain_b_Tension_0.5pct,b,0.5,-0.12798306199999981,0.062418759374999994,0.0,-344.17336190268315,56,fixed_k3
Strain_b_Tension_0.5pct,b,0.5,-0.12410443799999982,0.062418759374999994,0.0,-1344.684769110577,56,fixed_k3
Strain_b_Tension_0.5pct,b,0.5,-0.12022581399999982,0.062418759374999994,0.0,-198.70946986247762,56,fixed_k3
Strain_b_Tension_0.5pct,b,0.5,-0.11634718999999982,0.062418759374999994,0.0,-19.728948917434106,56,fixed_k3
Strain_b_Tension_0.5pct,b,0.5,-0.11246856599999983,0.062418759374999994,0.0,15.874688296078663,56,fixed_k3
Strain_b_Tension_0.5pct,b,0.5,-0.10858994199999983,0.062418759374999994,0.0,25.794947662853698,56,fixed_k3
Strain_b_Tension_0.5pct,b,0.5,-0.10471131799999983,0.062418759374999994,0.0,27.453236289465227,56,fixed_k3
Strain_b_Tension_0.5pct,b,0.5,-0.10083269399999983,0.062418759374999994,0.0,24.622947500388875,56,fixed_k3
Strain_b_Tension_0.5pct,b,0.5,-0.09695406999999984,0.062418759374999994,0.0,18.997385724360353,56,fixed_k3
Strain_b_Tension_0.5pct,b,0.5,-0.09307544599999984,0.062418759374999994,0.0,12.565037398410142,56,fixed_k3
Strain_b_Tension_0.5pct,b,0.5,-0.08919682199999984,0.062418759374999994,0.0,7.0726888515385244,56,fixed_k3
Strain_b_Tension_0.5pct,b,0.5,-0.08531819799999985,0.062418759374999994,0.0,3.2660973716887067,56,fixed_k3
Strain_b_Tension_0.5pct,b,0.5,-0.08143957399999985,0.062418759374999994,0.0,1.0239701992847194,56,fixed_k3
Strain_b_Tension_0.5pct,b,0.5,-0.07756094999999985,0.062418759374999994,0.0,-0.11409326258379937,56,fixed_k3
Strain_b_Tension_0.5pct,b,0.5,-0.07368232599999985,0.062418759374999994,0.0,-0.5901988894773078,56,fixed_k3
Strain_b_Tension_0.5pct,b,0.5,-0.06980370199999986,0.062418759374999994,0.0,-0.7144912227664926,56,fixed_k3
Strain_b_Tension_0.5pct,b,0.5,-0.06592507799999986,0.062418759374999994,0.0,-0.6739525987112192,56,fixed_k3
Strain_b_Tension_0.5pct,b,0.5,-0.06204645399999986,0.062418759374999994,0.0,-0.5714792347810107,56,fixed_k3
Strain_b_Tension_0.5pct,b,0.5,-0.058167829999999865,0.062418759374999994,0.0,-0.45976160241809505,56,fixed_k3
Strain_b_Tension_0.5pct,b,0.5,-0.05428920599999987,0.062418759374999994,0.0,-0.3634936298856959,56,fixed_k3
Strain_b_Tension_0.5pct,b,0.5,-0.05041058199999987,0.062418759374999994,0.0,-0.2923191131432521,56,fixed_k3
Strain_b_Tension_0.5pct,b,0.5,-0.04653195799999987,0.062418759374999994,0.0,-0.24795041311489663,56,fixed_k3
Strain_b_Tension_0.5pct,b,0.5,-0.042653333999999876,0.062418759374999994,0.0,-0.22797144020049753,56,fixed_k3
Strain_b_Tension_0.5pct,b,0.5,-0.03877470999999988,0.062418759374999994,0.0,-0.22785567819934505,56,fixed_k3
Strain_b_Tension_0.5pct,b,0.5,-0.03489608599999988,0.062418759374999994,0.0,-0.24206205125572233,56,fixed_k3
Strain_b_Tension_0.5pct,b,0.5,-0.031017461999999885,0.062418759374999994,0.0,-0.26467539055589184,56,fixed_k3
Strain_b_Tension_0.5pct,b,0.5,-0.027138837999999887,0.062418759374999994,0.0,-0.2898349184596414,56,fixed_k3
Strain_b_Tension_0.5pct,b,0.5,-0.02326021399999989,0.062418759374999994,0.0,-0.31206888393363785,56,fixed_k3
Strain_b_Tension_0.5pct,b,0.5,-0.019381589999999893,0.062418759374999994,0.0,-0.3265817720620081,56,fixed_k3
Strain_b_Tension_0.5pct,b,0.5,-0.015502965999999896,0.062418759374999994,0.0,-0.3294989230695078,56,fixed_k3
Strain_b_Tension_0.5pct,b,0.5,-0.011624341999999899,0.062418759374999994,0.0,-0.31805090239411804,56,fixed_k3
Strain_b_Tension_0.5pct,b,0.5,-0.0077457179999999015,0.062418759374999994,0.0,-0.29067192690305976,56,fixed_k3
Strain_b_Tension_0.5pct,b,0.5,-0.0038670939999999043,0.062418759374999994,0.0,-0.24699077544669734,56,fixed_k3
Strain_b_Tension_0.5pct,b,0.5,1.1530000000092855e-05,0.062418759374999994,0.0,-0.18770630151468604,56,fixed_k3
Strain_b_Tension_0.5pct,b,0.5,0.00389015400000009,0.062418759374999994,0.0,-0.11435875216853497,56,fixed_k3
Strain_b_Tension_0.5pct,b,0.5,0.007768778000000087,0.062418759374999994,0.0,-0.02902698375120516,56,fixed_k3
Strain_b_Tension_0.5pct,b,0.5,0.011647402000000084,0.062418759374999994,0.0,0.06600531125955755,56,fixed_k3
Strain_b_Tension_0.5pct,b,0.5,0.015526026000000082,0.062418759374999994,0.0,0.16856796955053088,56,fixed_k3
Strain_b_Tension_0.5pct,b,0.5,0.01940465000000008,0.062418759374999994,0.0,0.27686813984354597,56,fixed_k3
Strain_b_Tension_0.5pct,b,0.5,0.023283274000000076,0.062418759374999994,0.0,0.3896756070652172,56,fixed_k3
Strain_b_Tension_0.5pct,b,0.5,0.027161898000000073,0.062418759374999994,0.0,0.5064247492282945,56,fixed_k3
Strain_b_Tension_0.5pct,b,0.5,0.03104052200000007,0.062418759374999994,0.0,0.6272462894671069,56,fixed_k3
Strain_b_Tension_0.5pct,b,0.5,0.03491914600000007,0.062418759374999994,0.0,0.7529559272682145,56,fixed_k3
Strain_b_Tension_0.5pct,b,0.5,0.038797770000000065,0.062418759374999994,0.0,0.8850351793031972,56,fixed_k3
Strain_b_Tension_0.5pct,b,0.5,0.04267639400000006,0.062418759374999994,0.0,1.0256416071694652,56,fixed_k3
Strain_b_Tension_0.5pct,b,0.5,0.04655501800000006,0.062418759374999994,0.0,1.1776787659320753,56,fixed_k3
Strain_b_Tension_0.5pct,b,0.5,0.050433642000000056,0.062418759374999994,0.0,1.3449325279274904,56,fixed_k3
Strain_b_Tension_0.5pct,b,0.5,0.05431226600000005,0.062418759374999994,0.0,1.5322183101878097,56,fixed_k3
Strain_b_Tension_0.5pct,b,0.5,0.05819089000000005,0.062418759374999994,0.0,1.745334814814123,56,fixed_k3
Strain_b_Tension_0.5pct,b,0.5,0.06206951400000005,0.062418759374999994,0.0,1.9902892971013597,56,fixed_k3
Strain_b_Tension_0.5pct,b,0.5,0.06594813800000005,0.062418759374999994,0.0,2.270591419294048,56,fixed_k3
Strain_b_Tension_0.5pct,b,0.5,0.06982676200000004,0.062418759374999994,0.0,2.5802467727208582,56,fixed_k3
Strain_b_Tension_0.5pct,b,0.5,0.07370538600000004,0.062418759374999994,0.0,2.88860091429412,56,fixed_k3
Strain_b_Tension_0.5pct,b,0.5,0.07758401000000004,0.062418759374999994,0.0,3.11312406130759,56,fixed_k3
Strain_b_Tension_0.5pct,b,0.5,0.08146263400000003,0.062418759374999994,0.0,3.0836785703393788,56,fixed_k3
Strain_b_Tension_0.5pct,b,0.5,0.08534125800000003,0.062418759374999994,0.0,2.529894084329767,56,fixed_k3
Strain_b_Tension_0.5pct,b,0.5,0.08921988200000003,0.062418759374999994,0.0,1.1802157696834408,56,fixed_k3
Strain_b_Tension_0.5pct,b,0.5,0.09309850600000003,0.062418759374999994,0.0,-0.9123073450794261,56,fixed_k3
Strain_b_Tension_0.5pct,b,0.5,0.09697713000000002,0.062418759374999994,0.0,-2.920492097958697,56,fixed_k3
Strain_b_Tension_0.5pct,b,0.5,0.10085575400000002,0.062418759374999994,0.0,-3.3578349766516,56,fixed_k3
Strain_b_Tension_0.5pct,b,0.5,0.10473437800000002,0.062418759374999994,0.0,-1.581762294363105,56,fixed_k3
Strain_b_Tension_0.5pct,b,0.5,0.10861300200000001,0.062418759374999994,0.0,-0.11750126997887222,56,fixed_k3
Strain_b_Tension_0.5pct,b,0.5,0.11249162600000001,0.062418759374999994,0.0,-7.021350651269607,56,fixed_k3
Strain_b_Tension_0.5pct,b,0.5,0.11637025000000001,0.062418759374999994,0.0,-47.00813603205708,56,fixed_k3
Strain_b_Tension_0.5pct,b,0.5,0.120248874,0.062418759374999994,0.0,-261.8022660021213,56,fixed_k3
Strain_b_Tension_0.5pct,b,0.5,0.124127498,0.062418759374999994,0.0,-1385.5984290544686,56,fixed_k3
Strain_b_Tension_0.5pct,b,0.5,0.128006122,0.062418759374999994,0.0,-401.972141270652,56,fixed_k3
Strain_b_Tension_0.5pct,b,0.5,0.131884746,0.062418759374999994,0.0,-50.392889036457106,56,fixed_k3
Strain_b_Tension_0.5pct,b,0.5,0.13576337,0.062418759374999994,0.0,-5.128120508697889,56,fixed_k3
Strain_b_Tension_0.5pct,b,0.5,0.139641994,0.062418759374999994,0.0,3.758728429058404,56,fixed_k3
Strain_b_Tension_0.5pct,b,0.5,0.143520618,0.062418759374999994,0.0,5.825221725489131,56,fixed_k3
Strain_b_Tension_0.5pct,b,0.5,0.14739924199999999,0.062418759374999994,0.0,6.177458222429506,56,fixed_k3
Strain_b_Tension_0.5pct,b,0.5,0.15127786599999998,0.062418759374999994,0.0,6.033688531598003,56,fixed_k3
Strain_b_Tension_0.5pct,b,0.5,0.15515649,0.062418759374999994,0.0,5.748305186365498,56,fixed_k3
Strain_b_Tension_0.5pct,b,0.5,-0.1551334299999998,0.06570539749999998,0.0,6.771836326982388,56,fixed_k3
Strain_b_Tension_0.5pct,b,0.5,-0.1512548059999998,0.06570539749999998,0.0,7.433035322509732,56,fixed_k3
Strain_b_Tension_0.5pct,b,0.5,-0.1473761819999998,0.06570539749999998,0.0,8.007127090117127,56,fixed_k3
Strain_b_Tension_0.5pct,b,0.5,-0.1434975579999998,0.06570539749999998,0.0,8.208538027477399,56,fixed_k3
Strain_b_Tension_0.5pct,b,0.5,-0.1396189339999998,0.06570539749999998,0.0,7.092753981900637,56,fixed_k3
Strain_b_Tension_0.5pct,b,0.5,-0.1357403099999998,0.06570539749999998,0.0,1.0840232435398751,56,fixed_k3
Strain_b_Tension_0.5pct,b,0.5,-0.1318616859999998,0.06570539749999998,0.0,-27.3966632557421,56,fixed_k3
Strain_b_Tension_0.5pct,b,0.5,-0.12798306199999981,0.06570539749999998,0.0,-203.30203884083784,56,fixed_k3
Strain_b_Tension_0.5pct,b,0.5,-0.12410443799999982,0.06570539749999998,0.0,-762.303707443943,56,fixed_k3
Strain_b_Tension_0.5pct,b,0.5,-0.12022581399999982,0.06570539749999998,0.0,-186.60744906245682,56,fixed_k3
Strain_b_Tension_0.5pct,b,0.5,-0.11634718999999982,0.06570539749999998,0.0,-8.874572132323916,56,fixed_k3
Strain_b_Tension_0.5pct,b,0.5,-0.11246856599999983,0.06570539749999998,0.0,26.411179162614598,56,fixed_k3
Strain_b_Tension_0.5pct,b,0.5,-0.10858994199999983,0.06570539749999998,0.0,32.89581918784599,56,fixed_k3
Strain_b_Tension_0.5pct,b,0.5,-0.10471131799999983,0.06570539749999998,0.0,30.901603501235872,56,fixed_k3
Strain_b_Tension_0.5pct,b,0.5,-0.10083269399999983,0.06570539749999998,0.0,25.506713840582584,56,fixed_k3
Strain_b_Tension_0.5pct,b,0.5,-0.09695406999999984,0.06570539749999998,0.0,18.690062282374758,56,fixed_k3
Strain_b_Tension_0.5pct,b,0.5,-0.09307544599999984,0.06570539749999998,0.0,12.037284594937548,56,fixed_k3
Strain_b_Tension_0.5pct,b,0.5,-0.08919682199999984,0.06570539749999998,0.0,6.712012414877153,56,fixed_k3
Strain_b_Tension_0.5pct,b,0.5,-0.08531819799999985,0.06570539749999998,0.0,3.100178919451409,56,fixed_k3
Strain_b_Tension_0.5pct,b,0.5,-0.08143957399999985,0.06570539749999998,0.0,0.9744096554020112,56,fixed_k3
Strain_b_Tension_0.5pct,b,0.5,-0.07756094999999985,0.06570539749999998,0.0,-0.11475432302713173,56,fixed_k3
Strain_b_Tension_0.5pct,b,0.5,-0.07368232599999985,0.06570539749999998,0.0,-0.5777719655282108,56,fixed_k3
Strain_b_Tension_0.5pct,b,0.5,-0.06980370199999986,0.06570539749999998,0.0,-0.7031464314303668,56,fixed_k3
Strain_b_Tension_0.5pct,b,0.5,-0.06592507799999986,0.06570539749999998,0.0,-0.6674923322878676,56,fixed_k3
Strain_b_Tension_0.5pct,b,0.5,-0.06204645399999986,0.06570539749999998,0.0,-0.5698677470369828,56,fixed_k3
Strain_b_Tension_0.5pct,b,0.5,-0.058167829999999865,0.06570539749999998,0.0,-0.46202185202638946,56,fixed_k3
Strain_b_Tension_0.5pct,b,0.5,-0.05428920599999987,0.06570539749999998,0.0,-0.36873224040193686,56,fixed_k3
Strain_b_Tension_0.5pct,b,0.5,-0.05041058199999987,0.06570539749999998,0.0,-0.29996385978714746,56,fixed_k3
Strain_b_Tension_0.5pct,b,0.5,-0.04653195799999987,0.06570539749999998,0.0,-0.2577149055084127,56,fixed_k3
Strain_b_Tension_0.5pct,b,0.5,-0.042653333999999876,0.06570539749999998,0.0,-0.23975557828274052,56,fixed_k3
Strain_b_Tension_0.5pct,b,0.5,-0.03877470999999988,0.06570539749999998,0.0,-0.24165329882616704,56,fixed_k3
Strain_b_Tension_0.5pct,b,0.5,-0.03489608599999988,0.06570539749999998,0.0,-0.2578929453556409,56,fixed_k3
Strain_b_Tension_0.5pct,b,0.5,-0.031017461999999885,0.06570539749999998,0.0,-0.2825403131419919,56,fixed_k3
Strain_b_Tension_0.5pct,b,0.5,-0.027138837999999887,0.06570539749999998,0.0,-0.30968755590338515,56,fixed_k3
Strain_b_Tension_0.5pct,b,0.5,-0.02326021399999989,0.06570539749999998,0.0,-0.3337989190944406,56,fixed_k3
Strain_b_Tension_0.5pct,b,0.5,-0.019381589999999893,0.06570539749999998,0.0,-0.3500047474743553,56,fixed_k3
Strain_b_Tension_0.5pct,b,0.5,-0.015502965999999896,0.06570539749999998,0.0,-0.3543503592205808,56,fixed_k3
Strain_b_Tension_0.5pct,b,0.5,-0.011624341999999899,0.06570539749999998,0.0,-0.3439837014045324,56,fixed_k3
Strain_b_Tension_0.5pct,b,0.5,-0.0077457179999999015,0.06570539749999998,0.0,-0.31725731571506954,56,fixed_k3
Strain_b_Tension_0.5pct,b,0.5,-0.0038670939999999043,0.06570539749999998,0.0,-0.27372377226267086,56,fixed_k3
Strain_b_Tension_0.5pct,b,0.5,1.1530000000092855e-05,0.06570539749999998,0.0,-0.21401679677350915,56,fixed_k3
Strain_b_Tension_0.5pct,b,0.5,0.00389015400000009,0.06570539749999998,0.0,-0.13962874480307064,56,fixed_k3
Strain_b_Tension_0.5pct,b,0.5,0.007768778000000087,0.06570539749999998,0.0,-0.052613433913779595,56,fixed_k3
Strain_b_Tension_0.5pct,b,0.5,0.011647402000000084,0.06570539749999998,0.0,0.04474385750457932,56,fixed_k3
Strain_b_Tension_0.5pct,b,0.5,0.015526026000000082,0.06570539749999998,0.0,0.15024396201964074,56,fixed_k3
Strain_b_Tension_0.5pct,b,0.5,0.01940465000000008,0.06570539749999998,0.0,0.26204039601310813,56,fixed_k3
Strain_b_Tension_0.5pct,b,0.5,0.023283274000000076,0.06570539749999998,0.0,0.3788309411267188,56,fixed_k3
Strain_b_Tension_0.5pct,b,0.5,0.027161898000000073,0.06570539749999998,0.0,0.4999685086847019,56,fixed_k3
Strain_b_Tension_0.5pct,b,0.5,0.03104052200000007,0.06570539749999998,0.0,0.6255031142012779,56,fixed_k3
Strain_b_Tension_0.5pct,b,0.5,0.03491914600000007,0.06570539749999998,0.0,0.7561804140138466,56,fixed_k3
Strain_b_Tension_0.5pct,b,0.5,0.038797770000000065,0.06570539749999998,0.0,0.8934303221093942,56,fixed_k3
Strain_b_Tension_0.5pct,b,0.5,0.04267639400000006,0.06570539749999998,0.0,1.0393807804588158,56,fixed_k3
Strain_b_Tension_0.5pct,b,0.5,0.04655501800000006,0.06570539749999998,0.0,1.1969242149110921,56,fixed_k3
Strain_b_Tension_0.5pct,b,0.5,0.050433642000000056,0.06570539749999998,0.0,1.369839193895279,56,fixed_k3
Strain_b_Tension_0.5pct,b,0.5,0.05431226600000005,0.06570539749999998,0.0,1.5629059571815693,56,fixed_k3
Strain_b_Tension_0.5pct,b,0.5,0.05819089000000005,0.06570539749999998,0.0,1.781805483571172,56,fixed_k3
Strain_b_Tension_0.5pct,b,0.5,0.06206951400000005,0.06570539749999998,0.0,2.0322701360024062,56,fixed_k3
Strain_b_Tension_0.5pct,b,0.5,0.06594813800000005,0.06570539749999998,0.0,2.3173249083790513,56,fixed_k3
Strain_b_Tension_0.5pct,b,0.5,0.06982676200000004,0.06570539749999998,0.0,2.6304085790593885,56,fixed_k3
Strain_b_Tension_0.5pct,b,0.5,0.07370538600000004,0.06570539749999998,0.0,2.940947979408742,56,fixed_k3
Strain_b_Tension_0.5pct,b,0.5,0.07758401000000004,0.06570539749999998,0.0,3.169277342472319,56,fixed_k3
Strain_b_Tension_0.5pct,b,0.5,0.08146263400000003,0.06570539749999998,0.0,3.1550447830543953,56,fixed_k3
Strain_b_Tension_0.5pct,b,0.5,0.08534125800000003,0.06570539749999998,0.0,2.6479480127335515,56,fixed_k3
Strain_b_Tension_0.5pct,b,0.5,0.08921988200000003,0.06570539749999998,0.0,1.3962221245247544,56,fixed_k3
Strain_b_Tension_0.5pct,b,0.5,0.09309850600000003,0.06570539749999998,0.0,-0.5727978004288965,56,fixed_k3
Strain_b_Tension_0.5pct,b,0.5,0.09697713000000002,0.06570539749999998,0.0,-2.5537344721943547,56,fixed_k3
Strain_b_Tension_0.5pct,b,0.5,0.10085575400000002,0.06570539749999998,0.0,-3.1693277113083793,56,fixed_k3
Strain_b_Tension_0.5pct,b,0.5,0.10473437800000002,0.06570539749999998,0.0,-1.5431580313443178,56,fixed_k3
Strain_b_Tension_0.5pct,b,0.5,0.10861300200000001,0.06570539749999998,0.0,0.2834183369564083,56,fixed_k3
Strain_b_Tension_0.5pct,b,0.5,0.11249162600000001,0.06570539749999998,0.0,-6.273310347590384,56,fixed_k3
Strain_b_Tension_0.5pct,b,0.5,0.11637025000000001,0.06570539749999998,0.0,-48.92630244919924,56,fixed_k3
Strain_b_Tension_0.5pct,b,0.5,0.120248874,0.06570539749999998,0.0,-258.8718999796028,56,fixed_k3
Strain_b_Tension_0.5pct,b,0.5,0.124127498,0.06570539749999998,0.0,-815.2546293252577,56,fixed_k3
Strain_b_Tension_0.5pct,b,0.5,0.128006122,0.06570539749999998,0.0,-241.13684933566782,56,fixed_k3
Strain_b_Tension_0.5pct,b,0.5,0.131884746,0.06570539749999998,0.0,-35.171011709664235,56,fixed_k3
Strain_b_Tension_0.5pct,b,0.5,0.13576337,0.06570539749999998,0.0,-1.8175495956073093,56,fixed_k3
Strain_b_Tension_0.5pct,b,0.5,0.139641994,0.06570539749999998,0.0,5.02849022793269,56,fixed_k3
Strain_b_Tension_0.5pct,b,0.5,0.143520618,0.06570539749999998,0.0,6.490356633511893,56,fixed_k3
Strain_b_Tension_0.5pct,b,0.5,0.14739924199999999,0.06570539749999998,0.0,6.594828051039077,56,fixed_k3
Strain_b_Tension_0.5pct,b,0.5,0.15127786599999998,0.06570539749999998,0.0,6.328569695443365,56,fixed_k3
Strain_b_Tension_0.5pct,b,0.5,0.15515649,0.06570539749999998,0.0,5.9751151157091815,56,fixed_k3
Strain_b_Tension_0.5pct,b,0.5,-0.1551334299999998,0.06899203562499998,0.0,7.0808143373338135,56,fixed_k3
Strain_b_Tension_0.5pct,b,0.5,-0.1512548059999998,0.06899203562499998,0.0,7.832389407381443,56,fixed_k3
Strain_b_Tension_0.5pct,b,0.5,-0.1473761819999998,0.06899203562499998,0.0,8.54997538387979,56,fixed_k3
Strain_b_Tension_0.5pct,b,0.5,-0.1434975579999998,0.06899203562499998,0.0,9.01112216986609,56,fixed_k3
Strain_b_Tension_0.5pct,b,0.5,-0.1396189339999998,0.06899203562499998,0.0,8.45586503347426,56,fixed_k3
Strain_b_Tension_0.5pct,b,0.5,-0.1357403099999998,0.06899203562499998,0.0,4.060083892231565,56,fixed_k3
Strain_b_Tension_0.5pct,b,0.5,-0.1318616859999998,0.06899203562499998,0.0,-16.81909488120023,56,fixed_k3
Strain_b_Tension_0.5pct,b,0.5,-0.12798306199999981,0.06899203562499998,0.0,-124.18862402501573,56,fixed_k3
Strain_b_Tension_0.5pct,b,0.5,-0.12410443799999982,0.06899203562499998,0.0,-425.67628570692074,56,fixed_k3
Strain_b_Tension_0.5pct,b,0.5,-0.12022581399999982,0.06899203562499998,0.0,-150.23501672429148,56,fixed_k3
Strain_b_Tension_0.5pct,b,0.5,-0.11634718999999982,0.06899203562499998,0.0,9.149601498778487,56,fixed_k3
Strain_b_Tension_0.5pct,b,0.5,-0.11246856599999983,0.06899203562499998,0.0,40.34042581739392,56,fixed_k3
Strain_b_Tension_0.5pct,b,0.5,-0.10858994199999983,0.06899203562499998,0.0,40.887924809850226,56,fixed_k3
Strain_b_Tension_0.5pct,b,0.5,-0.10471131799999983,0.06899203562499998,0.0,34.15556301237817,56,fixed_k3
Strain_b_Tension_0.5pct,b,0.5,-0.10083269399999983,0.06899203562499998,0.0,26.06696507235349,56,fixed_k3
Strain_b_Tension_0.5pct,b,0.5,-0.09695406999999984,0.06899203562499998,0.0,18.21481337935188,56,fixed_k3
Strain_b_Tension_0.5pct,b,0.5,-0.09307544599999984,0.06899203562499998,0.0,11.455866394541236,56,fixed_k3
Strain_b_Tension_0.5pct,b,0.5,-0.08919682199999984,0.06899203562499998,0.0,6.337358604568369,56,fixed_k3
Strain_b_Tension_0.5pct,b,0.5,-0.08531819799999985,0.06899203562499998,0.0,2.9286292983690627,56,fixed_k3
Strain_b_Tension_0.5pct,b,0.5,-0.08143957399999985,0.06899203562499998,0.0,0.9209930958783894,56,fixed_k3
Strain_b_Tension_0.5pct,b,0.5,-0.07756094999999985,0.06899203562499998,0.0,-0.11815071210609074,56,fixed_k3
Strain_b_Tension_0.5pct,b,0.5,-0.07368232599999985,0.06899203562499998,0.0,-0.5672914607300688,56,fixed_k3
Strain_b_Tension_0.5pct,b,0.5,-0.06980370199999986,0.06899203562499998,0.0,-0.6934170864695117,56,fixed_k3
Strain_b_Tension_0.5pct,b,0.5,-0.06592507799999986,0.06899203562499998,0.0,-0.6626570413257109,56,fixed_k3
Strain_b_Tension_0.5pct,b,0.5,-0.06204645399999986,0.06899203562499998,0.0,-0.5700501561607001,56,fixed_k3
Strain_b_Tension_0.5pct,b,0.5,-0.058167829999999865,0.06899203562499998,0.0,-0.4662746438552894,56,fixed_k3
Strain_b_Tension_0.5pct,b,0.5,-0.05428920599999987,0.06899203562499998,0.0,-0.37612608157947713,56,fixed_k3
Strain_b_Tension_0.5pct,b,0.5,-0.05041058199999987,0.06899203562499998,0.0,-0.3098680988988052,56,fixed_k3
Strain_b_Tension_0.5pct,b,0.5,-0.04653195799999987,0.06899203562499998,0.0,-0.26978479218295925,56,fixed_k3
Strain_b_Tension_0.5pct,b,0.5,-0.042653333999999876,0.06899203562499998,0.0,-0.25384212579047394,56,fixed_k3
Strain_b_Tension_0.5pct,b,0.5,-0.03877470999999988,0.06899203562499998,0.0,-0.25771351629745043,56,fixed_k3
Strain_b_Tension_0.5pct,b,0.5,-0.03489608599999988,0.06899203562499998,0.0,-0.2759214123788134,56,fixed_k3
Strain_b_Tension_0.5pct,b,0.5,-0.031017461999999885,0.06899203562499998,0.0,-0.30252265863670535,56,fixed_k3
Strain_b_Tension_0.5pct,b,0.5,-0.027138837999999887,0.06899203562499998,0.0,-0.3315706773065683,56,fixed_k3
Strain_b_Tension_0.5pct,b,0.5,-0.02326021399999989,0.06899203562499998,0.0,-0.35747241536563545,56,fixed_k3
Strain_b_Tension_0.5pct,b,0.5,-0.019381589999999893,0.06899203562499998,0.0,-0.3752893570097149,56,fixed_k3
Strain_b_Tension_0.5pct,b,0.5,-0.015502965999999896,0.06899203562499998,0.0,-0.380990857219202,56,fixed_k3
Strain_b_Tension_0.5pct,b,0.5,-0.011624341999999899,0.06899203562499998,0.0,-0.37164525699019,56,fixed_k3
Strain_b_Tension_0.5pct,b,0.5,-0.0077457179999999015,0.06899203562499998,0.0,-0.34552552849765283,56,fixed_k3
Strain_b_Tension_0.5pct,b,0.5,-0.0038670939999999043,0.06899203562499998,0.0,-0.3021093371158283,56,fixed_k3
Strain_b_Tension_0.5pct,b,0.5,1.1530000000092855e-05,0.06899203562499998,0.0,-0.24196585094834888,56,fixed_k3
Strain_b_Tension_0.5pct,b,0.5,0.00389015400000009,0.06899203562499998,0.0,-0.16653939845079924,56,fixed_k3
Strain_b_Tension_0.5pct,b,0.5,0.007768778000000087,0.06899203562499998,0.0,-0.07785790586340169,56,fixed_k3
Strain_b_Tension_0.5pct,b,0.5,0.011647402000000084,0.06899203562499998,0.0,0.021793378047571643,56,fixed_k3
Strain_b_Tension_0.5pct,b,0.5,0.015526026000000082,0.06899203562499998,0.0,0.13018873387334984,56,fixed_k3
Strain_b_Tension_0.5pct,b,0.5,0.01940465000000008,0.06899203562499998,0.0,0.24543142805372753,56,fixed_k3
Strain_b_Tension_0.5pct,b,0.5,0.023283274000000076,0.06899203562499998,0.0,0.36615165823202256,56,fixed_k3
Strain_b_Tension_0.5pct,b,0.5,0.027161898000000073,0.06899203562499998,0.0,0.4916264348440422,56,fixed_k3
Strain_b_Tension_0.5pct,b,0.5,0.03104052200000007,0.06899203562499998,0.0,0.6218318693665041,56,fixed_k3
Strain_b_Tension_0.5pct,b,0.5,0.03491914600000007,0.06899203562499998,0.0,0.7574516435311083,56,fixed_k3
Strain_b_Tension_0.5pct,b,0.5,0.038797770000000065,0.06899203562499998,0.0,0.8998732781003334,56,fixed_k3
Strain_b_Tension_0.5pct,b,0.5,0.04267639400000006,0.06899203562499998,0.0,1.0512050230538295,56,fixed_k3
Strain_b_Tension_0.5pct,b,0.5,0.04655501800000006,0.06899203562499998,0.0,1.2143378770437598,56,fixed_k3
Strain_b_Tension_0.5pct,b,0.5,0.050433642000000056,0.06899203562499998,0.0,1.3930508308083043,56,fixed_k3
Strain_b_Tension_0.5pct,b,0.5,0.05431226600000005,0.06899203562499998,0.0,1.5920918848095378,56,fixed_k3
Strain_b_Tension_0.5pct,b,0.5,0.05819089000000005,0.06899203562499998,0.0,1.8170186187237638,56,fixed_k3
Strain_b_Tension_0.5pct,b,0.5,0.06206951400000005,0.06899203562499998,0.0,2.073270276271261,56,fixed_k3
Strain_b_Tension_0.5pct,b,0.5,0.06594813800000005,0.06899203562499998,0.0,2.363354586474298,56,fixed_k3
Strain_b_Tension_0.5pct,b,0.5,0.06982676200000004,0.06899203562499998,0.0,2.680098630135775,56,fixed_k3
Strain_b_Tension_0.5pct,b,0.5,0.07370538600000004,0.06899203562499998,0.0,2.9929501429437515,56,fixed_k3
Strain_b_Tension_0.5pct,b,0.5,0.07758401000000004,0.06899203562499998,0.0,3.224978063868825,56,fixed_k3
Strain_b_Tension_0.5pct,b,0.5,0.08146263400000003,0.06899203562499998,0.0,3.225247724642078,56,fixed_k3
Strain_b_Tension_0.5pct,b,0.5,0.08534125800000003,0.06899203562499998,0.0,2.762896514991277,56,fixed_k3
Strain_b_Tension_0.5pct,b,0.5,0.08921988200000003,0.06899203562499998,0.0,1.6069473851190166,56,fixed_k3
Strain_b_Tension_0.5pct,b,0.5,0.09309850600000003,0.06899203562499998,0.0,-0.23161656337644554,56,fixed_k3
Strain_b_Tension_0.5pct,b,0.5,0.09697713000000002,0.06899203562499998,0.0,-2.1470879796621696,56,fixed_k3
Strain_b_Tension_0.5pct,b,0.5,0.10085575400000002,0.06899203562499998,0.0,-2.8585575931129386,56,fixed_k3
Strain_b_Tension_0.5pct,b,0.5,0.10473437800000002,0.06899203562499998,0.0,-1.2421280783786557,56,fixed_k3
Strain_b_Tension_0.5pct,b,0.5,0.10861300200000001,0.06899203562499998,0.0,1.381644773929322,56,fixed_k3
Strain_b_Tension_0.5pct,b,0.5,0.11249162600000001,0.06899203562499998,0.0,-3.5457982815610913,56,fixed_k3
Strain_b_Tension_0.5pct,b,0.5,0.11637025000000001,0.06899203562499998,0.0,-45.53426183220378,56,fixed_k3
Strain_b_Tension_0.5pct,b,0.5,0.120248874,0.06899203562499998,0.0,-228.59279745169823,56,fixed_k3
Strain_b_Tension_0.5pct,b,0.5,0.124127498,0.06899203562499998,0.0,-479.5421870020815,56,fixed_k3
Strain_b_Tension_0.5pct,b,0.5,0.128006122,0.06899203562499998,0.0,-149.66118470019987,56,fixed_k3
Strain_b_Tension_0.5pct,b,0.5,0.131884746,0.06899203562499998,0.0,-22.75723741644887,56,fixed_k3
Strain_b_Tension_0.5pct,b,0.5,0.13576337,0.06899203562499998,0.0,1.3581321808988371,56,fixed_k3
Strain_b_Tension_0.5pct,b,0.5,0.139641994,0.06899203562499998,0.0,6.3159254813696375,56,fixed_k3
Strain_b_Tension_0.5pct,b,0.5,0.143520618,0.06899203562499998,0.0,7.170759692417295,56,fixed_k3
Strain_b_Tension_0.5pct,b,0.5,0.14739924199999999,0.06899203562499998,0.0,7.019225029090464,56,fixed_k3
Strain_b_Tension_0.5pct,b,0.5,0.15127786599999998,0.06899203562499998,0.0,6.625914320478269,56,fixed_k3
Strain_b_Tension_0.5pct,b,0.5,0.15515649,0.06899203562499998,0.0,6.202266416329,56,fixed_k3
Strain_b_Tension_0.5pct,b,0.5,-0.1551334299999998,0.07227867375,0.0,7.363705995938958,56,fixed_k3
Strain_b_Tension_0.5pct,b,0.5,-0.1512548059999998,0.07227867375,0.0,8.208239873066429,56,fixed_k3
Strain_b_Tension_0.5pct,b,0.5,-0.1473761819999998,0.07227867375,0.0,9.074997967859199,56,fixed_k3
Strain_b_Tension_0.5pct,b,0.5,-0.1434975579999998,0.07227867375,0.0,9.8076458801609,56,fixed_k3
Strain_b_Tension_0.5pct,b,0.5,-0.1396189339999998,0.07227867375,0.0,9.82892552201894,56,fixed_k3
Strain_b_Tension_0.5pct,b,0.5,-0.1357403099999998,0.07227867375,0.0,6.979589031179304,56,fixed_k3
Strain_b_Tension_0.5pct,b,0.5,-0.1318616859999998,0.07227867375,0.0,-7.7551710952844495,56,fixed_k3
Strain_b_Tension_0.5pct,b,0.5,-0.12798306199999981,0.07227867375,0.0,-74.97050953758882,56,fixed_k3
Strain_b_Tension_0.5pct,b,0.5,-0.12410443799999982,0.07227867375,0.0,-238.54998631994067,56,fixed_k3
Strain_b_Tension_0.5pct,b,0.5,-0.12022581399999982,0.07227867375,0.0,-97.87163341498164,56,fixed_k3
Strain_b_Tension_0.5pct,b,0.5,-0.11634718999999982,0.07227867375,0.0,35.819939505329934,56,fixed_k3
Strain_b_Tension_0.5pct,b,0.5,-0.11246856599999983,0.07227867375,0.0,58.168287081955604,56,fixed_k3
Strain_b_Tension_0.5pct,b,0.5,-0.10858994199999983,0.07227867375,0.0,49.533834373885895,56,fixed_k3
Strain_b_Tension_0.5pct,b,0.5,-0.10471131799999983,0.07227867375,0.0,37.022385576554534,56,fixed_k3
Strain_b_Tension_0.5pct,b,0.5,-0.10083269399999983,0.07227867375,0.0,26.266692667317415,56,fixed_k3
Strain_b_Tension_0.5pct,b,0.5,-0.09695406999999984,0.07227867375,0.0,17.58588956282894,56,fixed_k3
Strain_b_Tension_0.5pct,b,0.5,-0.09307544599999984,0.07227867375,0.0,10.835008649092822,56,fixed_k3
Strain_b_Tension_0.5pct,b,0.5,-0.08919682199999984,0.07227867375,0.0,5.956630620611711,56,fixed_k3
Strain_b_Tension_0.5pct,b,0.5,-0.08531819799999985,0.07227867375,0.0,2.755548322776215,56,fixed_k3
Strain_b_Tension_0.5pct,b,0.5,-0.08143957399999985,0.07227867375,0.0,0.8658600800068057,56,fixed_k3
Strain_b_Tension_0.5pct,b,0.5,-0.07756094999999985,0.07227867375,0.0,-0.123137798980959,56,fixed_k3
Strain_b_Tension_0.5pct,b,0.5,-0.07368232599999985,0.07227867375,0.0,-0.5580949549211973,56,fixed_k3
Strain_b_Tension_0.5pct,b,0.5,-0.06980370199999986,0.07227867375,0.0,-0.6848657325845655,56,fixed_k3
Strain_b_Tension_0.5pct,b,0.5,-0.06592507799999986,0.07227867375,0.0,-0.6591162547096516,56,fixed_k3
Strain_b_Tension_0.5pct,b,0.5,-0.06204645399999986,0.07227867375,0.0,-0.5717520728086147,56,fixed_k3
Strain_b_Tension_0.5pct,b,0.5,-0.058167829999999865,0.07227867375,0.0,-0.47227974009024076,56,fixed_k3
Strain_b_Tension_0.5pct,b,0.5,-0.05428920599999987,0.07227867375,0.0,-0.3854588702691395,56,fixed_k3
Strain_b_Tension_0.5pct,b,0.5,-0.05041058199999987,0.07227867375,0.0,-0.3218340507337536,56,fixed_k3
Strain_b_Tension_0.5pct,b,0.5,-0.04653195799999987,0.07227867375,0.0,-0.28397743573028733,56,fixed_k3
Strain_b_Tension_0.5pct,b,0.5,-0.042653333999999876,0.07227867375,0.0,-0.27006130902129755,56,fixed_k3
Strain_b_Tension_0.5pct,b,0.5,-0.03877470999999988,0.07227867375,0.0,-0.2758777983024756,56,fixed_k3
Strain_b_Tension_0.5pct,b,0.5,-0.03489608599999988,0.07227867375,0.0,-0.29599896875212983,56,fixed_k3
Strain_b_Tension_0.5pct,b,0.5,-0.031017461999999885,0.07227867375,0.0,-0.3244830780048793,56,fixed_k3
Strain_b_Tension_0.5pct,b,0.5,-0.027138837999999887,0.07227867375,0.0,-0.35535332134326825,56,fixed_k3
Strain_b_Tension_0.5pct,b,0.5,-0.02326021399999989,0.07227867375,0.0,-0.3829661408826053,56,fixed_k3
Strain_b_Tension_0.5pct,b,0.5,-0.019381589999999893,0.07227867375,0.0,-0.40231948097653936,56,fixed_k3
Strain_b_Tension_0.5pct,b,0.5,-0.015502965999999896,0.07227867375,0.0,-0.40931081546562487,56,fixed_k3
Strain_b_Tension_0.5pct,b,0.5,-0.011624341999999899,0.07227867375,0.0,-0.40093192281709644,56,fixed_k3
Strain_b_Tension_0.5pct,b,0.5,-0.0077457179999999015,0.07227867375,0.0,-0.3753783687866612,56,fixed_k3
Strain_b_Tension_0.5pct,b,0.5,-0.0038670939999999043,0.07227867375,0.0,-0.33205430895021903,56,fixed_k3
Strain_b_Tension_0.5pct,b,0.5,1.1530000000092855e-05,0.07227867375,0.0,-0.2714650434329364,56,fixed_k3
Strain_b_Tension_0.5pct,b,0.5,0.00389015400000009,0.07227867375,0.0,-0.19500687001477912,56,fixed_k3
Strain_b_Tension_0.5pct,b,0.5,0.007768778000000087,0.07227867375,0.0,-0.10468109229172207,56,fixed_k3
Strain_b_Tension_0.5pct,b,0.5,0.011647402000000084,0.07227867375,0.0,-0.0027713994582549972,56,fixed_k3
Strain_b_Tension_0.5pct,b,0.5,0.015526026000000082,0.07227867375,0.0,0.10847235951191214,56,fixed_k3
Strain_b_Tension_0.5pct,b,0.5,0.01940465000000008,0.07227867375,0.0,0.22710662043252294,56,fixed_k3
Strain_b_Tension_0.5pct,b,0.5,0.023283274000000076,0.07227867375,0.0,0.3516985188551405,56,fixed_k3
Strain_b_Tension_0.5pct,b,0.5,0.027161898000000073,0.07227867375,0.0,0.4814548865005368,56,fixed_k3
Strain_b_Tension_0.5pct,b,0.5,0.03104052200000007,0.07227867375,0.0,0.6162849253002121,56,fixed_k3
Strain_b_Tension_0.5pct,b,0.5,0.03491914600000007,0.07227867375,0.0,0.7568186164216142,56,fixed_k3
Strain_b_Tension_0.5pct,b,0.5,0.038797770000000065,0.07227867375,0.0,0.9044105067338495,56,fixed_k3
Strain_b_Tension_0.5pct,b,0.5,0.04267639400000006,0.07227867375,0.0,1.061159313581154,56,fixed_k3
Strain_b_Tension_0.5pct,b,0.5,0.04655501800000006,0.07227867375,0.0,1.2299646442745762,56,fixed_k3
Strain_b_Tension_0.5pct,b,0.5,0.050433642000000056,0.07227867375,0.0,1.4146142885938917,56,fixed_k3
Strain_b_Tension_0.5pct,b,0.5,0.05431226600000005,0.07227867375,0.0,1.6198284043130373,56,fixed_k3
Strain_b_Tension_0.5pct,b,0.5,0.05819089000000005,0.07227867375,0.0,1.8510387924897374,56,fixed_k3
Strain_b_Tension_0.5pct,b,0.5,0.06206951400000005,0.07227867375,0.0,2.113380455185732,56,fixed_k3
Strain_b_Tension_0.5pct,b,0.5,0.06594813800000005,0.07227867375,0.0,2.408825491683398,56,fixed_k3
Strain_b_Tension_0.5pct,b,0.5,0.06982676200000004,0.07227867375,0.0,2.7295702328831655,56,fixed_k3
Strain_b_Tension_0.5pct,b,0.5,0.07370538600000004,0.07227867375,0.0,3.0450638110101087,56,fixed_k3
Strain_b_Tension_0.5pct,b,0.5,0.07758401000000004,0.07227867375,0.0,3.281032842152679,56,fixed_k3
Strain_b_Tension_0.5pct,b,0.5,0.08146263400000003,0.07227867375,0.0,3.295631504676156,56,fixed_k3
Strain_b_Tension_0.5pct,b,0.5,0.08534125800000003,0.07227867375,0.0,2.8767451978059215,56,fixed_k3
Strain_b_Tension_0.5pct,b,0.5,0.08921988200000003,0.07227867375,0.0,1.8146679386069997,56,fixed_k3
Strain_b_Tension_0.5pct,b,0.5,0.09309850600000003,0.07227867375,0.0,0.11171791194104497,56,fixed_k3
Strain_b_Tension_0.5pct,b,0.5,0.09697713000000002,0.07227867375,0.0,-1.7056956463592674,56,fixed_k3
Strain_b_Tension_0.5pct,b,0.5,0.10085575400000002,0.07227867375,0.0,-2.4360272634580435,56,fixed_k3
Strain_b_Tension_0.5pct,b,0.5,0.10473437800000002,0.07227867375,0.0,-0.6824519250733398,56,fixed_k3
Strain_b_Tension_0.5pct,b,0.5,0.10861300200000001,0.07227867375,0.0,3.28638231177198,56,fixed_k3
Strain_b_Tension_0.5pct,b,0.5,0.11249162600000001,0.07227867375,0.0,1.9458456096669234,56,fixed_k3
Strain_b_Tension_0.5pct,b,0.5,0.11637025000000001,0.07227867375,0.0,-34.78091364003266,56,fixed_k3
Strain_b_Tension_0.5pct,b,0.5,0.120248874,0.07227867375,0.0,-179.86801632241503,56,fixed_k3
Strain_b_Tension_0.5pct,b,0.5,0.124127498,0.07227867375,0.0,-285.8675193486616,56,fixed_k3
Strain_b_Tension_0.5pct,b,0.5,0.128006122,0.07227867375,0.0,-92.30440868503378,56,fixed_k3
Strain_b_Tension_0.5pct,b,0.5,0.131884746,0.07227867375,0.0,-12.264875369128664,56,fixed_k3
Strain_b_Tension_0.5pct,b,0.5,0.13576337,0.07227867375,0.0,4.436475521599851,56,fixed_k3
Strain_b_Tension_0.5pct,b,0.5,0.139641994,0.07227867375,0.0,7.61969527483971,56,fixed_k3
Strain_b_Tension_0.5pct,b,0.5,0.143520618,0.07227867375,0.0,7.864584780934059,56,fixed_k3
Strain_b_Tension_0.5pct,b,0.5,0.14739924199999999,0.07227867375,0.0,7.450437018538689,56,fixed_k3
Strain_b_Tension_0.5pct,b,0.5,0.15127786599999998,0.07227867375,0.0,6.926636229717544,56,fixed_k3
Strain_b_Tension_0.5pct,b,0.5,0.15515649,0.07227867375,0.0,6.431299790443313,56,fixed_k3
Strain_b_Tension_0.5pct,b,0.5,-0.1551334299999998,0.07556531187499999,0.0,7.617222893313244,56,fixed_k3
Strain_b_Tension_0.5pct,b,0.5,-0.1512548059999998,0.07556531187499999,0.0,8.556585456461965,56,fixed_k3
Strain_b_Tension_0.5pct,b,0.5,-0.1473761819999998,0.07556531187499999,0.0,9.577136092564505,56,fixed_k3
Strain_b_Tension_0.5pct,b,0.5,-0.1434975579999998,0.07556531187499999,0.0,10.592215341308096,56,fixed_k3
Strain_b_Tension_0.5pct,b,0.5,-0.1396189339999998,0.07556531187499999,0.0,11.209737124876197,56,fixed_k3
Strain_b_Tension_0.5pct,b,0.5,-0.1357403099999998,0.07556531187499999,0.0,9.882949656818564,56,fixed_k3
Strain_b_Tension_0.5pct,b,0.5,-0.1318616859999998,0.07556531187499999,0.0,0.38975419987686766,56,fixed_k3
Strain_b_Tension_0.5pct,b,0.5,-0.12798306199999981,0.07556531187499999,0.0,-40.97403100544333,56,fixed_k3
Strain_b_Tension_0.5pct,b,0.5,-0.12410443799999982,0.07556531187499999,0.0,-127.91458381302647,56,fixed_k3
Strain_b_Tension_0.5pct,b,0.5,-0.12022581399999982,0.07556531187499999,0.0,-38.29075572886472,56,fixed_k3
Strain_b_Tension_0.5pct,b,0.5,-0.11634718999999982,0.07556531187499999,0.0,72.96357515352058,56,fixed_k3
Strain_b_Tension_0.5pct,b,0.5,-0.11246856599999983,0.07556531187499999,0.0,80.32870055893568,56,fixed_k3
Strain_b_Tension_0.5pct,b,0.5,-0.10858994199999983,0.07556531187499999,0.0,58.431783477928434,56,fixed_k3
Strain_b_Tension_0.5pct,b,0.5,-0.10471131799999983,0.07556531187499999,0.0,39.30344761273801,56,fixed_k3
Strain_b_Tension_0.5pct,b,0.5,-0.10083269399999983,0.07556531187499999,0.0,26.08901326653667,56,fixed_k3
Strain_b_Tension_0.5pct,b,0.5,-0.09695406999999984,0.07556531187499999,0.0,16.824427683520057,56,fixed_k3
Strain_b_Tension_0.5pct,b,0.5,-0.09307544599999984,0.07556531187499999,0.0,10.189650213680679,56,fixed_k3
Strain_b_Tension_0.5pct,b,0.5,-0.08919682199999984,0.07556531187499999,0.0,5.577410558971184,56,fixed_k3
Strain_b_Tension_0.5pct,b,0.5,-0.08531819799999985,0.07556531187499999,0.0,2.584811209136557,56,fixed_k3
Strain_b_Tension_0.5pct,b,0.5,-0.08143957399999985,0.07556531187499999,0.0,0.8110805400421912,56,fixed_k3
Strain_b_Tension_0.5pct,b,0.5,-0.07756094999999985,0.07556531187499999,0.0,-0.12856491556577843,56,fixed_k3
Strain_b_Tension_0.5pct,b,0.5,-0.07368232599999985,0.07556531187499999,0.0,-0.549489271698258,56,fixed_k3
Strain_b_Tension_0.5pct,b,0.5,-0.06980370199999986,0.07556531187499999,0.0,-0.6770193910279931,56,fixed_k3
Strain_b_Tension_0.5pct,b,0.5,-0.06592507799999986,0.07556531187499999,0.0,-0.6565048661905988,56,fixed_k3
Strain_b_Tension_0.5pct,b,0.5,-0.06204645399999986,0.07556531187499999,0.0,-0.5746664139381845,56,fixed_k3
Strain_b_Tension_0.5pct,b,0.5,-0.058167829999999865,0.07556531187499999,0.0,-0.4797661475167152,56,fixed_k3
Strain_b_Tension_0.5pct,b,0.5,-0.05428920599999987,0.07556531187499999,0.0,-0.39648538366608577,56,fixed_k3
Strain_b_Tension_0.5pct,b,0.5,-0.05041058199999987,0.07556531187499999,0.0,-0.33563672209307427,56,fixed_k3
Strain_b_Tension_0.5pct,b,0.5,-0.04653195799999987,0.07556531187499999,0.0,-0.300084643083403,56,fixed_k3
Strain_b_Tension_0.5pct,b,0.5,-0.042653333999999876,0.07556531187499999,0.0,-0.2882193868879157,56,fixed_k3
Strain_b_Tension_0.5pct,b,0.5,-0.03877470999999988,0.07556531187499999,0.0,-0.29596515237827004,56,fixed_k3
Strain_b_Tension_0.5pct,b,0.5,-0.03489608599999988,0.07556531187499999,0.0,-0.31795608342105686,56,fixed_k3
Strain_b_Tension_0.5pct,b,0.5,-0.031017461999999885,0.07556531187499999,0.0,-0.34826248113882485,56,fixed_k3
Strain_b_Tension_0.5pct,b,0.5,-0.027138837999999887,0.07556531187499999,0.0,-0.3808859773250828,56,fixed_k3
Strain_b_Tension_0.5pct,b,0.5,-0.02326021399999989,0.07556531187499999,0.0,-0.4101393864725309,56,fixed_k3
Strain_b_Tension_0.5pct,b,0.5,-0.019381589999999893,0.07556531187499999,0.0,-0.43096247281031275,56,fixed_k3
Strain_b_Tension_0.5pct,b,0.5,-0.015502965999999896,0.07556531187499999,0.0,-0.4391849342794596,56,fixed_k3
Strain_b_Tension_0.5pct,b,0.5,-0.011624341999999899,0.07556531187499999,0.0,-0.43172506209892814,56,fixed_k3
Strain_b_Tension_0.5pct,b,0.5,-0.0077457179999999015,0.07556531187499999,0.0,-0.4067032356561411,56,fixed_k3
Strain_b_Tension_0.5pct,b,0.5,-0.0038670939999999043,0.07556531187499999,0.0,-0.36345158410799794,56,fixed_k3
Strain_b_Tension_0.5pct,b,0.5,1.1530000000092855e-05,0.07556531187499999,0.0,-0.30241234397609196,56,fixed_k3
Strain_b_Tension_0.5pct,b,0.5,0.00389015400000009,0.07556531187499999,0.0,-0.22493390449243833,56,fixed_k3
Strain_b_Tension_0.5pct,b,0.5,0.007768778000000087,0.07556531187499999,0.0,-0.1329903302972255,56,fixed_k3
Strain_b_Tension_0.5pct,b,0.5,0.011647402000000084,0.07556531187499999,0.0,-0.02886230277220969,56,fixed_k3
Strain_b_Tension_0.5pct,b,0.5,0.015526026000000082,0.07556531187499999,0.0,0.08517859141552364,56,fixed_k3
Strain_b_Tension_0.5pct,b,0.5,0.01940465000000008,0.07556531187499999,0.0,0.2071454060568012,56,fixed_k3
Strain_b_Tension_0.5pct,b,0.5,0.023283274000000076,0.07556531187499999,0.0,0.33554682294797455,56,fixed_k3
Strain_b_Tension_0.5pct,b,0.5,0.027161898000000073,0.07556531187499999,0.0,0.469525347522572,56,fixed_k3
Strain_b_Tension_0.5pct,b,0.5,0.03104052200000007,0.07556531187499999,0.0,0.608930420284624,56,fixed_k3
Strain_b_Tension_0.5pct,b,0.5,0.03491914600000007,0.07556531187499999,0.0,0.7543467517295386,56,fixed_k3
Strain_b_Tension_0.5pct,b,0.5,0.038797770000000065,0.07556531187499999,0.0,0.9071054807636241,56,fixed_k3
Strain_b_Tension_0.5pct,b,0.5,0.04267639400000006,0.07556531187499999,0.0,1.0693061052538066,56,fixed_k3
Strain_b_Tension_0.5pct,b,0.5,0.04655501800000006,0.07556531187499999,0.0,1.2438671174627534,56,fixed_k3
Strain_b_Tension_0.5pct,b,0.5,0.050433642000000056,0.07556531187499999,0.0,1.4345940225908866,56,fixed_k3
Strain_b_Tension_0.5pct,b,0.5,0.05431226600000005,0.07556531187499999,0.0,1.6461848524465574,56,fixed_k3
Strain_b_Tension_0.5pct,b,0.5,0.05819089000000005,0.07556531187499999,0.0,1.8839463373129473,56,fixed_k3
Strain_b_Tension_0.5pct,b,0.5,0.06206951400000005,0.07556531187499999,0.0,2.152704798428806,56,fixed_k3
Strain_b_Tension_0.5pct,b,0.5,0.06594813800000005,0.07556531187499999,0.0,2.453891549805325,56,fixed_k3
Strain_b_Tension_0.5pct,b,0.5,0.06982676200000004,0.07556531187499999,0.0,2.7790764604903835,56,fixed_k3
Strain_b_Tension_0.5pct,b,0.5,0.07370538600000004,0.07556531187499999,0.0,3.0977260450708837,56,fixed_k3
Strain_b_Tension_0.5pct,b,0.5,0.07758401000000004,0.07556531187499999,0.0,3.338190749104421,56,fixed_k3
Strain_b_Tension_0.5pct,b,0.5,0.08146263400000003,0.07556531187499999,0.0,3.3674163817396656,56,fixed_k3
Strain_b_Tension_0.5pct,b,0.5,0.08534125800000003,0.07556531187499999,0.0,2.991288976875782,56,fixed_k3
Strain_b_Tension_0.5pct,b,0.5,0.08921988200000003,0.07556531187499999,0.0,2.021395577880231,56,fixed_k3
Strain_b_Tension_0.5pct,b,0.5,0.09309850600000003,0.07556531187499999,0.0,0.45741482499916497,56,fixed_k3
Strain_b_Tension_0.5pct,b,0.5,0.09697713000000002,0.07556531187499999,0.0,-1.2358153622828936,56,fixed_k3
Strain_b_Tension_0.5pct,b,0.5,0.10085575400000002,0.07556531187499999,0.0,-1.9189183513840407,56,fixed_k3
Strain_b_Tension_0.5pct,b,0.5,0.10473437800000002,0.07556531187499999,0.0,0.10296774621032512,56,fixed_k3
Strain_b_Tension_0.5pct,b,0.5,0.10861300200000001,0.07556531187499999,0.0,6.015092730351284,56,fixed_k3
Strain_b_Tension_0.5pct,b,0.5,0.11249162600000001,0.07556531187499999,0.0,11.033811568308527,56,fixed_k3
Strain_b_Tension_0.5pct,b,0.5,0.11637025000000001,0.07556531187499999,0.0,-14.356232838998878,56,fixed_k3
Strain_b_Tension_0.5pct,b,0.5,0.120248874,0.07556531187499999,0.0,-122.29546555649107,56,fixed_k3
Strain_b_Tension_0.5pct,b,0.5,0.124127498,0.07556531187499999,0.0,-167.2837768545978,56,fixed_k3
Strain_b_Tension_0.5pct,b,0.5,0.128006122,0.07556531187499999,0.0,-52.63151977848227,56,fixed_k3
Strain_b_Tension_0.5pct,b,0.5,0.131884746,0.07556531187499999,0.0,-3.0000451338241856,56,fixed_k3
Strain_b_Tension_0.5pct,b,0.5,0.13576337,0.07556531187499999,0.0,7.461535856561231,56,fixed_k3
Strain_b_Tension_0.5pct,b,0.5,0.139641994,0.07556531187499999,0.0,8.94099395863423,56,fixed_k3
Strain_b_Tension_0.5pct,b,0.5,0.143520618,0.07556531187499999,0.0,8.57082605949261,56,fixed_k3
Strain_b_Tension_0.5pct,b,0.5,0.14739924199999999,0.07556531187499999,0.0,7.8886896762203715,56,fixed_k3
Strain_b_Tension_0.5pct,b,0.5,0.15127786599999998,0.07556531187499999,0.0,7.231989221279716,56,fixed_k3
Strain_b_Tension_0.5pct,b,0.5,0.15515649,0.07556531187499999,0.0,6.66407412530983,56,fixed_k3
Strain_b_Tension_0.5pct,b,0.5,-0.1551334299999998,0.07885194999999998,0.0,7.838046742316991,56,fixed_k3
Strain_b_Tension_0.5pct,b,0.5,-0.1512548059999998,0.07885194999999998,0.0,8.87339236224777,56,fixed_k3
Strain_b_Tension_0.5pct,b,0.5,-0.1473761819999998,0.07885194999999998,0.0,10.051269645466004,56,fixed_k3
Strain_b_Tension_0.5pct,b,0.5,-0.1434975579999998,0.07885194999999998,0.0,11.358877388474781,56,fixed_k3
Strain_b_Tension_0.5pct,b,0.5,-0.1396189339999998,0.07885194999999998,0.0,12.596537499477497,56,fixed_k3
Strain_b_Tension_0.5pct,b,0.5,-0.1357403099999998,0.07885194999999998,0.0,12.812419692949415,56,fixed_k3
Strain_b_Tension_0.5pct,b,0.5,-0.1318616859999998,0.07885194999999998,0.0,8.107035887156298,56,fixed_k3
Strain_b_Tension_0.5pct,b,0.5,-0.12798306199999981,0.07885194999999998,0.0,-14.523567798509463,56,fixed_k3
Strain_b_Tension_0.5pct,b,0.5,-0.12410443799999982,0.07885194999999998,0.0,-53.575331813851385,56,fixed_k3
Strain_b_Tension_0.5pct,b,0.5,-0.12022581399999982,0.07885194999999998,0.0,26.47683721295124,56,fixed_k3
Strain_b_Tension_0.5pct,b,0.5,-0.11634718999999982,0.07885194999999998,0.0,124.10299880215496,56,fixed_k3
Strain_b_Tension_0.5pct,b,0.5,-0.11246856599999983,0.07885194999999998,0.0,107.11654628601956,56,fixed_k3
Strain_b_Tension_0.5pct,b,0.5,-0.10858994199999983,0.07885194999999998,0.0,67.00229852914445,56,fixed_k3
Strain_b_Tension_0.5pct,b,0.5,-0.10471131799999983,0.07885194999999998,0.0,40.82052040004052,56,fixed_k3
Strain_b_Tension_0.5pct,b,0.5,-0.10083269399999983,0.07885194999999998,0.0,25.540722406591996,56,fixed_k3
Strain_b_Tension_0.5pct,b,0.5,-0.09695406999999984,0.07885194999999998,0.0,15.957062968064974,56,fixed_k3
Strain_b_Tension_0.5pct,b,0.5,-0.09307544599999984,0.07885194999999998,0.0,9.534718998326628,56,fixed_k3
Strain_b_Tension_0.5pct,b,0.5,-0.08919682199999984,0.07885194999999998,0.0,5.20671985837004,56,fixed_k3
Strain_b_Tension_0.5pct,b,0.5,-0.08531819799999985,0.07885194999999998,0.0,2.419976818435896,56,fixed_k3
Strain_b_Tension_0.5pct,b,0.5,-0.08143957399999985,0.07885194999999998,0.0,0.7586107698373039,56,fixed_k3
Strain_b_Tension_0.5pct,b,0.5,-0.07756094999999985,0.07885194999999998,0.0,-0.13329746375482787,56,fixed_k3
Strain_b_Tension_0.5pct,b,0.5,-0.07368232599999985,0.07885194999999998,0.0,-0.5407609570231233,56,fixed_k3
Strain_b_Tension_0.5pct,b,0.5,-0.06980370199999986,0.07885194999999998,0.0,-0.6693741544190814,56,fixed_k3
Strain_b_Tension_0.5pct,b,0.5,-0.06592507799999986,0.07885194999999998,0.0,-0.6544250059510341,56,fixed_k3
Strain_b_Tension_0.5pct,b,0.5,-0.06204645399999986,0.07885194999999998,0.0,-0.5784541376743171,56,fixed_k3
Strain_b_Tension_0.5pct,b,0.5,-0.058167829999999865,0.07885194999999998,0.0,-0.48843245799274215,56,fixed_k3
Strain_b_Tension_0.5pct,b,0.5,-0.05428920599999987,0.07885194999999998,0.0,-0.40893173327648347,56,fixed_k3
Strain_b_Tension_0.5pct,b,0.5,-0.05041058199999987,0.07885194999999998,0.0,-0.3510242464880253,56,fixed_k3
Strain_b_Tension_0.5pct,b,0.5,-0.04653195799999987,0.07885194999999998,0.0,-0.31787311451350964,56,fixed_k3
Strain_b_Tension_0.5pct,b,0.5,-0.042653333999999876,0.07885194999999998,0.0,-0.3080992110433787,56,fixed_k3
Strain_b_Tension_0.5pct,b,0.5,-0.03877470999999988,0.07885194999999998,0.0,-0.31777278291343913,56,fixed_k3
Strain_b_Tension_0.5pct,b,0.5,-0.03489608599999988,0.07885194999999998,0.0,-0.3416029123698836,56,fixed_k3
Strain_b_Tension_0.5pct,b,0.5,-0.031017461999999885,0.07885194999999998,0.0,-0.37368282992203783,56,fixed_k3
Strain_b_Tension_0.5pct,b,0.5,-0.027138837999999887,0.07885194999999998,0.0,-0.40800142067633294,56,fixed_k3
Strain_b_Tension_0.5pct,b,0.5,-0.02326021399999989,0.07885194999999998,0.0,-0.4388348311958352,56,fixed_k3
Strain_b_Tension_0.5pct,b,0.5,-0.019381589999999893,0.07885194999999998,0.0,-0.46107004625853776,56,fixed_k3
Strain_b_Tension_0.5pct,b,0.5,-0.015502965999999896,0.07885194999999998,0.0,-0.4704731198851868,56,fixed_k3
Strain_b_Tension_0.5pct,b,0.5,-0.011624341999999899,0.07885194999999998,0.0,-0.4638919665294581,56,fixed_k3
Strain_b_Tension_0.5pct,b,0.5,-0.0077457179999999015,0.07885194999999998,0.0,-0.43937405798561713,56,fixed_k3
Strain_b_Tension_0.5pct,b,0.5,-0.0038670939999999043,0.07885194999999998,0.0,-0.39618106776050466,56,fixed_k3
Strain_b_Tension_0.5pct,b,0.5,1.1530000000092855e-05,0.07885194999999998,0.0,-0.3346930837740856,56,fixed_k3
Strain_b_Tension_0.5pct,b,0.5,0.00389015400000009,0.07885194999999998,0.0,-0.2562108282330926,56,fixed_k3
Strain_b_Tension_0.5pct,b,0.5,0.007768778000000087,0.07885194999999998,0.0,-0.16268061884309004,56,fixed_k3
Strain_b_Tension_0.5pct,b,0.5,0.011647402000000084,0.07885194999999998,0.0,-0.05637875809284809,56,fixed_k3
Strain_b_Tension_0.5pct,b,0.5,0.015526026000000082,0.07885194999999998,0.0,0.06040379073678448,56,fixed_k3
Strain_b_Tension_0.5pct,b,0.5,0.01940465000000008,0.07885194999999998,0.0,0.18564016977575548,56,fixed_k3
Strain_b_Tension_0.5pct,b,0.5,0.023283274000000076,0.07885194999999998,0.0,0.31778528497285796,56,fixed_k3
Strain_b_Tension_0.5pct,b,0.5,0.027161898000000073,0.07885194999999998,0.0,0.4559232702603848,56,fixed_k3
Strain_b_Tension_0.5pct,b,0.5,0.03104052200000007,0.07885194999999998,0.0,0.5998510659935565,56,fixed_k3
Strain_b_Tension_0.5pct,b,0.5,0.03491914600000007,0.07885194999999998,0.0,0.7501166430506696,56,fixed_k3
Strain_b_Tension_0.5pct,b,0.5,0.038797770000000065,0.07885194999999998,0.0,0.9080373741043737,56,fixed_k3
Strain_b_Tension_0.5pct,b,0.5,0.04267639400000006,0.07885194999999998,0.0,1.0757239152245324,56,fixed_k3
Strain_b_Tension_0.5pct,b,0.5,0.04655501800000006,0.07885194999999998,0.0,1.256124049163873,56,fixed_k3
Strain_b_Tension_0.5pct,b,0.5,0.050433642000000056,0.07885194999999998,0.0,1.4530703121233803,56,fixed_k3
Strain_b_Tension_0.5pct,b,0.5,0.05431226600000005,0.07885194999999998,0.0,1.6712454558012548,56,fixed_k3
Strain_b_Tension_0.5pct,b,0.5,0.05819089000000005,0.07885194999999998,0.0,1.915834628804475,56,fixed_k3
Strain_b_Tension_0.5pct,b,0.5,0.06206951400000005,0.07885194999999998,0.0,2.191357112162244,56,fixed_k3
Strain_b_Tension_0.5pct,b,0.5,0.06594813800000005,0.07885194999999998,0.0,2.4987101337285775,56,fixed_k3
Strain_b_Tension_0.5pct,b,0.5,0.06982676200000004,0.07885194999999998,0.0,2.828861680284063,56,fixed_k3
Strain_b_Tension_0.5pct,b,0.5,0.07370538600000004,0.07885194999999998,0.0,3.1513409496087323,56,fixed_k3
Strain_b_Tension_0.5pct,b,0.5,0.07758401000000004,0.07885194999999998,0.0,3.3971214567360617,56,fixed_k3
Strain_b_Tension_0.5pct,b,0.5,0.08146263400000003,0.07885194999999998,0.0,3.4416643604892414,56,fixed_k3
Strain_b_Tension_0.5pct,b,0.5,0.08534125800000003,0.07885194999999998,0.0,3.1080594244990545,56,fixed_k3
Strain_b_Tension_0.5pct,b,0.5,0.08921988200000003,0.07885194999999998,0.0,2.2288078094975248,56,fixed_k3
Strain_b_Tension_0.5pct,b,0.5,0.09309850600000003,0.07885194999999998,0.0,0.8054082546164733,56,fixed_k3
Strain_b_Tension_0.5pct,b,0.5,0.09697713000000002,0.07885194999999998,0.0,-0.7442902257682595,56,fixed_k3
Strain_b_Tension_0.5pct,b,0.5,0.10085575400000002,0.07885194999999998,0.0,-1.3288781340661853,56,fixed_k3
Strain_b_Tension_0.5pct,b,0.5,0.10473437800000002,0.07885194999999998,0.0,1.0549626265078693,56,fixed_k3
Strain_b_Tension_0.5pct,b,0.5,0.10861300200000001,0.07885194999999998,0.0,9.451230010155674,56,fixed_k3
Strain_b_Tension_0.5pct,b,0.5,0.11249162600000001,0.07885194999999998,0.0,24.486311017398716,56,fixed_k3
Strain_b_Tension_0.5pct,b,0.5,0.11637025000000001,0.07885194999999998,0.0,19.25912989419332,56,fixed_k3
Strain_b_Tension_0.5pct,b,0.5,0.120248874,0.07885194999999998,0.0,-59.30791120851413,56,fixed_k3
Strain_b_Tension_0.5pct,b,0.5,0.124127498,0.07885194999999998,0.0,-85.9868969516982,56,fixed_k3
Strain_b_Tension_0.5pct,b,0.5,0.128006122,0.07885194999999998,0.0,-21.99992249065525,56,fixed_k3
Strain_b_Tension_0.5pct,b,0.5,0.131884746,0.07885194999999998,0.0,5.599096447634139,56,fixed_k3
Strain_b_Tension_0.5pct,b,0.5,0.13576337,0.07885194999999998,0.0,10.48102079865046,56,fixed_k3
Strain_b_Tension_0.5pct,b,0.5,0.139641994,0.07885194999999998,0.0,10.283050817971331,56,fixed_k3
Strain_b_Tension_0.5pct,b,0.5,0.143520618,0.07885194999999998,0.0,9.289330918443536,56,fixed_k3
Strain_b_Tension_0.5pct,b,0.5,0.14739924199999999,0.07885194999999998,0.0,8.334713859350673,56,fixed_k3
Strain_b_Tension_0.5pct,b,0.5,0.15127786599999998,0.07885194999999998,0.0,7.543623137817572,56,fixed_k3
Strain_b_Tension_0.5pct,b,0.5,0.15515649,0.07885194999999998,0.0,6.902812189708527,56,fixed_k3
Strain_b_Tension_0.5pct,b,0.5,-0.1551334299999998,0.08213858812499997,0.0,8.0228186414429,56,fixed_k3
Strain_b_Tension_0.5pct,b,0.5,-0.1512548059999998,0.08213858812499997,0.0,9.15459585049358,56,fixed_k3
Strain_b_Tension_0.5pct,b,0.5,-0.1473761819999998,0.08213858812499997,0.0,10.492221239836475,56,fixed_k3
Strain_b_Tension_0.5pct,b,0.5,-0.1434975579999998,0.08213858812499997,0.0,12.10153269677166,56,fixed_k3
Strain_b_Tension_0.5pct,b,0.5,-0.1396189339999998,0.08213858812499997,0.0,13.987360571310948,56,fixed_k3
Strain_b_Tension_0.5pct,b,0.5,-0.1357403099999998,0.08213858812499997,0.0,15.80974753340885,56,fixed_k3
Strain_b_Tension_0.5pct,b,0.5,-0.1318616859999998,0.08213858812499997,0.0,15.823260967316221,56,fixed_k3
Strain_b_Tension_0.5pct,b,0.5,-0.12798306199999981,0.08213858812499997,0.0,9.048355021865834,56,fixed_k3
Strain_b_Tension_0.5pct,b,0.5,-0.12410443799999982,0.08213858812499997,0.0,7.4180314801126155,56,fixed_k3
Strain_b_Tension_0.5pct,b,0.5,-0.12022581399999982,0.08213858812499997,0.0,104.45665069011439,56,fixed_k3
Strain_b_Tension_0.5pct,b,0.5,-0.11634718999999982,0.08213858812499997,0.0,196.97276883439727,56,fixed_k3
Strain_b_Tension_0.5pct,b,0.5,-0.11246856599999983,0.08213858812499997,0.0,138.46451511952603,56,fixed_k3
Strain_b_Tension_0.5pct,b,0.5,-0.10858994199999983,0.08213858812499997,0.0,74.50910180552644,56,fixed_k3
Strain_b_Tension_0.5pct,b,0.5,-0.10471131799999983,0.08213858812499997,0.0,41.445486980851456,56,fixed_k3
Strain_b_Tension_0.5pct,b,0.5,-0.10083269399999983,0.08213858812499997,0.0,24.652856948101835,56,fixed_k3
Strain_b_Tension_0.5pct,b,0.5,-0.09695406999999984,0.08213858812499997,0.0,15.014009670022482,56,fixed_k3
Strain_b_Tension_0.5pct,b,0.5,-0.09307544599999984,0.08213858812499997,0.0,8.884436821202426,56,fixed_k3
Strain_b_Tension_0.5pct,b,0.5,-0.08919682199999984,0.08213858812499997,0.0,4.8508197549055465,56,fixed_k3
Strain_b_Tension_0.5pct,b,0.5,-0.08531819799999985,0.08213858812499997,0.0,2.264213516070395,56,fixed_k3
Strain_b_Tension_0.5pct,b,0.5,-0.08143957399999985,0.08213858812499997,0.0,0.710255688899669,56,fixed_k3
Strain_b_Tension_0.5pct,b,0.5,-0.07756094999999985,0.08213858812499997,0.0,-0.136237509458363,56,fixed_k3
Strain_b_Tension_0.5pct,b,0.5,-0.07368232599999985,0.08213858812499997,0.0,-0.5311869321130249,56,fixed_k3
Strain_b_Tension_0.5pct,b,0.5,-0.06980370199999986,0.08213858812499997,0.0,-0.6614003722970632,56,fixed_k3
Strain_b_Tension_0.5pct,b,0.5,-0.06592507799999986,0.08213858812499997,0.0,-0.6524484911202002,56,fixed_k3
Strain_b_Tension_0.5pct,b,0.5,-0.06204645399999986,0.08213858812499997,0.0,-0.582745445137931,56,fixed_k3
Strain_b_Tension_0.5pct,b,0.5,-0.058167829999999865,0.08213858812499997,0.0,-0.49794754644081785,56,fixed_k3
Strain_b_Tension_0.5pct,b,0.5,-0.05428920599999987,0.08213858812499997,0.0,-0.4224959114305278,56,fixed_k3
Strain_b_Tension_0.5pct,b,0.5,-0.05041058199999987,0.08213858812499997,0.0,-0.36771843465138954,56,fixed_k3
Strain_b_Tension_0.5pct,b,0.5,-0.04653195799999987,0.08213858812499997,0.0,-0.33708505724212356,56,fixed_k3
Strain_b_Tension_0.5pct,b,0.5,-0.042653333999999876,0.08213858812499997,0.0,-0.32946091584731674,56,fixed_k3
Strain_b_Tension_0.5pct,b,0.5,-0.03877470999999988,0.08213858812499997,0.0,-0.34107685036893365,56,fixed_k3
Strain_b_Tension_0.5pct,b,0.5,-0.03489608599999988,0.08213858812499997,0.0,-0.3667301126039646,56,fixed_k3
Strain_b_Tension_0.5pct,b,0.5,-0.031017461999999885,0.08213858812499997,0.0,-0.40054799156077414,56,fixed_k3
Strain_b_Tension_0.5pct,b,0.5,-0.027138837999999887,0.08213858812499997,0.0,-0.4365155924172095,56,fixed_k3
Strain_b_Tension_0.5pct,b,0.5,-0.02326021399999989,0.08213858812499997,0.0,-0.4688794382898507,56,fixed_k3
Strain_b_Tension_0.5pct,b,0.5,-0.019381589999999893,0.08213858812499997,0.0,-0.4924791818575147,56,fixed_k3
Strain_b_Tension_0.5pct,b,0.5,-0.015502965999999896,0.08213858812499997,0.0,-0.5030213990028343,56,fixed_k3
Strain_b_Tension_0.5pct,b,0.5,-0.011624341999999899,0.08213858812499997,0.0,-0.4972867794831406,56,fixed_k3
Strain_b_Tension_0.5pct,b,0.5,-0.0077457179999999015,0.08213858812499997,0.0,-0.4732522289432328,56,fixed_k3
Strain_b_Tension_0.5pct,b,0.5,-0.0038670939999999043,0.08213858812499997,0.0,-0.4301106237490826,56,fixed_k3
Strain_b_Tension_0.5pct,b,0.5,1.1530000000092855e-05,0.08213858812499997,0.0,-0.36818092540618563,56,fixed_k3
Strain_b_Tension_0.5pct,b,0.5,0.00389015400000009,0.08213858812499997,0.0,-0.2887165437531838,56,fixed_k3
Strain_b_Tension_0.5pct,b,0.5,0.007768778000000087,0.08213858812499997,0.0,-0.1936356428703423,56,fixed_k3
Strain_b_Tension_0.5pct,b,0.5,0.011647402000000084,0.08213858812499997,0.0,-0.08520884733516532,56,fixed_k3
Strain_b_Tension_0.5pct,b,0.5,0.015526026000000082,0.08213858812499997,0.0,0.034255833407994984,56,fixed_k3
Strain_b_Tension_0.5pct,b,0.5,0.01940465000000008,0.08213858812499997,0.0,0.1626951144042219,56,fixed_k3
Strain_b_Tension_0.5pct,b,0.5,0.023283274000000076,0.08213858812499997,0.0,0.2985148555868209,56,fixed_k3
Strain_b_Tension_0.5pct,b,0.5,0.027161898000000073,0.08213858812499997,0.0,0.4407468467644404,56,fixed_k3
Strain_b_Tension_0.5pct,b,0.5,0.03104052200000007,0.08213858812499997,0.0,0.5891428588048504,56,fixed_k3
Strain_b_Tension_0.5pct,b,0.5,0.03491914600000007,0.08213858812499997,0.0,0.7442226953323767,56,fixed_k3
Strain_b_Tension_0.5pct,b,0.5,0.038797770000000065,0.08213858812499997,0.0,0.9072996017513546,56,fixed_k3
Strain_b_Tension_0.5pct,b,0.5,0.04267639400000006,0.08213858812499997,0.0,1.0805057335885206,56,fixed_k3
Strain_b_Tension_0.5pct,b,0.5,0.04655501800000006,0.08213858812499997,0.0,1.2668285695499102,56,fixed_k3
Strain_b_Tension_0.5pct,b,0.5,0.050433642000000056,0.08213858812499997,0.0,1.4701372214632429,56,fixed_k3
Strain_b_Tension_0.5pct,b,0.5,0.05431226600000005,0.08213858812499997,0.0,1.6951068936615004,56,fixed_k3
Strain_b_Tension_0.5pct,b,0.5,0.05819089000000005,0.08213858812499997,0.0,1.9468070255881211,56,fixed_k3
Strain_b_Tension_0.5pct,b,0.5,0.06206951400000005,0.08213858812499997,0.0,2.229456810506804,56,fixed_k3
Strain_b_Tension_0.5pct,b,0.5,0.06594813800000005,0.08213858812499997,0.0,2.5434363087380403,56,fixed_k3
Strain_b_Tension_0.5pct,b,0.5,0.06982676200000004,0.08213858812499997,0.0,2.879153022954408,56,fixed_k3
Strain_b_Tension_0.5pct,b,0.5,0.07370538600000004,0.08213858812499997,0.0,3.2062667601840027,56,fixed_k3
Strain_b_Tension_0.5pct,b,0.5,0.07758401000000004,0.08213858812499997,0.0,3.458395908877641,56,fixed_k3
Strain_b_Tension_0.5pct,b,0.5,0.08146263400000003,0.08213858812499997,0.0,3.519251017569095,56,fixed_k3
Strain_b_Tension_0.5pct,b,0.5,0.08534125800000003,0.08213858812499997,0.0,3.228284280728797,56,fixed_k3
Strain_b_Tension_0.5pct,b,0.5,0.08921988200000003,0.08213858812499997,0.0,2.438194321688664,56,fixed_k3
Strain_b_Tension_0.5pct,b,0.5,0.09309850600000003,0.08213858812499997,0.0,1.1553505470147178,56,fixed_k3
Strain_b_Tension_0.5pct,b,0.5,0.09697713000000002,0.08213858812499997,0.0,-0.23808111796145526,56,fixed_k3
Strain_b_Tension_0.5pct,b,0.5,0.10085575400000002,0.08213858812499997,0.0,-0.6894538266158063,56,fixed_k3
Strain_b_Tension_0.5pct,b,0.5,0.10473437800000002,0.08213858812499997,0.0,2.09667523578978,56,fixed_k3
Strain_b_Tension_0.5pct,b,0.5,0.10861300200000001,0.08213858812499997,0.0,13.319574436722867,56,fixed_k3
Strain_b_Tension_0.5pct,b,0.5,0.11249162600000001,0.08213858812499997,0.0,42.74519660160661,56,fixed_k3
Strain_b_Tension_0.5pct,b,0.5,0.11637025000000001,0.08213858812499997,0.0,72.80014520003051,56,fixed_k3
Strain_b_Tension_0.5pct,b,0.5,0.120248874,0.08213858812499997,0.0,14.701536326724664,56,fixed_k3
Strain_b_Tension_0.5pct,b,0.5,0.124127498,0.08213858812499997,0.0,-19.671957552992424,56,fixed_k3
Strain_b_Tension_0.5pct,b,0.5,0.128006122,0.08213858812499997,0.0,4.81402523040903,56,fixed_k3
Strain_b_Tension_0.5pct,b,0.5,0.131884746,0.08213858812499997,0.0,14.007507548187048,56,fixed_k3
Strain_b_Tension_0.5pct,b,0.5,0.13576337,0.08213858812499997,0.0,13.543751282325097,56,fixed_k3
Strain_b_Tension_0.5pct,b,0.5,0.139641994,0.08213858812499997,0.0,11.650593418757632,56,fixed_k3
Strain_b_Tension_0.5pct,b,0.5,0.143520618,0.08213858812499997,0.0,10.020798748200315,56,fixed_k3
Strain_b_Tension_0.5pct,b,0.5,0.14739924199999999,0.08213858812499997,0.0,8.7898126912547,56,fixed_k3
Strain_b_Tension_0.5pct,b,0.5,0.15127786599999998,0.08213858812499997,0.0,7.8636447569731205,56,fixed_k3
Strain_b_Tension_0.5pct,b,0.5,0.15515649,0.08213858812499997,0.0,7.150153803068602,56,fixed_k3
Strain_b_Tension_0.5pct,b,0.5,-0.1551334299999998,0.08542522624999996,0.0,8.168111556185494,56,fixed_k3
Strain_b_Tension_0.5pct,b,0.5,-0.1512548059999998,0.08542522624999996,0.0,9.396081684626395,56,fixed_k3
Strain_b_Tension_0.5pct,b,0.5,-0.1473761819999998,0.08542522624999996,0.0,10.894739317562664,56,fixed_k3
Strain_b_Tension_0.5pct,b,0.5,-0.1434975579999998,0.08542522624999996,0.0,12.813824938094719,56,fixed_k3
Strain_b_Tension_0.5pct,b,0.5,-0.1396189339999998,0.08542522624999996,0.0,15.379313660259218,56,fixed_k3
Strain_b_Tension_0.5pct,b,0.5,-0.1357403099999998,0.08542522624999996,0.0,18.913288373011294,56,fixed_k3
Strain_b_Tension_0.5pct,b,0.5,-0.1318616859999998,0.08542522624999996,0.0,23.92433728562111,56,fixed_k3
Strain_b_Tension_0.5pct,b,0.5,-0.12798306199999981,0.08542522624999996,0.0,33.1921313664188,56,fixed_k3
Strain_b_Tension_0.5pct,b,0.5,-0.12410443799999982,0.08542522624999996,0.0,72.14383902136703,56,fixed_k3
Strain_b_Tension_0.5pct,b,0.5,-0.12022581399999982,0.08542522624999996,0.0,219.36646988740722,56,fixed_k3
Strain_b_Tension_0.5pct,b,0.5,-0.11634718999999982,0.08542522624999996,0.0,307.97544734650694,56,fixed_k3
Strain_b_Tension_0.5pct,b,0.5,-0.11246856599999983,0.08542522624999996,0.0,173.37497989695396,56,fixed_k3
Strain_b_Tension_0.5pct,b,0.5,-0.10858994199999983,0.08542522624999996,0.0,80.13851803387995,56,fixed_k3
Strain_b_Tension_0.5pct,b,0.5,-0.10471131799999983,0.08542522624999996,0.0,41.12645511738776,56,fixed_k3
Strain_b_Tension_0.5pct,b,0.5,-0.10083269399999983,0.08542522624999996,0.0,23.47785978843199,56,fixed_k3
Strain_b_Tension_0.5pct,b,0.5,-0.09695406999999984,0.08542522624999996,0.0,14.026853525625773,56,fixed_k3
Strain_b_Tension_0.5pct,b,0.5,-0.09307544599999984,0.08542522624999996,0.0,8.251710697184965,56,fixed_k3
Strain_b_Tension_0.5pct,b,0.5,-0.08919682199999984,0.08542522624999996,0.0,4.51506085866998,56,fixed_k3
Strain_b_Tension_0.5pct,b,0.5,-0.08531819799999985,0.08542522624999996,0.0,2.120244554107069,56,fixed_k3
Strain_b_Tension_0.5pct,b,0.5,-0.08143957399999985,0.08542522624999996,0.0,0.6676382044416234,56,fixed_k3
Strain_b_Tension_0.5pct,b,0.5,-0.07756094999999985,0.08542522624999996,0.0,-0.13634242080581482,56,fixed_k3
Strain_b_Tension_0.5pct,b,0.5,-0.07368232599999985,0.08542522624999996,0.0,-0.5200451345133585,56,fixed_k3
Strain_b_Tension_0.5pct,b,0.5,-0.06980370199999986,0.08542522624999996,0.0,-0.6525483925290301,56,fixed_k3
Strain_b_Tension_0.5pct,b,0.5,-0.06592507799999986,0.08542522624999996,0.0,-0.65011988818461,56,fixed_k3
Strain_b_Tension_0.5pct,b,0.5,-0.06204645399999986,0.08542522624999996,0.0,-0.5871415017864172,56,fixed_k3
Strain_b_Tension_0.5pct,b,0.5,-0.058167829999999865,0.08542522624999996,0.0,-0.5079516764368295,56,fixed_k3
Strain_b_Tension_0.5pct,b,0.5,-0.05428920599999987,0.08542522624999996,0.0,-0.4368486501469748,56,fixed_k3
Strain_b_Tension_0.5pct,b,0.5,-0.05041058199999987,0.08542522624999996,0.0,-0.3854155635979519,56,fixed_k3
Strain_b_Tension_0.5pct,b,0.5,-0.04653195799999987,0.08542522624999996,0.0,-0.35743898145619335,56,fixed_k3
Strain_b_Tension_0.5pct,b,0.5,-0.042653333999999876,0.08542522624999996,0.0,-0.3520427474061445,56,fixed_k3
Strain_b_Tension_0.5pct,b,0.5,-0.03877470999999988,0.08542522624999996,0.0,-0.36563333522336094,56,fixed_k3
Strain_b_Tension_0.5pct,b,0.5,-0.03489608599999988,0.08542522624999996,0.0,-0.39310973289224127,56,fixed_k3
Strain_b_Tension_0.5pct,b,0.5,-0.031017461999999885,0.08542522624999996,0.0,-0.4286446455406965,56,fixed_k3
Strain_b_Tension_0.5pct,b,0.5,-0.027138837999999887,0.08542522624999996,0.0,-0.4662285130483439,56,fixed_k3
Strain_b_Tension_0.5pct,b,0.5,-0.02326021399999989,0.08542522624999996,0.0,-0.5000853696572385,56,fixed_k3
Strain_b_Tension_0.5pct,b,0.5,-0.019381589999999893,0.08542522624999996,0.0,-0.5250130391737424,56,fixed_k3
Strain_b_Tension_0.5pct,b,0.5,-0.015502965999999896,0.08542522624999996,0.0,-0.5366628292520836,56,fixed_k3
Strain_b_Tension_0.5pct,b,0.5,-0.011624341999999899,0.08542522624999996,0.0,-0.5317514077191698,56,fixed_k3
Strain_b_Tension_0.5pct,b,0.5,-0.0077457179999999015,0.08542522624999996,0.0,-0.5081875241455527,56,fixed_k3
Strain_b_Tension_0.5pct,b,0.5,-0.0038670939999999043,0.08542522624999996,0.0,-0.46509700562170586,56,fixed_k3
Strain_b_Tension_0.5pct,b,0.5,1.1530000000092855e-05,0.08542522624999996,0.0,-0.4027388137708501,56,fixed_k3
Strain_b_Tension_0.5pct,b,0.5,0.00389015400000009,0.08542522624999996,0.0,-0.3223195076471286,56,fixed_k3
Strain_b_Tension_0.5pct,b,0.5,0.007768778000000087,0.08542522624999996,0.0,-0.22572878494573256,56,fixed_k3
Strain_b_Tension_0.5pct,b,0.5,0.011647402000000084,0.08542522624999996,0.0,-0.11523035985216312,56,fixed_k3
Strain_b_Tension_0.5pct,b,0.5,0.015526026000000082,0.08542522624999996,0.0,0.006853012300025441,56,fixed_k3
Strain_b_Tension_0.5pct,b,0.5,0.01940465000000008,0.08542522624999996,0.0,0.1384251105506933,56,fixed_k3
Strain_b_Tension_0.5pct,b,0.5,0.023283274000000076,0.08542522624999996,0.0,0.2778475120042172,56,fixed_k3
Strain_b_Tension_0.5pct,b,0.5,0.027161898000000073,0.08542522624999996,0.0,0.42410573055521095,56,fixed_k3
Strain_b_Tension_0.5pct,b,0.5,0.03104052200000007,0.08542522624999996,0.0,0.5769137204471009,56,fixed_k3
Strain_b_Tension_0.5pct,b,0.5,0.03491914600000007,0.08542522624999996,0.0,0.7367716665828306,56,fixed_k3
Strain_b_Tension_0.5pct,b,0.5,0.038797770000000065,0.08542522624999996,0.0,0.9049982368567779,56,fixed_k3
Strain_b_Tension_0.5pct,b,0.5,0.04267639400000006,0.08542522624999996,0.0,1.0837572783832314,56,fixed_k3
Strain_b_Tension_0.5pct,b,0.5,0.04655501800000006,0.08542522624999996,0.0,1.2760862238103108,56,fixed_k3
Strain_b_Tension_0.5pct,b,0.5,0.050433642000000056,0.08542522624999996,0.0,1.4859003351016848,56,fixed_k3
Strain_b_Tension_0.5pct,b,0.5,0.05431226600000005,0.08542522624999996,0.0,1.7178755979472884,56,fixed_k3
Strain_b_Tension_0.5pct,b,0.5,0.05819089000000005,0.08542522624999996,0.0,1.9769735170891003,56,fixed_k3
Strain_b_Tension_0.5pct,b,0.5,0.06206951400000005,0.08542522624999996,0.0,2.267124552947096,56,fixed_k3
Strain_b_Tension_0.5pct,b,0.5,0.06594813800000005,0.08542522624999996,0.0,2.5882168805945556,56,fixed_k3
Strain_b_Tension_0.5pct,b,0.5,0.06982676200000004,0.08542522624999996,0.0,2.9301519801056126,56,fixed_k3
Strain_b_Tension_0.5pct,b,0.5,0.07370538600000004,0.08542522624999996,0.0,3.2628039159088686,56,fixed_k3
Strain_b_Tension_0.5pct,b,0.5,0.07758401000000004,0.08542522624999996,0.0,3.5224698954628444,56,fixed_k3
Strain_b_Tension_0.5pct,b,0.5,0.08146263400000003,0.08542522624999996,0.0,3.6008439590954864,56,fixed_k3
Strain_b_Tension_0.5pct,b,0.5,0.08534125800000003,0.08542522624999996,0.0,3.3528595888185677,56,fixed_k3
Strain_b_Tension_0.5pct,b,0.5,0.08921988200000003,0.08542522624999996,0.0,2.650421033557216,56,fixed_k3
Strain_b_Tension_0.5pct,b,0.5,0.09309850600000003,0.08542522624999996,0.0,1.5066043283985129,56,fixed_k3
Strain_b_Tension_0.5pct,b,0.5,0.09697713000000002,0.08542522624999996,0.0,0.27609415224837797,56,fixed_k3
Strain_b_Tension_0.5pct,b,0.5,0.10085575400000002,0.08542522624999996,0.0,-0.023657613198026173,56,fixed_k3
Strain_b_Tension_0.5pct,b,0.5,0.10473437800000002,0.08542522624999996,0.0,3.146191390237098,56,fixed_k3
Strain_b_Tension_0.5pct,b,0.5,0.10861300200000001,0.08542522624999996,0.0,17.201089757955945,56,fixed_k3
Strain_b_Tension_0.5pct,b,0.5,0.11249162600000001,0.08542522624999996,0.0,65.37776723688029,56,fixed_k3
Strain_b_Tension_0.5pct,b,0.5,0.11637025000000001,0.08542522624999996,0.0,159.76465184535212,56,fixed_k3
Strain_b_Tension_0.5pct,b,0.5,0.120248874,0.08542522624999996,0.0,119.17067909866819,56,fixed_k3
Strain_b_Tension_0.5pct,b,0.5,0.124127498,0.08542522624999996,0.0,48.624832638764815,56,fixed_k3
Strain_b_Tension_0.5pct,b,0.5,0.128006122,0.08542522624999996,0.0,31.591997410357443,56,fixed_k3
Strain_b_Tension_0.5pct,b,0.5,0.131884746,0.08542522624999996,0.0,22.641489357415914,56,fixed_k3
Strain_b_Tension_0.5pct,b,0.5,0.13576337,0.08542522624999996,0.0,16.696730543677447,56,fixed_k3
Strain_b_Tension_0.5pct,b,0.5,0.139641994,0.08542522624999996,0.0,13.049219929426773,56,fixed_k3
Strain_b_Tension_0.5pct,b,0.5,0.143520618,0.08542522624999996,0.0,10.766753788617864,56,fixed_k3
Strain_b_Tension_0.5pct,b,0.5,0.14739924199999999,0.08542522624999996,0.0,9.255923047759955,56,fixed_k3
Strain_b_Tension_0.5pct,b,0.5,0.15127786599999998,0.08542522624999996,0.0,8.194681969086831,56,fixed_k3
Strain_b_Tension_0.5pct,b,0.5,0.15515649,0.08542522624999996,0.0,7.409217233356249,56,fixed_k3
Strain_b_Tension_0.5pct,b,0.5,-0.1551334299999998,0.08871186437499998,0.0,8.270381439799,56,fixed_k3
Strain_b_Tension_0.5pct,b,0.5,-0.1512548059999998,0.08871186437499998,0.0,9.593637825141588,56,fixed_k3
Strain_b_Tension_0.5pct,b,0.5,-0.1473761819999998,0.08871186437499998,0.0,11.253443620753552,56,fixed_k3
Strain_b_Tension_0.5pct,b,0.5,-0.1434975579999998,0.08871186437499998,0.0,13.488976656165184,56,fixed_k3
Strain_b_Tension_0.5pct,b,0.5,-0.1396189339999998,0.08871186437499998,0.0,16.767679721261793,56,fixed_k3
Strain_b_Tension_0.5pct,b,0.5,-0.1357403099999998,0.08871186437499998,0.0,22.15374354347724,56,fixed_k3
Strain_b_Tension_0.5pct,b,0.5,-0.1318616859999998,0.08871186437499998,0.0,32.76071025802234,56,fixed_k3
Strain_b_Tension_0.5pct,b,0.5,-0.12798306199999981,0.08871186437499998,0.0,61.055516244023195,56,fixed_k3
Strain_b_Tension_0.5pct,b,0.5,-0.12410443799999982,0.08871186437499998,0.0,160.5415195225567,56,fixed_k3
Strain_b_Tension_0.5pct,b,0.5,-0.12022581399999982,0.08871186437499998,0.0,433.64076426686205,56,fixed_k3
Strain_b_Tension_0.5pct,b,0.5,-0.11634718999999982,0.08871186437499998,0.0,489.9095409313127,56,fixed_k3
Strain_b_Tension_0.5pct,b,0.5,-0.11246856599999983,0.08871186437499998,0.0,208.89701096328423,56,fixed_k3
Strain_b_Tension_0.5pct,b,0.5,-0.10858994199999983,0.08871186437499998,0.0,83.15257924787149,56,fixed_k3
Strain_b_Tension_0.5pct,b,0.5,-0.10471131799999983,0.08871186437499998,0.0,39.90202007645167,56,fixed_k3
Strain_b_Tension_0.5pct,b,0.5,-0.10083269399999983,0.08871186437499998,0.0,22.083724871814795,56,fixed_k3
Strain_b_Tension_0.5pct,b,0.5,-0.09695406999999984,0.08871186437499998,0.0,13.026341787695392,56,fixed_k3
Strain_b_Tension_0.5pct,b,0.5,-0.09307544599999984,0.08871186437499998,0.0,7.647655366825847,56,fixed_k3
Strain_b_Tension_0.5pct,b,0.5,-0.08919682199999984,0.08871186437499998,0.0,4.203786595153924,56,fixed_k3
Strain_b_Tension_0.5pct,b,0.5,-0.08531819799999985,0.08871186437499998,0.0,1.9903136625597502,56,fixed_k3
Strain_b_Tension_0.5pct,b,0.5,-0.08143957399999985,0.08871186437499998,0.0,0.6321761279048148,56,fixed_k3
Strain_b_Tension_0.5pct,b,0.5,-0.07756094999999985,0.08871186437499998,0.0,-0.13264120351082553,56,fixed_k3
Strain_b_Tension_0.5pct,b,0.5,-0.07368232599999985,0.08871186437499998,0.0,-0.5066249673866476,56,fixed_k3
Strain_b_Tension_0.5pct,b,0.5,-0.06980370199999986,0.08871186437499998,0.0,-0.6422548085173556,56,fixed_k3
Strain_b_Tension_0.5pct,b,0.5,-0.06592507799999986,0.08871186437499998,0.0,-0.6469602060351889,56,fixed_k3
Strain_b_Tension_0.5pct,b,0.5,-0.06204645399999986,0.08871186437499998,0.0,-0.5912167220461044,56,fixed_k3
Strain_b_Tension_0.5pct,b,0.5,-0.058167829999999865,0.08871186437499998,0.0,-0.518058059221953,56,fixed_k3
Strain_b_Tension_0.5pct,b,0.5,-0.05428920599999987,0.08871186437499998,0.0,-0.4516346307253467,56,fixed_k3
Strain_b_Tension_0.5pct,b,0.5,-0.05041058199999987,0.08871186437499998,0.0,-0.40378743260022487,56,fixed_k3
Strain_b_Tension_0.5pct,b,0.5,-0.04653195799999987,0.08871186437499998,0.0,-0.3786306975198397,56,fixed_k3
Strain_b_Tension_0.5pct,b,0.5,-0.042653333999999876,0.08871186437499998,0.0,-0.37556204239370317,56,fixed_k3
Strain_b_Tension_0.5pct,b,0.5,-0.03877470999999988,0.08871186437499998,0.0,-0.39117901092963536,56,fixed_k3
Strain_b_Tension_0.5pct,b,0.5,-0.03489608599999988,0.08871186437499998,0.0,-0.4204961806482945,56,fixed_k3
Strain_b_Tension_0.5pct,b,0.5,-0.031017461999999885,0.08871186437499998,0.0,-0.4577432398932926,56,fixed_k3
Strain_b_Tension_0.5pct,b,0.5,-0.027138837999999887,0.08871186437499998,0.0,-0.49692522376497283,56,fixed_k3
Strain_b_Tension_0.5pct,b,0.5,-0.02326021399999989,0.08871186437499998,0.0,-0.5322509098204233,56,fixed_k3
Strain_b_Tension_0.5pct,b,0.5,-0.019381589999999893,0.08871186437499998,0.0,-0.5584818642274065,56,fixed_k3
Strain_b_Tension_0.5pct,b,0.5,-0.015502965999999896,0.08871186437499998,0.0,-0.5712183936672957,56,fixed_k3
Strain_b_Tension_0.5pct,b,0.5,-0.011624341999999899,0.08871186437499998,0.0,-0.5671164090118292,56,fixed_k3
Strain_b_Tension_0.5pct,b,0.5,-0.0077457179999999015,0.08871186437499998,0.0,-0.5440189901665606,56,fixed_k3
Strain_b_Tension_0.5pct,b,0.5,-0.0038670939999999043,0.08871186437499998,0.0,-0.5009867548640887,56,fixed_k3
Strain_b_Tension_0.5pct,b,0.5,1.1530000000092855e-05,0.08871186437499998,0.0,-0.43821989334018996,56,fixed_k3
Strain_b_Tension_0.5pct,b,0.5,0.00389015400000009,0.08871186437499998,0.0,-0.3568786761641287,56,fixed_k3
Strain_b_Tension_0.5pct,b,0.5,0.007768778000000087,0.08871186437499998,0.0,-0.25882410818868795,56,fixed_k3
Strain_b_Tension_0.5pct,b,0.5,0.011647402000000084,0.08871186437499998,0.0,-0.14631182140407395,56,fixed_k3
Strain_b_Tension_0.5pct,b,0.5,0.015526026000000082,0.08871186437499998,0.0,-0.021677046338380634,56,fixed_k3
Strain_b_Tension_0.5pct,b,0.5,0.01940465000000008,0.08871186437499998,0.0,0.1129545495951354,56,fixed_k3
Strain_b_Tension_0.5pct,b,0.5,0.023283274000000076,0.08871186437499998,0.0,0.2559050375862517,56,fixed_k3
Strain_b_Tension_0.5pct,b,0.5,0.027161898000000073,0.08871186437499998,0.0,0.40611973078224084,56,fixed_k3
Strain_b_Tension_0.5pct,b,0.5,0.03104052200000007,0.08871186437499998,0.0,0.5632820911882503,56,fixed_k3
Strain_b_Tension_0.5pct,b,0.5,0.03491914600000007,0.08871186437499998,0.0,0.7278811392135565,56,fixed_k3
Strain_b_Tension_0.5pct,b,0.5,0.038797770000000065,0.08871186437499998,0.0,0.9012503314919191,56,fixed_k3
Strain_b_Tension_0.5pct,b,0.5,0.04267639400000006,0.08871186437499998,0.0,1.0855951254260559,56,fixed_k3
Strain_b_Tension_0.5pct,b,0.5,0.04655501800000006,0.08871186437499998,0.0,1.2840128531768837,56,fixed_k3
Strain_b_Tension_0.5pct,b,0.5,0.050433642000000056,0.08871186437499998,0.0,1.5004743045514484,56,fixed_k3
Strain_b_Tension_0.5pct,b,0.5,0.05431226600000005,0.08871186437499998,0.0,1.7396648358560545,56,fixed_k3
Strain_b_Tension_0.5pct,b,0.5,0.05819089000000005,0.08871186437499998,0.0,2.0064471393441115,56,fixed_k3
Strain_b_Tension_0.5pct,b,0.5,0.06206951400000005,0.08871186437499998,0.0,2.3044776765671067,56,fixed_k3
Strain_b_Tension_0.5pct,b,0.5,0.06594813800000005,0.08871186437499998,0.0,2.6331843723300263,56,fixed_k3
Strain_b_Tension_0.5pct,b,0.5,0.06982676200000004,0.08871186437499998,0.0,2.982026316265536,56,fixed_k3
Strain_b_Tension_0.5pct,b,0.5,0.07370538600000004,0.08871186437499998,0.0,3.321184368282197,56,fixed_k3
Strain_b_Tension_0.5pct,b,0.5,0.07758401000000004,0.08871186437499998,0.0,3.5896707970899167,56,fixed_k3
Strain_b_Tension_0.5pct,b,0.5,0.08146263400000003,0.08871186437499998,0.0,3.6868880399276227,56,fixed_k3
Strain_b_Tension_0.5pct,b,0.5,0.08534125800000003,0.08871186437499998,0.0,3.482334314056504,56,fixed_k3
Strain_b_Tension_0.5pct,b,0.5,0.08921988200000003,0.08871186437499998,0.0,2.8659120718208033,56,fixed_k3
Strain_b_Tension_0.5pct,b,0.5,0.09309850600000003,0.08871186437499998,0.0,1.8582365371933915,56,fixed_k3
Strain_b_Tension_0.5pct,b,0.5,0.09697713000000002,0.08871186437499998,0.0,0.7919965996614782,56,fixed_k3
Strain_b_Tension_0.5pct,b,0.5,0.10085575400000002,0.08871186437499998,0.0,0.6479383257174074,56,fixed_k3
Strain_b_Tension_0.5pct,b,0.5,0.10473437800000002,0.08871186437499998,0.0,4.130004275692825,56,fixed_k3
Strain_b_Tension_0.5pct,b,0.5,0.10861300200000001,0.08871186437499998,0.0,20.604384544908353,56,fixed_k3
Strain_b_Tension_0.5pct,b,0.5,0.11249162600000001,0.08871186437499998,0.0,90.23001613506598,56,fixed_k3
Strain_b_Tension_0.5pct,b,0.5,0.11637025000000001,0.08871186437499998,0.0,305.7403591788737,56,fixed_k3
Strain_b_Tension_0.5pct,b,0.5,0.120248874,0.08871186437499998,0.0,307.3842371395308,56,fixed_k3
Strain_b_Tension_0.5pct,b,0.5,0.124127498,0.08871186437499998,0.0,138.95173924894988,56,fixed_k3
Strain_b_Tension_0.5pct,b,0.5,0.128006122,0.08871186437499998,0.0,61.67963744687845,56,fixed_k3
Strain_b_Tension_0.5pct,b,0.5,0.131884746,0.08871186437499998,0.0,31.86576518331844,56,fixed_k3
Strain_b_Tension_0.5pct,b,0.5,0.13576337,0.08871186437499998,0.0,19.980926777030337,56,fixed_k3
Strain_b_Tension_0.5pct,b,0.5,0.139641994,0.08871186437499998,0.0,14.484581017351193,56,fixed_k3
Strain_b_Tension_0.5pct,b,0.5,0.143520618,0.08871186437499998,0.0,11.529466259593624,56,fixed_k3
Strain_b_Tension_0.5pct,b,0.5,0.14739924199999999,0.08871186437499998,0.0,9.735660991268503,56,fixed_k3
Strain_b_Tension_0.5pct,b,0.5,0.15127786599999998,0.08871186437499998,0.0,8.539947477446216,56,fixed_k3
Strain_b_Tension_0.5pct,b,0.5,0.15515649,0.08871186437499998,0.0,7.683668650532743,56,fixed_k3
Strain_b_Tension_0.5pct,b,0.5,-0.1551334299999998,0.09199850249999997,0.0,8.32589275102063,56,fixed_k3
Strain_b_Tension_0.5pct,b,0.5,-0.1512548059999998,0.09199850249999997,0.0,9.74286506233529,56,fixed_k3
Strain_b_Tension_0.5pct,b,0.5,-0.1473761819999998,0.09199850249999997,0.0,11.56271113865999,56,fixed_k3
Strain_b_Tension_0.5pct,b,0.5,-0.1434975579999998,0.09199850249999997,0.0,14.119528850311124,56,fixed_k3
Strain_b_Tension_0.5pct,b,0.5,-0.1396189339999998,0.09199850249999997,0.0,18.144715948419126,56,fixed_k3
Strain_b_Tension_0.5pct,b,0.5,-0.1357403099999998,0.09199850249999997,0.0,25.547511086239766,56,fixed_k3
Strain_b_Tension_0.5pct,b,0.5,-0.1318616859999998,0.09199850249999997,0.0,42.623786947931116,56,fixed_k3
Strain_b_Tension_0.5pct,b,0.5,-0.12798306199999981,0.09199850249999997,0.0,95.92051660469677,56,fixed_k3
Strain_b_Tension_0.5pct,b,0.5,-0.12410443799999982,0.09199850249999997,0.0,306.9712548284444,56,fixed_k3
Strain_b_Tension_0.5pct,b,0.5,-0.12022581399999982,0.09199850249999997,0.0,945.8689460675495,56,fixed_k3
Strain_b_Tension_0.5pct,b,0.5,-0.11634718999999982,0.09199850249999997,0.0,800.248746629508,56,fixed_k3
Strain_b_Tension_0.5pct,b,0.5,-0.11246856599999983,0.09199850249999997,0.0,239.10841398571685,56,fixed_k3
Strain_b_Tension_0.5pct,b,0.5,-0.10858994199999983,0.09199850249999997,0.0,83.0931954141958,56,fixed_k3
Strain_b_Tension_0.5pct,b,0.5,-0.10471131799999983,0.09199850249999997,0.0,37.897630590808376,56,fixed_k3
Strain_b_Tension_0.5pct,b,0.5,-0.10083269399999983,0.09199850249999997,0.0,20.54623449106344,56,fixed_k3
Strain_b_Tension_0.5pct,b,0.5,-0.09695406999999984,0.09199850249999997,0.0,12.040441267691023,56,fixed_k3
Strain_b_Tension_0.5pct,b,0.5,-0.09307544599999984,0.09199850249999997,0.0,7.081274103056897,56,fixed_k3
Strain_b_Tension_0.5pct,b,0.5,-0.08919682199999984,0.09199850249999997,0.0,3.9202908374713745,56,fixed_k3
Strain_b_Tension_0.5pct,b,0.5,-0.08531819799999985,0.09199850249999997,0.0,1.87617037890012,56,fixed_k3
Strain_b_Tension_0.5pct,b,0.5,-0.08143957399999985,0.09199850249999997,0.0,0.6050667424687677,56,fixed_k3
Strain_b_Tension_0.5pct,b,0.5,-0.07756094999999985,0.09199850249999997,0.0,-0.12424828845486524,56,fixed_k3
Strain_b_Tension_0.5pct,b,0.5,-0.07368232599999985,0.09199850249999997,0.0,-0.4902373873392707,56,fixed_k3
Strain_b_Tension_0.5pct,b,0.5,-0.06980370199999986,0.09199850249999997,0.0,-0.6299491466159612,56,fixed_k3
Strain_b_Tension_0.5pct,b,0.5,-0.06592507799999986,0.09199850249999997,0.0,-0.6424712215341382,56,fixed_k3
Strain_b_Tension_0.5pct,b,0.5,-0.06204645399999986,0.09199850249999997,0.0,-0.5945216491975123,56,fixed_k3
Strain_b_Tension_0.5pct,b,0.5,-0.058167829999999865,0.09199850249999997,0.0,-0.5278549051249919,56,fixed_k3
Strain_b_Tension_0.5pct,b,0.5,-0.05428920599999987,0.09199850249999997,0.0,-0.4664740790869588,56,fixed_k3
Strain_b_Tension_0.5pct,b,0.5,-0.05041058199999987,0.09199850249999997,0.0,-0.4224827132262834,56,fixed_k3
Strain_b_Tension_0.5pct,b,0.5,-0.04653195799999987,0.09199850249999997,0.0,-0.4003345332529804,56,fixed_k3
Strain_b_Tension_0.5pct,b,0.5,-0.042653333999999876,0.09199850249999997,0.0,-0.3997163682610023,56,fixed_k3
Strain_b_Tension_0.5pct,b,0.5,-0.03877470999999988,0.09199850249999997,0.0,-0.4174325316335983,56,fixed_k3
Strain_b_Tension_0.5pct,b,0.5,-0.03489608599999988,0.09199850249999997,0.0,-0.4486272662141437,56,fixed_k3
Strain_b_Tension_0.5pct,b,0.5,-0.031017461999999885,0.09199850249999997,0.0,-0.4875989946864161,56,fixed_k3
Strain_b_Tension_0.5pct,b,0.5,-0.027138837999999887,0.09199850249999997,0.0,-0.5283767504978445,56,fixed_k3
Strain_b_Tension_0.5pct,b,0.5,-0.02326021399999989,0.09199850249999997,0.0,-0.5651613930764499,56,fixed_k3
Strain_b_Tension_0.5pct,b,0.5,-0.019381589999999893,0.09199850249999997,0.0,-0.5926838845663638,56,fixed_k3
Strain_b_Tension_0.5pct,b,0.5,-0.015502965999999896,0.09199850249999997,0.0,-0.6064978708298505,56,fixed_k3
Strain_b_Tension_0.5pct,b,0.5,-0.011624341999999899,0.09199850249999997,0.0,-0.6032018464365576,56,fixed_k3
Strain_b_Tension_0.5pct,b,0.5,-0.0077457179999999015,0.09199850249999997,0.0,-0.5805757934599476,56,fixed_k3
Strain_b_Tension_0.5pct,b,0.5,-0.0038670939999999043,0.09199850249999997,0.0,-0.5376170557056725,56,fixed_k3
Strain_b_Tension_0.5pct,b,0.5,1.1530000000092855e-05,0.09199850249999997,0.0,-0.474468380366468,56,fixed_k3
Strain_b_Tension_0.5pct,b,0.5,0.00389015400000009,0.09199850249999997,0.0,-0.392244406243877,56,fixed_k3
Strain_b_Tension_0.5pct,b,0.5,0.007768778000000087,0.09199850249999997,0.0,-0.2927772972820901,56,fixed_k3
Strain_b_Tension_0.5pct,b,0.5,0.011647402000000084,0.09199850249999997,0.0,-0.17831348603621722,56,fixed_k3
Strain_b_Tension_0.5pct,b,0.5,0.015526026000000082,0.09199850249999997,0.0,-0.051198436510746514,56,fixed_k3
Strain_b_Tension_0.5pct,b,0.5,0.01940465000000008,0.09199850249999997,0.0,0.08641621695624035,56,fixed_k3
Strain_b_Tension_0.5pct,b,0.5,0.023283274000000076,0.09199850249999997,0.0,0.23281780943105757,56,fixed_k3
Strain_b_Tension_0.5pct,b,0.5,0.027161898000000073,0.09199850249999997,0.0,0.386917499348864,56,fixed_k3
Strain_b_Tension_0.5pct,b,0.5,0.03104052200000007,0.09199850249999997,0.0,0.5483754981399378,56,fixed_k3
Strain_b_Tension_0.5pct,b,0.5,0.03491914600000007,0.09199850249999997,0.0,0.7176779458703626,56,fixed_k3
Strain_b_Tension_0.5pct,b,0.5,0.038797770000000065,0.09199850249999997,0.0,0.8961821686445224,56,fixed_k3
Strain_b_Tension_0.5pct,b,0.5,0.04267639400000006,0.09199850249999997,0.0,1.0861447439284082,56,fixed_k3
Strain_b_Tension_0.5pct,b,0.5,0.04655501800000006,0.09199850249999997,0.0,1.2907323550588443,56,fixed_k3
Strain_b_Tension_0.5pct,b,0.5,0.050433642000000056,0.09199850249999997,0.0,1.5139802487830534,56,fixed_k3
Strain_b_Tension_0.5pct,b,0.5,0.05431226600000005,0.09199850249999997,0.0,1.7605916274670632,56,fixed_k3
Strain_b_Tension_0.5pct,b,0.5,0.05819089000000005,0.09199850249999997,0.0,2.035340227194658,56,fixed_k3
Strain_b_Tension_0.5pct,b,0.5,0.06206951400000005,0.09199850249999997,0.0,2.3416255171707583,56,fixed_k3
Strain_b_Tension_0.5pct,b,0.5,0.06594813800000005,0.09199850249999997,0.0,2.6784510624428766,56,fixed_k3
Strain_b_Tension_0.5pct,b,0.5,0.06982676200000004,0.09199850249999997,0.0,3.034902476946565,56,fixed_k3
Strain_b_Tension_0.5pct,b,0.5,0.07370538600000004,0.09199850249999997,0.0,3.3815623423565913,56,fixed_k3
Strain_b_Tension_0.5pct,b,0.5,0.07758401000000004,0.09199850249999997,0.0,3.660187660747941,56,fixed_k3
Strain_b_Tension_0.5pct,b,0.5,0.08146263400000003,0.09199850249999997,0.0,3.7775972273435467,56,fixed_k3
Strain_b_Tension_0.5pct,b,0.5,0.08534125800000003,0.09199850249999997,0.0,3.616906778173166,56,fixed_k3
Strain_b_Tension_0.5pct,b,0.5,0.08921988200000003,0.09199850249999997,0.0,3.08464900167666,56,fixed_k3
Strain_b_Tension_0.5pct,b,0.5,0.09309850600000003,0.09199850249999997,0.0,2.209017936000635,56,fixed_k3
Strain_b_Tension_0.5pct,b,0.5,0.09697713000000002,0.09199850249999997,0.0,1.3039819793205834,56,fixed_k3
Strain_b_Tension_0.5pct,b,0.5,0.10085575400000002,0.09199850249999997,0.0,1.3083544334450226,56,fixed_k3
Strain_b_Tension_0.5pct,b,0.5,0.10473437800000002,0.09199850249999997,0.0,4.993635483981006,56,fixed_k3
Strain_b_Tension_0.5pct,b,0.5,0.10861300200000001,0.09199850249999997,0.0,23.086641695944028,56,fixed_k3
Strain_b_Tension_0.5pct,b,0.5,0.11249162600000001,0.09199850249999997,0.0,112.80052773643943,56,fixed_k3
Strain_b_Tension_0.5pct,b,0.5,0.11637025000000001,0.09199850249999997,0.0,549.9911239423963,56,fixed_k3
Strain_b_Tension_0.5pct,b,0.5,0.120248874,0.09199850249999997,0.0,753.4451331666619,56,fixed_k3
Strain_b_Tension_0.5pct,b,0.5,0.124127498,0.09199850249999997,0.0,286.73212609067457,56,fixed_k3
Strain_b_Tension_0.5pct,b,0.5,0.128006122,0.09199850249999997,0.0,98.45867420967727,56,fixed_k3
Strain_b_Tension_0.5pct,b,0.5,0.131884746,0.09199850249999997,0.0,41.96962021410743,56,fixed_k3
Strain_b_Tension_0.5pct,b,0.5,0.13576337,0.09199850249999997,0.0,23.424674679402525,56,fixed_k3
Strain_b_Tension_0.5pct,b,0.5,0.139641994,0.09199850249999997,0.0,15.961220416479867,56,fixed_k3
Strain_b_Tension_0.5pct,b,0.5,0.143520618,0.09199850249999997,0.0,12.31177800412704,56,fixed_k3
Strain_b_Tension_0.5pct,b,0.5,0.14739924199999999,0.09199850249999997,0.0,10.23233350847687,56,fixed_k3
Strain_b_Tension_0.5pct,b,0.5,0.15127786599999998,0.09199850249999997,0.0,8.903294976549121,56,fixed_k3
Strain_b_Tension_0.5pct,b,0.5,0.15515649,0.09199850249999997,0.0,7.977797913196093,56,fixed_k3
Strain_b_Tension_0.5pct,b,0.5,-0.1551334299999998,0.09528514062499996,0.0,8.330615719873878,56,fixed_k3
Strain_b_Tension_0.5pct,b,0.5,-0.1512548059999998,0.09528514062499996,0.0,9.839034599812672,56,fixed_k3
Strain_b_Tension_0.5pct,b,0.5,-0.1473761819999998,0.09528514062499996,0.0,11.816476527218162,56,fixed_k3
Strain_b_Tension_0.5pct,b,0.5,-0.1434975579999998,0.09528514062499996,0.0,14.69692939527332,56,fixed_k3
Strain_b_Tension_0.5pct,b,0.5,-0.1396189339999998,0.09528514062499996,0.0,19.497994100539877,56,fixed_k3
Strain_b_Tension_0.5pct,b,0.5,-0.1357403099999998,0.09528514062499996,0.0,29.086568340308826,56,fixed_k3
Strain_b_Tension_0.5pct,b,0.5,-0.1318616859999998,0.09528514062499996,0.0,53.67725832951025,56,fixed_k3
Strain_b_Tension_0.5pct,b,0.5,-0.12798306199999981,0.09528514062499996,0.0,141.03313793947686,56,fixed_k3
Strain_b_Tension_0.5pct,b,0.5,-0.12410443799999982,0.09528514062499996,0.0,582.2137138556931,56,fixed_k3
Strain_b_Tension_0.5pct,b,0.5,-0.12022581399999982,0.09528514062499996,0.0,2628.8620611517504,56,fixed_k3
Strain_b_Tension_0.5pct,b,0.5,-0.11634718999999982,0.09528514062499996,0.0,1293.69444451004,56,fixed_k3
Strain_b_Tension_0.5pct,b,0.5,-0.11246856599999983,0.09528514062499996,0.0,255.73627562674517,56,fixed_k3
Strain_b_Tension_0.5pct,b,0.5,-0.10858994199999983,0.09528514062499996,0.0,79.95761556202106,56,fixed_k3
Strain_b_Tension_0.5pct,b,0.5,-0.10471131799999983,0.09528514062499996,0.0,35.303639075527656,56,fixed_k3
Strain_b_Tension_0.5pct,b,0.5,-0.10083269399999983,0.09528514062499996,0.0,18.94081643164858,56,fixed_k3
Strain_b_Tension_0.5pct,b,0.5,-0.09695406999999984,0.09528514062499996,0.0,11.0928684816197,56,fixed_k3
Strain_b_Tension_0.5pct,b,0.5,-0.09307544599999984,0.09528514062499996,0.0,6.559305443414941,56,fixed_k3
Strain_b_Tension_0.5pct,b,0.5,-0.08919682199999984,0.09528514062499996,0.0,3.666826091276187,56,fixed_k3
Strain_b_Tension_0.5pct,b,0.5,-0.08531819799999985,0.09528514062499996,0.0,1.7790736358841872,56,fixed_k3
Strain_b_Tension_0.5pct,b,0.5,-0.08143957399999985,0.09528514062499996,0.0,0.587278786891182,56,fixed_k3
Strain_b_Tension_0.5pct,b,0.5,-0.07756094999999985,0.09528514062499996,0.0,-0.1103746298780337,56,fixed_k3
Strain_b_Tension_0.5pct,b,0.5,-0.07368232599999985,0.09528514062499996,0.0,-0.4702244745542268,56,fixed_k3
Strain_b_Tension_0.5pct,b,0.5,-0.06980370199999986,0.09528514062499996,0.0,-0.6150609126260382,56,fixed_k3
Strain_b_Tension_0.5pct,b,0.5,-0.06592507799999986,0.09528514062499996,0.0,-0.6361404205336934,56,fixed_k3
Strain_b_Tension_0.5pct,b,0.5,-0.06204645399999986,0.09528514062499996,0.0,-0.5965864478883383,56,fixed_k3
Strain_b_Tension_0.5pct,b,0.5,-0.058167829999999865,0.09528514062499996,0.0,-0.5369079970332109,56,fixed_k3
Strain_b_Tension_0.5pct,b,0.5,-0.05428920599999987,0.09528514062499996,0.0,-0.48096477654587555,56,fixed_k3
Strain_b_Tension_0.5pct,b,0.5,-0.05041058199999987,0.09528514062499996,0.0,-0.44112861796454017,56,fixed_k3
Strain_b_Tension_0.5pct,b,0.5,-0.04653195799999987,0.09528514062499996,0.0,-0.4222047892472731,56,fixed_k3
Strain_b_Tension_0.5pct,b,0.5,-0.042653333999999876,0.09528514062499996,0.0,-0.4241848366563201,56,fixed_k3
Strain_b_Tension_0.5pct,b,0.5,-0.03877470999999988,0.09528514062499996,0.0,-0.4440956414083419,56,fixed_k3
Strain_b_Tension_0.5pct,b,0.5,-0.03489608599999988,0.09528514062499996,0.0,-0.47722532738391443,56,fixed_k3
Strain_b_Tension_0.5pct,b,0.5,-0.031017461999999885,0.09528514062499996,0.0,-0.5179529527363598,56,fixed_k3
Strain_b_Tension_0.5pct,b,0.5,-0.027138837999999887,0.09528514062499996,0.0,-0.5603410887317488,56,fixed_k3
Strain_b_Tension_0.5pct,b,0.5,-0.02326021399999989,0.09528514062499996,0.0,-0.5985901303769277,56,fixed_k3
Strain_b_Tension_0.5pct,b,0.5,-0.019381589999999893,0.09528514062499996,0.0,-0.6274061874944312,56,fixed_k3
Strain_b_Tension_0.5pct,b,0.5,-0.015502965999999896,0.09528514062499996,0.0,-0.642300675360473,56,fixed_k3
Strain_b_Tension_0.5pct,b,0.5,-0.011624341999999899,0.09528514062499996,0.0,-0.6398181034277339,56,fixed_k3
Strain_b_Tension_0.5pct,b,0.5,-0.0077457179999999015,0.09528514062499996,0.0,-0.6176780231830232,56,fixed_k3
Strain_b_Tension_0.5pct,b,0.5,-0.0038670939999999043,0.09528514062499996,0.0,-0.5748165393275411,56,fixed_k3
Strain_b_Tension_0.5pct,b,0.5,1.1530000000092855e-05,0.09528514062499996,0.0,-0.5113203821007257,56,fixed_k3
Strain_b_Tension_0.5pct,b,0.5,0.00389015400000009,0.09528514062499996,0.0,-0.4282593031292117,56,fixed_k3
Strain_b_Tension_0.5pct,b,0.5,0.007768778000000087,0.09528514062499996,0.0,-0.327436547559973,56,fixed_k3
Strain_b_Tension_0.5pct,b,0.5,0.011647402000000084,0.09528514062499996,0.0,-0.21108827952411513,56,fixed_k3
Strain_b_Tension_0.5pct,b,0.5,0.015526026000000082,0.09528514062499996,0.0,-0.08156798326502068,56,fixed_k3
Strain_b_Tension_0.5pct,b,0.5,0.01940465000000008,0.09528514062499996,0.0,0.058950200331711056,56,fixed_k3
Strain_b_Tension_0.5pct,b,0.5,0.023283274000000076,0.09528514062499996,0.0,0.2087236106906709,56,fixed_k3
Strain_b_Tension_0.5pct,b,0.5,0.027161898000000073,0.09528514062499996,0.0,0.3666352300161888,56,fixed_k3
Strain_b_Tension_0.5pct,b,0.5,0.03104052200000007,0.09528514062499996,0.0,0.5323291203068856,56,fixed_k3
Strain_b_Tension_0.5pct,b,0.5,0.03491914600000007,0.09528514062499996,0.0,0.7062965743805565,56,fixed_k3
Strain_b_Tension_0.5pct,b,0.5,0.038797770000000065,0.09528514062499996,0.0,0.889927473637657,56,fixed_k3
Strain_b_Tension_0.5pct,b,0.5,0.04267639400000006,0.09528514062499996,0.0,1.0855384704996576,56,fixed_k3
Strain_b_Tension_0.5pct,b,0.5,0.04655501800000006,0.09528514062499996,0.0,1.2963743607193976,56,fixed_k3
Strain_b_Tension_0.5pct,b,0.5,0.050433642000000056,0.09528514062499996,0.0,1.526543054767711,56,fixed_k3
Strain_b_Tension_0.5pct,b,0.5,0.05431226600000005,0.09528514062499996,0.0,1.7807735564967668,56,fixed_k3
Strain_b_Tension_0.5pct,b,0.5,0.05819089000000005,0.09528514062499996,0.0,2.0637605786187243,56,fixed_k3
Strain_b_Tension_0.5pct,b,0.5,0.06206951400000005,0.09528514062499996,0.0,2.378664720991738,56,fixed_k3
Strain_b_Tension_0.5pct,b,0.5,0.06594813800000005,0.09528514062499996,0.0,2.724103221456849,56,fixed_k3
Strain_b_Tension_0.5pct,b,0.5,0.06982676200000004,0.09528514062499996,0.0,3.088858666357064,56,fixed_k3
Strain_b_Tension_0.5pct,b,0.5,0.07370538600000004,0.09528514062499996,0.0,3.4440067273657604,56,fixed_k3
Strain_b_Tension_0.5pct,b,0.5,0.07758401000000004,0.09528514062499996,0.0,3.7340646667198083,56,fixed_k3
Strain_b_Tension_0.5pct,b,0.5,0.08146263400000003,0.09528514062499996,0.0,3.8729527796629037,56,fixed_k3
Strain_b_Tension_0.5pct,b,0.5,0.08534125800000003,0.09528514062499996,0.0,3.7564318172818973,56,fixed_k3
Strain_b_Tension_0.5pct,b,0.5,0.08921988200000003,0.09528514062499996,0.0,3.306185766807913,56,fixed_k3
Strain_b_Tension_0.5pct,b,0.5,0.09309850600000003,0.09528514062499996,0.0,2.5574309005463283,56,fixed_k3
Strain_b_Tension_0.5pct,b,0.5,0.09697713000000002,0.09528514062499996,0.0,1.8070193084736073,56,fixed_k3
Strain_b_Tension_0.5pct,b,0.5,0.10085575400000002,0.09528514062499996,0.0,1.9445847371473002,56,fixed_k3
Strain_b_Tension_0.5pct,b,0.5,0.10473437800000002,0.09528514062499996,0.0,5.706773699717424,56,fixed_k3
Strain_b_Tension_0.5pct,b,0.5,0.10861300200000001,0.09528514062499996,0.0,24.38021614356734,56,fixed_k3
Strain_b_Tension_0.5pct,b,0.5,0.11249162600000001,0.09528514062499996,0.0,127.11246741875978,56,fixed_k3
Strain_b_Tension_0.5pct,b,0.5,0.11637025000000001,0.09528514062499996,0.0,908.037310240734,56,fixed_k3
Strain_b_Tension_0.5pct,b,0.5,0.120248874,0.09528514062499996,0.0,2252.2517613828886,56,fixed_k3
Strain_b_Tension_0.5pct,b,0.5,0.124127498,0.09528514062499996,0.0,568.8795780356078,56,fixed_k3
Strain_b_Tension_0.5pct,b,0.5,0.128006122,0.09528514062499996,0.0,145.1457498358921,56,fixed_k3
Strain_b_Tension_0.5pct,b,0.5,0.131884746,0.09528514062499996,0.0,53.096124257734466,56,fixed_k3
Strain_b_Tension_0.5pct,b,0.5,0.13576337,0.09528514062499996,0.0,27.033509923324818,56,fixed_k3
Strain_b_Tension_0.5pct,b,0.5,0.139641994,0.09528514062499996,0.0,17.480873372342764,56,fixed_k3
Strain_b_Tension_0.5pct,b,0.5,0.143520618,0.09528514062499996,0.0,13.116766911802964,56,fixed_k3
Strain_b_Tension_0.5pct,b,0.5,0.14739924199999999,0.09528514062499996,0.0,10.749889242590417,56,fixed_k3
Strain_b_Tension_0.5pct,b,0.5,0.15127786599999998,0.09528514062499996,0.0,9.289255984013845,56,fixed_k3
Strain_b_Tension_0.5pct,b,0.5,0.15515649,0.09528514062499996,0.0,8.296596483531937,56,fixed_k3
Strain_b_Tension_0.5pct,b,0.5,-0.1551334299999998,0.09857177874999998,0.0,8.280096549266755,56,fixed_k3
Strain_b_Tension_0.5pct,b,0.5,-0.1512548059999998,0.09857177874999998,0.0,9.876881901252958,56,fixed_k3
Strain_b_Tension_0.5pct,b,0.5,-0.1473761819999998,0.09857177874999998,0.0,12.007919593313968,56,fixed_k3
Strain_b_Tension_0.5pct,b,0.5,-0.1434975579999998,0.09857177874999998,0.0,15.210909745155178,56,fixed_k3
Strain_b_Tension_0.5pct,b,0.5,-0.1396189339999998,0.09857177874999998,0.0,20.808135379331247,56,fixed_k3
Strain_b_Tension_0.5pct,b,0.5,-0.1357403099999998,0.09857177874999998,0.0,32.72416077493303,56,fixed_k3
Strain_b_Tension_0.5pct,b,0.5,-0.1318616859999998,0.09857177874999998,0.0,65.82580338237487,56,fixed_k3
Strain_b_Tension_0.5pct,b,0.5,-0.12798306199999981,0.09857177874999998,0.0,198.12212507249413,56,fixed_k3
Strain_b_Tension_0.5pct,b,0.5,-0.12410443799999982,0.09857177874999998,0.0,1125.459001395948,56,fixed_k3
Strain_b_Tension_0.5pct,b,0.5,-0.12022581399999982,0.09857177874999998,0.0,12230.38978143756,56,fixed_k3
Strain_b_Tension_0.5pct,b,0.5,-0.11634718999999982,0.09857177874999998,0.0,1832.6161832391906,56,fixed_k3
Strain_b_Tension_0.5pct,b,0.5,-0.11246856599999983,0.09857177874999998,0.0,252.14506597762227,56,fixed_k3
Strain_b_Tension_0.5pct,b,0.5,-0.10858994199999983,0.09857177874999998,0.0,74.23996835836098,56,fixed_k3
Strain_b_Tension_0.5pct,b,0.5,-0.10471131799999983,0.09857177874999998,0.0,32.34126168251117,56,fixed_k3
Strain_b_Tension_0.5pct,b,0.5,-0.10083269399999983,0.09857177874999998,0.0,17.335504114117715,56,fixed_k3
Strain_b_Tension_0.5pct,b,0.5,-0.09695406999999984,0.09857177874999998,0.0,10.202199118668066,56,fixed_k3
Strain_b_Tension_0.5pct,b,0.5,-0.09307544599999984,0.09857177874999998,0.0,6.086225700838451,56,fixed_k3
Strain_b_Tension_0.5pct,b,0.5,-0.08919682199999984,0.09857177874999998,0.0,3.444655457547331,56,fixed_k3
Strain_b_Tension_0.5pct,b,0.5,-0.08531819799999985,0.09857177874999998,0.0,1.6998113313107541,56,fixed_k3
Strain_b_Tension_0.5pct,b,0.5,-0.08143957399999985,0.09857177874999998,0.0,0.5795513353576398,56,fixed_k3
Strain_b_Tension_0.5pct,b,0.5,-0.07756094999999985,0.09857177874999998,0.0,-0.09033607203549021,56,fixed_k3
Strain_b_Tension_0.5pct,b,0.5,-0.07368232599999985,0.09857177874999998,0.0,-0.445968345345954,56,fixed_k3
Strain_b_Tension_0.5pct,b,0.5,-0.06980370199999986,0.09857177874999998,0.0,-0.5970269017127112,56,fixed_k3
Strain_b_Tension_0.5pct,b,0.5,-0.06592507799999986,0.09857177874999998,0.0,-0.6274465168164309,56,fixed_k3
Strain_b_Tension_0.5pct,b,0.5,-0.06204645399999986,0.09857177874999998,0.0,-0.5969250096736674,56,fixed_k3
Strain_b_Tension_0.5pct,b,0.5,-0.058167829999999865,0.09857177874999998,0.0,-0.5447638037376275,56,fixed_k3
Strain_b_Tension_0.5pct,b,0.5,-0.05428920599999987,0.09857177874999998,0.0,-0.49468450834929323,56,fixed_k3
Strain_b_Tension_0.5pct,b,0.5,-0.05041058199999987,0.09857177874999998,0.0,-0.45933290777656977,56,fixed_k3
Strain_b_Tension_0.5pct,b,0.5,-0.04653195799999987,0.09857177874999998,0.0,-0.4438774481586183,56,fixed_k3
Strain_b_Tension_0.5pct,b,0.5,-0.042653333999999876,0.09857177874999998,0.0,-0.4486296013141331,56,fixed_k3
Strain_b_Tension_0.5pct,b,0.5,-0.03877470999999988,0.09857177874999998,0.0,-0.47085451220135477,56,fixed_k3
Strain_b_Tension_0.5pct,b,0.5,-0.03489608599999988,0.09857177874999998,0.0,-0.5059984382346077,56,fixed_k3
Strain_b_Tension_0.5pct,b,0.5,-0.031017461999999885,0.09857177874999998,0.0,-0.5485330793115875,56,fixed_k3
Strain_b_Tension_0.5pct,b,0.5,-0.027138837999999887,0.09857177874999998,0.0,-0.5925642093112247,56,fixed_k3
Strain_b_Tension_0.5pct,b,0.5,-0.02326021399999989,0.09857177874999998,0.0,-0.6322993350862127,56,fixed_k3
Strain_b_Tension_0.5pct,b,0.5,-0.019381589999999893,0.09857177874999998,0.0,-0.6624255798843564,56,fixed_k3
Strain_b_Tension_0.5pct,b,0.5,-0.015502965999999896,0.09857177874999998,0.0,-0.6784166666580447,56,fixed_k3
Strain_b_Tension_0.5pct,b,0.5,-0.011624341999999899,0.09857177874999998,0.0,-0.6767666569961013,56,fixed_k3
Strain_b_Tension_0.5pct,b,0.5,-0.0077457179999999015,0.09857177874999998,0.0,-0.6551374447955856,56,fixed_k3
Strain_b_Tension_0.5pct,b,0.5,-0.0038670939999999043,0.09857177874999998,0.0,-0.6124060337124448,56,fixed_k3
Strain_b_Tension_0.5pct,b,0.5,1.1530000000092855e-05,0.09857177874999998,0.0,-0.5486046584647291,56,fixed_k3
Strain_b_Tension_0.5pct,b,0.5,0.00389015400000009,0.09857177874999998,0.0,-0.46475900900802847,56,fixed_k3
Strain_b_Tension_0.5pct,b,0.5,0.007768778000000087,0.09857177874999998,0.0,-0.36264339539118273,56,fixed_k3
Strain_b_Tension_0.5pct,b,0.5,0.011647402000000084,0.09857177874999998,0.0,-0.24448268611340485,56,fixed_k3
Strain_b_Tension_0.5pct,b,0.5,0.015526026000000082,0.09857177874999998,0.0,-0.11263620062013313,56,fixed_k3
Strain_b_Tension_0.5pct,b,0.5,0.01940465000000008,0.09857177874999998,0.0,0.030702845014484836,56,fixed_k3
Strain_b_Tension_0.5pct,b,0.5,0.023283274000000076,0.09857177874999998,0.0,0.18376648208118906,56,fixed_k3
Strain_b_Tension_0.5pct,b,0.5,0.027161898000000073,0.09857177874999998,0.0,0.345415386697141,56,fixed_k3
Strain_b_Tension_0.5pct,b,0.5,0.03104052200000007,0.09857177874999998,0.0,0.5152843707200048,56,fixed_k3
Strain_b_Tension_0.5pct,b,0.5,0.03491914600000007,0.09857177874999998,0.0,0.693877575819724,56,fixed_k3
Strain_b_Tension_0.5pct,b,0.5,0.038797770000000065,0.09857177874999998,0.0,0.8826256133608479,56,fixed_k3
Strain_b_Tension_0.5pct,b,0.5,0.04267639400000006,0.09857177874999998,0.0,1.0839134553453722,56,fixed_k3
Strain_b_Tension_0.5pct,b,0.5,0.04655501800000006,0.09857177874999998,0.0,1.3010718712647713,56,fixed_k3
Strain_b_Tension_0.5pct,b,0.5,0.050433642000000056,0.09857177874999998,0.0,1.5382886283012223,56,fixed_k3
Strain_b_Tension_0.5pct,b,0.5,0.05431226600000005,0.09857177874999998,0.0,1.8003255375051521,56,fixed_k3
Strain_b_Tension_0.5pct,b,0.5,0.05819089000000005,0.09857177874999998,0.0,2.091807613109154,56,fixed_k3
Strain_b_Tension_0.5pct,b,0.5,0.06206951400000005,0.09857177874999998,0.0,2.415674654527489,56,fixed_k3
Strain_b_Tension_0.5pct,b,0.5,0.06594813800000005,0.09857177874999998,0.0,2.770195685510169,56,fixed_k3
Strain_b_Tension_0.5pct,b,0.5,0.06982676200000004,0.09857177874999998,0.0,3.143918757221384,56,fixed_k3
Strain_b_Tension_0.5pct,b,0.5,0.07370538600000004,0.09857177874999998,0.0,3.5084952345547795,56,fixed_k3
Strain_b_Tension_0.5pct,b,0.5,0.07758401000000004,0.09857177874999998,0.0,3.8111979563531215,56,fixed_k3
Strain_b_Tension_0.5pct,b,0.5,0.08146263400000003,0.09857177874999998,0.0,3.972707241233225,56,fixed_k3
Strain_b_Tension_0.5pct,b,0.5,0.08534125800000003,0.09857177874999998,0.0,3.900437265401947,56,fixed_k3
Strain_b_Tension_0.5pct,b,0.5,0.08921988200000003,0.09857177874999998,0.0,3.5296771347694236,56,fixed_k3
Strain_b_Tension_0.5pct,b,0.5,0.09309850600000003,0.09857177874999998,0.0,2.9016871573068084,56,fixed_k3
Strain_b_Tension_0.5pct,b,0.5,0.09697713000000002,0.09857177874999998,0.0,2.296643062021749,56,fixed_k3
Strain_b_Tension_0.5pct,b,0.5,0.10085575400000002,0.09857177874999998,0.0,2.5473508740609816,56,fixed_k3
Strain_b_Tension_0.5pct,b,0.5,0.10473437800000002,0.09857177874999998,0.0,6.26236406453893,56,fixed_k3
Strain_b_Tension_0.5pct,b,0.5,0.10861300200000001,0.09857177874999998,0.0,24.462188176309365,56,fixed_k3
Strain_b_Tension_0.5pct,b,0.5,0.11249162600000001,0.09857177874999998,0.0,128.8153526576783,56,fixed_k3
Strain_b_Tension_0.5pct,b,0.5,0.11637025000000001,0.09857177874999998,0.0,1228.4857123290183,56,fixed_k3
Strain_b_Tension_0.5pct,b,0.5,0.120248874,0.09857177874999998,0.0,11436.137338200953,56,fixed_k3
Strain_b_Tension_0.5pct,b,0.5,0.124127498,0.09857177874999998,0.0,1151.2034038511165,56,fixed_k3
Strain_b_Tension_0.5pct,b,0.5,0.128006122,0.09857177874999998,0.0,203.13933693913722,56,fixed_k3
Strain_b_Tension_0.5pct,b,0.5,0.131884746,0.09857177874999998,0.0,65.10846679740693,56,fixed_k3
Strain_b_Tension_0.5pct,b,0.5,0.13576337,0.09857177874999998,0.0,30.77557201580994,56,fixed_k3
Strain_b_Tension_0.5pct,b,0.5,0.139641994,0.09857177874999998,0.0,19.039991877907067,56,fixed_k3
Strain_b_Tension_0.5pct,b,0.5,0.143520618,0.09857177874999998,0.0,13.947159418323793,56,fixed_k3
Strain_b_Tension_0.5pct,b,0.5,0.14739924199999999,0.09857177874999998,0.0,11.292768129765486,56,fixed_k3
Strain_b_Tension_0.5pct,b,0.5,0.15127786599999998,0.09857177874999998,0.0,9.703038594884864,56,fixed_k3
Strain_b_Tension_0.5pct,b,0.5,0.15515649,0.09857177874999998,0.0,8.64582938452954,56,fixed_k3
Strain_b_Tension_0.5pct,b,0.5,-0.1551334299999998,0.10185841687499997,0.0,8.169309525484428,56,fixed_k3
Strain_b_Tension_0.5pct,b,0.5,-0.1512548059999998,0.10185841687499997,0.0,9.850331116751516,56,fixed_k3
Strain_b_Tension_0.5pct,b,0.5,-0.1473761819999998,0.10185841687499997,0.0,12.129016462083243,56,fixed_k3
Strain_b_Tension_0.5pct,b,0.5,-0.1434975579999998,0.10185841687499997,0.0,15.648597461130517,56,fixed_k3
Strain_b_Tension_0.5pct,b,0.5,-0.1396189339999998,0.10185841687499997,0.0,22.045873823706454,56,fixed_k3
Strain_b_Tension_0.5pct,b,0.5,-0.1357403099999998,0.10185841687499997,0.0,36.35687238492137,56,fixed_k3
Strain_b_Tension_0.5pct,b,0.5,-0.1318616859999998,0.10185841687499997,0.0,78.52338786917798,56,fixed_k3
Strain_b_Tension_0.5pct,b,0.5,-0.12798306199999981,0.10185841687499997,0.0,263.5782285674198,56,fixed_k3
Strain_b_Tension_0.5pct,b,0.5,-0.12410443799999982,0.10185841687499997,0.0,2064.299164455903,56,fixed_k3
Strain_b_Tension_0.5pct,b,0.5,-0.12022581399999982,0.10185841687499997,0.0,205069.8720836186,56,fixed_k3
Strain_b_Tension_0.5pct,b,0.5,-0.11634718999999982,0.10185841687499997,0.0,1907.0791872466687,56,fixed_k3
Strain_b_Tension_0.5pct,b,0.5,-0.11246856599999983,0.10185841687499997,0.0,228.58330012109332,56,fixed_k3
Strain_b_Tension_0.5pct,b,0.5,-0.10858994199999983,0.10185841687499997,0.0,66.7918541856871,56,fixed_k3
Strain_b_Tension_0.5pct,b,0.5,-0.10471131799999983,0.10185841687499997,0.0,29.226731786789337,56,fixed_k3
Strain_b_Tension_0.5pct,b,0.5,-0.10083269399999983,0.10185841687499997,0.0,15.786032457323333,56,fixed_k3
Strain_b_Tension_0.5pct,b,0.5,-0.09695406999999984,0.10185841687499997,0.0,9.381562632192205,56,fixed_k3
Strain_b_Tension_0.5pct,b,0.5,-0.09307544599999984,0.10185841687499997,0.0,5.66438334890002,56,fixed_k3
Strain_b_Tension_0.5pct,b,0.5,-0.08919682199999984,0.10185841687499997,0.0,3.2541395035952885,56,fixed_k3
Strain_b_Tension_0.5pct,b,0.5,-0.08531819799999985,0.10185841687499997,0.0,1.6387330548940287,56,fixed_k3
Strain_b_Tension_0.5pct,b,0.5,-0.08143957399999985,0.10185841687499997,0.0,0.5823988256568939,56,fixed_k3
Strain_b_Tension_0.5pct,b,0.5,-0.07756094999999985,0.10185841687499997,0.0,-0.06355903328121704,56,fixed_k3
Strain_b_Tension_0.5pct,b,0.5,-0.07368232599999985,0.10185841687499997,0.0,-0.4168992857784606,56,fixed_k3
Strain_b_Tension_0.5pct,b,0.5,-0.06980370199999986,0.10185841687499997,0.0,-0.5752986628738967,56,fixed_k3
Strain_b_Tension_0.5pct,b,0.5,-0.06592507799999986,0.10185841687499997,0.0,-0.615865490371226,56,fixed_k3
Strain_b_Tension_0.5pct,b,0.5,-0.06204645399999986,0.10185841687499997,0.0,-0.5950396530692994,56,fixed_k3
Strain_b_Tension_0.5pct,b,0.5,-0.058167829999999865,0.10185841687499997,0.0,-0.5509531370982974,56,fixed_k3
Strain_b_Tension_0.5pct,b,0.5,-0.05428920599999987,0.10185841687499997,0.0,-0.5071939630568494,56,fixed_k3
Strain_b_Tension_0.5pct,b,0.5,-0.05041058199999987,0.10185841687499997,0.0,-0.47668625324073544,56,fixed_k3
Strain_b_Tension_0.5pct,b,0.5,-0.04653195799999987,0.10185841687499997,0.0,-0.46497215077118037,56,fixed_k3
Strain_b_Tension_0.5pct,b,0.5,-0.042653333999999876,0.10185841687499997,0.0,-0.472697550271743,56,fixed_k3
Strain_b_Tension_0.5pct,b,0.5,-0.03877470999999988,0.10185841687499997,0.0,-0.4973812175445249,56,fixed_k3
Strain_b_Tension_0.5pct,b,0.5,-0.03489608599999988,0.10185841687499997,0.0,-0.5346417070726597,56,fixed_k3
Strain_b_Tension_0.5pct,b,0.5,-0.031017461999999885,0.10185841687499997,0.0,-0.5790554140671271,56,fixed_k3
Strain_b_Tension_0.5pct,b,0.5,-0.027138837999999887,0.10185841687499997,0.0,-0.6247810874387212,56,fixed_k3
Strain_b_Tension_0.5pct,b,0.5,-0.02326021399999989,0.10185841687499997,0.0,-0.6660410491933781,56,fixed_k3
Strain_b_Tension_0.5pct,b,0.5,-0.019381589999999893,0.10185841687499997,0.0,-0.6975094307495002,56,fixed_k3
Strain_b_Tension_0.5pct,b,0.5,-0.015502965999999896,0.10185841687499997,0.0,-0.7146269267486889,56,fixed_k3
Strain_b_Tension_0.5pct,b,0.5,-0.011624341999999899,0.10185841687499997,0.0,-0.713840809654656,56,fixed_k3
Strain_b_Tension_0.5pct,b,0.5,-0.0077457179999999015,0.10185841687499997,0.0,-0.6927582045498091,56,fixed_k3
Strain_b_Tension_0.5pct,b,0.5,-0.0038670939999999043,0.10185841687499997,0.0,-0.6501992586691556,56,fixed_k3
Strain_b_Tension_0.5pct,b,0.5,1.1530000000092855e-05,0.10185841687499997,0.0,-0.5861433249165247,56,fixed_k3
Strain_b_Tension_0.5pct,b,0.5,0.00389015400000009,0.10185841687499997,0.0,-0.5015729303903282,56,fixed_k3
Strain_b_Tension_0.5pct,b,0.5,0.007768778000000087,0.10185841687499997,0.0,-0.39823348626786936,56,fixed_k3
Strain_b_Tension_0.5pct,b,0.5,0.011647402000000084,0.10185841687499997,0.0,-0.27833757336536813,56,fixed_k3
Strain_b_Tension_0.5pct,b,0.5,0.015526026000000082,0.10185841687499997,0.0,-0.14424818949879725,56,fixed_k3
Strain_b_Tension_0.5pct,b,0.5,0.01940465000000008,0.10185841687499997,0.0,0.001825765677275104,56,fixed_k3
Strain_b_Tension_0.5pct,b,0.5,0.023283274000000076,0.10185841687499997,0.0,0.15809562465294746,56,fixed_k3
Strain_b_Tension_0.5pct,b,0.5,0.027161898000000073,0.10185841687499997,0.0,0.32340547608389425,56,fixed_k3
Strain_b_Tension_0.5pct,b,0.5,0.03104052200000007,0.10185841687499997,0.0,0.49738751441706297,56,fixed_k3
Strain_b_Tension_0.5pct,b,0.5,0.03491914600000007,0.10185841687499997,0.0,0.6805659987168853,56,fixed_k3
Strain_b_Tension_0.5pct,b,0.5,0.038797770000000065,0.10185841687499997,0.0,0.8744198114337789,56,fixed_k3
Strain_b_Tension_0.5pct,b,0.5,0.04267639400000006,0.10185841687499997,0.0,1.0814096150671944,56,fixed_k3
Strain_b_Tension_0.5pct,b,0.5,0.04655501800000006,0.10185841687499997,0.0,1.3049588943866341,56,fixed_k3
Strain_b_Tension_0.5pct,b,0.5,0.050433642000000056,0.10185841687499997,0.0,1.5493411481220998,56,fixed_k3
Strain_b_Tension_0.5pct,b,0.5,0.05431226600000005,0.10185841687499997,0.0,1.8193566068602594,56,fixed_k3
Strain_b_Tension_0.5pct,b,0.5,0.05819089000000005,0.10185841687499997,0.0,2.1195686107030345,56,fixed_k3
Strain_b_Tension_0.5pct,b,0.5,0.06206951400000005,0.10185841687499997,0.0,2.4527130238172,56,fixed_k3
Strain_b_Tension_0.5pct,b,0.5,0.06594813800000005,0.10185841687499997,0.0,2.8167469045435207,56,fixed_k3
Strain_b_Tension_0.5pct,b,0.5,0.06982676200000004,0.10185841687499997,0.0,3.200047181432447,56,fixed_k3
Strain_b_Tension_0.5pct,b,0.5,0.07370538600000004,0.10185841687499997,0.0,3.5749104208883686,56,fixed_k3
Strain_b_Tension_0.5pct,b,0.5,0.07758401000000004,0.10185841687499997,0.0,3.8913357129632824,56,fixed_k3
Strain_b_Tension_0.5pct,b,0.5,0.08146263400000003,0.10185841687499997,0.0,4.076393632570024,56,fixed_k3
Strain_b_Tension_0.5pct,b,0.5,0.08534125800000003,0.10185841687499997,0.0,4.048148181613959,56,fixed_k3
Strain_b_Tension_0.5pct,b,0.5,0.08921988200000003,0.10185841687499997,0.0,3.7539180298216683,56,fixed_k3
Strain_b_Tension_0.5pct,b,0.5,0.09309850600000003,0.10185841687499997,0.0,3.2397558515721965,56,fixed_k3
Strain_b_Tension_0.5pct,b,0.5,0.09697713000000002,0.10185841687499997,0.0,2.7688707989736403,56,fixed_k3
Strain_b_Tension_0.5pct,b,0.5,0.10085575400000002,0.10185841687499997,0.0,3.110460765839374,56,fixed_k3
Strain_b_Tension_0.5pct,b,0.5,0.10473437800000002,0.10185841687499997,0.0,6.671138670333457,56,fixed_k3
Strain_b_Tension_0.5pct,b,0.5,0.10861300200000001,0.10185841687499997,0.0,23.530578791048395,56,fixed_k3
Strain_b_Tension_0.5pct,b,0.5,0.11249162600000001,0.10185841687499997,0.0,118.30639679927333,56,fixed_k3
Strain_b_Tension_0.5pct,b,0.5,0.11637025000000001,0.10185841687499997,0.0,1192.278508667838,56,fixed_k3
Strain_b_Tension_0.5pct,b,0.5,0.120248874,0.10185841687499997,0.0,217771.89112805502,56,fixed_k3
Strain_b_Tension_0.5pct,b,0.5,0.124127498,0.10185841687499997,0.0,2217.117380656428,56,fixed_k3
Strain_b_Tension_0.5pct,b,0.5,0.128006122,0.10185841687499997,0.0,267.79641768104244,56,fixed_k3
Strain_b_Tension_0.5pct,b,0.5,0.131884746,0.10185841687499997,0.0,77.40068127946282,56,fixed_k3
Strain_b_Tension_0.5pct,b,0.5,0.13576337,0.10185841687499997,0.0,34.5629987740367,56,fixed_k3
Strain_b_Tension_0.5pct,b,0.5,0.139641994,0.10185841687499997,0.0,20.626293354117205,56,fixed_k3
Strain_b_Tension_0.5pct,b,0.5,0.143520618,0.10185841687499997,0.0,14.804376035126115,56,fixed_k3
Strain_b_Tension_0.5pct,b,0.5,0.14739924199999999,0.10185841687499997,0.0,11.865593566943572,56,fixed_k3
Strain_b_Tension_0.5pct,b,0.5,0.15127786599999998,0.10185841687499997,0.0,10.150459625650289,56,fixed_k3
Strain_b_Tension_0.5pct,b,0.5,0.15515649,0.10185841687499997,0.0,9.03208719170544,56,fixed_k3
Strain_b_Tension_0.5pct,b,0.5,-0.1551334299999998,0.10514505499999996,0.0,7.992514675535992,56,fixed_k3
Strain_b_Tension_0.5pct,b,0.5,-0.1512548059999998,0.10514505499999996,0.0,9.752156182867418,56,fixed_k3
Strain_b_Tension_0.5pct,b,0.5,-0.1473761819999998,0.10514505499999996,0.0,12.169945300837012,56,fixed_k3
Strain_b_Tension_0.5pct,b,0.5,-0.1434975579999998,0.10514505499999996,0.0,15.993346679433163,56,fixed_k3
Strain_b_Tension_0.5pct,b,0.5,-0.1396189339999998,0.10514505499999996,0.0,23.16859870104219,56,fixed_k3
Strain_b_Tension_0.5pct,b,0.5,-0.1357403099999998,0.10514505499999996,0.0,39.806563739119646,56,fixed_k3
Strain_b_Tension_0.5pct,b,0.5,-0.1318616859999998,0.10514505499999996,0.0,90.58810301146319,56,fixed_k3
Strain_b_Tension_0.5pct,b,0.5,-0.12798306199999981,0.10514505499999996,0.0,323.3248259232164,56,fixed_k3
Strain_b_Tension_0.5pct,b,0.5,-0.12410443799999982,0.10514505499999996,0.0,2871.286893064764,56,fixed_k3
Strain_b_Tension_0.5pct,b,0.5,-0.12022581399999982,0.10514505499999996,0.0,100077.6486111603,56,fixed_k3
Strain_b_Tension_0.5pct,b,0.5,-0.11634718999999982,0.10514505499999996,0.0,1402.8372007434243,56,fixed_k3
Strain_b_Tension_0.5pct,b,0.5,-0.11246856599999983,0.10514505499999996,0.0,192.68583399586234,56,fixed_k3
Strain_b_Tension_0.5pct,b,0.5,-0.10858994199999983,0.10514505499999996,0.0,58.56822222246649,56,fixed_k3
Strain_b_Tension_0.5pct,b,0.5,-0.10471131799999983,0.10514505499999996,0.0,26.143258341968785,56,fixed_k3
Strain_b_Tension_0.5pct,b,0.5,-0.10083269399999983,0.10514505499999996,0.0,14.333453627761727,56,fixed_k3
Strain_b_Tension_0.5pct,b,0.5,-0.09695406999999984,0.10514505499999996,0.0,8.638844468135275,56,fixed_k3
Strain_b_Tension_0.5pct,b,0.5,-0.09307544599999984,0.10514505499999996,0.0,5.294232944884655,56,fixed_k3
Strain_b_Tension_0.5pct,b,0.5,-0.08919682199999984,0.10514505499999996,0.0,3.0948481667085774,56,fixed_k3
Strain_b_Tension_0.5pct,b,0.5,-0.08531819799999985,0.10514505499999996,0.0,1.5957928542783493,56,fixed_k3
Strain_b_Tension_0.5pct,b,0.5,-0.08143957399999985,0.10514505499999996,0.0,0.5961213260802223,56,fixed_k3
Strain_b_Tension_0.5pct,b,0.5,-0.07756094999999985,0.10514505499999996,0.0,-0.02958363544177489,56,fixed_k3
Strain_b_Tension_0.5pct,b,0.5,-0.07368232599999985,0.10514505499999996,0.0,-0.3825030046932656,56,fixed_k3
Strain_b_Tension_0.5pct,b,0.5,-0.06980370199999986,0.10514505499999996,0.0,-0.5493499980387426,56,fixed_k3
Strain_b_Tension_0.5pct,b,0.5,-0.06592507799999986,0.10514505499999996,0.0,-0.6008770654110744,56,fixed_k3
Strain_b_Tension_0.5pct,b,0.5,-0.06204645399999986,0.10514505499999996,0.0,-0.590426379457877,56,fixed_k3
Strain_b_Tension_0.5pct,b,0.5,-0.058167829999999865,0.10514505499999996,0.0,-0.5549953412008941,56,fixed_k3
Strain_b_Tension_0.5pct,b,0.5,-0.05428920599999987,0.10514505499999996,0.0,-0.518040084839178,56,fixed_k3
Strain_b_Tension_0.5pct,b,0.5,-0.05041058199999987,0.10514505499999996,0.0,-0.4927649567941197,56,fixed_k3
Strain_b_Tension_0.5pct,b,0.5,-0.04653195799999987,0.10514505499999996,0.0,-0.48509444733248497,56,fixed_k3
Strain_b_Tension_0.5pct,b,0.5,-0.042653333999999876,0.10514505499999996,0.0,-0.4960222000178023,56,fixed_k3
Strain_b_Tension_0.5pct,b,0.5,-0.03877470999999988,0.10514505499999996,0.0,-0.5233353482880463,56,fixed_k3
Strain_b_Tension_0.5pct,b,0.5,-0.03489608599999988,0.10514505499999996,0.0,-0.5628386685830105,56,fixed_k3
Strain_b_Tension_0.5pct,b,0.5,-0.031017461999999885,0.10514505499999996,0.0,-0.6092252795056528,56,fixed_k3
Strain_b_Tension_0.5pct,b,0.5,-0.027138837999999887,0.10514505499999996,0.0,-0.6567167587411618,56,fixed_k3
Strain_b_Tension_0.5pct,b,0.5,-0.02326021399999989,0.10514505499999996,0.0,-0.6995580736766072,56,fixed_k3
Strain_b_Tension_0.5pct,b,0.5,-0.019381589999999893,0.10514505499999996,0.0,-0.7324165002288812,56,fixed_k3
Strain_b_Tension_0.5pct,b,0.5,-0.015502965999999896,0.10514505499999996,0.0,-0.7507045108586201,56,fixed_k3
Strain_b_Tension_0.5pct,b,0.5,-0.011624341999999899,0.10514505499999996,0.0,-0.7508263835131963,56,fixed_k3
Strain_b_Tension_0.5pct,b,0.5,-0.0077457179999999015,0.10514505499999996,0.0,-0.7303374880393965,56,fixed_k3
Strain_b_Tension_0.5pct,b,0.5,-0.0038670939999999043,0.10514505499999996,0.0,-0.6880034686819387,56,fixed_k3
Strain_b_Tension_0.5pct,b,0.5,1.1530000000092855e-05,0.10514505499999996,0.0,-0.623752498399945,56,fixed_k3
Strain_b_Tension_0.5pct,b,0.5,0.00389015400000009,0.10514505499999996,0.0,-0.5385249050664518,56,fixed_k3
Strain_b_Tension_0.5pct,b,0.5,0.007768778000000087,0.10514505499999996,0.0,-0.4340372800941523,56,fixed_k3
Strain_b_Tension_0.5pct,b,0.5,0.011647402000000084,0.10514505499999996,0.0,-0.3124889529258281,56,fixed_k3
Strain_b_Tension_0.5pct,b,0.5,0.015526026000000082,0.10514505499999996,0.0,-0.1762444714657163,56,fixed_k3
Strain_b_Tension_0.5pct,b,0.5,0.01940465000000008,0.10514505499999996,0.0,-0.02752507873573462,56,fixed_k3
Strain_b_Tension_0.5pct,b,0.5,0.023283274000000076,0.10514505499999996,0.0,0.13186436331872642,56,fixed_k3
Strain_b_Tension_0.5pct,b,0.5,0.027161898000000073,0.10514505499999996,0.0,0.30075687751012525,56,fixed_k3
Strain_b_Tension_0.5pct,b,0.5,0.03104052200000007,0.10514505499999996,0.0,0.47878833915421204,56,fixed_k3
Strain_b_Tension_0.5pct,b,0.5,0.03491914600000007,0.10514505499999996,0.0,0.6665098710225639,56,fixed_k3
Strain_b_Tension_0.5pct,b,0.5,0.038797770000000065,0.10514505499999996,0.0,0.8654554066447324,56,fixed_k3
Strain_b_Tension_0.5pct,b,0.5,0.04267639400000006,0.10514505499999996,0.0,1.0781676264743973,56,fixed_k3
Strain_b_Tension_0.5pct,b,0.5,0.04655501800000006,0.10514505499999996,0.0,1.3081681251724915,56,fixed_k3
Strain_b_Tension_0.5pct,b,0.5,0.050433642000000056,0.10514505499999996,0.0,1.5598203781883493,56,fixed_k3
Strain_b_Tension_0.5pct,b,0.5,0.05431226600000005,0.10514505499999996,0.0,1.8379668074547624,56,fixed_k3
Strain_b_Tension_0.5pct,b,0.5,0.05819089000000005,0.10514505499999996,0.0,2.1471151211733845,56,fixed_k3
Strain_b_Tension_0.5pct,b,0.5,0.06206951400000005,0.10514505499999996,0.0,2.4898118158788294,56,fixed_k3
Strain_b_Tension_0.5pct,b,0.5,0.06594813800000005,0.10514505499999996,0.0,2.8637345986859875,56,fixed_k3
Strain_b_Tension_0.5pct,b,0.5,0.06982676200000004,0.10514505499999996,0.0,3.257144933896104,56,fixed_k3
Strain_b_Tension_0.5pct,b,0.5,0.07370538600000004,0.10514505499999996,0.0,3.643037640019155,56,fixed_k3
Strain_b_Tension_0.5pct,b,0.5,0.07758401000000004,0.10514505499999996,0.0,3.9740813255190925,56,fixed_k3
Strain_b_Tension_0.5pct,b,0.5,0.08146263400000003,0.10514505499999996,0.0,4.1833391386033005,56,fixed_k3
Strain_b_Tension_0.5pct,b,0.5,0.08534125800000003,0.10514505499999996,0.0,4.198517171503957,56,fixed_k3
Strain_b_Tension_0.5pct,b,0.5,0.08921988200000003,0.10514505499999996,0.0,3.977390966311128,56,fixed_k3
Strain_b_Tension_0.5pct,b,0.5,0.09309850600000003,0.10514505499999996,0.0,3.569401137251943,56,fixed_k3
Strain_b_Tension_0.5pct,b,0.5,0.09697713000000002,0.10514505499999996,0.0,3.2201129621047064,56,fixed_k3
Strain_b_Tension_0.5pct,b,0.5,0.10085575400000002,0.10514505499999996,0.0,3.630010196422167,56,fixed_k3
Strain_b_Tension_0.5pct,b,0.5,0.10473437800000002,0.10514505499999996,0.0,6.954167215499519,56,fixed_k3
Strain_b_Tension_0.5pct,b,0.5,0.10861300200000001,0.10514505499999996,0.0,21.90767954681521,56,fixed_k3
Strain_b_Tension_0.5pct,b,0.5,0.11249162600000001,0.10514505499999996,0.0,100.31768183795,56,fixed_k3
Strain_b_Tension_0.5pct,b,0.5,0.11637025000000001,0.10514505499999996,0.0,842.5655573485247,56,fixed_k3
Strain_b_Tension_0.5pct,b,0.5,0.120248874,0.10514505499999996,0.0,53192.288596954946,56,fixed_k3
Strain_b_Tension_0.5pct,b,0.5,0.124127498,0.10514505499999996,0.0,3080.775533883405,56,fixed_k3
Strain_b_Tension_0.5pct,b,0.5,0.128006122,0.10514505499999996,0.0,323.07470866205006,56,fixed_k3
Strain_b_Tension_0.5pct,b,0.5,0.131884746,0.10514505499999996,0.0,88.73101445126711,56,fixed_k3
Strain_b_Tension_0.5pct,b,0.5,0.13576337,0.10514505499999996,0.0,38.23269768963223,56,fixed_k3
Strain_b_Tension_0.5pct,b,0.5,0.139641994,0.10514505499999996,0.0,22.21428326633156,56,fixed_k3
Strain_b_Tension_0.5pct,b,0.5,0.143520618,0.10514505499999996,0.0,15.687080322428706,56,fixed_k3
Strain_b_Tension_0.5pct,b,0.5,0.14739924199999999,0.10514505499999996,0.0,12.472631561241897,56,fixed_k3
Strain_b_Tension_0.5pct,b,0.5,0.15127786599999998,0.10514505499999996,0.0,10.6377682009224,56,fixed_k3
Strain_b_Tension_0.5pct,b,0.5,0.15515649,0.10514505499999996,0.0,9.462795295872954,56,fixed_k3
Strain_b_Tension_0.5pct,b,0.5,-0.1551334299999998,0.10843169312499995,0.0,7.743171059258879,56,fixed_k3
Strain_b_Tension_0.5pct,b,0.5,-0.1512548059999998,0.10843169312499995,0.0,9.573608555469132,56,fixed_k3
Strain_b_Tension_0.5pct,b,0.5,-0.1473761819999998,0.10843169312499995,0.0,12.118370081419991,56,fixed_k3
Strain_b_Tension_0.5pct,b,0.5,-0.1434975579999998,0.10843169312499995,0.0,16.223349235556526,56,fixed_k3
Strain_b_Tension_0.5pct,b,0.5,-0.1396189339999998,0.10843169312499995,0.0,24.116951191761117,56,fixed_k3
Strain_b_Tension_0.5pct,b,0.5,-0.1357403099999998,0.10843169312499995,0.0,42.810404393232076,56,fixed_k3
Strain_b_Tension_0.5pct,b,0.5,-0.1318616859999998,0.10843169312499995,0.0,100.1998279594132,56,fixed_k3
Strain_b_Tension_0.5pct,b,0.5,-0.12798306199999981,0.10843169312499995,0.0,354.1986649087628,56,fixed_k3
Strain_b_Tension_0.5pct,b,0.5,-0.12410443799999982,0.10843169312499995,0.0,2440.050629851418,56,fixed_k3
Strain_b_Tension_0.5pct,b,0.5,-0.12022581399999982,0.10843169312499995,0.0,8631.152907728023,56,fixed_k3
Strain_b_Tension_0.5pct,b,0.5,-0.11634718999999982,0.10843169312499995,0.0,850.5834065323518,56,fixed_k3
Strain_b_Tension_0.5pct,b,0.5,-0.11246856599999983,0.10843169312499995,0.0,154.13393885898404,56,fixed_k3
Strain_b_Tension_0.5pct,b,0.5,-0.10858994199999983,0.10843169312499995,0.0,50.390150144310454,56,fixed_k3
Strain_b_Tension_0.5pct,b,0.5,-0.10471131799999983,0.10843169312499995,0.0,23.225912993349223,56,fixed_k3
Strain_b_Tension_0.5pct,b,0.5,-0.10083269399999983,0.10843169312499995,0.0,13.00405453159484,56,fixed_k3
Strain_b_Tension_0.5pct,b,0.5,-0.09695406999999984,0.10843169312499995,0.0,7.977266614596675,56,fixed_k3
Strain_b_Tension_0.5pct,b,0.5,-0.09307544599999984,0.10843169312499995,0.0,4.974633258099519,56,fixed_k3
Strain_b_Tension_0.5pct,b,0.5,-0.08919682199999984,0.10843169312499995,0.0,2.9656878037224237,56,fixed_k3
Strain_b_Tension_0.5pct,b,0.5,-0.08531819799999985,0.10843169312499995,0.0,1.5705988688818808,56,fixed_k3
Strain_b_Tension_0.5pct,b,0.5,-0.08143957399999985,0.10843169312499995,0.0,0.6208190361563126,56,fixed_k3
Strain_b_Tension_0.5pct,b,0.5,-0.07756094999999985,0.10843169312499995,0.0,0.011935529346988494,56,fixed_k3
Strain_b_Tension_0.5pct,b,0.5,-0.07368232599999985,0.10843169312499995,0.0,-0.34232692482752647,56,fixed_k3
Strain_b_Tension_0.5pct,b,0.5,-0.06980370199999986,0.10843169312499995,0.0,-0.5186843673617021,56,fixed_k3
Strain_b_Tension_0.5pct,b,0.5,-0.06592507799999986,0.10843169312499995,0.0,-0.581971528567711,56,fixed_k3
Strain_b_Tension_0.5pct,b,0.5,-0.06204645399999986,0.10843169312499995,0.0,-0.5825806253753676,56,fixed_k3
Strain_b_Tension_0.5pct,b,0.5,-0.058167829999999865,0.10843169312499995,0.0,-0.5564029846029621,56,fixed_k3
Strain_b_Tension_0.5pct,b,0.5,-0.05428920599999987,0.10843169312499995,0.0,-0.526759868221486,56,fixed_k3
Strain_b_Tension_0.5pct,b,0.5,-0.05041058199999987,0.10843169312499995,0.0,-0.5071340350987845,56,fixed_k3
Strain_b_Tension_0.5pct,b,0.5,-0.04653195799999987,0.10843169312499995,0.0,-0.503838327257248,56,fixed_k3
Strain_b_Tension_0.5pct,b,0.5,-0.042653333999999876,0.10843169312499995,0.0,-0.518225796077612,56,fixed_k3
Strain_b_Tension_0.5pct,b,0.5,-0.03877470999999988,0.10843169312499995,0.0,-0.5483657751382842,56,fixed_k3
Strain_b_Tension_0.5pct,b,0.5,-0.03489608599999988,0.10843169312499995,0.0,-0.590262774997909,56,fixed_k3
Strain_b_Tension_0.5pct,b,0.5,-0.031017461999999885,0.10843169312499995,0.0,-0.638738550881027,56,fixed_k3
Strain_b_Tension_0.5pct,b,0.5,-0.027138837999999887,0.10843169312499995,0.0,-0.6880874075643155,56,fixed_k3
Strain_b_Tension_0.5pct,b,0.5,-0.02326021399999989,0.10843169312499995,0.0,-0.7325849085256144,56,fixed_k3
Strain_b_Tension_0.5pct,b,0.5,-0.019381589999999893,0.10843169312499995,0.0,-0.7668977608137659,56,fixed_k3
Strain_b_Tension_0.5pct,b,0.5,-0.015502965999999896,0.10843169312499995,0.0,-0.7864151767608543,56,fixed_k3
Strain_b_Tension_0.5pct,b,0.5,-0.011624341999999899,0.10843169312499995,0.0,-0.7875023826682552,56,fixed_k3
Strain_b_Tension_0.5pct,b,0.5,-0.0077457179999999015,0.10843169312499995,0.0,-0.7676661387496924,56,fixed_k3
Strain_b_Tension_0.5pct,b,0.5,-0.0038670939999999043,0.10843169312499995,0.0,-0.7256200490949869,56,fixed_k3
Strain_b_Tension_0.5pct,b,0.5,1.1530000000092855e-05,0.10843169312499995,0.0,-0.6612428911706667,56,fixed_k3
Strain_b_Tension_0.5pct,b,0.5,0.00389015400000009,0.10843169312499995,0.0,-0.5754338124232667,56,fixed_k3
Strain_b_Tension_0.5pct,b,0.5,0.007768778000000087,0.10843169312499995,0.0,-0.46988069611438377,56,fixed_k3
Strain_b_Tension_0.5pct,b,0.5,0.011647402000000084,0.10843169312499995,0.0,-0.3467686779623196,56,fixed_k3
Strain_b_Tension_0.5pct,b,0.5,0.015526026000000082,0.10843169312499995,0.0,-0.20846175692057178,56,fixed_k3
Strain_b_Tension_0.5pct,b,0.5,0.01940465000000008,0.10843169312499995,0.0,-0.057190243150694986,56,fixed_k3
Strain_b_Tension_0.5pct,b,0.5,0.023283274000000076,0.10843169312499995,0.0,0.10522917802646115,56,fixed_k3
Strain_b_Tension_0.5pct,b,0.5,0.027161898000000073,0.10843169312499995,0.0,0.2776237404975417,56,fixed_k3
Strain_b_Tension_0.5pct,b,0.5,0.03104052200000007,0.10843169312499995,0.0,0.4596388935741502,56,fixed_k3
Strain_b_Tension_0.5pct,b,0.5,0.03491914600000007,0.10843169312499995,0.0,0.6518587496776154,56,fixed_k3
Strain_b_Tension_0.5pct,b,0.5,0.038797770000000065,0.10843169312499995,0.0,0.8558781807076299,56,fixed_k3
Strain_b_Tension_0.5pct,b,0.5,0.04267639400000006,0.10843169312499995,0.0,1.0743269950792445,56,fixed_k3
Strain_b_Tension_0.5pct,b,0.5,0.04655501800000006,0.10843169312499995,0.0,1.3108287142718618,56,fixed_k3
Strain_b_Tension_0.5pct,b,0.5,0.050433642000000056,0.10843169312499995,0.0,1.569839093648829,56,fixed_k3
Strain_b_Tension_0.5pct,b,0.5,0.05431226600000005,0.10843169312499995,0.0,1.856244238336121,56,fixed_k3
Strain_b_Tension_0.5pct,b,0.5,0.05819089000000005,0.10843169312499995,0.0,2.1744996338220544,56,fixed_k3
Strain_b_Tension_0.5pct,b,0.5,0.06206951400000005,0.10843169312499995,0.0,2.526973673837735,56,fixed_k3
Strain_b_Tension_0.5pct,b,0.5,0.06594813800000005,0.10843169312499995,0.0,2.9110921495029807,56,fixed_k3
Strain_b_Tension_0.5pct,b,0.5,0.06982676200000004,0.10843169312499995,0.0,3.315046803739828,56,fixed_k3
Strain_b_Tension_0.5pct,b,0.5,0.07370538600000004,0.10843169312499995,0.0,3.71256494716604,56,fixed_k3
Strain_b_Tension_0.5pct,b,0.5,0.07758401000000004,0.10843169312499995,0.0,4.058899417759557,56,fixed_k3
Strain_b_Tension_0.5pct,b,0.5,0.08146263400000003,0.10843169312499995,0.0,4.29268256624967,56,fixed_k3
Strain_b_Tension_0.5pct,b,0.5,0.08534125800000003,0.10843169312499995,0.0,4.35025918780145,56,fixed_k3
Strain_b_Tension_0.5pct,b,0.5,0.08921988200000003,0.10843169312499995,0.0,4.198318847557065,56,fixed_k3
Strain_b_Tension_0.5pct,b,0.5,0.09309850600000003,0.10843169312499995,0.0,3.888227568802234,56,fixed_k3
Strain_b_Tension_0.5pct,b,0.5,0.09697713000000002,0.10843169312499995,0.0,3.647093667191941,56,fixed_k3
Strain_b_Tension_0.5pct,b,0.5,0.10085575400000002,0.10843169312499995,0.0,4.103615357967163,56,fixed_k3
Strain_b_Tension_0.5pct,b,0.5,0.10473437800000002,0.10843169312499995,0.0,7.135859210066838,56,fixed_k3
Strain_b_Tension_0.5pct,b,0.5,0.10861300200000001,0.10843169312499995,0.0,19.92854136022183,56,fixed_k3
Strain_b_Tension_0.5pct,b,0.5,0.11249162600000001,0.10843169312499995,0.0,80.45265584477833,56,fixed_k3
Strain_b_Tension_0.5pct,b,0.5,0.11637025000000001,0.10843169312499995,0.0,505.2326631904735,56,fixed_k3
Strain_b_Tension_0.5pct,b,0.5,0.120248874,0.10843169312499995,0.0,5363.952388424498,56,fixed_k3
Strain_b_Tension_0.5pct,b,0.5,0.124127498,0.10843169312499995,0.0,2373.8052379861774,56,fixed_k3
Strain_b_Tension_0.5pct,b,0.5,0.128006122,0.10843169312499995,0.0,344.52040739711873,56,fixed_k3
Strain_b_Tension_0.5pct,b,0.5,0.131884746,0.10843169312499995,0.0,97.26815109726009,56,fixed_k3
Strain_b_Tension_0.5pct,b,0.5,0.13576337,0.10843169312499995,0.0,41.53478120459385,56,fixed_k3
Strain_b_Tension_0.5pct,b,0.5,0.139641994,0.10843169312499995,0.0,23.760079723589254,56,fixed_k3
Strain_b_Tension_0.5pct,b,0.5,0.143520618,0.10843169312499995,0.0,16.589116219215207,56,fixed_k3
Strain_b_Tension_0.5pct,b,0.5,0.14739924199999999,0.10843169312499995,0.0,13.116922427304576,56,fixed_k3
Strain_b_Tension_0.5pct,b,0.5,0.15127786599999998,0.10843169312499995,0.0,11.171301672490578,56,fixed_k3
Strain_b_Tension_0.5pct,b,0.5,0.15515649,0.10843169312499995,0.0,9.946145318136972,56,fixed_k3
Strain_b_Tension_0.5pct,b,0.5,-0.1551334299999998,0.11171833124999994,0.0,7.414001845980135,56,fixed_k3
Strain_b_Tension_0.5pct,b,0.5,-0.1512548059999998,0.11171833124999994,0.0,9.304086141812997,56,fixed_k3
Strain_b_Tension_0.5pct,b,0.5,-0.1473761819999998,0.11171833124999994,0.0,11.958689478483556,56,fixed_k3
Strain_b_Tension_0.5pct,b,0.5,-0.1434975579999998,0.11171833124999994,0.0,16.310241331638586,56,fixed_k3
Strain_b_Tension_0.5pct,b,0.5,-0.1396189339999998,0.11171833124999994,0.0,24.812722945463086,56,fixed_k3
Strain_b_Tension_0.5pct,b,0.5,-0.1357403099999998,0.11171833124999994,0.0,45.032248342934864,56,fixed_k3
Strain_b_Tension_0.5pct,b,0.5,-0.1318616859999998,0.11171833124999994,0.0,105.30865215763012,56,fixed_k3
Strain_b_Tension_0.5pct,b,0.5,-0.12798306199999981,0.11171833124999994,0.0,340.3714551557979,56,fixed_k3
Strain_b_Tension_0.5pct,b,0.5,-0.12410443799999982,0.11171833124999994,0.0,1443.3944554923569,56,fixed_k3
Strain_b_Tension_0.5pct,b,0.5,-0.12022581399999982,0.11171833124999994,0.0,2157.2137418240845,56,fixed_k3
Strain_b_Tension_0.5pct,b,0.5,-0.11634718999999982,0.11171833124999994,0.0,494.7742308574881,56,fixed_k3
Strain_b_Tension_0.5pct,b,0.5,-0.11246856599999983,0.11171833124999994,0.0,119.56688077092433,56,fixed_k3
Strain_b_Tension_0.5pct,b,0.5,-0.10858994199999983,0.11171833124999994,0.0,42.81849452788955,56,fixed_k3
Strain_b_Tension_0.5pct,b,0.5,-0.10471131799999983,0.11171833124999994,0.0,20.559236688714705,56,fixed_k3
Strain_b_Tension_0.5pct,b,0.5,-0.10083269399999983,0.11171833124999994,0.0,11.810969934020942,56,fixed_k3
Strain_b_Tension_0.5pct,b,0.5,-0.09695406999999984,0.11171833124999994,0.0,7.3961992335258,56,fixed_k3
Strain_b_Tension_0.5pct,b,0.5,-0.09307544599999984,0.11171833124999994,0.0,4.703175896054004,56,fixed_k3
Strain_b_Tension_0.5pct,b,0.5,-0.08919682199999984,0.11171833124999994,0.0,2.865034289988647,56,fixed_k3
Strain_b_Tension_0.5pct,b,0.5,-0.08531819799999985,0.11171833124999994,0.0,1.5624668098129593,56,fixed_k3
Strain_b_Tension_0.5pct,b,0.5,-0.08143957399999985,0.11171833124999994,0.0,0.6564099844504216,56,fixed_k3
Strain_b_Tension_0.5pct,b,0.5,-0.07756094999999985,0.11171833124999994,0.0,0.06123075419688995,56,fixed_k3
Strain_b_Tension_0.5pct,b,0.5,-0.07368232599999985,0.11171833124999994,0.0,-0.2959854508593558,56,fixed_k3
Strain_b_Tension_0.5pct,b,0.5,-0.06980370199999986,0.11171833124999994,0.0,-0.4828420666522284,56,fixed_k3
Strain_b_Tension_0.5pct,b,0.5,-0.06592507799999986,0.11171833124999994,0.0,-0.5586567695238775,56,fixed_k3
Strain_b_Tension_0.5pct,b,0.5,-0.06204645399999986,0.11171833124999994,0.0,-0.5710034311868757,56,fixed_k3
Strain_b_Tension_0.5pct,b,0.5,-0.058167829999999865,0.11171833124999994,0.0,-0.5546870088590907,56,fixed_k3
Strain_b_Tension_0.5pct,b,0.5,-0.05428920599999987,0.11171833124999994,0.0,-0.5328845711592538,56,fixed_k3
Strain_b_Tension_0.5pct,b,0.5,-0.05041058199999987,0.11171833124999994,0.0,-0.5193506508775156,56,fixed_k3
Strain_b_Tension_0.5pct,b,0.5,-0.04653195799999987,0.11171833124999994,0.0,-0.520789023931874,56,fixed_k3
Strain_b_Tension_0.5pct,b,0.5,-0.042653333999999876,0.11171833124999994,0.0,-0.5389216206005334,56,fixed_k3
Strain_b_Tension_0.5pct,b,0.5,-0.03877470999999988,0.11171833124999994,0.0,-0.5721125606953898,56,fixed_k3
Strain_b_Tension_0.5pct,b,0.5,-0.03489608599999988,0.11171833124999994,0.0,-0.6165789903214876,56,fixed_k3
Strain_b_Tension_0.5pct,b,0.5,-0.031017461999999885,0.11171833124999994,0.0,-0.6672829926529631,56,fixed_k3
Strain_b_Tension_0.5pct,b,0.5,-0.027138837999999887,0.11171833124999994,0.0,-0.7186014935628808,56,fixed_k3
Strain_b_Tension_0.5pct,b,0.5,-0.02326021399999989,0.11171833124999994,0.0,-0.7648487093403697,56,fixed_k3
Strain_b_Tension_0.5pct,b,0.5,-0.019381589999999893,0.11171833124999994,0.0,-0.8006972184696859,56,fixed_k3
Strain_b_Tension_0.5pct,b,0.5,-0.015502965999999896,0.11171833124999994,0.0,-0.8215181010833268,56,fixed_k3
Strain_b_Tension_0.5pct,b,0.5,-0.011624341999999899,0.11171833124999994,0.0,-0.8236416323226794,56,fixed_k3
Strain_b_Tension_0.5pct,b,0.5,-0.0077457179999999015,0.11171833124999994,0.0,-0.8045292450453982,56,fixed_k3
Strain_b_Tension_0.5pct,b,0.5,-0.0038670939999999043,0.11171833124999994,0.0,-0.7628450737535797,56,fixed_k3
Strain_b_Tension_0.5pct,b,0.5,1.1530000000092855e-05,0.11171833124999994,0.0,-0.6984203599822867,56,fixed_k3
Strain_b_Tension_0.5pct,b,0.5,0.00389015400000009,0.11171833124999994,0.0,-0.6121141336377276,56,fixed_k3
Strain_b_Tension_0.5pct,b,0.5,0.007768778000000087,0.11171833124999994,0.0,-0.5055857026797304,56,fixed_k3
Strain_b_Tension_0.5pct,b,0.5,0.011647402000000084,0.11171833124999994,0.0,-0.3810050807973484,56,fixed_k3
Strain_b_Tension_0.5pct,b,0.5,0.015526026000000082,0.11171833124999994,0.0,-0.24073364919613072,56,fixed_k3
Strain_b_Tension_0.5pct,b,0.5,0.01940465000000008,0.11171833124999994,0.0,-0.08700758643808992,56,fixed_k3
Strain_b_Tension_0.5pct,b,0.5,0.023283274000000076,0.11171833124999994,0.0,0.07834880672619482,56,fixed_k3
Strain_b_Tension_0.5pct,b,0.5,0.027161898000000073,0.11171833124999994,0.0,0.25416195783804385,56,fixed_k3
Strain_b_Tension_0.5pct,b,0.5,0.03104052200000007,0.11171833124999994,0.0,0.4400923051016763,56,fixed_k3
Strain_b_Tension_0.5pct,b,0.5,0.03491914600000007,0.11171833124999994,0.0,0.6367623554066917,56,fixed_k3
Strain_b_Tension_0.5pct,b,0.5,0.038797770000000065,0.11171833124999994,0.0,0.845832779481638,56,fixed_k3
Strain_b_Tension_0.5pct,b,0.5,0.04267639400000006,0.11171833124999994,0.0,1.0700242304782344,56,fixed_k3
Strain_b_Tension_0.5pct,b,0.5,0.04655501800000006,0.11171833124999994,0.0,1.313064165668154,56,fixed_k3
Strain_b_Tension_0.5pct,b,0.5,0.050433642000000056,0.11171833124999994,0.0,1.5795006753908627,56,fixed_k3
Strain_b_Tension_0.5pct,b,0.5,0.05431226600000005,0.11171833124999994,0.0,1.87426233984784,56,fixed_k3
Strain_b_Tension_0.5pct,b,0.5,0.05819089000000005,0.11171833124999994,0.0,2.201752596938924,56,fixed_k3
Strain_b_Tension_0.5pct,b,0.5,0.06206951400000005,0.11171833124999994,0.0,2.5641688132718015,56,fixed_k3
Strain_b_Tension_0.5pct,b,0.5,0.06594813800000005,0.11171833124999994,0.0,2.958705842846729,56,fixed_k3
Strain_b_Tension_0.5pct,b,0.5,0.06982676200000004,0.11171833124999994,0.0,3.3735199268878078,56,fixed_k3
Strain_b_Tension_0.5pct,b,0.5,0.07370538600000004,0.11171833124999994,0.0,3.783084952881627,56,fixed_k3
Strain_b_Tension_0.5pct,b,0.5,0.07758401000000004,0.11171833124999994,0.0,4.145124493252831,56,fixed_k3
Strain_b_Tension_0.5pct,b,0.5,0.08146263400000003,0.11171833124999994,0.0,4.403394848945455,56,fixed_k3
Strain_b_Tension_0.5pct,b,0.5,0.08534125800000003,0.11171833124999994,0.0,4.501889312192599,56,fixed_k3
Strain_b_Tension_0.5pct,b,0.5,0.08921988200000003,0.11171833124999994,0.0,4.414720624749547,56,fixed_k3
Strain_b_Tension_0.5pct,b,0.5,0.09309850600000003,0.11171833124999994,0.0,4.193731032424399,56,fixed_k3
Strain_b_Tension_0.5pct,b,0.5,0.09697713000000002,0.11171833124999994,0.0,4.046792941286928,56,fixed_k3
Strain_b_Tension_0.5pct,b,0.5,0.10085575400000002,0.11171833124999994,0.0,4.529790209718306,56,fixed_k3
Strain_b_Tension_0.5pct,b,0.5,0.10473437800000002,0.11171833124999994,0.0,7.238893846966399,56,fixed_k3
Strain_b_Tension_0.5pct,b,0.5,0.10861300200000001,0.11171833124999994,0.0,17.86387468463809,56,fixed_k3
Strain_b_Tension_0.5pct,b,0.5,0.11249162600000001,0.11171833124999994,0.0,62.45021971099236,56,fixed_k3
Strain_b_Tension_0.5pct,b,0.5,0.11637025000000001,0.11171833124999994,0.0,292.4853242857061,56,fixed_k3
Strain_b_Tension_0.5pct,b,0.5,0.120248874,0.11171833124999994,0.0,1394.5491077027082,56,fixed_k3
Strain_b_Tension_0.5pct,b,0.5,0.124127498,0.11171833124999994,0.0,1250.5052482943397,56,fixed_k3
Strain_b_Tension_0.5pct,b,0.5,0.128006122,0.11171833124999994,0.0,319.0851658916949,56,fixed_k3
Strain_b_Tension_0.5pct,b,0.5,0.131884746,0.11171833124999994,0.0,101.07192271649534,56,fixed_k3
Strain_b_Tension_0.5pct,b,0.5,0.13576337,0.11171833124999994,0.0,44.14221223574104,56,fixed_k3
Strain_b_Tension_0.5pct,b,0.5,0.139641994,0.11171833124999994,0.0,25.1965640817707,56,fixed_k3
Strain_b_Tension_0.5pct,b,0.5,0.143520618,0.11171833124999994,0.0,17.496796937784435,56,fixed_k3
Strain_b_Tension_0.5pct,b,0.5,0.14739924199999999,0.11171833124999994,0.0,13.79898072612169,56,fixed_k3
Strain_b_Tension_0.5pct,b,0.5,0.15127786599999998,0.11171833124999994,0.0,11.756895519680526,56,fixed_k3
Strain_b_Tension_0.5pct,b,0.5,0.15515649,0.11171833124999994,0.0,10.490897393842697,56,fixed_k3
Strain_b_Tension_0.5pct,b,0.5,-0.1551334299999998,0.11500496937499996,0.0,6.997384523463578,56,fixed_k3
Strain_b_Tension_0.5pct,b,0.5,-0.1512548059999998,0.11500496937499996,0.0,8.930996103639444,56,fixed_k3
Strain_b_Tension_0.5pct,b,0.5,-0.1473761819999998,0.11500496937499996,0.0,11.671449587718667,56,fixed_k3
Strain_b_Tension_0.5pct,b,0.5,-0.1434975579999998,0.11500496937499996,0.0,16.218167322267455,56,fixed_k3
Strain_b_Tension_0.5pct,b,0.5,-0.1396189339999998,0.11500496937499996,0.0,25.160123956004597,56,fixed_k3
Strain_b_Tension_0.5pct,b,0.5,-0.1357403099999998,0.11500496937499996,0.0,46.10911169248161,56,fixed_k3
Strain_b_Tension_0.5pct,b,0.5,-0.1318616859999998,0.11500496937499996,0.0,104.46893068741086,56,fixed_k3
Strain_b_Tension_0.5pct,b,0.5,-0.12798306199999981,0.11500496937499996,0.0,289.7535977164016,56,fixed_k3
Strain_b_Tension_0.5pct,b,0.5,-0.12410443799999982,0.11500496937499996,0.0,773.1423766802047,56,fixed_k3
Strain_b_Tension_0.5pct,b,0.5,-0.12022581399999982,0.11500496937499996,0.0,833.4180810204128,56,fixed_k3
Strain_b_Tension_0.5pct,b,0.5,-0.11634718999999982,0.11500496937499996,0.0,295.9176521474318,56,fixed_k3
Strain_b_Tension_0.5pct,b,0.5,-0.11246856599999983,0.11500496937499996,0.0,91.55715493681359,56,fixed_k3
Strain_b_Tension_0.5pct,b,0.5,-0.10858994199999983,0.11500496937499996,0.0,36.14568388631683,56,fixed_k3
Strain_b_Tension_0.5pct,b,0.5,-0.10471131799999983,0.11500496937499996,0.0,18.183808391462886,56,fixed_k3
Strain_b_Tension_0.5pct,b,0.5,-0.10083269399999983,0.11500496937499996,0.0,10.756756464112929,56,fixed_k3
Strain_b_Tension_0.5pct,b,0.5,-0.09695406999999984,0.11500496937499996,0.0,6.892066088690593,56,fixed_k3
Strain_b_Tension_0.5pct,b,0.5,-0.09307544599999984,0.11500496937499996,0.0,4.476515618473191,56,fixed_k3
Strain_b_Tension_0.5pct,b,0.5,-0.08919682199999984,0.11500496937499996,0.0,2.7908644179161026,56,fixed_k3
Strain_b_Tension_0.5pct,b,0.5,-0.08531819799999985,0.11500496937499996,0.0,1.5704745715852628,56,fixed_k3
Strain_b_Tension_0.5pct,b,0.5,-0.08143957399999985,0.11500496937499996,0.0,0.7026499111584519,56,fixed_k3
Strain_b_Tension_0.5pct,b,0.5,-0.07756094999999985,0.11500496937499996,0.0,0.11842442377432172,56,fixed_k3
Strain_b_Tension_0.5pct,b,0.5,-0.07368232599999985,0.11500496937499996,0.0,-0.24316417263575874,56,fixed_k3
Strain_b_Tension_0.5pct,b,0.5,-0.06980370199999986,0.11500496937499996,0.0,-0.44140704073994996,56,fixed_k3
Strain_b_Tension_0.5pct,b,0.5,-0.06592507799999986,0.11500496937499996,0.0,-0.5304654108071096,56,fixed_k3
Strain_b_Tension_0.5pct,b,0.5,-0.06204645399999986,0.11500496937499996,0.0,-0.555207926564188,56,fixed_k3
Strain_b_Tension_0.5pct,b,0.5,-0.058167829999999865,0.11500496937499996,0.0,-0.5493622684660946,56,fixed_k3
Strain_b_Tension_0.5pct,b,0.5,-0.05428920599999987,0.11500496937499996,0.0,-0.5359443078738031,56,fixed_k3
Strain_b_Tension_0.5pct,b,0.5,-0.05041058199999987,0.11500496937499996,0.0,-0.5289678730425837,56,fixed_k3
Strain_b_Tension_0.5pct,b,0.5,-0.04653195799999987,0.11500496937499996,0.0,-0.5355260841202432,56,fixed_k3
Strain_b_Tension_0.5pct,b,0.5,-0.042653333999999876,0.11500496937499996,0.0,-0.5577165029092734,56,fixed_k3
Strain_b_Tension_0.5pct,b,0.5,-0.03877470999999988,0.11500496937499996,0.0,-0.5942090209604673,56,fixed_k3
Strain_b_Tension_0.5pct,b,0.5,-0.03489608599999988,0.11500496937499996,0.0,-0.6414454903420204,56,fixed_k3
Strain_b_Tension_0.5pct,b,0.5,-0.031017461999999885,0.11500496937499996,0.0,-0.6945396663172487,56,fixed_k3
Strain_b_Tension_0.5pct,b,0.5,-0.027138837999999887,0.11500496937499996,0.0,-0.7479609231234399,56,fixed_k3
Strain_b_Tension_0.5pct,b,0.5,-0.02326021399999989,0.11500496937499996,0.0,-0.7960702684880148,56,fixed_k3
Strain_b_Tension_0.5pct,b,0.5,-0.019381589999999893,0.11500496937499996,0.0,-0.8335527427608622,56,fixed_k3
Strain_b_Tension_0.5pct,b,0.5,-0.015502965999999896,0.11500496937499996,0.0,-0.855766592505963,56,fixed_k3
Strain_b_Tension_0.5pct,b,0.5,-0.011624341999999899,0.11500496937499996,0.0,-0.8590114050830335,56,fixed_k3
Strain_b_Tension_0.5pct,b,0.5,-0.0077457179999999015,0.11500496937499996,0.0,-0.8407067061789322,56,fixed_k3
Strain_b_Tension_0.5pct,b,0.5,-0.0038670939999999043,0.11500496937499996,0.0,-0.7994698344839923,56,fixed_k3
Strain_b_Tension_0.5pct,b,0.5,1.1530000000092855e-05,0.11500496937499996,0.0,-0.7350864204821734,56,fixed_k3
Strain_b_Tension_0.5pct,b,0.5,0.00389015400000009,0.11500496937499996,0.0,-0.6483764707145481,56,fixed_k3
Strain_b_Tension_0.5pct,b,0.5,0.007768778000000087,0.11500496937499996,0.0,-0.5409708596121976,56,fixed_k3
Strain_b_Tension_0.5pct,b,0.5,0.011647402000000084,0.11500496937499996,0.0,-0.4150235568746439,56,fixed_k3
Strain_b_Tension_0.5pct,b,0.5,0.015526026000000082,0.11500496937499996,0.0,-0.27289128868056034,56,fixed_k3
Strain_b_Tension_0.5pct,b,0.5,0.01940465000000008,0.11500496937499996,0.0,-0.11681299506088694,56,fixed_k3
Strain_b_Tension_0.5pct,b,0.5,0.023283274000000076,0.11500496937499996,0.0,0.051383421543385044,56,fixed_k3
Strain_b_Tension_0.5pct,b,0.5,0.027161898000000073,0.11500496937499996,0.0,0.23052821930367973,56,fixed_k3
Strain_b_Tension_0.5pct,b,0.5,0.03104052200000007,0.11500496937499996,0.0,0.4203016871374583,56,fixed_k3
Strain_b_Tension_0.5pct,b,0.5,0.03491914600000007,0.11500496937499996,0.0,0.6213693077433704,56,fixed_k3
Strain_b_Tension_0.5pct,b,0.5,0.038797770000000065,0.11500496937499996,0.0,0.8354612493157965,56,fixed_k3
Strain_b_Tension_0.5pct,b,0.5,0.04267639400000006,0.11500496937499996,0.0,1.0653911585005873,56,fixed_k3
Strain_b_Tension_0.5pct,b,0.5,0.04655501800000006,0.11500496937499996,0.0,1.314990404163233,56,fixed_k3
Strain_b_Tension_0.5pct,b,0.5,0.050433642000000056,0.11500496937499996,0.0,1.5888969259655297,56,fixed_k3
Strain_b_Tension_0.5pct,b,0.5,0.05431226600000005,0.11500496937499996,0.0,1.8920774824063755,56,fixed_k3
Strain_b_Tension_0.5pct,b,0.5,0.05819089000000005,0.11500496937499996,0.0,2.2288798722381014,56,fixed_k3
Strain_b_Tension_0.5pct,b,0.5,0.06206951400000005,0.11500496937499996,0.0,2.601332580378198,56,fixed_k3
Strain_b_Tension_0.5pct,b,0.5,0.06594813800000005,0.11500496937499996,0.0,3.006413067057471,56,fixed_k3
Strain_b_Tension_0.5pct,b,0.5,0.06982676200000004,0.11500496937499996,0.0,3.432263732363487,56,fixed_k3
Strain_b_Tension_0.5pct,b,0.5,0.07370538600000004,0.11500496937499996,0.0,3.854098592236605,56,fixed_k3
Strain_b_Tension_0.5pct,b,0.5,0.07758401000000004,0.11500496937499996,0.0,4.231971928761703,56,fixed_k3
Strain_b_Tension_0.5pct,b,0.5,0.08146263400000003,0.11500496937499996,0.0,4.51430191427937,56,fixed_k3
Strain_b_Tension_0.5pct,b,0.5,0.08534125800000003,0.11500496937499996,0.0,4.651762197255117,56,fixed_k3
Strain_b_Tension_0.5pct,b,0.5,0.08921988200000003,0.11500496937499996,0.0,4.62446766615807,56,fixed_k3
Strain_b_Tension_0.5pct,b,0.5,0.09309850600000003,0.11500496937499996,0.0,4.483352781711662,56,fixed_k3
Strain_b_Tension_0.5pct,b,0.5,0.09697713000000002,0.11500496937499996,0.0,4.416413779595005,56,fixed_k3
Strain_b_Tension_0.5pct,b,0.5,0.10085575400000002,0.11500496937499996,0.0,4.90751200036078,56,fixed_k3
Strain_b_Tension_0.5pct,b,0.5,0.10473437800000002,0.11500496937499996,0.0,7.281463008415351,56,fixed_k3
Strain_b_Tension_0.5pct,b,0.5,0.10861300200000001,0.11500496937499996,0.0,15.891708322815445,56,fixed_k3
Strain_b_Tension_0.5pct,b,0.5,0.11249162600000001,0.11500496937499996,0.0,47.78588497131313,56,fixed_k3
Strain_b_Tension_0.5pct,b,0.5,0.11637025000000001,0.11500496937499996,0.0,173.31428381718845,56,fixed_k3
Strain_b_Tension_0.5pct,b,0.5,0.120248874,0.11500496937499996,0.0,539.7430377191004,56,fixed_k3
Strain_b_Tension_0.5pct,b,0.5,0.124127498,0.11500496937499996,0.0,617.1078259526962,56,fixed_k3
Strain_b_Tension_0.5pct,b,0.5,0.128006122,0.11500496937499996,0.0,260.46364909500227,56,fixed_k3
Strain_b_Tension_0.5pct,b,0.5,0.131884746,0.11500496937499996,0.0,98.96488617404314,56,fixed_k3
Strain_b_Tension_0.5pct,b,0.5,0.13576337,0.11500496937499996,0.0,45.69583062563479,56,fixed_k3
Strain_b_Tension_0.5pct,b,0.5,0.139641994,0.11500496937499996,0.0,26.43088673195633,56,fixed_k3
Strain_b_Tension_0.5pct,b,0.5,0.143520618,0.11500496937499996,0.0,18.38570358139679,56,fixed_k3
Strain_b_Tension_0.5pct,b,0.5,0.14739924199999999,0.11500496937499996,0.0,14.514977204359413,56,fixed_k3
Strain_b_Tension_0.5pct,b,0.5,0.15127786599999998,0.11500496937499996,0.0,12.398953506666532,56,fixed_k3
Strain_b_Tension_0.5pct,b,0.5,0.15515649,0.11500496937499996,0.0,11.105983678561408,56,fixed_k3
Strain_b_Tension_0.5pct,b,0.5,-0.1551334299999998,0.11829160749999995,0.0,6.4863624932264425,56,fixed_k3
Strain_b_Tension_0.5pct,b,0.5,-0.1512548059999998,0.11829160749999995,0.0,8.440091379121288,56,fixed_k3
Strain_b_Tension_0.5pct,b,0.5,-0.1473761819999998,0.11829160749999995,0.0,11.233294857916608,56,fixed_k3
Strain_b_Tension_0.5pct,b,0.5,-0.1434975579999998,0.11829160749999995,0.0,15.904097971845303,56,fixed_k3
Strain_b_Tension_0.5pct,b,0.5,-0.1396189339999998,0.11829160749999995,0.0,25.053055501008842,56,fixed_k3
Strain_b_Tension_0.5pct,b,0.5,-0.1357403099999998,0.11829160749999995,0.0,45.73558736752082,56,fixed_k3
Strain_b_Tension_0.5pct,b,0.5,-0.1318616859999998,0.11829160749999995,0.0,97.63620626500514,56,fixed_k3
Strain_b_Tension_0.5pct,b,0.5,-0.12798306199999981,0.11829160749999995,0.0,225.58477731347133,56,fixed_k3
Strain_b_Tension_0.5pct,b,0.5,-0.12410443799999982,0.11829160749999995,0.0,426.17535271965784,56,fixed_k3
Strain_b_Tension_0.5pct,b,0.5,-0.12022581399999982,0.11829160749999995,0.0,404.0183516135666,56,fixed_k3
Strain_b_Tension_0.5pct,b,0.5,-0.11634718999999982,0.11829160749999995,0.0,185.49256328880006,56,fixed_k3
Strain_b_Tension_0.5pct,b,0.5,-0.11246856599999983,0.11829160749999995,0.0,70.05791963626542,56,fixed_k3
Strain_b_Tension_0.5pct,b,0.5,-0.10858994199999983,0.11829160749999995,0.0,30.457002607774985,56,fixed_k3
Strain_b_Tension_0.5pct,b,0.5,-0.10471131799999983,0.11829160749999995,0.0,16.107072453664973,56,fixed_k3
Strain_b_Tension_0.5pct,b,0.5,-0.10083269399999983,0.11829160749999995,0.0,9.836269092490527,56,fixed_k3
Strain_b_Tension_0.5pct,b,0.5,-0.09695406999999984,0.11829160749999995,0.0,6.459234015396987,56,fixed_k3
Strain_b_Tension_0.5pct,b,0.5,-0.09307544599999984,0.11829160749999995,0.0,4.290680212294449,56,fixed_k3
Strain_b_Tension_0.5pct,b,0.5,-0.08919682199999984,0.11829160749999995,0.0,2.7408794993055494,56,fixed_k3
Strain_b_Tension_0.5pct,b,0.5,-0.08531819799999985,0.11829160749999995,0.0,1.5935156744788854,56,fixed_k3
Strain_b_Tension_0.5pct,b,0.5,-0.08143957399999985,0.11829160749999995,0.0,0.7591533933552213,56,fixed_k3
Strain_b_Tension_0.5pct,b,0.5,-0.07756094999999985,0.11829160749999995,0.0,0.18353378406289322,56,fixed_k3
Strain_b_Tension_0.5pct,b,0.5,-0.07368232599999985,0.11829160749999995,0.0,-0.18362298005234612,56,fixed_k3
Strain_b_Tension_0.5pct,b,0.5,-0.06980370199999986,0.11829160749999995,0.0,-0.394013197758601,56,fixed_k3
Strain_b_Tension_0.5pct,b,0.5,-0.06592507799999986,0.11829160749999995,0.0,-0.4969618813464698,56,fixed_k3
Strain_b_Tension_0.5pct,b,0.5,-0.06204645399999986,0.11829160749999995,0.0,-0.5347260155510529,56,fixed_k3
Strain_b_Tension_0.5pct,b,0.5,-0.058167829999999865,0.11829160749999995,0.0,-0.5399533798585949,56,fixed_k3
Strain_b_Tension_0.5pct,b,0.5,-0.05428920599999987,0.11829160749999995,0.0,-0.535472968242761,56,fixed_k3
Strain_b_Tension_0.5pct,b,0.5,-0.05041058199999987,0.11829160749999995,0.0,-0.5355387328195786,56,fixed_k3
Strain_b_Tension_0.5pct,b,0.5,-0.04653195799999987,0.11829160749999995,0.0,-0.5476266835928296,56,fixed_k3
Strain_b_Tension_0.5pct,b,0.5,-0.042653333999999876,0.11829160749999995,0.0,-0.5742135237118475,56,fixed_k3
Strain_b_Tension_0.5pct,b,0.5,-0.03877470999999988,0.11829160749999995,0.0,-0.6142839330560856,56,fixed_k3
Strain_b_Tension_0.5pct,b,0.5,-0.03489608599999988,0.11829160749999995,0.0,-0.6645154694097681,56,fixed_k3
Strain_b_Tension_0.5pct,b,0.5,-0.031017461999999885,0.11829160749999995,0.0,-0.720184413764954,56,fixed_k3
Strain_b_Tension_0.5pct,b,0.5,-0.027138837999999887,0.11829160749999995,0.0,-0.7758622722753481,56,fixed_k3
Strain_b_Tension_0.5pct,b,0.5,-0.02326021399999989,0.11829160749999995,0.0,-0.8259650294453551,56,fixed_k3
Strain_b_Tension_0.5pct,b,0.5,-0.019381589999999893,0.11829160749999995,0.0,-0.8651969161776822,56,fixed_k3
Strain_b_Tension_0.5pct,b,0.5,-0.015502965999999896,0.11829160749999995,0.0,-0.8889088131959695,56,fixed_k3
Strain_b_Tension_0.5pct,b,0.5,-0.011624341999999899,0.11829160749999995,0.0,-0.8933740464976445,56,fixed_k3
Strain_b_Tension_0.5pct,b,0.5,-0.0077457179999999015,0.11829160749999995,0.0,-0.875973789732166,56,fixed_k3
Strain_b_Tension_0.5pct,b,0.5,-0.0038670939999999043,0.11829160749999995,0.0,-0.8352813547842222,56,fixed_k3
Strain_b_Tension_0.5pct,b,0.5,1.1530000000092855e-05,0.11829160749999995,0.0,-0.7710387387743691,56,fixed_k3
Strain_b_Tension_0.5pct,b,0.5,0.00389015400000009,0.11829160749999995,0.0,-0.6840280355709316,56,fixed_k3
Strain_b_Tension_0.5pct,b,0.5,0.007768778000000087,0.11829160749999995,0.0,-0.5758518232213161,56,fixed_k3
Strain_b_Tension_0.5pct,b,0.5,0.011647402000000084,0.11829160749999995,0.0,-0.44864710364484406,56,fixed_k3
Strain_b_Tension_0.5pct,b,0.5,0.015526026000000082,0.11829160749999995,0.0,-0.3047639436427416,56,fixed_k3
Strain_b_Tension_0.5pct,b,0.5,0.01940465000000008,0.11829160749999995,0.0,-0.1464410445907114,56,fixed_k3
Strain_b_Tension_0.5pct,b,0.5,0.023283274000000076,0.11829160749999995,0.0,0.02449387677963122,56,fixed_k3
Strain_b_Tension_0.5pct,b,0.5,0.027161898000000073,0.11829160749999995,0.0,0.20687914818941344,56,fixed_k3
Strain_b_Tension_0.5pct,b,0.5,0.03104052200000007,0.11829160749999995,0.0,0.4004191421386296,56,fixed_k3
Strain_b_Tension_0.5pct,b,0.5,0.03491914600000007,0.11829160749999995,0.0,0.6058259722477324,56,fixed_k3
Strain_b_Tension_0.5pct,b,0.5,0.038797770000000065,0.11829160749999995,0.0,0.8249017070930824,56,fixed_k3
Strain_b_Tension_0.5pct,b,0.5,0.04267639400000006,0.11829160749999995,0.0,1.0605533968588525,56,fixed_k3
Strain_b_Tension_0.5pct,b,0.5,0.04655501800000006,0.11829160749999995,0.0,1.3167140493983283,56,fixed_k3
Strain_b_Tension_0.5pct,b,0.5,0.050433642000000056,0.11829160749999995,0.0,1.598106156031208,56,fixed_k3
Strain_b_Tension_0.5pct,b,0.5,0.05431226600000005,0.11829160749999995,0.0,1.9097269225444249,56,fixed_k3
Strain_b_Tension_0.5pct,b,0.5,0.05819089000000005,0.11829160749999995,0.0,2.2558607031609395,56,fixed_k3
Strain_b_Tension_0.5pct,b,0.5,0.06206951400000005,0.11829160749999995,0.0,2.6383637425054434,56,fixed_k3
Strain_b_Tension_0.5pct,b,0.5,0.06594813800000005,0.11829160749999995,0.0,3.0540015543347767,56,fixed_k3
Strain_b_Tension_0.5pct,b,0.5,0.06982676200000004,0.11829160749999995,0.0,3.490911331535384,56,fixed_k3
Strain_b_Tension_0.5pct,b,0.5,0.07370538600000004,0.11829160749999995,0.0,3.92502075071915,56,fixed_k3
Strain_b_Tension_0.5pct,b,0.5,0.07758401000000004,0.11829160749999995,0.0,4.318551041599118,56,fixed_k3
Strain_b_Tension_0.5pct,b,0.5,0.08146263400000003,0.11829160749999995,0.0,4.624109292452391,56,fixed_k3
Strain_b_Tension_0.5pct,b,0.5,0.08534125800000003,0.11829160749999995,0.0,4.798112062020486,56,fixed_k3
Strain_b_Tension_0.5pct,b,0.5,0.08921988200000003,0.11829160749999995,0.0,4.825339115936311,56,fixed_k3
Strain_b_Tension_0.5pct,b,0.5,0.09309850600000003,0.11829160749999995,0.0,4.754534284787329,56,fixed_k3
Strain_b_Tension_0.5pct,b,0.5,0.09697713000000002,0.11829160749999995,0.0,4.753372383708684,56,fixed_k3
Strain_b_Tension_0.5pct,b,0.5,0.10085575400000002,0.11829160749999995,0.0,5.235967169257221,56,fixed_k3
Strain_b_Tension_0.5pct,b,0.5,0.10473437800000002,0.11829160749999995,0.0,7.27645504556119,56,fixed_k3
Strain_b_Tension_0.5pct,b,0.5,0.10861300200000001,0.11829160749999995,0.0,14.10485605532675,56,fixed_k3
Strain_b_Tension_0.5pct,b,0.5,0.11249162600000001,0.11829160749999995,0.0,36.501689838807096,56,fixed_k3
Strain_b_Tension_0.5pct,b,0.5,0.11637025000000001,0.11829160749999995,0.0,106.93492957434388,56,fixed_k3
Strain_b_Tension_0.5pct,b,0.5,0.120248874,0.11829160749999995,0.0,257.94803010664157,56,fixed_k3
Strain_b_Tension_0.5pct,b,0.5,0.124127498,0.11829160749999995,0.0,321.74246589807905,56,fixed_k3
Strain_b_Tension_0.5pct,b,0.5,0.128006122,0.11829160749999995,0.0,194.62536357321667,56,fixed_k3
Strain_b_Tension_0.5pct,b,0.5,0.131884746,0.11829160749999995,0.0,91.25124261338578,56,fixed_k3
Strain_b_Tension_0.5pct,b,0.5,0.13576337,0.11829160749999995,0.0,45.88774425717474,56,fixed_k3
Strain_b_Tension_0.5pct,b,0.5,0.139641994,0.11829160749999995,0.0,27.3473688663123,56,fixed_k3
Strain_b_Tension_0.5pct,b,0.5,0.143520618,0.11829160749999995,0.0,19.217523713219144,56,fixed_k3
Strain_b_Tension_0.5pct,b,0.5,0.14739924199999999,0.11829160749999995,0.0,15.254397431479259,56,fixed_k3
Strain_b_Tension_0.5pct,b,0.5,0.15127786599999998,0.11829160749999995,0.0,13.099087455844613,56,fixed_k3
Strain_b_Tension_0.5pct,b,0.5,0.15515649,0.11829160749999995,0.0,11.799828920993537,56,fixed_k3
Strain_b_Tension_0.5pct,b,0.5,-0.1551334299999998,0.12157824562499994,0.0,5.876755133605896,56,fixed_k3
Strain_b_Tension_0.5pct,b,0.5,-0.1512548059999998,0.12157824562499994,0.0,7.816747973617726,56,fixed_k3
Strain_b_Tension_0.5pct,b,0.5,-0.1473761819999998,0.12157824562499994,0.0,10.618070112080247,56,fixed_k3
Strain_b_Tension_0.5pct,b,0.5,-0.1434975579999998,0.12157824562499994,0.0,15.320539436415599,56,fixed_k3
Strain_b_Tension_0.5pct,b,0.5,-0.1396189339999998,0.12157824562499994,0.0,24.390544599738803,56,fixed_k3
Strain_b_Tension_0.5pct,b,0.5,-0.1357403099999998,0.12157824562499994,0.0,43.76487040259108,56,fixed_k3
Strain_b_Tension_0.5pct,b,0.5,-0.1318616859999998,0.12157824562499994,0.0,86.26476977276094,56,fixed_k3
Strain_b_Tension_0.5pct,b,0.5,-0.12798306199999981,0.12157824562499994,0.0,166.54049997247338,56,fixed_k3
Strain_b_Tension_0.5pct,b,0.5,-0.12410443799999982,0.12157824562499994,0.0,249.30687594633977,56,fixed_k3
Strain_b_Tension_0.5pct,b,0.5,-0.12022581399999982,0.12157824562499994,0.0,224.7578482818985,56,fixed_k3
Strain_b_Tension_0.5pct,b,0.5,-0.11634718999999982,0.12157824562499994,0.0,121.87560753188487,56,fixed_k3
Strain_b_Tension_0.5pct,b,0.5,-0.11246856599999983,0.12157824562499994,0.0,53.96742222833098,56,fixed_k3
Strain_b_Tension_0.5pct,b,0.5,-0.10858994199999983,0.12157824562499994,0.0,25.708874372170005,56,fixed_k3
Strain_b_Tension_0.5pct,b,0.5,-0.10471131799999983,0.12157824562499994,0.0,14.31464228336294,56,fixed_k3
Strain_b_Tension_0.5pct,b,0.5,-0.10083269399999983,0.12157824562499994,0.0,9.039366397833987,56,fixed_k3
Strain_b_Tension_0.5pct,b,0.5,-0.09695406999999984,0.12157824562499994,0.0,6.090811242460623,56,fixed_k3
Strain_b_Tension_0.5pct,b,0.5,-0.09307544599999984,0.12157824562499994,0.0,4.141344947150598,56,fixed_k3
Strain_b_Tension_0.5pct,b,0.5,-0.08919682199999984,0.12157824562499994,0.0,2.7126168148483547,56,fixed_k3
Strain_b_Tension_0.5pct,b,0.5,-0.08531819799999985,0.12157824562499994,0.0,1.6303497062876606,56,fixed_k3
Strain_b_Tension_0.5pct,b,0.5,-0.08143957399999985,0.12157824562499994,0.0,0.8254153759155121,56,fixed_k3
Strain_b_Tension_0.5pct,b,0.5,-0.07756094999999985,0.12157824562499994,0.0,0.2564769868898762,56,fixed_k3
Strain_b_Tension_0.5pct,b,0.5,-0.07368232599999985,0.12157824562499994,0.0,-0.11719808289065026,56,fixed_k3
Strain_b_Tension_0.5pct,b,0.5,-0.06980370199999986,0.12157824562499994,0.0,-0.340350094371243,56,fixed_k3
Strain_b_Tension_0.5pct,b,0.5,-0.06592507799999986,0.12157824562499994,0.0,-0.4577492803396037,56,fixed_k3
Strain_b_Tension_0.5pct,b,0.5,-0.06204645399999986,0.12157824562499994,0.0,-0.5091151290292486,56,fixed_k3
Strain_b_Tension_0.5pct,b,0.5,-0.058167829999999865,0.12157824562499994,0.0,-0.5260007808605165,56,fixed_k3
Strain_b_Tension_0.5pct,b,0.5,-0.05428920599999987,0.12157824562499994,0.0,-0.5310133961972321,56,fixed_k3
Strain_b_Tension_0.5pct,b,0.5,-0.05041058199999987,0.12157824562499994,0.0,-0.5386205322664663,56,fixed_k3
Strain_b_Tension_0.5pct,b,0.5,-0.04653195799999987,0.12157824562499994,0.0,-0.5566691623966333,56,fixed_k3
Strain_b_Tension_0.5pct,b,0.5,-0.042653333999999876,0.12157824562499994,0.0,-0.5880148980281699,56,fixed_k3
Strain_b_Tension_0.5pct,b,0.5,-0.03877470999999988,0.12157824562499994,0.0,-0.631963882255361,56,fixed_k3
Strain_b_Tension_0.5pct,b,0.5,-0.03489608599999988,0.12157824562499994,0.0,-0.6854390527976078,56,fixed_k3
Strain_b_Tension_0.5pct,b,0.5,-0.031017461999999885,0.12157824562499994,0.0,-0.743889419249006,56,fixed_k3
Strain_b_Tension_0.5pct,b,0.5,-0.027138837999999887,0.12157824562499994,0.0,-0.8019980674481406,56,fixed_k3
Strain_b_Tension_0.5pct,b,0.5,-0.02326021399999989,0.12157824562499994,0.0,-0.8542441432743089,56,fixed_k3
Strain_b_Tension_0.5pct,b,0.5,-0.019381589999999893,0.12157824562499994,0.0,-0.8953579135786711,56,fixed_k3
Strain_b_Tension_0.5pct,b,0.5,-0.015502965999999896,0.12157824562499994,0.0,-0.9206885208396338,56,fixed_k3
Strain_b_Tension_0.5pct,b,0.5,-0.011624341999999899,0.12157824562499994,0.0,-0.9264876131790456,56,fixed_k3
Strain_b_Tension_0.5pct,b,0.5,-0.0077457179999999015,0.12157824562499994,0.0,-0.9101016943550344,56,fixed_k3
Strain_b_Tension_0.5pct,b,0.5,-0.0038670939999999043,0.12157824562499994,0.0,-0.8700629017091215,56,fixed_k3
Strain_b_Tension_0.5pct,b,0.5,1.1530000000092855e-05,0.12157824562499994,0.0,-0.8060716138783377,56,fixed_k3
Strain_b_Tension_0.5pct,b,0.5,0.00389015400000009,0.12157824562499994,0.0,-0.7188731222670843,56,fixed_k3
Strain_b_Tension_0.5pct,b,0.5,0.007768778000000087,0.12157824562499994,0.0,-0.6100418261325777,56,fixed_k3
Strain_b_Tension_0.5pct,b,0.5,0.011647402000000084,0.12157824562499994,0.0,-0.4816968251794109,56,fixed_k3
Strain_b_Tension_0.5pct,b,0.5,0.015526026000000082,0.12157824562499994,0.0,-0.33617955683948164,56,fixed_k3
Strain_b_Tension_0.5pct,b,0.5,0.01940465000000008,0.12157824562499994,0.0,-0.17572560598796771,56,fixed_k3
Strain_b_Tension_0.5pct,b,0.5,0.023283274000000076,0.12157824562499994,0.0,-0.00215897542281418,56,fixed_k3
Strain_b_Tension_0.5pct,b,0.5,0.027161898000000073,0.12157824562499994,0.0,0.18337051990218223,56,fixed_k3
Strain_b_Tension_0.5pct,b,0.5,0.03104052200000007,0.12157824562499994,0.0,0.3805948639620249,56,fixed_k3
Strain_b_Tension_0.5pct,b,0.5,0.03491914600000007,0.12157824562499994,0.0,0.5902754284322325,56,fixed_k3
Strain_b_Tension_0.5pct,b,0.5,0.038797770000000065,0.12157824562499994,0.0,0.8142871588294378,56,fixed_k3
Strain_b_Tension_0.5pct,b,0.5,0.04267639400000006,0.12157824562499994,0.0,1.0556290170085276,56,fixed_k3
Strain_b_Tension_0.5pct,b,0.5,0.04655501800000006,0.12157824562499994,0.0,1.3183309287466152,56,fixed_k3
Strain_b_Tension_0.5pct,b,0.5,0.050433642000000056,0.12157824562499994,0.0,1.6071915852291543,56,fixed_k3
Strain_b_Tension_0.5pct,b,0.5,0.05431226600000005,0.12157824562499994,0.0,1.9272271832572938,56,fixed_k3
Strain_b_Tension_0.5pct,b,0.5,0.05819089000000005,0.12157824562499994,0.0,2.28264626696301,56,fixed_k3
Strain_b_Tension_0.5pct,b,0.5,0.06206951400000005,0.12157824562499994,0.0,2.6751235885828466,56,fixed_k3
Strain_b_Tension_0.5pct,b,0.5,0.06594813800000005,0.12157824562499994,0.0,3.1012097342825413,56,fixed_k3
Strain_b_Tension_0.5pct,b,0.5,0.06982676200000004,0.12157824562499994,0.0,3.5490323752960817,56,fixed_k3
Strain_b_Tension_0.5pct,b,0.5,0.07370538600000004,0.12157824562499994,0.0,3.9951876656030514,56,fixed_k3
Strain_b_Tension_0.5pct,b,0.5,0.07758401000000004,0.12157824562499994,0.0,4.403879959315711,56,fixed_k3
Strain_b_Tension_0.5pct,b,0.5,0.08146263400000003,0.12157824562499994,0.0,4.731427920327903,56,fixed_k3
Strain_b_Tension_0.5pct,b,0.5,0.08534125800000003,0.12157824562499994,0.0,4.93909236530439,56,fixed_k3
Strain_b_Tension_0.5pct,b,0.5,0.08921988200000003,0.12157824562499994,0.0,5.015074974531968,56,fixed_k3
Strain_b_Tension_0.5pct,b,0.5,0.09309850600000003,0.12157824562499994,0.0,5.0047709550966895,56,fixed_k3
Strain_b_Tension_0.5pct,b,0.5,0.09697713000000002,0.12157824562499994,0.0,5.055307115119081,56,fixed_k3
Strain_b_Tension_0.5pct,b,0.5,0.10085575400000002,0.12157824562499994,0.0,5.514441833727934,56,fixed_k3
Strain_b_Tension_0.5pct,b,0.5,0.10473437800000002,0.12157824562499994,0.0,7.231901250971225,56,fixed_k3
Strain_b_Tension_0.5pct,b,0.5,0.10861300200000001,0.12157824562499994,0.0,12.5340508860835,56,fixed_k3
Strain_b_Tension_0.5pct,b,0.5,0.11249162600000001,0.12157824562499994,0.0,28.04819698794775,56,fixed_k3
Strain_b_Tension_0.5pct,b,0.5,0.11637025000000001,0.12157824562499994,0.0,68.7363105156178,56,fixed_k3
Strain_b_Tension_0.5pct,b,0.5,0.120248874,0.12157824562499994,0.0,140.15304604132808,56,fixed_k3
Strain_b_Tension_0.5pct,b,0.5,0.124127498,0.12157824562499994,0.0,180.3970748200061,56,fixed_k3
Strain_b_Tension_0.5pct,b,0.5,0.128006122,0.12157824562499994,0.0,138.5471086668052,56,fixed_k3
Strain_b_Tension_0.5pct,b,0.5,0.131884746,0.12157824562499994,0.0,79.63828035874842,56,fixed_k3
Strain_b_Tension_0.5pct,b,0.5,0.13576337,0.12157824562499994,0.0,44.56142972278112,56,fixed_k3
Strain_b_Tension_0.5pct,b,0.5,0.139641994,0.12157824562499994,0.0,27.819069434762334,56,fixed_k3
Strain_b_Tension_0.5pct,b,0.5,0.143520618,0.12157824562499994,0.0,19.93803461255994,56,fixed_k3
Strain_b_Tension_0.5pct,b,0.5,0.14739924199999999,0.12157824562499994,0.0,15.997369535209936,56,fixed_k3
Strain_b_Tension_0.5pct,b,0.5,0.15127786599999998,0.12157824562499994,0.0,13.854287196903364,56,fixed_k3
Strain_b_Tension_0.5pct,b,0.5,0.15515649,0.12157824562499994,0.0,12.579308558451324,56,fixed_k3
Strain_b_Tension_0.5pct,b,0.5,-0.1551334299999998,0.12486488374999996,0.0,5.171074444652323,56,fixed_k3
Strain_b_Tension_0.5pct,b,0.5,-0.1512548059999998,0.12486488374999996,0.0,7.048881936954061,56,fixed_k3
Strain_b_Tension_0.5pct,b,0.5,-0.1473761819999998,0.12486488374999996,0.0,9.799931511219263,56,fixed_k3
Strain_b_Tension_0.5pct,b,0.5,-0.1434975579999998,0.12486488374999996,0.0,14.421873736149461,56,fixed_k3
Strain_b_Tension_0.5pct,b,0.5,-0.1396189339999998,0.12486488374999996,0.0,23.100039325218052,56,fixed_k3
Strain_b_Tension_0.5pct,b,0.5,-0.1357403099999998,0.12486488374999996,0.0,40.281008567853945,56,fixed_k3
Strain_b_Tension_0.5pct,b,0.5,-0.1318616859999998,0.12486488374999996,0.0,72.58975897424821,56,fixed_k3
Strain_b_Tension_0.5pct,b,0.5,-0.12798306199999981,0.12486488374999996,0.0,119.89696831141269,56,fixed_k3
Strain_b_Tension_0.5pct,b,0.5,-0.12410443799999982,0.12486488374999996,0.0,154.4585635844745,56,fixed_k3
Strain_b_Tension_0.5pct,b,0.5,-0.12022581399999982,0.12486488374999996,0.0,136.99599548523113,56,fixed_k3
Strain_b_Tension_0.5pct,b,0.5,-0.11634718999999982,0.12486488374999996,0.0,83.47245172867211,56,fixed_k3
Strain_b_Tension_0.5pct,b,0.5,-0.11246856599999983,0.12486488374999996,0.0,42.01807635408021,56,fixed_k3
Strain_b_Tension_0.5pct,b,0.5,-0.10858994199999983,0.12486488374999996,0.0,21.793930737935487,56,fixed_k3
Strain_b_Tension_0.5pct,b,0.5,-0.10471131799999983,0.12486488374999996,0.0,12.779886468603102,56,fixed_k3
Strain_b_Tension_0.5pct,b,0.5,-0.10083269399999983,0.12486488374999996,0.0,8.353175909633869,56,fixed_k3
Strain_b_Tension_0.5pct,b,0.5,-0.09695406999999984,0.12486488374999996,0.0,5.779312780158044,56,fixed_k3
Strain_b_Tension_0.5pct,b,0.5,-0.09307544599999984,0.12486488374999996,0.0,4.0240632561627,56,fixed_k3
Strain_b_Tension_0.5pct,b,0.5,-0.08919682199999984,0.12486488374999996,0.0,2.703546204440329,56,fixed_k3
Strain_b_Tension_0.5pct,b,0.5,-0.08531819799999985,0.12486488374999996,0.0,1.6796484147460522,56,fixed_k3
Strain_b_Tension_0.5pct,b,0.5,-0.08143957399999985,0.12486488374999996,0.0,0.9008323983263407,56,fixed_k3
Strain_b_Tension_0.5pct,b,0.5,-0.07756094999999985,0.12486488374999996,0.0,0.33708013104936563,56,fixed_k3
Strain_b_Tension_0.5pct,b,0.5,-0.07368232599999985,0.12486488374999996,0.0,-0.04380294425704623,56,fixed_k3
Strain_b_Tension_0.5pct,b,0.5,-0.06980370199999986,0.12486488374999996,0.0,-0.28016787060707316,56,fixed_k3
Strain_b_Tension_0.5pct,b,0.5,-0.06592507799999986,0.12486488374999996,0.0,-0.4124758745138881,56,fixed_k3
Strain_b_Tension_0.5pct,b,0.5,-0.06204645399999986,0.12486488374999996,0.0,-0.4779649010103406,56,fixed_k3
Strain_b_Tension_0.5pct,b,0.5,-0.058167829999999865,0.12486488374999996,0.0,-0.5070668878470594,56,fixed_k3
Strain_b_Tension_0.5pct,b,0.5,-0.05428920599999987,0.12486488374999996,0.0,-0.5221227462071711,56,fixed_k3
Strain_b_Tension_0.5pct,b,0.5,-0.05041058199999987,0.12486488374999996,0.0,-0.537779350587495,56,fixed_k3
Strain_b_Tension_0.5pct,b,0.5,-0.04653195799999987,0.12486488374999996,0.0,-0.5622367448095114,56,fixed_k3
Strain_b_Tension_0.5pct,b,0.5,-0.042653333999999876,0.12486488374999996,0.0,-0.598725015991386,56,fixed_k3
Strain_b_Tension_0.5pct,b,0.5,-0.03877470999999988,0.12486488374999996,0.0,-0.6468757374604839,56,fixed_k3
Strain_b_Tension_0.5pct,b,0.5,-0.03489608599999988,0.12486488374999996,0.0,-0.7038653110041868,56,fixed_k3
Strain_b_Tension_0.5pct,b,0.5,-0.031017461999999885,0.12486488374999996,0.0,-0.7653248516590527,56,fixed_k3
Strain_b_Tension_0.5pct,b,0.5,-0.027138837999999887,0.12486488374999996,0.0,-0.8260581298432563,56,fixed_k3
Strain_b_Tension_0.5pct,b,0.5,-0.02326021399999989,0.12486488374999996,0.0,-0.8806155761113588,56,fixed_k3
Strain_b_Tension_0.5pct,b,0.5,-0.019381589999999893,0.12486488374999996,0.0,-0.9237604230299965,56,fixed_k3
Strain_b_Tension_0.5pct,b,0.5,-0.015502965999999896,0.12486488374999996,0.0,-0.9508458443269898,56,fixed_k3
Strain_b_Tension_0.5pct,b,0.5,-0.011624341999999899,0.12486488374999996,0.0,-0.958106537779722,56,fixed_k3
Strain_b_Tension_0.5pct,b,0.5,-0.0077457179999999015,0.12486488374999996,0.0,-0.9428581328054992,56,fixed_k3
Strain_b_Tension_0.5pct,b,0.5,-0.0038670939999999043,0.12486488374999996,0.0,-0.903594511246824,56,fixed_k3
Strain_b_Tension_0.5pct,b,0.5,1.1530000000092855e-05,0.12486488374999996,0.0,-0.8399764662879519,56,fixed_k3
Strain_b_Tension_0.5pct,b,0.5,0.00389015400000009,0.12486488374999996,0.0,-0.7527135771541822,56,fixed_k3
Strain_b_Tension_0.5pct,b,0.5,0.007768778000000087,0.12486488374999996,0.0,-0.6433521458900744,56,fixed_k3
Strain_b_Tension_0.5pct,b,0.5,0.011647402000000084,0.12486488374999996,0.0,-0.5139924153471922,56,fixed_k3
Strain_b_Tension_0.5pct,b,0.5,0.015526026000000082,0.12486488374999996,0.0,-0.3669652592276651,56,fixed_k3
Strain_b_Tension_0.5pct,b,0.5,0.01940465000000008,0.12486488374999996,0.0,-0.20450040602479858,56,fixed_k3
Strain_b_Tension_0.5pct,b,0.5,0.023283274000000076,0.12486488374999996,0.0,-0.02841490867691565,56,fixed_k3
Strain_b_Tension_0.5pct,b,0.5,0.027161898000000073,0.12486488374999996,0.0,0.1601565587412579,56,fixed_k3
Strain_b_Tension_0.5pct,b,0.5,0.03104052200000007,0.12486488374999996,0.0,0.3609763394379448,56,fixed_k3
Strain_b_Tension_0.5pct,b,0.5,0.03491914600000007,0.12486488374999996,0.0,0.5748565631081575,56,fixed_k3
Strain_b_Tension_0.5pct,b,0.5,0.038797770000000065,0.12486488374999996,0.0,0.8037444774254752,56,fixed_k3
Strain_b_Tension_0.5pct,b,0.5,0.04267639400000006,0.12486488374999996,0.0,1.0507274100576875,56,fixed_k3
Strain_b_Tension_0.5pct,b,0.5,0.04655501800000006,0.12486488374999996,0.0,1.3199248557573124,56,fixed_k3
Strain_b_Tension_0.5pct,b,0.5,0.050433642000000056,0.12486488374999996,0.0,1.6162000945605786,56,fixed_k3
Strain_b_Tension_0.5pct,b,0.5,0.05431226600000005,0.12486488374999996,0.0,1.9445729069867217,56,fixed_k3
Strain_b_Tension_0.5pct,b,0.5,0.05819089000000005,0.12486488374999996,0.0,2.3091588688185336,56,fixed_k3
Strain_b_Tension_0.5pct,b,0.5,0.06206951400000005,0.12486488374999996,0.0,2.7114359008872855,56,fixed_k3
Strain_b_Tension_0.5pct,b,0.5,0.06594813800000005,0.12486488374999996,0.0,3.1477282470207664,56,fixed_k3
Strain_b_Tension_0.5pct,b,0.5,0.06982676200000004,0.12486488374999996,0.0,3.606137378478098,56,fixed_k3
Strain_b_Tension_0.5pct,b,0.5,0.07370538600000004,0.12486488374999996,0.0,4.063866001122053,56,fixed_k3
Strain_b_Tension_0.5pct,b,0.5,0.07758401000000004,0.12486488374999996,0.0,4.486902028820444,56,fixed_k3
Strain_b_Tension_0.5pct,b,0.5,0.08146263400000003,0.12486488374999996,0.0,4.8348006796756025,56,fixed_k3
Strain_b_Tension_0.5pct,b,0.5,0.08534125800000003,0.12486488374999996,0.0,5.072814508355893,56,fixed_k3
Strain_b_Tension_0.5pct,b,0.5,0.08921988200000003,0.12486488374999996,0.0,5.191426068477988,56,fixed_k3
Strain_b_Tension_0.5pct,b,0.5,0.09309850600000003,0.12486488374999996,0.0,5.231663326584883,56,fixed_k3
Strain_b_Tension_0.5pct,b,0.5,0.09697713000000002,0.12486488374999996,0.0,5.32010068732661,56,fixed_k3
Strain_b_Tension_0.5pct,b,0.5,0.10085575400000002,0.12486488374999996,0.0,5.74231228018117,56,fixed_k3
Strain_b_Tension_0.5pct,b,0.5,0.10473437800000002,0.12486488374999996,0.0,7.152035788331481,56,fixed_k3
Strain_b_Tension_0.5pct,b,0.5,0.10861300200000001,0.12486488374999996,0.0,11.172212016590715,56,fixed_k3
Strain_b_Tension_0.5pct,b,0.5,0.11249162600000001,0.12486488374999996,0.0,21.764790449264858,56,fixed_k3
Strain_b_Tension_0.5pct,b,0.5,0.11637025000000001,0.12486488374999996,0.0,45.79095017611914,56,fixed_k3
Strain_b_Tension_0.5pct,b,0.5,0.120248874,0.12486488374999996,0.0,82.82347448622116,56,fixed_k3
Strain_b_Tension_0.5pct,b,0.5,0.124127498,0.12486488374999996,0.0,107.70583910582678,56,fixed_k3
Strain_b_Tension_0.5pct,b,0.5,0.128006122,0.12486488374999996,0.0,96.71105088058643,56,fixed_k3
Strain_b_Tension_0.5pct,b,0.5,0.131884746,0.12486488374999996,0.0,66.39151326959984,56,fixed_k3
Strain_b_Tension_0.5pct,b,0.5,0.13576337,0.12486488374999996,0.0,41.78295227915761,56,fixed_k3
Strain_b_Tension_0.5pct,b,0.5,0.139641994,0.12486488374999996,0.0,27.72956136674907,56,fixed_k3
Strain_b_Tension_0.5pct,b,0.5,0.143520618,0.12486488374999996,0.0,20.478007678782053,56,fixed_k3
Strain_b_Tension_0.5pct,b,0.5,0.14739924199999999,0.12486488374999996,0.0,16.71222959658778,56,fixed_k3
Strain_b_Tension_0.5pct,b,0.5,0.15127786599999998,0.12486488374999996,0.0,14.654731515399806,56,fixed_k3
Strain_b_Tension_0.5pct,b,0.5,0.15515649,0.12486488374999996,0.0,13.448320083252733,56,fixed_k3
Strain_b_Tension_0.5pct,b,0.5,-0.1551334299999998,0.12815152187499992,0.0,4.385166761144573,56,fixed_k3
Strain_b_Tension_0.5pct,b,0.5,-0.1512548059999998,0.12815152187499992,0.0,6.132392292210008,56,fixed_k3
Strain_b_Tension_0.5pct,b,0.5,-0.1473761819999998,0.12815152187499992,0.0,8.759403639396398,56,fixed_k3
Strain_b_Tension_0.5pct,b,0.5,-0.1434975579999998,0.12815152187499992,0.0,13.175023645290475,56,fixed_k3
Strain_b_Tension_0.5pct,b,0.5,-0.1396189339999998,0.12815152187499992,0.0,21.16369089209384,56,fixed_k3
Strain_b_Tension_0.5pct,b,0.5,-0.1357403099999998,0.12815152187499992,0.0,35.59816389733601,56,fixed_k3
Strain_b_Tension_0.5pct,b,0.5,-0.1318616859999998,0.12815152187499992,0.0,58.69101760655961,56,fixed_k3
Strain_b_Tension_0.5pct,b,0.5,-0.12798306199999981,0.12815152187499992,0.0,85.60661737624675,56,fixed_k3
Strain_b_Tension_0.5pct,b,0.5,-0.12410443799999982,0.12815152187499992,0.0,100.35535553449468,56,fixed_k3
Strain_b_Tension_0.5pct,b,0.5,-0.12022581399999982,0.12815152187499992,0.0,89.03006678113368,56,fixed_k3
Strain_b_Tension_0.5pct,b,0.5,-0.11634718999999982,0.12815152187499992,0.0,59.20897127495641,56,fixed_k3
Strain_b_Tension_0.5pct,b,0.5,-0.11246856599999983,0.12815152187499992,0.0,33.12175576371197,56,fixed_k3
Strain_b_Tension_0.5pct,b,0.5,-0.10858994199999983,0.12815152187499992,0.0,18.584195089789404,56,fixed_k3
Strain_b_Tension_0.5pct,b,0.5,-0.10471131799999983,0.12815152187499992,0.0,11.47100102433341,56,fixed_k3
Strain_b_Tension_0.5pct,b,0.5,-0.10083269399999983,0.12815152187499992,0.0,7.763821005120769,56,fixed_k3
Strain_b_Tension_0.5pct,b,0.5,-0.09695406999999984,0.12815152187499992,0.0,5.517178433745089,56,fixed_k3
Strain_b_Tension_0.5pct,b,0.5,-0.09307544599999984,0.12815152187499992,0.0,3.9344507913538083,56,fixed_k3
Strain_b_Tension_0.5pct,b,0.5,-0.08919682199999984,0.12815152187499992,0.0,2.711150535897567,56,fixed_k3
Strain_b_Tension_0.5pct,b,0.5,-0.08531819799999985,0.12815152187499992,0.0,1.7400365620921698,56,fixed_k3
Strain_b_Tension_0.5pct,b,0.5,-0.08143957399999985,0.12815152187499992,0.0,0.9847229464255172,56,fixed_k3
Strain_b_Tension_0.5pct,b,0.5,-0.07756094999999985,0.12815152187499992,0.0,0.42508504160047966,56,fixed_k3
Strain_b_Tension_0.5pct,b,0.5,-0.07368232599999985,0.12815152187499992,0.0,0.03657184985614359,56,fixed_k3
Strain_b_Tension_0.5pct,b,0.5,-0.06980370199999986,0.12815152187499992,0.0,-0.21328132535188726,56,fixed_k3
Strain_b_Tension_0.5pct,b,0.5,-0.06592507799999986,0.12815152187499992,0.0,-0.3608410734302989,56,fixed_k3
Strain_b_Tension_0.5pct,b,0.5,-0.06204645399999986,0.12815152187499992,0.0,-0.4409036179487078,56,fixed_k3
Strain_b_Tension_0.5pct,b,0.5,-0.058167829999999865,0.12815152187499992,0.0,-0.4827422265619279,56,fixed_k3
Strain_b_Tension_0.5pct,b,0.5,-0.05428920599999987,0.12815152187499992,0.0,-0.5083779251303149,56,fixed_k3
Strain_b_Tension_0.5pct,b,0.5,-0.05041058199999987,0.12815152187499992,0.0,-0.5325946833456601,56,fixed_k3
Strain_b_Tension_0.5pct,b,0.5,-0.04653195799999987,0.12815152187499992,0.0,-0.5639214010151448,56,fixed_k3
Strain_b_Tension_0.5pct,b,0.5,-0.042653333999999876,0.12815152187499992,0.0,-0.6059536147869551,56,fixed_k3
Strain_b_Tension_0.5pct,b,0.5,-0.03877470999999988,0.12815152187499992,0.0,-0.6586492402340332,56,fixed_k3
Strain_b_Tension_0.5pct,b,0.5,-0.03489608599999988,0.12815152187499992,0.0,-0.7194443697001884,56,fixed_k3
Strain_b_Tension_0.5pct,b,0.5,-0.031017461999999885,0.12815152187499992,0.0,-0.7841605871884081,56,fixed_k3
Strain_b_Tension_0.5pct,b,0.5,-0.027138837999999887,0.12815152187499992,0.0,-0.8477309883164517,56,fixed_k3
Strain_b_Tension_0.5pct,b,0.5,-0.02326021399999989,0.12815152187499992,0.0,-0.9047852762434476,56,fixed_k3
Strain_b_Tension_0.5pct,b,0.5,-0.019381589999999893,0.12815152187499992,0.0,-0.9501266193883997,56,fixed_k3
Strain_b_Tension_0.5pct,b,0.5,-0.015502965999999896,0.12815152187499992,0.0,-0.9791181064903278,56,fixed_k3
Strain_b_Tension_0.5pct,b,0.5,-0.011624341999999899,0.12815152187499992,0.0,-0.9879823356769206,56,fixed_k3
Strain_b_Tension_0.5pct,b,0.5,-0.0077457179999999015,0.12815152187499992,0.0,-0.974007951076997,56,fixed_k3
Strain_b_Tension_0.5pct,b,0.5,-0.0038670939999999043,0.12815152187499992,0.0,-0.9356535434608597,56,fixed_k3
Strain_b_Tension_0.5pct,b,0.5,1.1530000000092855e-05,0.12815152187499992,0.0,-0.8725423489939228,56,fixed_k3
Strain_b_Tension_0.5pct,b,0.5,0.00389015400000009,0.12815152187499992,0.0,-0.785349283037545,56,fixed_k3
Strain_b_Tension_0.5pct,b,0.5,0.007768778000000087,0.12815152187499992,0.0,-0.6755925778648568,56,fixed_k3
Strain_b_Tension_0.5pct,b,0.5,0.011647402000000084,0.12815152187499992,0.0,-0.5453526341814294,56,fixed_k3
Strain_b_Tension_0.5pct,b,0.5,0.015526026000000082,0.12815152187499992,0.0,-0.3969478641618416,56,fixed_k3
Strain_b_Tension_0.5pct,b,0.5,0.01940465000000008,0.12815152187499992,0.0,-0.23259955359021545,56,fixed_k3
Strain_b_Tension_0.5pct,b,0.5,0.023283274000000076,0.12815152187499992,0.0,-0.05411489485032783,56,fixed_k3
Strain_b_Tension_0.5pct,b,0.5,0.027161898000000073,0.12815152187499992,0.0,0.13738930589218645,56,fixed_k3
Strain_b_Tension_0.5pct,b,0.5,0.03104052200000007,0.12815152187499992,0.0,0.34170764554199806,56,fixed_k3
Strain_b_Tension_0.5pct,b,0.5,0.03491914600000007,0.12815152187499992,0.0,0.559703289704538,56,fixed_k3
Strain_b_Tension_0.5pct,b,0.5,0.038797770000000065,0.12815152187499992,0.0,0.7933935453358298,56,fixed_k3
Strain_b_Tension_0.5pct,b,0.5,0.04267639400000006,0.12815152187499992,0.0,1.0459483689122298,56,fixed_k3
Strain_b_Tension_0.5pct,b,0.5,0.04655501800000006,0.12815152187499992,0.0,1.3215666940449937,56,fixed_k3
Strain_b_Tension_0.5pct,b,0.5,0.050433642000000056,0.12815152187499992,0.0,1.6251613589473397,56,fixed_k3
Strain_b_Tension_0.5pct,b,0.5,0.05431226600000005,0.12815152187499992,0.0,1.9617362188408118,56,fixed_k3
Strain_b_Tension_0.5pct,b,0.5,0.05819089000000005,0.12815152187499992,0.0,2.3352918220237315,56,fixed_k3
Strain_b_Tension_0.5pct,b,0.5,0.06206951400000005,0.12815152187499992,0.0,2.747087840742704,56,fixed_k3
Strain_b_Tension_0.5pct,b,0.5,0.06594813800000005,0.12815152187499992,0.0,3.1932026392418082,56,fixed_k3
Strain_b_Tension_0.5pct,b,0.5,0.06982676200000004,0.12815152187499992,0.0,3.661683484262311,56,fixed_k3
Strain_b_Tension_0.5pct,b,0.5,0.07370538600000004,0.12815152187499992,0.0,4.130263476807077,56,fixed_k3
Strain_b_Tension_0.5pct,b,0.5,0.07758401000000004,0.12815152187499992,0.0,4.566503514185667,56,fixed_k3
Strain_b_Tension_0.5pct,b,0.5,0.08146263400000003,0.12815152187499992,0.0,4.932729291581676,56,fixed_k3
Strain_b_Tension_0.5pct,b,0.5,0.08534125800000003,0.12815152187499992,0.0,5.197385127846274,56,fixed_k3
Strain_b_Tension_0.5pct,b,0.5,0.08921988200000003,0.12815152187499992,0.0,5.352200464755633,56,fixed_k3
Strain_b_Tension_0.5pct,b,0.5,0.09309850600000003,0.12815152187499992,0.0,5.43296475352688,56,fixed_k3
Strain_b_Tension_0.5pct,b,0.5,0.09697713000000002,0.12815152187499992,0.0,5.545910368833425,56,fixed_k3
Strain_b_Tension_0.5pct,b,0.5,0.10085575400000002,0.12815152187499992,0.0,5.919094425240331,56,fixed_k3
Strain_b_Tension_0.5pct,b,0.5,0.10473437800000002,0.12815152187499992,0.0,7.0385029142537725,56,fixed_k3
Strain_b_Tension_0.5pct,b,0.5,0.10861300200000001,0.12815152187499992,0.0,9.9933143994921,56,fixed_k3
Strain_b_Tension_0.5pct,b,0.5,0.11249162600000001,0.12815152187499992,0.0,17.07331713743225,56,fixed_k3
Strain_b_Tension_0.5pct,b,0.5,0.11637025000000001,0.12815152187499992,0.0,31.39278749559028,56,fixed_k3
Strain_b_Tension_0.5pct,b,0.5,0.120248874,0.12815152187499992,0.0,51.77892575383859,56,fixed_k3
Strain_b_Tension_0.5pct,b,0.5,0.124127498,0.12815152187499992,0.0,67.47490047234729,56,fixed_k3
Strain_b_Tension_0.5pct,b,0.5,0.128006122,0.12815152187499992,0.0,67.26872797244457,56,fixed_k3
Strain_b_Tension_0.5pct,b,0.5,0.131884746,0.12815152187499992,0.0,53.42462725153339,56,fixed_k3
Strain_b_Tension_0.5pct,b,0.5,0.13576337,0.12815152187499992,0.0,37.84003191435231,56,fixed_k3
Strain_b_Tension_0.5pct,b,0.5,0.139641994,0.12815152187499992,0.0,27.00206971257153,56,fixed_k3
Strain_b_Tension_0.5pct,b,0.5,0.143520618,0.12815152187499992,0.0,20.759209326529593,56,fixed_k3
Strain_b_Tension_0.5pct,b,0.5,0.14739924199999999,0.12815152187499992,0.0,17.3544698215743,56,fixed_k3
Strain_b_Tension_0.5pct,b,0.5,0.15127786599999998,0.12815152187499992,0.0,15.481669310984179,56,fixed_k3
Strain_b_Tension_0.5pct,b,0.5,0.15515649,0.12815152187499992,0.0,14.406103804803307,56,fixed_k3
Strain_b_Tension_0.5pct,b,0.5,-0.1551334299999998,0.13143815999999992,0.0,3.558468304603087,56,fixed_k3
Strain_b_Tension_0.5pct,b,0.5,-0.1512548059999998,0.13143815999999992,0.0,5.079917792251243,56,fixed_k3
Strain_b_Tension_0.5pct,b,0.5,-0.1473761819999998,0.13143815999999992,0.0,7.492891314222356,56,fixed_k3
Strain_b_Tension_0.5pct,b,0.5,-0.1434975579999998,0.13143815999999992,0.0,11.57349407284065,56,fixed_k3
Strain_b_Tension_0.5pct,b,0.5,-0.1396189339999998,0.13143815999999992,0.0,18.637958671813205,56,fixed_k3
Strain_b_Tension_0.5pct,b,0.5,-0.1357403099999998,0.13143815999999992,0.0,30.1795356907618,56,fixed_k3
Strain_b_Tension_0.5pct,b,0.5,-0.1318616859999998,0.13143815999999992,0.0,45.9505378168145,56,fixed_k3
Strain_b_Tension_0.5pct,b,0.5,-0.12798306199999981,0.13143815999999992,0.0,61.10154517458272,56,fixed_k3
Strain_b_Tension_0.5pct,b,0.5,-0.12410443799999982,0.13143815999999992,0.0,67.65996539835302,56,fixed_k3
Strain_b_Tension_0.5pct,b,0.5,-0.12022581399999982,0.13143815999999992,0.0,60.605521617580095,56,fixed_k3
Strain_b_Tension_0.5pct,b,0.5,-0.11634718999999982,0.13143815999999992,0.0,43.23400356614822,56,fixed_k3
Strain_b_Tension_0.5pct,b,0.5,-0.11246856599999983,0.13143815999999992,0.0,26.443111472519846,56,fixed_k3
Strain_b_Tension_0.5pct,b,0.5,-0.10858994199999983,0.13143815999999992,0.0,15.955161838547836,56,fixed_k3
Strain_b_Tension_0.5pct,b,0.5,-0.10471131799999983,0.13143815999999992,0.0,10.355652441815723,56,fixed_k3
Strain_b_Tension_0.5pct,b,0.5,-0.10083269399999983,0.13143815999999992,0.0,7.257625469841875,56,fixed_k3
Strain_b_Tension_0.5pct,b,0.5,-0.09695406999999984,0.13143815999999992,0.0,5.29714841145619,56,fixed_k3
Strain_b_Tension_0.5pct,b,0.5,-0.09307544599999984,0.13143815999999992,0.0,3.868324134320369,56,fixed_k3
Strain_b_Tension_0.5pct,b,0.5,-0.08919682199999984,0.13143815999999992,0.0,2.7329899615202824,56,fixed_k3
Strain_b_Tension_0.5pct,b,0.5,-0.08531819799999985,0.13143815999999992,0.0,1.8101270656077475,56,fixed_k3
Strain_b_Tension_0.5pct,b,0.5,-0.08143957399999985,0.13143815999999992,0.0,1.0763464976357517,56,fixed_k3
Strain_b_Tension_0.5pct,b,0.5,-0.07756094999999985,0.13143815999999992,0.0,0.5201575551040571,56,fixed_k3
Strain_b_Tension_0.5pct,b,0.5,-0.07368232599999985,0.13143815999999992,0.0,0.12385974954120571,56,fixed_k3
Strain_b_Tension_0.5pct,b,0.5,-0.06980370199999986,0.13143815999999992,0.0,-0.13957303932750098,56,fixed_k3
Strain_b_Tension_0.5pct,b,0.5,-0.06592507799999986,0.13143815999999992,0.0,-0.3026007343219048,56,fixed_k3
Strain_b_Tension_0.5pct,b,0.5,-0.06204645399999986,0.13143815999999992,0.0,-0.3976042878931967,56,fixed_k3
Strain_b_Tension_0.5pct,b,0.5,-0.058167829999999865,0.13143815999999992,0.0,-0.4526514046896919,56,fixed_k3
Strain_b_Tension_0.5pct,b,0.5,-0.05428920599999987,0.13143815999999992,0.0,-0.4893810171368016,56,fixed_k3
Strain_b_Tension_0.5pct,b,0.5,-0.05041058199999987,0.13143815999999992,0.0,-0.5226641406859556,56,fixed_k3
Strain_b_Tension_0.5pct,b,0.5,-0.04653195799999987,0.13143815999999992,0.0,-0.5613278000800621,56,fixed_k3
Strain_b_Tension_0.5pct,b,0.5,-0.042653333999999876,0.13143815999999992,0.0,-0.6093190493974259,56,fixed_k3
Strain_b_Tension_0.5pct,b,0.5,-0.03877470999999988,0.13143815999999992,0.0,-0.6669196884486399,56,fixed_k3
Strain_b_Tension_0.5pct,b,0.5,-0.03489608599999988,0.13143815999999992,0.0,-0.7318296062982248,56,fixed_k3
Strain_b_Tension_0.5pct,b,0.5,-0.031017461999999885,0.13143815999999992,0.0,-0.8000680107081455,56,fixed_k3
Strain_b_Tension_0.5pct,b,0.5,-0.027138837999999887,0.13143815999999992,0.0,-0.8667053645828275,56,fixed_k3
Strain_b_Tension_0.5pct,b,0.5,-0.02326021399999989,0.13143815999999992,0.0,-0.9264584087365804,56,fixed_k3
Strain_b_Tension_0.5pct,b,0.5,-0.019381589999999893,0.13143815999999992,0.0,-0.9741772017389012,56,fixed_k3
Strain_b_Tension_0.5pct,b,0.5,-0.015502965999999896,0.13143815999999992,0.0,-1.0052407073496137,56,fixed_k3
Strain_b_Tension_0.5pct,b,0.5,-0.011624341999999899,0.13143815999999992,0.0,-1.0158643684996806,56,fixed_k3
Strain_b_Tension_0.5pct,b,0.5,-0.0077457179999999015,0.13143815999999992,0.0,-1.0033137998804236,56,fixed_k3
Strain_b_Tension_0.5pct,b,0.5,-0.0038670939999999043,0.13143815999999992,0.0,-0.9660152843392975,56,fixed_k3
Strain_b_Tension_0.5pct,b,0.5,1.1530000000092855e-05,0.13143815999999992,0.0,-0.9035564982048343,56,fixed_k3
Strain_b_Tension_0.5pct,b,0.5,0.00389015400000009,0.13143815999999992,0.0,-0.8165786745453727,56,fixed_k3
Strain_b_Tension_0.5pct,b,0.5,0.007768778000000087,0.13143815999999992,0.0,-0.7065719293009693,56,fixed_k3
Strain_b_Tension_0.5pct,b,0.5,0.011647402000000084,0.13143815999999992,0.0,-0.575595793630129,56,fixed_k3
Strain_b_Tension_0.5pct,b,0.5,0.015526026000000082,0.13143815999999992,0.0,-0.4259543573213489,56,fixed_k3
Strain_b_Tension_0.5pct,b,0.5,0.01940465000000008,0.13143815999999992,0.0,-0.259858045835081,56,fixed_k3
Strain_b_Tension_0.5pct,b,0.5,0.023283274000000076,0.13143815999999992,0.0,-0.07910163772707968,56,fixed_k3
Strain_b_Tension_0.5pct,b,0.5,0.027161898000000073,0.13143815999999992,0.0,0.11521804854157836,56,fixed_k3
Strain_b_Tension_0.5pct,b,0.5,0.03104052200000007,0.13143815999999992,0.0,0.32292883484300994,56,fixed_k3
Strain_b_Tension_0.5pct,b,0.5,0.03491914600000007,0.13143815999999992,0.0,0.5449438897319756,56,fixed_k3
Strain_b_Tension_0.5pct,b,0.5,0.038797770000000065,0.13143815999999992,0.0,0.78334656267339,56,fixed_k3
Strain_b_Tension_0.5pct,b,0.5,0.04267639400000006,0.13143815999999992,0.0,1.041381392494893,56,fixed_k3
Strain_b_Tension_0.5pct,b,0.5,0.04655501800000006,0.13143815999999992,0.0,1.323313718709044,56,fixed_k3
Strain_b_Tension_0.5pct,b,0.5,0.050433642000000056,0.13143815999999992,0.0,1.6340873788746615,56,fixed_k3
Strain_b_Tension_0.5pct,b,0.5,0.05431226600000005,0.13143815999999992,0.0,1.9786666250785259,56,fixed_k3
Strain_b_Tension_0.5pct,b,0.5,0.05819089000000005,0.13143815999999992,0.0,2.360910041913772,56,fixed_k3
Strain_b_Tension_0.5pct,b,0.5,0.06206951400000005,0.13143815999999992,0.0,2.7818317693729346,56,fixed_k3
Strain_b_Tension_0.5pct,b,0.5,0.06594813800000005,0.13143815999999992,0.0,3.2372372402997036,56,fixed_k3
Strain_b_Tension_0.5pct,b,0.5,0.06982676200000004,0.13143815999999992,0.0,3.715081613583831,56,fixed_k3
Strain_b_Tension_0.5pct,b,0.5,0.07370538600000004,0.13143815999999992,0.0,4.193540909929699,56,fixed_k3
Strain_b_Tension_0.5pct,b,0.5,0.07758401000000004,0.13143815999999992,0.0,4.641532344853337,56,fixed_k3
Strain_b_Tension_0.5pct,b,0.5,0.08146263400000003,0.13143815999999992,0.0,5.023701265277905,56,fixed_k3
Strain_b_Tension_0.5pct,b,0.5,0.08534125800000003,0.13143815999999992,0.0,5.31094171956131,56,fixed_k3
Strain_b_Tension_0.5pct,b,0.5,0.08921988200000003,0.13143815999999992,0.0,5.49530620215778,56,fixed_k3
Strain_b_Tension_0.5pct,b,0.5,0.09309850600000003,0.13143815999999992,0.0,5.606625192975338,56,fixed_k3
Strain_b_Tension_0.5pct,b,0.5,0.09697713000000002,0.13143815999999992,0.0,5.731201915072404,56,fixed_k3
Strain_b_Tension_0.5pct,b,0.5,0.10085575400000002,0.13143815999999992,0.0,6.044520555749331,56,fixed_k3
Strain_b_Tension_0.5pct,b,0.5,0.10473437800000002,0.13143815999999992,0.0,6.891447117252383,56,fixed_k3
Strain_b_Tension_0.5pct,b,0.5,0.10861300200000001,0.13143815999999992,0.0,8.964725303226148,56,fixed_k3
Strain_b_Tension_0.5pct,b,0.5,0.11249162600000001,0.13143815999999992,0.0,13.525104067385362,56,fixed_k3
Strain_b_Tension_0.5pct,b,0.5,0.11637025000000001,0.13143815999999992,0.0,21.973258624225842,56,fixed_k3
Strain_b_Tension_0.5pct,b,0.5,0.120248874,0.13143815999999992,0.0,33.56389179860216,56,fixed_k3
Strain_b_Tension_0.5pct,b,0.5,0.124127498,0.13143815999999992,0.0,43.707963138323244,56,fixed_k3
Strain_b_Tension_0.5pct,b,0.5,0.128006122,0.13143815999999992,0.0,46.916514483075396,56,fixed_k3
Strain_b_Tension_0.5pct,b,0.5,0.131884746,0.13143815999999992,0.0,41.87891318678792,56,fixed_k3
Strain_b_Tension_0.5pct,b,0.5,0.13576337,0.13143815999999992,0.0,33.16336579767687,56,fixed_k3
Strain_b_Tension_0.5pct,b,0.5,0.139641994,0.13143815999999992,0.0,25.62730075733494,56,fixed_k3
Strain_b_Tension_0.5pct,b,0.5,0.143520618,0.13143815999999992,0.0,20.70711115950039,56,fixed_k3
Strain_b_Tension_0.5pct,b,0.5,0.14739924199999999,0.13143815999999992,0.0,17.868864075595457,56,fixed_k3
Strain_b_Tension_0.5pct,b,0.5,0.15127786599999998,0.13143815999999992,0.0,16.3063384749504,56,fixed_k3
Strain_b_Tension_0.5pct,b,0.5,0.15515649,0.13143815999999992,0.0,15.445785811404306,56,fixed_k3
